# x,rho,A0_kg,C0_kg,M0_kg,A0_proca,C0_proca,M0_proca,A0_proca_sp,C0_proca_sp,M0_proca_sp,A0_kg_sp,C0_kg_sp,M0_kg_sp,A2_kg,C2_kg,A2_proca,C2_proca
1.000000000000000048e-04,0.000000000000000000e+00,1.000000000000000000e+00,1.027034479235110709e+00,0.000000000000000000e+00,1.000000000000000000e+00,1.007497945068734913e+00,0.000000000000000000e+00,1.000000000000000000e+00,1.007343114462150302e+00,3.163771914023819179e-29,1.000000000000589750e+00,1.025240800988949763e+00,2.948966711645609675e-17,-0.000000000000000000e+00,-2.695107600799657652e-02,8.807476253223246189e-17,-7.459297206774478765e-03
2.598962344879449105e-01,3.063441073447138382e-02,1.000004442835477736e+00,1.027036581957566419e+00,5.773355405554360595e-07,1.000000000846999804e+00,1.007497944246172672e+00,1.100660297874168929e-10,1.000000000008272716e+00,1.007343114467797562e+00,1.075035355594401382e-12,1.000003983019534859e+00,1.025242604533250335e+00,5.175858895008791502e-07,-2.841752336572486179e-08,-2.694430450903226998e-02,8.331588015398371134e-10,-7.459298021536797142e-03
5.197924689758898209e-01,6.126882146894276765e-02,1.000019784881449603e+00,1.027043838324284142e+00,5.141914456378138147e-06,1.000000002813629774e+00,1.007497942514842482e+00,7.312517834050698646e-10,1.000000000105580877e+00,1.007343114535646844e+00,2.744004360963482886e-11,1.000015924391488342e+00,1.025248638507962662e+00,4.138689384315422681e-06,-1.264376018821051328e-07,-2.692091592574134828e-02,2.664304874303838897e-09,-7.459299679916006273e-03
7.796887034638347869e-01,9.190323220341414800e-02,1.000039931585049668e+00,1.027053363537479447e+00,1.556648129305785041e-05,1.000000006005325792e+00,1.007497939953665433e+00,2.341142340400007716e-09,1.000000000469411399e+00,1.007343114799566841e+00,1.829973439582846934e-10,1.000035800389888374e+00,1.025258559062629304e+00,1.395657978774967071e-05,-2.550696776242845770e-07,-2.689019883115646020e-02,5.493109873821788574e-09,-7.459302049848141360e-03
1.039584937951779642e+00,1.225376429378855353e-01,1.000072153895768423e+00,1.027068576428516344e+00,3.750234568738137011e-05,1.000000011116897181e+00,1.007497936496948299e+00,5.778479375138976158e-09,1.000000001368880787e+00,1.007343115472855155e+00,7.115338754589925102e-10,1.000063570692507620e+00,1.025272358921042848e+00,3.304356721303797445e-05,-4.602911238924435995e-07,-2.684104702482945082e-02,9.653239148708052854e-09,-7.459305014215441600e-03
1.299481172439724608e+00,1.531720536723569226e-01,1.000111841113174416e+00,1.027087284178640481e+00,7.265958410869296960e-05,1.000000018843087535e+00,1.007497932675438301e+00,1.224311852461215254e-08,1.000000003238861179e+00,1.007343116884254819e+00,2.104419557987159131e-09,1.000099186299073795e+00,1.025290281123611758e+00,6.444536410515547395e-05,-7.123638948305649838e-07,-2.678047634142497260e-02,1.513575509053136315e-08,-7.459307686574566387e-03
1.559377406927669574e+00,1.838064644068282960e-01,1.000158223748060182e+00,1.027109120591390701e+00,1.233457527549167957e-04,1.000000029021451464e+00,1.007497928947499233e+00,2.262769717227152145e-08,1.000000006817923559e+00,1.007343119534953813e+00,5.315858030048422323e-09,1.000142563383413341e+00,1.025311681097554439e+00,1.111550595750421673e-04,-1.006320385935474775e-06,-2.670965742235081528e-02,2.160834560691247870e-08,-7.459309523441115877e-03
1.819273641415614540e+00,2.144408751412996972e-01,1.000215620891834689e+00,1.027136069259078965e+00,1.960944204728754133e-04,1.000000041910203530e+00,1.007497925500385527e+00,3.812306267825935931e-08,1.000000012612708211e+00,1.007343123844668398e+00,1.147298374331176682e-08,1.000193633155727513e+00,1.025337110301431709e+00,1.761358481596522459e-04,-1.368373698379987859e-06,-2.662194184967488220e-02,2.907341218789696199e-08,-7.459310208161684316e-03
2.079169875903559284e+00,2.450752858757710706e-01,1.000280941057948736e+00,1.027166653236903926e+00,2.919800631079141374e-04,1.000000060861583773e+00,1.007497923699957720e+00,6.327078198124540798e-08,1.000000021335193612e+00,1.007343130370657702e+00,2.217974594876372729e-08,1.000252284447237017e+00,1.025366141546083965e+00,2.622711114270187180e-04,-1.778442554188458672e-06,-2.652202664664205303e-02,3.817350006659977965e-08,-7.459307002118709812e-03
2.339066110391504694e+00,2.757096966102424718e-01,1.000352686520049605e+00,1.027200171191773981e+00,4.123331189870824728e-04,1.000000084602853390e+00,1.007497923750753754e+00,9.894582529301534345e-08,1.000000033787475040e+00,1.007343139748253069e+00,3.951556885015026264e-08,1.000318402832519382e+00,1.025398754054073658e+00,3.723826374992549233e-04,-2.227128978223229297e-06,-2.641220272938054128e-02,4.824919452149571916e-08,-7.459300011803671193e-03
2.598962344879449216e+00,3.063441073447138452e-01,1.000434247536053478e+00,1.027238127168761617e+00,5.640515592799711687e-04,1.000000113583372485e+00,1.007497925990438636e+00,1.475994373112929931e-07,1.000000051447067939e+00,1.007343152976728273e+00,6.685449619725833995e-08,1.000391881559825391e+00,1.025435101724546882e+00,5.092427088194701607e-04,-2.733807704046876473e-06,-2.628719435405498656e-02,5.929771102798853931e-08,-7.459288670187927406e-03
2.858858579367394182e+00,3.369785180791852186e-01,1.000523988207689285e+00,1.027279714455034076e+00,7.486118277500022683e-04,1.000000150801367393e+00,1.007497932078450065e+00,2.155598589433180348e-07,1.000000075563121094e+00,1.007343170953150624e+00,1.080121383555445270e-07,1.000472527494434161e+00,1.025474510218247204e+00,6.754446407251669124e-04,-3.287310729013231625e-06,-2.614946006372659976e-02,7.164180050041589796e-08,-7.459269961243298643e-03
3.118754813855339147e+00,3.676129288136565920e-01,1.000619762654808564e+00,1.027323954311147203e+00,9.658452867270314471e-04,1.000000198255591277e+00,1.007497943535742069e+00,3.091552285482249205e-07,1.000000106910088782e+00,1.007343194383941487e+00,1.667131770723200160e-07,1.000560244269733445e+00,1.025517478882800093e+00,8.736322565830529274e-04,-3.874779028375923697e-06,-2.600231040665971702e-02,8.525771455925677543e-08,-7.459241336549253878e-03
3.378651048343284113e+00,3.982473395481279654e-01,1.000724066786002231e+00,1.027371896583036515e+00,1.222299476345136554e-03,1.000000254576438596e+00,1.007497959906257012e+00,4.300623660427520102e-07,1.000000146719989935e+00,1.007343224237438051e+00,2.478578237329279625e-07,1.000654822638281427e+00,1.025563494703970013e+00,1.106208596654364822e-03,-4.509217766953161335e-06,-2.584179975401898130e-02,9.982394840282063078e-08,-7.459203781831500769e-03
3.638547282831229079e+00,4.288817502825993944e-01,1.000836583257258994e+00,1.027423306716337192e+00,1.520701675220165324e-03,1.000000320429468070e+00,1.007497981676880761e+00,5.829486983616992720e-07,1.000000196311883194e+00,1.007343261557277936e+00,3.571450347071073168e-07,1.000756092577220091e+00,1.025612535676235115e+00,1.375539296206371338e-03,-5.186785825499733109e-06,-2.566832149215534861e-02,1.153437215158672425e-07,-7.459156473290437864e-03
3.898443517319174045e+00,4.595161610170707678e-01,1.000954633121617920e+00,1.027477011180074840e+00,1.859016973018605802e-03,1.000000405237704504e+00,1.007498014781603279e+00,7.898978309820798724e-07,1.000000259038930972e+00,1.007343308408780835e+00,5.049243207195875742e-07,1.000863902954893137e+00,1.025664676225098937e+00,1.683938437048206060e-03,-5.892518557456287536e-06,-2.548606060684877050e-02,1.324151598545058748e-07,-7.459088991069799147e-03
4.158339751807118567e+00,4.901505717515421412e-01,1.001079890879871037e+00,1.027533658578334785e+00,2.242854548518970117e-03,1.000000503591268686e+00,1.007498056308949952e+00,1.047051268394010017e-06,1.000000335488981040e+00,1.007343365501009780e+00,6.975385832837894748e-07,1.000977949115556820e+00,1.025719216301264280e+00,2.033322341232057535e-03,-6.633971217012967670e-06,-2.529231049219973076e-02,1.504078138482813837e-07,-7.459006668187588389e-03
4.418235986295064421e+00,5.207849824860135701e-01,1.001213155997101811e+00,1.027593442842257510e+00,2.676757417378667313e-03,1.000000616264332454e+00,1.007498106838938590e+00,1.361399786319284906e-06,1.000000426966776379e+00,1.007343433951982226e+00,9.432199882088626623e-07,1.001098138571897556e+00,1.025776621369937969e+00,2.425917678148262896e-03,-7.412363136827557611e-06,-2.508565563644739663e-02,1.693168559040132078e-07,-7.458908525907085446e-03
4.678132220783009387e+00,5.514193932204849435e-01,1.001351360954712444e+00,1.027655098733191608e+00,3.156656829287703050e-03,1.000000750282944662e+00,1.007498171043852420e+00,1.754960092441753731e-06,1.000000535199511154e+00,1.007343515119884847e+00,1.251867038610877728e-06,1.001224159348445442e+00,1.025836296084350341e+00,2.863389645667659134e-03,-8.212259802950661289e-06,-2.487097215793238406e-02,1.894432907844470369e-07,-7.458786464672835168e-03
4.938028455270953465e+00,5.820538039549563170e-01,1.001495464882804720e+00,1.027718949946510252e+00,3.686810576826972038e-03,1.000000908699535840e+00,1.007498251239538956e+00,2.243590043762130585e-06,1.000000662389396222e+00,1.007343610626370900e+00,1.635448843281762845e-06,1.001355813422655672e+00,1.025898235093950506e+00,3.347522630556223466e-03,-9.037034643469598062e-06,-2.464665901072986623e-02,2.107499840984690883e-07,-7.458636582256232203e-03
5.197924689758898431e+00,6.126882146894276904e-01,1.001647129155319949e+00,1.027785438726157130e+00,4.273787172374416202e-03,1.000001087305134151e+00,1.007498344831517345e+00,2.825862028360173469e-06,1.000000813780743902e+00,1.007343723577361461e+00,2.114985510236653627e-06,1.001492916195805716e+00,1.025962443075880692e+00,3.880032976960014462e-03,-9.890229835553841491e-06,-2.440981758228728815e-02,2.329363970186722057e-07,-7.458463455866527932e-03
5.457820924246843397e+00,6.433226254238990638e-01,1.001803064669422483e+00,1.027853326228904907e+00,4.911546204838068523e-03,1.000001287250290138e+00,1.007498452662176192e+00,3.512786262304077196e-06,1.000000988501903443e+00,1.007343854109589598e+00,2.697533185904001420e-06,1.001635064016254795e+00,1.026028208003060049e+00,4.461943300199542640e-03,-1.075773134515799963e-05,-2.416580171744690808e-02,2.560060425284670484e-07,-7.458265653926273754e-03
5.717717158734788363e+00,6.739570361583704372e-01,1.001963647668720148e+00,1.027922705710637041e+00,5.602789080858480882e-03,1.000001526950522468e+00,1.007498587400201595e+00,4.365328935771425921e-06,1.000001188663336649e+00,1.007344003874900418e+00,3.398220377956575102e-06,1.001782194552242045e+00,1.026095976916769015e+00,5.095042185778850784e-03,-1.164022577235584177e-05,-2.391394778997110726e-02,2.804940157240002454e-07,-7.458021357593923664e-03
5.977613393222733329e+00,7.045914468928418106e-01,1.002131107049412106e+00,1.027994061797784520e+00,6.355921870574654520e-03,1.000001793654917703e+00,1.007498740625172085e+00,5.360878213839941006e-06,1.000001416452582781e+00,1.007344174591581210e+00,4.233502965066231048e-06,1.001933895160968202e+00,1.026165081524250455e+00,5.780038807645750988e-03,-1.254060503552051318e-05,-2.365025347096024605e-02,3.058189432480579913e-07,-7.457745184872034347e-03
6.237509627710678295e+00,7.352258576273131840e-01,1.002302113776459835e+00,1.028066309010027490e+00,7.163237833875226931e-03,1.000002088428670666e+00,1.007498913131308793e+00,6.513283367548321146e-06,1.000001676330586564e+00,1.007344369104705262e+00,5.228064086616433657e-06,1.002089972373641613e+00,1.026235553360114849e+00,6.518111401119172643e-03,-1.344788574187652523e-05,-2.338031596008089200e-02,3.319741161048340676e-07,-7.457435784987669590e-03
6.497405862198623261e+00,7.658602683617845575e-01,1.002476628737489106e+00,1.028139420013123528e+00,8.025953731069618638e-03,1.000002423922702111e+00,1.007499113780773836e+00,7.874585699638927819e-06,1.000001972688424612e+00,1.007344590192791767e+00,6.408678667192928647e-06,1.002250216329400256e+00,1.026307336742170229e+00,7.310284384929826088e-03,-1.436167557860986139e-05,-2.310418570349547646e-02,3.592284947810935608e-07,-7.457077934903559406e-03
6.757302096686568227e+00,7.964946790962559309e-01,1.002657081092678704e+00,1.028213692388934009e+00,8.953559485690336731e-03,1.000002803847195310e+00,1.007499345376358546e+00,9.473194704598209023e-06,1.000002304758977001e+00,1.007344838191650993e+00,7.786976333576226095e-06,1.002414148804133598e+00,1.026379728643350919e+00,8.156566387942973395e-03,-1.528120281430278861e-05,-2.281725991652279809e-02,3.875338332785558482e-07,-7.456666866963407997e-03
7.017198331174513193e+00,8.271290898307274153e-01,1.002840338245023499e+00,1.028288332812635764e+00,9.937382867859931301e-03,1.000003219695615009e+00,1.007499602101982417e+00,1.129658497681212429e-05,1.000002675076123726e+00,1.007345115082027620e+00,9.385769855875032057e-06,1.002581756546695013e+00,1.026453168641359381e+00,9.058348865483883267e-03,-1.620035882482896792e-05,-2.252504568952760564e-02,4.166198158908715593e-07,-7.456212603344943707e-03
7.277094565662458159e+00,8.577635005651987887e-01,1.003026343215658756e+00,1.028363310070637526e+00,1.097826887472116812e-02,1.000003673207735089e+00,1.007499885229337977e+00,1.336509093093941214e-05,1.000003086243576478e+00,1.007345422904595944e+00,1.122944317919507385e-05,1.002752535004396206e+00,1.026526930392119397e+00,1.001522876114391974e-02,-1.711875733269049461e-05,-2.222762571402047901e-02,4.464895254993901850e-07,-7.455712968308466151e-03
7.536990800150403125e+00,8.883979112996701621e-01,1.003216643806686070e+00,1.028438491232606333e+00,1.208304055162057536e-02,1.000004194222041454e+00,1.007500215927944920e+00,1.580584017710479734e-05,1.000003546314932157e+00,1.007345766314556412e+00,1.336427150897766203e-05,1.002926328104902787e+00,1.026601101281317430e+00,1.102785400243710273e-02,-1.803061830782847554e-05,-2.192173134647627808e-02,4.775989251789803976e-07,-7.455131612476665129e-03
7.796887034638348091e+00,9.190323220341415356e-01,1.003409243534175488e+00,1.028513521821815990e+00,1.324558592659226368e-02,1.000004759812805899e+00,1.007500578179660211e+00,1.855577305501782798e-05,1.000004056399051544e+00,1.007346146598536496e+00,1.581364258641308504e-05,1.003102906524777849e+00,1.026675574292714277e+00,1.209650582636727888e-02,-1.893478535569632364e-05,-2.161103113402457546e-02,5.094339869536517203e-07,-7.454496058213419887e-03
8.056783269126292168e+00,9.496667327686129090e-01,1.003603818279969362e+00,1.028588361079375346e+00,1.446546052046253188e-02,1.000005371289556910e+00,1.007500972954092022e+00,2.163754169640389537e-05,1.000004616750370001e+00,1.007346564721767201e+00,1.859807856896238872e-05,1.003281749591144578e+00,1.026749680180270907e+00,1.322017259969813542e-02,-1.983136646310776078e-05,-2.129613823114866189e-02,5.419863471321433683e-07,-7.453804637601397533e-03
8.316679503614237134e+00,9.803011435030842824e-01,1.003801203051724267e+00,1.028662566355611485e+00,1.574683683046051649e-02,1.000006048323211161e+00,1.007501414308227261e+00,2.515083072053039115e-05,1.000005230274705115e+00,1.007347022950040083e+00,2.174925921883564411e-05,1.003462903688625563e+00,1.026823856696098547e+00,1.439993006509101246e-02,-2.071145450561159195e-05,-2.097490451101211364e-02,5.754835324349543993e-07,-7.453033197025287979e-03
8.576575738102183877e+00,1.010935554237555767e+00,1.004000223029579475e+00,1.028736003829051615e+00,1.708576103646868710e-02,1.000006794764273010e+00,1.007501905131524600e+00,2.913770722113607369e-05,1.000005899939225396e+00,1.007347523601447747e+00,2.530063780846031116e-05,1.003645787090629016e+00,1.026897338868231424e+00,1.563418455388704276e-02,-2.157579793044771797e-05,-2.064956758347053639e-02,6.098692032866208765e-07,-7.452176743927514668e-03
8.836471972590128843e+00,1.041569964972027140e+00,1.004200452316733161e+00,1.028808735636631333e+00,1.848096118826813086e-02,1.000007596585323677e+00,1.007502435494460613e+00,3.356325168416300284e-05,1.000006638941593140e+00,1.007348073778632003e+00,2.933241065788888205e-05,1.003830309851143410e+00,1.026970284340319672e+00,1.692321282298211993e-02,-2.242641283589788477e-05,-2.032105349049849463e-02,6.449113230359707933e-07,-7.451252318512007790e-03
9.096368207078073809e+00,1.072204375706498514e+00,1.004402188675986851e+00,1.028880133004570263e+00,1.993421040160846952e-02,1.000008456237071020e+00,1.007503007182277033e+00,3.846019779355041278e-05,1.000007442125033563e+00,1.007348671920193617e+00,3.384815477377889500e-05,1.004016227271228079e+00,1.027042543652010309e+00,1.826654103119999470e-02,-2.325303732470389395e-05,-1.998810901372401194e-02,6.806116691090241224e-07,-7.450256839518157835e-03
9.356264441566018775e+00,1.102838786440969887e+00,1.004604760351945458e+00,1.028950066343169434e+00,2.144293817986013193e-02,1.000009416819239272e+00,1.007503651148096591e+00,4.405271066424061474e-05,1.000008311989189158e+00,1.007349320167381768e+00,3.888458444429935526e-05,1.004203113391313629e+00,1.027113671969134945e+00,1.966272018350922329e-02,-2.405556965875662104e-05,-1.965195998065379784e-02,7.173340106096139726e-07,-7.449137001258694310e-03
9.616160676053963741e+00,1.133473197175441260e+00,1.004807800586053013e+00,1.029018807164645111e+00,2.300568472246468377e-02,1.000010442889546658e+00,1.007504342092279126e+00,5.020972756700966411e-05,1.000009251752620454e+00,1.007350021020660957e+00,4.448316986629847764e-05,1.004390763512775786e+00,1.027183597163920048e+00,2.111114371470352094e-02,-2.483911012380220489e-05,-1.931362977585168381e-02,7.546474788909674952e-07,-7.447936266953904781e-03
9.876056910541906930e+00,1.164107607909912634e+00,1.005011244646111690e+00,1.029085660938587665e+00,2.462228038805410260e-02,1.000011535944117291e+00,1.007505081111966128e+00,5.696416317435872825e-05,1.000010267456310276e+00,1.007350778300681871e+00,5.070099142349669707e-05,1.004578988985312282e+00,1.027252260098084680e+00,2.261117790584434711e-02,-2.559360538214607537e-05,-1.897253191218779139e-02,7.925423413316200660e-07,-7.446652719553256174e-03
1.013595314502985190e+01,1.194742018644384007e+00,1.005214614980234344e+00,1.029150298298007637e+00,2.629045196983408050e-02,1.000012723798844094e+00,1.007505888235880942e+00,6.448309398561724798e-05,1.000011370804310795e+00,1.007351598346776900e+00,5.762696985737303509e-05,1.004767357400063732e+00,1.027319220735356975e+00,2.416085561632911466e-02,-2.631580202226754258e-05,-1.862929414358304239e-02,8.311965698645797904e-07,-7.445251781511476145e-03
1.039584937951779686e+01,1.225376429378855381e+00,1.005417753793157232e+00,1.029213295588938593e+00,2.800932855844531083e-02,1.000014009837540963e+00,1.007506765974391261e+00,7.282106024257287906e-05,1.000012555328430253e+00,1.007352479163891923e+00,6.526165163560856161e-05,1.004955819628361446e+00,1.027384623935920560e+00,2.575997720425191734e-02,-2.701475601838670401e-05,-1.828483192048339576e-02,8.705493481032336630e-07,-7.443728990784627235e-03
1.065574561400574183e+01,1.256010840113326754e+00,1.005620400878984855e+00,1.029274004369155060e+00,2.977741997022361614e-02,1.000015373573549082e+00,1.007507699625225017e+00,8.190718525228028594e-05,1.000013824451762678e+00,1.007353423395748848e+00,7.365492061801509941e-05,1.005143990372872498e+00,1.027448102292931820e+00,2.740652642711144046e-02,-2.768190418361080781e-05,-1.793900328925366466e-02,9.104135128167991571e-07,-7.442109638970687696e-03
1.091564184849368679e+01,1.286645250847798128e+00,1.005821985872822788e+00,1.029331713020069206e+00,3.159143144975878892e-02,1.000016818296544985e+00,1.007508691572738702e+00,9.178970704712749581e-05,1.000015181639797746e+00,1.007354433721559861e+00,8.285867135276549277e-05,1.005331672271609467e+00,1.027509566099448435e+00,2.909931248521636926e-02,-2.830910335722951283e-05,-1.759223104734201903e-02,9.507885682065695240e-07,-7.440389566207242060e-03
1.117553808298163176e+01,1.317279661582269501e+00,1.006022693100294463e+00,1.029387383010794466e+00,3.345194724038969003e-02,1.000018401539103818e+00,1.007509783293044414e+00,1.028216584436011531e-04,1.000016638256150614e+00,1.007355516371726489e+00,9.297073262304114401e-05,1.005518717440499143e+00,1.027568986001293316e+00,3.083731846275618999e-02,-2.890989383837381751e-05,-1.724513480485258959e-02,9.919364949034006749e-07,-7.438496879726922556e-03
1.143543431746957673e+01,1.347914072316740874e+00,1.006222220354605623e+00,1.029440510955302868e+00,3.535689767854604398e-02,1.000020073593633985e+00,1.007510939008802175e+00,1.147728268551195482e-04,1.000018199256014650e+00,1.007356674554122034e+00,1.040581983914760705e-04,1.005704681372040499e+00,1.027625920932774051e+00,3.261775456603077661e-02,-2.947815878370962152e-05,-1.689780829414097227e-02,1.033522402026529374e-06,-7.436493317366309197e-03
1.169533055195752169e+01,1.378548483051212248e+00,1.006419649177314968e+00,1.029489849290926351e+00,3.730050343198009627e-02,1.000021836076390613e+00,1.007512159889827563e+00,1.276872774838755842e-04,1.000019860279911077e+00,1.007357907407765873e+00,1.161362692075399550e-04,1.005889580580555887e+00,1.027680557522272053e+00,3.444029585099606799e-02,-2.999974714394312091e-05,-1.655082912609494653e-02,1.075535524591176928e-06,-7.434376791439531451e-03
1.195522678644546666e+01,1.409182893785683621e+00,1.006615618188150041e+00,1.029536806642806335e+00,3.928570863733829577e-02,1.000023725744533465e+00,1.007513472438147151e+00,1.418199635030838819e-04,1.000021624937853293e+00,1.007359217704784315e+00,1.292655181395926359e-04,1.006073065547141931e+00,1.027732582421884366e+00,3.630243795251542060e-02,-3.049285937430527079e-05,-1.620435626011822519e-02,1.118097757813391501e-06,-7.432101190933746229e-03
1.221512302093341162e+01,1.439817304520154995e+00,1.006809918553045691e+00,1.029581107487795189e+00,4.131067411788096055e-02,1.000025744856761101e+00,1.007514878285766580e+00,1.572342482732449456e-04,1.000023496871066842e+00,1.007360608242767519e+00,1.435085853448236188e-04,1.006254952984649398e+00,1.027781902858822649e+00,3.820251009882401350e-02,-3.095444031441888655e-05,-1.585852959627100447e-02,1.161147844069281266e-06,-7.429663409997679449e-03
1.247501925542135659e+01,1.470451715254626368e+00,1.007001067594992527e+00,1.029620848579028358e+00,4.336562088490530931e-02,1.000027865851175424e+00,1.007516357561128340e+00,1.738086716647061533e-04,1.000025494372248636e+00,1.007362088164585723e+00,1.590213923527202401e-04,1.006435164363924217e+00,1.027828552300830145e+00,4.013939967587824148e-02,-3.136383863115578243e-05,-1.551439797057051900e-02,1.204548413875858150e-06,-7.427097840572836722e-03
1.273491548990930156e+01,1.501086125989097741e+00,1.007190246452792426e+00,1.029657927521604899e+00,4.545674526258596665e-02,1.000030092978271501e+00,1.007517913324437187e+00,1.916100014481305865e-04,1.000027612208168826e+00,1.007363656203273283e+00,1.758195687600855696e-04,1.006613256069837092e+00,1.027872103912849555e+00,4.210962858125308350e-02,-3.174375389245469330e-05,-1.517152218363225849e-02,1.248295706328303474e-06,-7.424399074330246748e-03
1.299481172439724652e+01,1.531720536723569115e+00,1.007377429570478489e+00,1.029692330659932598e+00,4.758311307373853244e-02,1.000032498663404823e+00,1.007519597736194150e+00,2.111501440223287947e-04,1.000029849691453476e+00,1.007365313251515015e+00,1.939455602351881024e-04,1.006789310154625250e+00,1.027912781728385738e+00,4.411290359894717156e-02,-3.209415260178086318e-05,-1.482994023956074776e-02,1.292544095580415229e-06,-7.421475851230228959e-03
1.325470795888519149e+01,1.562354947458040488e+00,1.007560470414157860e+00,1.029721507742557662e+00,4.972993200609728687e-02,1.000035017853738495e+00,1.007521363893482569e+00,2.320675858166114467e-04,1.000032210544402389e+00,1.007367062146742098e+00,2.134706796245711938e-04,1.006963026141560302e+00,1.027950333698457452e+00,4.614643900823268280e-02,-3.238895078395188389e-05,-1.449138519565754124e-02,1.337064044451250121e-06,-7.418409723490881728e-03
1.351460419337313645e+01,1.592989358192511862e+00,1.007741082842616098e+00,1.029747774716540221e+00,5.190701879046395045e-02,1.000037652213185524e+00,1.007523212979298588e+00,2.544177997101577417e-04,1.000034699343664846e+00,1.007368906093575545e+00,2.344739476999571279e-04,1.007134237004678967e+00,1.027984669799246298e+00,4.820819466997561947e-02,-3.265391392055423962e-05,-1.415476508900871157e-02,1.381844132270083918e-06,-7.415198518697356349e-03
1.377450042786107964e+01,1.623623768926983235e+00,1.007919271316229937e+00,1.029771153237282411e+00,5.411346386467308367e-02,1.000040447861743953e+00,1.007525178158959367e+00,2.785632771600390694e-04,1.000037340324520185e+00,1.007370856423393413e+00,2.571721580396584103e-04,1.007302926845760283e+00,1.028015871318305186e+00,5.029708448078121924e-02,-3.288940188815283927e-05,-1.382009342252027949e-02,1.426945540387854981e-06,-7.411783922682413893e-03
1.403439666234902639e+01,1.654258179661454831e+00,1.008092904564827696e+00,1.029789307645773144e+00,5.633361384601623389e-02,1.000043405265572227e+00,1.007527259688661303e+00,3.045701371896881505e-04,1.000040117171645315e+00,1.007372907350808644e+00,2.815101499211654953e-04,1.007468692896347440e+00,1.028043571211190610e+00,5.240929932830414723e-02,-3.307331471503086409e-05,-1.348929673067474425e-02,1.472310815279460123e-06,-7.408165031985312378e-03
1.429429289683697135e+01,1.684892590395926204e+00,1.008263461122252291e+00,1.029804065848304973e+00,5.857612527762552646e-02,1.000046489517165016e+00,1.007529432411836012e+00,3.322519412626690860e-04,1.000043033633550849e+00,1.007375061707748598e+00,3.075676811948438775e-04,1.007631649220227965e+00,1.028067990781622809e+00,5.454451461992829847e-02,-3.322496929299328033e-05,-1.316125583878819706e-02,1.517855471765094629e-06,-7.404385774846028792e-03
1.455418913132491632e+01,1.715527001130397577e+00,1.008431243773916242e+00,1.029815786841338232e+00,6.084198464471279183e-02,1.000049705930439181e+00,1.007531700121944818e+00,3.616967778049949458e-04,1.000046093467417130e+00,1.007377322331705516e+00,3.354265212541237369e-04,1.007791561415852577e+00,1.028088952153484170e+00,5.669992923732636997e-02,-3.334804244530457484e-05,-1.283572552877699710e-02,1.563571541328874673e-06,-7.400439343535957469e-03
1.481408536581286128e+01,1.746161411864868951e+00,1.008594258209488004e+00,1.029822419126034116e+00,6.311560557424313045e-02,1.000053141557939451e+00,1.007534125239553768e+00,3.936008713300133215e-04,1.000049308096881084e+00,1.007379695139427822e+00,3.652271782107472439e-04,1.007948280162157761e+00,1.028106373168030663e+00,5.887325041680153276e-02,-3.342466437497398462e-05,-1.251464942028741173e-02,1.609503922166683000e-06,-7.396215201044028034e-03
1.507398160030080625e+01,1.776795822599340324e+00,1.008753558438078013e+00,1.029825205663085663e+00,6.540298060363437804e-02,1.000056715638007132e+00,1.007536649672811313e+00,4.274409992952583177e-04,1.000052691047445652e+00,1.007382186621833542e+00,3.971319398484923291e-04,1.008101844141302550e+00,1.028120370889811452e+00,6.106352475724925039e-02,-3.346759220370901418e-05,-1.219716701449595833e-02,1.655534031703334827e-06,-7.391815400710594411e-03
1.533387783478875122e+01,1.807430233333811698e+00,1.008909812334703560e+00,1.029824868257804171e+00,6.770772382274835299e-02,1.000060429806740370e+00,1.007539274556382702e+00,4.632836409277293357e-04,1.000056229764738402e+00,1.007384792894470804e+00,4.311101715886351301e-04,1.008251914232980440e+00,1.028130657680275117e+00,6.326692237583865508e-02,-3.348354638838706084e-05,-1.188266395174132802e-02,1.701650197241468573e-06,-7.387237775292523380e-03
1.559377406927669618e+01,1.838064644068283071e+00,1.009061259325259030e+00,1.029819688554390877e+00,7.001518956128600923e-02,1.000064339562753313e+00,1.007542039574199855e+00,5.016160288897155740e-04,1.000059927965756934e+00,1.007387516734231436e+00,4.672515792216370327e-04,1.008398614579394170e+00,1.028137433236284481e+00,6.548304912300219327e-02,-3.345884094289929765e-05,-1.157295367676480606e-02,1.747850358024480045e-06,-7.382411616856686572e-03
1.585367030376464115e+01,1.868699054802754445e+00,1.009208385914812212e+00,1.029810265139384340e+00,7.232733911090689916e-02,1.000068442947617431e+00,1.007544943147729466e+00,5.424988328526536866e-04,1.000063789363901945e+00,1.007390360912623350e+00,5.056477720948941148e-04,1.008541783330333619e+00,1.028140594224999038e+00,6.770930836265114106e-02,-3.340004279810328296e-05,-1.126766531918178306e-02,1.794085089942536673e-06,-7.377339038768428690e-03
1.611356653825258434e+01,1.899333465537225818e+00,1.009352268478720172e+00,1.029797689561724239e+00,7.465104360571289677e-02,1.000072697791758225e+00,1.007547955005595242e+00,5.856677755859369472e-04,1.000067833561032682e+00,1.007393334193586565e+00,5.465202996136480111e-04,1.008681289980698059e+00,1.028140070940769535e+00,6.994327187092135023e-02,-3.331644386346090326e-05,-1.096573330648186427e-02,1.840323962440025229e-06,-7.372073517105469376e-03
1.637346277274053108e+01,1.929967876271697191e+00,1.009491452427452307e+00,1.029780605824701878e+00,7.697338229384181885e-02,1.000077110543117653e+00,1.007551079702513563e+00,6.312346287165359129e-04,1.000072060143587738e+00,1.007396437380537746e+00,5.899370392151878596e-04,1.008817220059949227e+00,1.028136006766509070e+00,7.218421220531902327e-02,-3.319826019030891722e-05,-1.066872303199798214e-02,1.886553980492573164e-06,-7.366606728247704697e-03
1.663335900722847427e+01,1.960602287006168565e+00,1.009625758617782809e+00,1.029758944118301711e+00,7.929111229575809550e-02,1.000081781908141121e+00,1.007554388928484368e+00,6.800982994668556842e-04,1.000076461928610660e+00,1.007399668969804152e+00,6.359093544838894394e-04,1.008949302363425282e+00,1.028128192032237376e+00,7.442847953754608281e-02,-3.304661208346103876e-05,-1.037692961077836019e-02,1.932712665314560752e-06,-7.360809802692934098e-03
1.689325524171642101e+01,1.991236697740639938e+00,1.009756693349010526e+00,1.029734155720991362e+00,8.161486432604593555e-02,1.000086615786232702e+00,1.007557813933758872e+00,7.315479287966844546e-04,1.000081042523202735e+00,1.007403031617727596e+00,6.845360149490802969e-04,1.009077663377926148e+00,1.028116803382084665e+00,7.667564222084359560e-02,-3.287275067367391706e-05,-1.008878154825320304e-02,1.978794017286098731e-06,-7.354805104254187598e-03
1.715315147620436775e+01,2.021871108475111534e+00,1.009883157028790279e+00,1.029705257978240640e+00,8.393411079194769420e-02,1.000091613710387906e+00,1.007561355743897824e+00,7.856599485674935083e-04,1.000085805518629689e+00,1.007406527964365583e+00,7.359175292744692988e-04,1.009202210108747666e+00,1.028101802480476445e+00,7.892345195560444837e-02,-3.267033716174354925e-05,-9.805506815788629649e-03,2.024786526985724969e-06,-7.348590561136709477e-03
1.741304771069231094e+01,2.052505519209582907e+00,1.010004248573077801e+00,1.029671520743376423e+00,8.623946778379587563e-02,1.000096840153593680e+00,1.007565060073738694e+00,8.430594654102493545e-04,1.000090779724134293e+00,1.007410169439136194e+00,7.903758337561041496e-04,1.009322831908475937e+00,1.028083136219918980e+00,8.116945841052870814e-02,-3.243605213622910313e-05,-9.528190638749090696e-03,2.070624618502853674e-06,-7.342083380347759480e-03
1.767294394518025769e+01,2.083139929944054280e+00,1.010121905719479241e+00,1.029634730193489167e+00,8.854568512269964109e-02,1.000102290180014508e+00,1.007568923125518934e+00,9.037918597372096271e-04,1.000095948045041316e+00,1.007413950867678487e+00,8.478422108315889676e-04,1.009439650707640190e+00,1.028060963230719604e+00,8.341320890910379482e-02,-3.218241168201447177e-05,-9.254726343095074498e-03,2.116270862870984432e-06,-7.335289422744944131e-03
1.793284017966820088e+01,2.113774340678525654e+00,1.010235411635511227e+00,1.029594271832251939e+00,9.084516287920542388e-02,1.000107914788452623e+00,1.007572909961199192e+00,9.675049190834603781e-04,1.000101310100377727e+00,1.007417873373052553e+00,9.083889193302864757e-04,1.009552462737833833e+00,1.028035146461459881e+00,8.565139379990475976e-02,-3.190594909958029981e-05,-8.985941830999207708e-03,2.161748116372252385e-06,-7.328271305423429520e-03
1.819273641415614762e+01,2.144408751412997027e+00,1.010343124666325476e+00,1.029548791087732340e+00,9.312170101388156374e-02,1.000113721587912341e+00,1.007577025886408073e+00,1.034335810433022283e-03,1.000106869310627200e+00,1.007421939427298962e+00,9.721225995010387240e-04,1.009661390832931716e+00,1.028005839492488027e+00,8.788356840883611298e-02,-3.160006907136393299e-05,-8.723788290646829202e-03,2.207037732262367900e-06,-7.321019121122893623e-03
1.845263264864409081e+01,2.175043162147468401e+00,1.010447398175885025e+00,1.029500371885963883e+00,9.539437729353422712e-02,1.000119823306326650e+00,1.007581350349275651e+00,1.105395275079066415e-03,1.000112633431507803e+00,1.007426152899959071e+00,1.039191667785170116e-03,1.009766402685165376e+00,1.027973056348523428e+00,9.010792052404319186e-02,-3.127782975163615967e-05,-8.465617458045420970e-03,2.251975780118563031e-06,-7.313387414931116562e-03
1.871252888313203755e+01,2.205677572881939774e+00,1.010547907077717023e+00,1.029448748954406190e+00,9.765891080767587218e-02,1.000126109593276968e+00,1.007585805050502437e+00,1.179765923517255878e-03,1.000118628014180944e+00,1.007430523046651372e+00,1.109915070854829112e-03,1.009867408594641303e+00,1.027936764225184207e+00,9.232208416444626087e-02,-3.093800143050731130e-05,-8.211818784791775905e-03,2.296666454249042972e-06,-7.305517804454233349e-03
1.897242511761998074e+01,2.236311983616411148e+00,1.010642283170558375e+00,1.029392002260397732e+00,9.989188256625258777e-02,1.000132581806780330e+00,1.007590390849276263e+00,1.257532474621515274e-03,1.000124830337125958e+00,1.007435043402571395e+00,1.184167111763832639e-03,1.009964555076910298e+00,1.027897125503275610e+00,9.452588751354033814e-02,-3.057193748757250579e-05,-7.965242122842731629e-03,2.341098818406727083e-06,-7.297408400326368429e-03
1.923232135210792748e+01,2.266946394350882521e+00,1.010733265196355868e+00,1.029332466701154747e+00,1.021167564785801507e-01,1.000139312573729233e+00,1.007595158667870194e+00,1.339465488790052674e-03,1.000131243598578079e+00,1.007439716230358995e+00,1.262059531630702188e-03,1.010057701561396293e+00,1.027854067535284965e+00,9.671647424618551314e-02,-3.019253277036941844e-05,-7.722710981119841438e-03,2.385145817858713862e-06,-7.288965132375258872e-03
1.949221758659587067e+01,2.297580805085353894e+00,1.010820856507288701e+00,1.029270150821888885e+00,1.043322801243968395e-01,1.000146293548053178e+00,1.007600102212079740e+00,1.425584281301182791e-03,1.000137870958902608e+00,1.007444543757132438e+00,1.343705364902085054e-03,1.010146963225894146e+00,1.027807722279346914e+00,9.889340752115741151e-02,-2.979994618313662244e-05,-7.484227386399104967e-03,2.428785488820147933e-06,-7.280198207013535532e-03
1.975211382108381386e+01,2.328215215819825268e+00,1.010902172422347034e+00,1.029202782053985077e+00,1.065092926189256661e-01,1.000153469652396376e+00,1.007605182582604453e+00,1.515442446682682904e-03,1.000144728910192793e+00,1.007449532014967453e+00,1.429350953665070329e-03,1.010232357308432860e+00,1.027758141842625150e+00,1.010553431070824598e-01,-2.938527775880858919e-05,-7.253331113843138056e-03,2.472091328226674384e-06,-7.271178580302042199e-03
2.001201005557176060e+01,2.358849626554296641e+00,1.010980126538873813e+00,1.029132756627468837e+00,1.086739476569447416e-01,1.000160849630751692e+00,1.007610405780227980e+00,1.609203374249887613e-03,1.000151825937130257e+00,1.007454684099373443e+00,1.519171090274680459e-03,1.010313816192555336e+00,1.027705316931139867e+00,1.032000966783680196e-01,-2.896001420203703840e-05,-7.026551405532474592e-03,2.515038666969983094e-06,-7.261894754470639250e-03
2.027190629005970379e+01,2.389484037288768015e+00,1.011054781411817594e+00,1.029060130217651636e+00,1.108255937054808404e-01,1.000168556017978938e+00,1.007615857048873798e+00,1.708187975183967115e-03,1.000159146498485141e+00,1.007459996481090858e+00,1.613101451841326105e-03,1.010391498990526271e+00,1.027649402762458974e+00,1.053277468746001283e-01,-2.852450321693334310e-05,-6.803818097467775709e-03,2.557371568166492855e-06,-7.252187154571558027e-03
2.053180252454765053e+01,2.420118448023239388e+00,1.011123714814308627e+00,1.028983067859726042e+00,1.129386605024459145e-01,1.000176465977098639e+00,1.007621450181876321e+00,1.811262670807882880e-03,1.000166693474466850e+00,1.007465471131248513e+00,1.711258749941865125e-03,1.010465321427238106e+00,1.027590381096283201e+00,1.074359564499845349e-01,-2.807302128201168937e-05,-6.588178896483203734e-03,2.599298133895863701e-06,-7.242214775937923579e-03
2.079169875903559372e+01,2.450752858757710761e+00,1.011189048959169279e+00,1.028903268960292827e+00,1.150325627035854031e-01,1.000184580625794073e+00,1.007627185820941351e+00,1.918518262830353101e-03,1.000174469696542667e+00,1.007471109975863088e+00,1.813760686547620168e-03,1.010535388973583748e+00,1.027528364969620522e+00,1.095243169240087411e-01,-2.761276689547318057e-05,-6.377057974622255508e-03,2.640808387606639299e-06,-7.231975991755153557e-03
2.105159499352354047e+01,2.481387269492182135e+00,1.011251210287497759e+00,1.028821069117370479e+00,1.171103281508215910e-01,1.000192979530362569e+00,1.007633118959628815e+00,2.030871540980659206e-03,1.000182500653736373e+00,1.007476920337418314e+00,1.920964924256562175e-03,1.010601755753218534e+00,1.027463429979211806e+00,1.115919341685084054e-01,-2.714504096768639504e-05,-6.169931656391264285e-03,2.681718093047332174e-06,-7.221366740695259363e-03
2.131149122801148366e+01,2.512021680226653508e+00,1.011308228841963031e+00,1.028735037170558808e+00,1.191502317971852298e-01,1.000201650656844521e+00,1.007639240665079594e+00,2.148304895139471846e-03,1.000190776331263631e+00,1.007482900111518642e+00,2.032864055118188771e-03,1.010664377333126751e+00,1.027395592963412208e+00,1.136368919935667049e-01,-2.666657419743638892e-05,-5.969341152043960291e-03,2.722023508203677633e-06,-7.210401997349893607e-03
2.157138746249943040e+01,2.542656090961124882e+00,1.011361468833384070e+00,1.028646247822591731e+00,1.211647140516161486e-01,1.000210533896497056e+00,1.007645509007002893e+00,2.270276157578140965e-03,1.000199289305465866e+00,1.007489048435189938e+00,2.149473412667511976e-03,1.010723414216684324e+00,1.027324992403816806e+00,1.156594614944856936e-01,-2.618151603534186737e-05,-5.773612139112116806e-03,2.761844384917284624e-06,-7.199159898510037320e-03
2.183128369698737359e+01,2.573290501695596255e+00,1.011411690246126982e+00,1.028555272071973725e+00,1.231604546535925437e-01,1.000219639042320363e+00,1.007651930575561350e+00,2.396974652698382387e-03,1.000208042075036774e+00,1.007495366936747683e+00,2.270912780519405982e-03,1.010778829916676891e+00,1.027251653682859756e+00,1.176578469162746915e-01,-2.569154751451528464e-05,-5.581783525245971600e-03,2.801149962519190890e-06,-7.187627419023050884e-03
2.209117993147532033e+01,2.603924912430067629e+00,1.011457353471328036e+00,1.028461041553230038e+00,1.251196880446601156e-01,1.000229095741047791e+00,1.007658594087324389e+00,2.529918025065588851e-03,1.000217037079900617e+00,1.007501857190596928e+00,2.397302591943083119e-03,1.010830719845552839e+00,1.027175674551522144e+00,1.196316904477546378e-01,-2.519517791781594602e-05,-5.395892342370875797e-03,2.839604798744822465e-06,-7.175633934604391979e-03
2.235107616596326352e+01,2.634559323164539002e+00,1.011499117781599955e+00,1.028364089707935802e+00,1.270478900375162645e-01,1.000238771032515128e+00,1.007665407536278090e+00,2.667757783704620932e-03,1.000226308509247097e+00,1.007508526466467824e+00,2.529119363593403461e-03,1.010879162094003414e+00,1.027097140274074061e+00,1.215804902924643022e-01,-2.469464596713527566e-05,-5.215143485536043871e-03,2.877511009967913440e-06,-7.163353202765793647e-03
2.261097240045121026e+01,2.665193733899010375e+00,1.011538038864996381e+00,1.028265174817089900e+00,1.289552484968811141e-01,1.000248665738085130e+00,1.007672371304092040e+00,2.810588173408225861e-03,1.000235827476116057e+00,1.007515369342610212e+00,2.666144276864034802e-03,1.010924136356148750e+00,1.027016095769886617e+00,1.235026728238218380e-01,-2.419151184446652938e-05,-5.038166307297259859e-03,2.914859924604666042e-06,-7.150783929225934012e-03
2.287086863493915345e+01,2.695828144633481749e+00,1.011572976612960417e+00,1.028163545526142864e+00,1.308279451653990011e-01,1.000258864794933977e+00,1.007679543045056691e+00,2.959465258205715588e-03,1.000245595135978105e+00,1.007522386926560598e+00,2.808487046167876082e-03,1.010965794775774862e+00,1.026932655036899122e+00,1.253986258972248635e-01,-2.368545550109989642e-05,-4.866509477339409952e-03,2.951416527202434676e-06,-7.137813784254918616e-03
2.313076486942710019e+01,2.726462555367953122e+00,1.011603952911067639e+00,1.028059284329416734e+00,1.326647180299258266e-01,1.000269352386077282e+00,1.007686911201073121e+00,3.114324503950671903e-03,1.000255613549762224e+00,1.007529580459133323e+00,2.956268458494703752e-03,1.011004139466336493e+00,1.026846876336527270e+00,1.272670812931070150e-01,-2.317780726565571851e-05,-4.700212017863233949e-03,2.987197156639304702e-06,-7.124462723549037334e-03
2.339066110391504338e+01,2.757096966102424496e+00,1.011632276318875867e+00,1.027953287182542530e+00,1.344790195069648642e-01,1.000280064657649959e+00,1.007694431923507938e+00,3.274531666546682662e-03,1.000265892709023108e+00,1.007536952152835452e+00,3.109703123381065901e-03,1.011039256756041560e+00,1.026758846320606322e+00,1.291077568098367989e-01,-2.266958965265263541e-05,-4.537530378257589002e-03,3.022361909447310750e-06,-7.110814603295334720e-03
2.365055733840298657e+01,2.787731376836895869e+00,1.011657169024423819e+00,1.027845071355016904e+00,1.362608563736346923e-01,1.000291012302301441e+00,1.007702112234432068e+00,3.440300401140025579e-03,1.000276450599550948e+00,1.007544504287081422e+00,3.269105377957578443e-03,1.011071236512443239e+00,1.026668647660868405e+00,1.309204569722807465e-01,-2.216112612662371906e-05,-4.379551132503882623e-03,3.056874194403621042e-06,-7.096855009497509553e-03
2.391045357289093332e+01,2.818365787571367242e+00,1.011678092845353483e+00,1.027734361644877970e+00,1.380026407478103789e-01,1.000302329024425063e+00,1.007710041745381480e+00,3.613319639724980274e-03,1.000287264276359389e+00,1.007552234093899379e+00,3.434309571520429479e-03,1.011100083221049273e+00,1.026576354568586202e+00,1.327040122560628477e-01,-2.165368453131505199e-05,-4.227085184093203572e-03,3.090334017220011645e-06,-7.082405808390191543e-03
2.417034980737887651e+01,2.849000198305838616e+00,1.011696563612632938e+00,1.027622142398040950e+00,1.397207642240468062e-01,1.000313874604520370e+00,1.007718125135420362e+00,3.792039268629701469e-03,1.000298335389009807e+00,1.007560142456566776e+00,3.605435356143322015e-03,1.011125932764655344e+00,1.026482050862640438e+00,1.344588434275477695e-01,-2.114742214386510072e-05,-4.078058806653534624e-03,3.123124461692952902e-06,-7.067652274204517387e-03
2.443024604186682325e+01,2.879634609040309989e+00,1.011712124535783408e+00,1.027508150391116759e+00,1.414088440491219067e-01,1.000325649523442495e+00,1.007726362494193451e+00,3.976554027634767938e-03,1.000309665512802537e+00,1.007568230191300040e+00,3.782602334222598308e-03,1.011148816730890410e+00,1.026385817607612161e+00,1.361841679056679244e-01,-2.064286571050659737e-05,-3.933130420848320562e-03,3.155238448650290498e-06,-7.052593502195734880e-03
2.469014227635476644e+01,2.910269019774781363e+00,1.011723760294683805e+00,1.027391845558040417e+00,1.430535295549998642e-01,1.000337742223009085e+00,1.007734812503715771e+00,4.168044044951337880e-03,1.000321272468575939e+00,1.007576498687752675e+00,3.966131479309117046e-03,1.011168814248119885e+00,1.026287734718058786e+00,1.378798064221295472e-01,-2.014190205476174716e-05,-3.793808513889813157e-03,3.186398429186739653e-06,-7.037110993465735091e-03
2.495003851084271318e+01,2.940903430509252736e+00,1.011733147536021837e+00,1.027274253174990770e+00,1.446737628346422555e-01,1.000350133208242731e+00,1.007743461161711318e+00,4.366389696757992482e-03,1.000333155513608352e+00,1.007584947174657186e+00,4.156121447312720318e-03,1.011186016187090919e+00,1.026187872067001239e+00,1.395457673254128783e-01,-1.964358429531483765e-05,-3.657735586127850748e-03,3.216641648971028968e-06,-7.021229664511445361e-03
2.520993474533065637e+01,2.971537841243724110e+00,1.011740107114669440e+00,1.027155281238525619e+00,1.462664829548293854e-01,1.000362756350335669e+00,1.007752263945736804e+00,4.570873846693968880e-03,1.000345300717021102e+00,1.007593575150614651e+00,4.352504271808517629e-03,1.011200452109210834e+00,1.026086333603912770e+00,1.411813333957036842e-01,-1.914828974322155912e-05,-3.525181065608902486e-03,3.246161398032621238e-06,-7.005037391054250162e-03
2.546983097981860311e+01,3.002172251978195483e+00,1.011743231564323109e+00,1.027034214476075791e+00,1.478132562536274008e-01,1.000375623029077898e+00,1.007761228102140860e+00,4.781731402936391720e-03,1.000357709210801582e+00,1.007602383051213524e+00,4.555396569519354170e-03,1.011212235736206999e+00,1.025983169338055223e+00,1.427868745535373629e-01,-1.865904315457120687e-05,-3.398269156896193289e-03,3.274915853435301657e-06,-6.988518585450481484e-03
2.572972721430654630e+01,3.032806662712666856e+00,1.011744312623948261e+00,1.026912074645035089e+00,1.493351414795855980e-01,1.000388867728103426e+00,1.007770441422132901e+00,5.000785639124340036e-03,1.000370382046099849e+00,1.007611371239369946e+00,4.764914505611598898e-03,1.011221419604011906e+00,1.025878474152657871e+00,1.443620326842502410e-01,-1.817363826174235803e-05,-3.274406605634589459e-03,3.302457159565952962e-06,-6.971491460727495017e-03
2.598962344879449304e+01,3.063441073447138230e+00,1.011743361111875350e+00,1.026788872896543969e+00,1.508314979133860423e-01,1.000402346212338811e+00,1.007779808024115820e+00,5.226310491136963200e-03,1.000383343547572634e+00,1.007620538137627975e+00,4.981477226469120147e-03,1.011228078037415656e+00,1.025772325434064935e+00,1.459067601230555067e-01,-1.769213267950017131e-05,-3.153582717473026129e-03,3.329233768808211651e-06,-6.954149066642415292e-03
2.624951968328243623e+01,3.094075484181609603e+00,1.011738793097290978e+00,1.026663868641431776e+00,1.522812422374360819e-01,1.000416058591620194e+00,1.007789327685794101e+00,5.458398081648128952e-03,1.000396575904759722e+00,1.007629883457356712e+00,5.204963508952607440e-03,1.011232293703073326e+00,1.025664773236831584e+00,1.474211573236173800e-01,-1.721875914819205608e-05,-3.038251975331615444e-03,3.355240409973324310e-06,-6.936490929766381958e-03
2.650941591777038298e+01,3.124709894916080977e+00,1.011732340126016094e+00,1.026537973993494335e+00,1.537054178037678964e-01,1.000430094718621987e+00,1.007799058324809760e+00,5.698329068755783426e-03,1.000410073756680118e+00,1.007639407506383922e+00,5.435407886396678885e-03,1.011234121847137457e+00,1.025555948218529689e+00,1.489050042583390798e-01,-1.675026826798057758e-05,-2.925833125192574269e-03,3.380166732278303973e-06,-6.918394781227590884e-03
2.676931215225832617e+01,3.155344305650552350e+00,1.011724056524229809e+00,1.026411221122156991e+00,1.551040161415359886e-01,1.000444431732214978e+00,1.007808983845783102e+00,5.945923328011040732e-03,1.000423837687900885e+00,1.007649110251608082e+00,5.672921684654762611e-03,1.011233649325673500e+00,1.025445867592868154e+00,1.503585327039786979e-01,-1.628660089619650902e-05,-2.816248707833968450e-03,3.404070605445666953e-06,-6.899890233550962093e-03
2.702920838674627291e+01,3.185978716385023723e+00,1.011712704906096549e+00,1.026283103949564346e+00,1.564600010181409484e-01,1.000459002818239629e+00,1.007819060372934672e+00,6.200395413183070262e-03,1.000437870225977521e+00,1.007658991186845876e+00,5.917642792148314693e-03,1.011230942303656732e+00,1.025334631498620253e+00,1.517817399525324129e-01,-1.583194540334989961e-05,-2.711488145422245605e-03,3.427170459765439190e-06,-6.881067316544828803e-03
2.728910462123421610e+01,3.216613127119495097e+00,1.011699473768097102e+00,1.026154206439307881e+00,1.577880447450790424e-01,1.000473819772021766e+00,1.007829295123916946e+00,6.461996843284891802e-03,1.000452194149787255e+00,1.007669044339832398e+00,6.169986731325753128e-03,1.011226072867751791e+00,1.025222318596122451e+00,1.531747384868374084e-01,-1.538347516761074505e-05,-2.609737803345874626e-03,3.449420162268163470e-06,-6.861909557643501058e-03
2.754900085572215929e+01,3.247247537853966470e+00,1.011684608083414982e+00,1.026024642457095126e+00,1.590907262583544091e-01,1.000489014495613782e+00,1.007839771338230328e+00,6.732638021476355407e-03,1.000466783635802104e+00,1.007679273247222840e+00,6.429711391073407445e-03,1.011219109609210243e+00,1.025108957160083989e+00,1.545376301122878826e-01,-1.494052328900589495e-05,-2.510617393980584845e-03,3.470341635666105849e-06,-6.842235527504261956e-03
2.780889709021010958e+01,3.277881948588438288e+00,1.011667170563045781e+00,1.025894091811725195e+00,1.603546872738269291e-01,1.000504442226373136e+00,1.007850395479240602e+00,7.010454611251230352e-03,1.000481638790476913e+00,1.007689677474365997e+00,6.696921779511462100e-03,1.011210129556828319e+00,1.024994692505643457e+00,1.558706696068794528e-01,-1.450696414160844708e-05,-2.415696460752646702e-03,3.490431271183564010e-06,-6.822241966941975863e-03
2.806879332469805277e+01,3.308516359322909661e+00,1.011647891922608622e+00,1.025762897078537073e+00,1.615889647250574324e-01,1.000520102687501911e+00,1.007861167005783321e+00,7.295532995238543025e-03,1.000496759631624100e+00,1.007700256507794601e+00,6.971721716055467692e-03,1.011199193832611698e+00,1.024879520056598992e+00,1.571739285454040458e-01,-1.408081122130266253e-05,-2.323843539565614326e-03,3.509685738959631764e-06,-6.801928858867759518e-03
2.832868955918599951e+01,3.339150770057381035e+00,1.011627166828045654e+00,1.025631214418681658e+00,1.627983165761301976e-01,1.000536084901934242e+00,1.007872141191678228e+00,7.589222914308968448e-03,1.000512154478879978e+00,1.007711006281415411e+00,7.254332619270261427e-03,1.011186374700676849e+00,1.024763535286658422e+00,1.584476680941034055e-01,-1.366066679083077960e-05,-2.234418892730996500e-03,3.527772667385634596e-06,-6.781172774290909408e-03
2.858858579367394270e+01,3.369785180791852408e+00,1.011604313285329182e+00,1.025498864518020747e+00,1.639726628175872114e-01,1.000552363156030466e+00,1.007883300361792189e+00,7.891281884353795045e-03,1.000527828983841738e+00,1.007721921420285049e+00,7.544942094472383703e-03,1.011171744476684786e+00,1.024646821353694337e+00,1.596921877183537786e-01,-1.324989629598207433e-05,-2.148617710562017013e-03,3.544769151951018035e-06,-6.760007514419749154e-03
2.884848202816188945e+01,3.400419591526323781e+00,1.011579685687818753e+00,1.025366028020363141e+00,1.651161837189637216e-01,1.000568871591063891e+00,1.007894602624887392e+00,8.200875690366605728e-03,1.000543766571696302e+00,1.007733006716419411e+00,7.843420085549040327e-03,1.011155354809533558e+00,1.024529383256398640e+00,1.609075263702996750e-01,-1.284763841841584559e-05,-2.065905555274597395e-03,3.560910184770723921e-06,-6.738523309904023186e-03
2.910837826264983264e+01,3.431054002260795155e+00,1.011553790131932917e+00,1.025232868134908104e+00,1.662353978643635599e-01,1.000585622094956717e+00,1.007906054879526447e+00,8.518266244558543587e-03,1.000559966775865561e+00,1.007744261254305496e+00,8.149862363205914034e-03,1.011137297044371275e+00,1.024411373300266881e+00,1.620943275955246399e-01,-1.245170010469095452e-05,-1.985425353112374707e-03,3.576146530008645629e-06,-6.716703158083811749e-03
2.936827449713777938e+01,3.461688412995266528e+00,1.011526157563268136e+00,1.025099305494175272e+00,1.673230873390173790e-01,1.000602740686452607e+00,1.007917733185886844e+00,8.845395485420078086e-03,1.000576429038868786e+00,1.007755684037944022e+00,8.464363120809812596e-03,1.011117612352434358e+00,1.024292772492333858e+00,1.632525456595320112e-01,-1.206480766740774816e-05,-1.908042633303727587e-03,3.589987660314078609e-06,-6.694369989559808588e-03
2.962817073162572257e+01,3.492322823729737902e+00,1.011496842303213350e+00,1.024965430196017602e+00,1.683793722274776472e-01,1.000620085663474157e+00,1.007929549284861892e+00,9.180309374593190880e-03,1.000593165144681773e+00,1.007767264584294553e+00,8.787199089339656211e-03,1.011096371724679921e+00,1.024173664774678416e+00,1.643825979801993298e-01,-1.168739661708890629e-05,-1.833737247382172036e-03,3.602959447837868921e-06,-6.671719971930408985e-03
2.988806696611366931e+01,3.522957234464209275e+00,1.011466426844889632e+00,1.024831381641235550e+00,1.694121150768846118e-01,1.000637656362358019e+00,1.007941502322737826e+00,9.523085573657512695e-03,1.000610167423873431e+00,1.007779003259860362e+00,9.118362412635324862e-03,1.011073649886922166e+00,1.024054140354542231e+00,1.654849946898140078e-01,-1.131646270875090384e-05,-1.761474770544183433e-03,3.615060549425631362e-06,-6.648753551981678549e-03
3.014796320060161250e+01,3.553591645198680649e+00,1.011434615730891995e+00,1.024697143818785738e+00,1.704165394907107278e-01,1.000655538676254563e+00,1.007953643039272151e+00,9.875104431260165599e-03,1.000627427079320508e+00,1.007790903857569642e+00,9.457824249208256553e-03,1.011049479965107079e+00,1.023934180678681249e+00,1.665596576869162737e-01,-1.095401746344843448e-05,-1.691834027377651711e-03,3.625947912161523290e-06,-6.625348863270494673e-03
3.040785943508955924e+01,3.584226055933152022e+00,1.011401233290734725e+00,1.024562779205224095e+00,1.713894979954344866e-01,1.000673704737895964e+00,1.007965952837591939e+00,1.023606340093698858e-02,1.000644943072162674e+00,1.007802964986948657e+00,9.805669140980242601e-03,1.011023961333600063e+00,1.023813938828992853e+00,1.676075333249873733e-01,-1.060187053867083203e-05,-1.625230415377204498e-03,3.635715408063121497e-06,-6.601543160840463859e-03
3.066775566957750243e+01,3.614860466667623395e+00,1.011366906942057886e+00,1.024428376992900125e+00,1.723397920305040354e-01,1.000692091267427308e+00,1.007978393108134973e+00,1.060510324590735118e-02,1.000662714271913334e+00,1.007815185176771600e+00,1.016197968488953898e-02,1.010997120660136250e+00,1.023693387852481873e+00,1.686285047369606438e-01,-1.025622945981556692e-05,-1.560489394310274943e-03,3.644605881179806311e-06,-6.577424914025085771e-03
3.092765190406544917e+01,3.645494877402094769e+00,1.011331478860293398e+00,1.024293952369301319e+00,1.732646719077569897e-01,1.000710709882176586e+00,1.007990970113227913e+00,1.098248855721984350e-02,1.000680753030881442e+00,1.007827544297656530e+00,1.052704638587000953e-02,1.010969021977139670e+00,1.023572595227854709e+00,1.696230467185110002e-01,-9.918359962738899037e-06,-1.497943644381532352e-03,3.652568427870655751e-06,-6.552976999635270680e-03
3.118754813855339236e+01,3.676129288136566142e+00,1.011294606703510013e+00,1.024159594574503451e+00,1.741584934482984237e-01,1.000729677609105472e+00,1.008003750321900815e+00,1.137013124961571385e-02,1.000699043393601384e+00,1.007840054447980416e+00,1.090072474444145345e-02,1.010939744202412616e+00,1.023451660066394764e+00,1.705918994681012990e-01,-9.591447268948593175e-06,-1.438370494757136315e-03,3.659117177056488828e-06,-6.528030545527321003e-03
3.144744437304133555e+01,3.706763698871037516e+00,1.011256935065930618e+00,1.024025320575248976e+00,1.750306114210792297e-01,1.000748859349534392e+00,1.008016653588021061e+00,1.176604525586104864e-02,1.000717582250379545e+00,1.007852715728288606e+00,1.128306395094474772e-02,1.010909301435073626e+00,1.023330540961380430e+00,1.715348250141104924e-01,-9.270963330378968905e-06,-1.380489365531576296e-03,3.664788834663404663e-06,-6.502776868652608219e-03
3.170734060752928229e+01,3.737398109605508889e+00,1.011218411368255410e+00,1.023891148987901234e+00,1.758799020714806871e-01,1.000768254067814889e+00,1.008029678764484460e+00,1.217029682062359050e-02,1.000736368001438947e+00,1.007865526288265201e+00,1.167413551705690986e-02,1.010877795967938697e+00,1.023209386929460507e+00,1.724529909073209133e-01,-8.957432535072212904e-06,-1.324424502965929800e-03,3.669584001112925025e-06,-6.477216869818804706e-03
3.196723684201722548e+01,3.768032520339980262e+00,1.011178582877934051e+00,1.023757241830734133e+00,1.766989592481182647e-01,1.000787942257453933e+00,1.008042870233419652e+00,1.258425271643826004e-02,1.000755400921806260e+00,1.007878479743866684e+00,1.207404008902990440e-02,1.010845244852380587e+00,1.023088168489535432e+00,1.733462554028594726e-01,-8.655358275711084700e-06,-1.271247433121237315e-03,3.673160323679719804e-06,-6.451232978951146162e-03
3.222713307650516867e+01,3.798666931074451636e+00,1.011138087366051819e+00,1.023623526029141750e+00,1.774973311007053967e-01,1.000807894754436100e+00,1.008056209252301105e+00,1.300755714432620322e-02,1.000774684638287226e+00,1.007891556156483404e+00,1.248293246520291132e-02,1.010811701041658628e+00,1.022966933439229065e+00,1.742150641264597344e-01,-8.359551021818208065e-06,-1.219602217934663124e-03,3.675625083998816219e-06,-6.424864970018152356e-03
3.248702931099311542e+01,3.829301341808923009e+00,1.011096931569322566e+00,1.023490006966760513e+00,1.782748665823395140e-01,1.000828052398390122e+00,1.008069661694831698e+00,1.343935278046558615e-02,1.000794206954652488e+00,1.007904772692070017e+00,1.290071230739430093e-02,1.010777248977397402e+00,1.022845790978601954e+00,1.750604017102888321e-01,-8.070000569224838622e-06,-1.169480626068441532e-03,3.677220524453492589e-06,-6.398197656198209050e-03
3.274692554548106216e+01,3.859935752543394383e+00,1.011054653115729840e+00,1.023356936835900344e+00,1.790239040967491757e-01,1.000848426146402792e+00,1.008083232856004763e+00,1.387989785529607570e-02,1.000813965819806306e+00,1.007918127141014919e+00,1.332743904888238941e-02,1.010741916308104393e+00,1.022724738915058440e+00,1.758823667786423572e-01,-7.791901895820549281e-06,-1.122062827277751137e-03,3.677895662597136746e-06,-6.371214243393599590e-03
3.300682177996900890e+01,3.890570163277865756e+00,1.011011811076774070e+00,1.023224159254636501e+00,1.797530363659472497e-01,1.000869121238723514e+00,1.008096977516244275e+00,1.433100953111049632e-02,1.000833959094589831e+00,1.007931617217027842e+00,1.376316960345429045e-02,1.010705713866726363e+00,1.022603748489409936e+00,1.766807948131890182e-01,-7.520018027795673380e-06,-1.076068849519071745e-03,3.677184994901729372e-06,-6.343757586488008547e-03
3.326671801445694854e+01,3.921204574012337130e+00,1.010968428489117388e+00,1.023091671771458211e+00,1.804624196595932539e-01,1.000890012538019569e+00,1.008110826263310500e+00,1.479073412699422919e-02,1.000854186885372199e+00,1.007945226372819914e+00,1.420799712366379447e-02,1.010668765129494995e+00,1.022483000770306960e+00,1.774574005626907425e-01,-7.254159358779722728e-06,-1.031449903205250863e-03,3.675618050269476386e-06,-6.316010023101205351e-03
3.352661424894489528e+01,3.951838984746808503e+00,1.010924180764705360e+00,1.022959751880176960e+00,1.811465199135776083e-01,1.000911098665637988e+00,1.008124777687647855e+00,1.525912418510352170e-02,1.000874645074648184e+00,1.007958946958137814e+00,1.466194401123302286e-02,1.010630997843962264e+00,1.022362317736067894e+00,1.782106818979443119e-01,-6.998643923965768739e-06,-9.891339062185920336e-04,3.673197245853063294e-06,-6.287972881742861196e-03
3.378651048343284202e+01,3.982473395481279876e+00,1.010879426318520569e+00,1.022828245009472337e+00,1.818109270969616997e-01,1.000932452563147113e+00,1.008138868131229104e+00,1.573748469209773279e-02,1.000895327536909241e+00,1.007972792613395674e+00,1.512499660594660532e-02,1.010592613372841786e+00,1.022242019838160543e+00,1.789437213842355878e-01,-6.749721304656166915e-06,-9.482465354429956339e-04,3.669591842534090521e-06,-6.259535533170925044e-03
3.404640671792078876e+01,4.013107806215751694e+00,1.010834239564876613e+00,1.022697109157750139e+00,1.824566839286921593e-01,1.000954044748316063e+00,1.008153079565987653e+00,1.622541798931153439e-02,1.000916231709195303e+00,1.007986760721414354e+00,1.559719870955941605e-02,1.010553519487376706e+00,1.022121897998985451e+00,1.796547083863657968e-01,-6.506544733067107712e-06,-9.085964561709798009e-04,3.664918440195757602e-06,-6.230739173524706652e-03
3.430630295240873551e+01,4.043742216950223067e+00,1.010788404216069303e+00,1.022566623086329507e+00,1.830799907605590027e-01,1.000975821578766523e+00,1.008167383406199047e+00,1.672209757067851660e-02,1.000937354943986390e+00,1.008000848591865894e+00,1.607859134116816288e-02,1.010513802144514806e+00,1.022002065742529497e+00,1.803448407757066441e-01,-6.272595283112479862e-06,-8.708949008215110133e-04,3.659410841124706864e-06,-6.201663202347574948e-03
3.456619918689668225e+01,4.074376627684694441e+00,1.010742129658782629e+00,1.022436674675554213e+00,1.836841379127544249e-01,1.000997792950949039e+00,1.008181783648688157e+00,1.722776520221266233e-02,1.000958693589064419e+00,1.008015025927043951e+00,1.656919677939941438e-02,1.010473547938159244e+00,1.021882633642640759e+00,1.810153721119600878e-01,-6.045518911822077305e-06,-8.346095057440699322e-04,3.653019641995389919e-06,-6.172291627152913691e-03
3.482609542138462189e+01,4.105011038419165814e+00,1.010695520002765857e+00,1.022307166581923887e+00,1.842707288326715653e-01,1.001020049937866085e+00,1.008196321682560459e+00,1.774407838929333014e-02,1.000980242530424835e+00,1.008029304396251380e+00,1.706900995033840129e-02,1.010432672991315783e+00,1.021763421049166176e+00,1.816646325478336321e-01,-5.823876081911699889e-06,-7.994343925049627935e-04,3.645313403537228614e-06,-6.142482129843624891e-03
3.508599165587256863e+01,4.135645449153637188e+00,1.010648441388855012e+00,1.022178358735706061e+00,1.848373333480788083e-01,1.001042480409605639e+00,1.008210941130954996e+00,1.826918420977807420e-02,1.001001998707722551e+00,1.008043690823928973e+00,1.757805914917423551e-02,1.010391393996644904e+00,1.021644761527022993e+00,1.822961815295842947e-01,-5.610366748375609746e-06,-7.658962908144432329e-04,3.636797866081449996e-06,-6.112404238378388310e-03
3.534588789036051537e+01,4.166279859888108561e+00,1.010600999022330582e+00,1.022050214823831960e+00,1.853855890364294601e-01,1.001065082685910879e+00,1.008225640362950148e+00,1.880311972782080024e-02,1.001023959084472059e+00,1.008058182223331434e+00,1.809637150203283196e-02,1.010349586808354072e+00,1.021526409773282795e+00,1.829076675198205160e-01,-5.403916895640480606e-06,-7.337475597974360336e-04,3.627477062761511430e-06,-6.082059667861730232e-03
3.560578412484845501e+01,4.196914270622579934e+00,1.010553308294861896e+00,1.021922569768786593e+00,1.859173652025619683e-01,1.001087920202438086e+00,1.008240446206313923e+00,1.934707785967499163e-02,1.001046120506875026e+00,1.008072775286637413e+00,1.862397046818491456e-02,1.010307349197327120e+00,1.021408498114071417e+00,1.835006252097304280e-01,-5.202566767436322133e-06,-7.025925556831080733e-04,3.617041841598241056e-06,-6.051347190484137467e-03
3.586568035933640175e+01,4.227548681357051308e+00,1.010505295325494046e+00,1.021795648182428629e+00,1.864312665987747919e-01,1.001110964215678800e+00,1.008255342252110109e+00,1.990063483193022648e-02,1.001068471775543811e+00,1.008087423030842755e+00,1.916073358731286425e-02,1.010264750726978633e+00,1.021291108932502301e+00,1.840761342710390824e-01,-5.008301492552112049e-06,-6.728023662882426977e-04,3.605613543999315011e-06,-6.020308212665742044e-03
3.612557659382434849e+01,4.258183092091522681e+00,1.010456999593376315e+00,1.021669516263503219e+00,1.869278652649868366e-01,1.001134167807307573e+00,1.008270306327865073e+00,2.046302449294933393e-02,1.001091014183156602e+00,1.008102163067219781e+00,1.970675821928658672e-02,1.010221700795010280e+00,1.021174063834699330e+00,1.846324174946510910e-01,-4.821194409408306350e-06,-6.443631357766608668e-04,3.593410618088394618e-06,-5.989015160940208519e-03
3.638547282831229523e+01,4.288817502825994055e+00,1.010408532396818382e+00,1.021543931869248301e+00,1.874090333583545154e-01,1.001157539418678466e+00,1.008285340816416298e+00,2.103446131489067339e-02,1.001113744339485967e+00,1.008116992146522506e+00,2.026205720102651139e-02,1.010178427875021434e+00,1.021057705495265644e+00,1.851734554407646338e-01,-4.638841963476256371e-06,-6.168111396018220597e-04,3.580386876735487911e-06,-5.957453321221235082e-03
3.664536906280023487e+01,4.319451913560465428e+00,1.010359860574849389e+00,1.021419071075987395e+00,1.878741075424913143e-01,1.001181154066564938e+00,1.008300472466268971e+00,2.161638106824741168e-02,1.001136658780515054e+00,1.008131906956757806e+00,2.082664025522153184e-02,1.010134778784543608e+00,1.020941756723745097e+00,1.856963544647210751e-01,-4.462586764173222586e-06,-5.903874874019113088e-04,3.566156151824282191e-06,-5.925497775710505434e-03
3.690526529728818161e+01,4.350086324294936801e+00,1.010310990403865405e+00,1.021295123313777031e+00,1.883231202801882997e-01,1.001204915254166661e+00,1.008315659830624433e+00,2.220710088327935289e-02,1.001159750190915743e+00,1.008146890199842716e+00,2.140044423716345665e-02,1.010090863545703765e+00,1.020826368257281125e+00,1.862029981164668169e-01,-4.293508510047991416e-06,-5.652672000941960347e-04,3.551185838233736691e-06,-5.893301841349102461e-03
3.716516153177612836e+01,4.380720735029408175e+00,1.010262016495352633e+00,1.021171762759625290e+00,1.887577155551132813e-01,1.001228821051201034e+00,1.008330901106312849e+00,2.280664115001370534e-02,1.001183006835434819e+00,1.008161914774072354e+00,2.198332006606608727e-02,1.010046732889159138e+00,1.020711593725473598e+00,1.866942253461029433e-01,-4.128836745265579514e-06,-5.409372395107067471e-04,3.535481324472433351e-06,-5.860867566265332874e-03
3.742505776626407510e+01,4.411355145763879548e+00,1.010212930088578487e+00,1.021049106662148542e+00,1.891776907341471414e-01,1.001252923701979380e+00,1.008346212398451902e+00,2.341603245957427776e-02,1.001206433363355908e+00,1.008177011488935459e+00,2.257541915737024119e-02,1.010002293509578486e+00,1.020597260785896188e+00,1.871682061955532161e-01,-3.969346333221115082e-06,-5.175313738047129884e-04,3.518763674692717763e-06,-5.828105316753317243e-03
3.768495400075201474e+01,4.441989556498350922e+00,1.010163731350414151e+00,1.020927483084559606e+00,1.895830034920817642e-01,1.001277196289548366e+00,1.008361579824014864e+00,2.403484449656936861e-02,1.001230026002581930e+00,1.008192176813028196e+00,2.317673666351607875e-02,1.009957782456616160e+00,1.020483717668115409e+00,1.876292869135364749e-01,-3.816980359087866595e-06,-4.953742705932113891e-04,3.501154176676761367e-06,-5.795055434869915596e-03
3.794485023523996148e+01,4.472623967232822295e+00,1.010114488124298937e+00,1.020806478284960406e+00,1.899748699750404002e-01,1.001301599593961811e+00,1.008376988281627362e+00,2.466240025940213618e-02,1.001253780914010072e+00,1.008207407158616231e+00,2.378726450495645753e-02,1.009913020811950224e+00,1.020370659858113038e+00,1.880740450441333866e-01,-3.668676239835683568e-06,-4.739196357599382930e-04,3.482850177266754964e-06,-5.761782061837490004e-03
3.820474646972790822e+01,4.503258377967293669e+00,1.010065202402585793e+00,1.020686142977152988e+00,1.903533084015790189e-01,1.001326140229620743e+00,1.008392438253760126e+00,2.529887577105930860e-02,1.001277682657930157e+00,1.008222667602443945e+00,2.440677100749320122e-02,1.009868130708558409e+00,1.020258255524399971e+00,1.885047159253068760e-01,-3.524715571263589189e-06,-4.532137060884744179e-04,3.463810233854167867e-06,-5.728272224011760061e-03
3.846464270421585496e+01,4.533892788701765042e+00,1.010015890426828378e+00,1.020566954595725884e+00,1.907186066497044141e-01,1.001350875810386398e+00,1.008407941087316795e+00,2.594542864020029857e-02,1.001301726845920337e+00,1.008237958411074553e+00,2.503522901340594561e-02,1.009823143321042060e+00,1.020146530032844945e+00,1.889218490380932258e-01,-3.387764739194699504e-06,-4.336968393129105839e-04,3.443701857907172729e-06,-5.694420382203251203e-03
3.872453893870379460e+01,4.564527199436236415e+00,1.009966585430873254e+00,1.020448409290182878e+00,1.910713835344932665e-01,1.001375727592521025e+00,1.008423471687521333e+00,2.660061316530428280e-02,1.001325917787053710e+00,1.008253299948163706e+00,2.567277748714030805e-02,1.009777965844876668e+00,1.020035319919943007e+00,1.893236095506197481e-01,-3.254539774479743790e-06,-4.148030601131756602e-04,3.422942108298586890e-06,-5.660360776137555831e-03
3.898443517319174134e+01,4.595161610170707789e+00,1.009917289962292131e+00,1.020330508184528195e+00,1.914116885963780823e-01,1.001400693454814528e+00,1.008439028133658155e+00,2.726443248123940413e-02,1.001350251384108603e+00,1.008268688452893969e+00,2.631939377564917679e-02,1.009732841060767328e+00,1.019924975868122141e+00,1.897146556922333915e-01,-3.125023172813968095e-06,-3.965283621412865177e-04,3.401537425604292026e-06,-5.626095723749527551e-03
3.924433140767968808e+01,4.625796020905179162e+00,1.009868050999183309e+00,1.020213817602932949e+00,1.917404275621291676e-01,1.001425813089793948e+00,1.008454614909431779e+00,2.793770676263980859e-02,1.001374723480479290e+00,1.008284120115266580e+00,2.697505193092233564e-02,1.009687567811259346e+00,1.019815170610682609e+00,1.900910608597161933e-01,-3.002104822491881288e-06,-3.793394166454248343e-04,3.379246060411481812e-06,-5.591549040300372760e-03
3.950422764216762772e+01,4.656430431639650536e+00,1.009818864432226571e+00,1.020097810319416931e+00,1.920575409018280555e-01,1.001451062476922171e+00,1.008470221523776855e+00,2.862002176599653946e-02,1.001399306468658823e+00,1.008299538859789735e+00,2.763926063952614268e-02,1.009642279757319461e+00,1.019706088347967832e+00,1.904554072613066640e-01,-2.882710950037939520e-06,-3.627221518925022119e-04,3.356184507727404331e-06,-5.556758721006804791e-03
3.976412387665557446e+01,4.687064842374121909e+00,1.009769731260409920e+00,1.019982464612282147e+00,1.923630665754176294e-01,1.001476410810396844e+00,1.008485840370506370e+00,2.931081637257377040e-02,1.001424011503567968e+00,1.008314979727974015e+00,2.831228491482863999e-02,1.009596988624574143e+00,1.019597727442490775e+00,1.908079222552108989e-01,-2.766703073269265152e-06,-3.466530419821991192e-04,3.332524597344485797e-06,-5.521779592015838359e-03
4.002402011114352121e+01,4.717699253108593282e+00,1.009720718985920973e+00,1.019868281031166335e+00,1.926583484282738679e-01,1.001501862544091903e+00,1.008501469787991711e+00,3.001021711343093007e-02,1.001448838638879568e+00,1.008330448975920168e+00,2.899417341015717714e-02,1.009551611564494245e+00,1.019489945749879611e+00,1.911469466755733315e-01,-2.656374098394478859e-06,-3.314923790765090779e-04,3.308230971127191896e-06,-5.486600849105516264e-03
4.028391634563146795e+01,4.748333663843064656e+00,1.009671806136219763e+00,1.019754867895235728e+00,1.929430072894788573e-01,1.001527457107884045e+00,1.008517105459264540e+00,3.071905513865079776e-02,1.001473783512917270e+00,1.008345942669001571e+00,2.968488587296596107e-02,1.009506373642852228e+00,1.019383062403242723e+00,1.914769802894892847e-01,-2.549615531451880031e-06,-3.168952731993711467e-04,3.283030296902252665e-06,-5.451137677023955123e-03
4.054381258011940758e+01,4.778968074577536029e+00,1.009622984178548455e+00,1.019642128067007381e+00,1.932169102281075801e-01,1.001553135066261202e+00,1.008532739548844148e+00,3.143618387951947757e-02,1.001498838021894100e+00,1.008361449430765555e+00,3.038430392381745102e-02,1.009461075941400887e+00,1.019276763137771713e+00,1.917940448872166026e-01,-2.445936156489088288e-06,-3.027826344666111687e-04,3.257280216587510891e-06,-5.415502985126304306e-03
4.080370881460735433e+01,4.809602485312007403e+00,1.009574329836385731e+00,1.019530490945619983e+00,1.934816264604332092e-01,1.001578894170805700e+00,1.008548370076120637e+00,3.216158925152440978e-02,1.001523969465476505e+00,1.008376910926679804e+00,3.109180315582630097e-02,1.009415855760233960e+00,1.019171236065501418e+00,1.921009183404668030e-01,-2.347107298737744889e-06,-2.894257675748942169e-04,3.230987895687166797e-06,-5.379699291424640435e-03
4.106360504909530107e+01,4.840236896046478776e+00,1.009525823429731517e+00,1.019419708316399387e+00,1.937368227773434981e-01,1.001604760567186059e+00,1.008563989343464806e+00,3.289583712240744251e-02,1.001549201723370475e+00,1.008392381868794097e+00,3.180790385493271338e-02,1.009370706094992132e+00,1.019066454337029137e+00,1.923974870579518992e-01,-2.251848946994647151e-06,-2.766183189123117198e-04,3.203953875034215281e-06,-5.343665324320390903e-03
4.132350128358324781e+01,4.870871306780950150e+00,1.009477439672840537e+00,1.019309605780247319e+00,1.939820421408494089e-01,1.001630714135858913e+00,1.008579591036484979e+00,3.363855397767959166e-02,1.001574530275470165e+00,1.008407858239790178e+00,3.253255192971684501e-02,1.009325556111979827e+00,1.018962298389966437e+00,1.926823149817633862e-01,-2.159380387976571104e-06,-2.642383052007725593e-04,3.176285435084542126e-06,-5.307435496124692648e-03
4.158339751807118745e+01,4.901505717515421523e+00,1.009429255227819455e+00,1.019200538013374846e+00,1.942188946907783820e-01,1.001656732928628557e+00,1.008595175227235297e+00,3.438931806059682128e-02,1.001599950558830221e+00,1.008423335988408276e+00,3.326569004855088607e-02,1.009280610330593353e+00,1.018859053656145486e+00,1.929596542936899972e-01,-2.071022010257397812e-06,-2.524831529781525132e-04,3.148125885052630990e-06,-5.271054591760452983e-03
4.184329375255913419e+01,4.932140128249892896e+00,1.009381267662946779e+00,1.019092404934971663e+00,1.944474061327368941e-01,1.001682818957342125e+00,1.008610737920141665e+00,3.514819593179014517e-02,1.001625442180336556e+00,1.008438782663393152e+00,3.400692731481192582e-02,1.009235676174230489e+00,1.018756422921987426e+00,1.932255555809176129e-01,-1.986195033345521487e-06,-2.412586279820180574e-04,3.119447037016639958e-06,-5.234514355751185462e-03
4.210318998704708093e+01,4.962774538984364270e+00,1.009333429363432844e+00,1.018984954435036450e+00,1.946666672712569213e-01,1.001708993248950685e+00,1.008626259357751964e+00,3.591565411316524625e-02,1.001650988735187209e+00,1.008454175386004570e+00,3.475594619203158792e-02,1.009190893237116526e+00,1.018654596416722624e+00,1.934829620564927632e-01,-1.903886974975500177e-06,-2.304105957496677625e-04,3.090037297814013634e-06,-5.197751401118979632e-03
4.236308622153502768e+01,4.993408949718835643e+00,1.009285809423400515e+00,1.018878464429065822e+00,1.948781710628597896e-01,1.001735216635310621e+00,1.008641749339480143e+00,3.669089930850779474e-02,1.001676609667858431e+00,1.008469554405948987e+00,3.551317995967505359e-02,1.009146236930599017e+00,1.018553524204695471e+00,1.937314118467781121e-01,-1.825032525067148145e-06,-2.200756582540117599e-04,3.060188884801514095e-06,-5.160855714215282185e-03
4.262298245602296731e+01,5.024043360453307017e+00,1.009238434879253354e+00,1.018772984892050593e+00,1.950825663048773861e-01,1.001761486806171941e+00,1.008657205882766084e+00,3.747390083609372646e-02,1.001702300312327543e+00,1.008484915638552026e+00,3.627855817361170382e-02,1.009101649361470621e+00,1.018453109231566067e+00,1.939697205274174552e-01,-1.749637528965376918e-06,-2.102490775193917836e-04,3.029909356550178019e-06,-5.123829940147245528e-03
4.288287869051091405e+01,5.054677771187778390e+00,1.009191231632883268e+00,1.018668186711054302e+00,1.952783866797906387e-01,1.001787815753642175e+00,1.008672608900875289e+00,3.826493239326701074e-02,1.001728055968677422e+00,1.008500254973403454e+00,3.705200723760311565e-02,1.009057313768983555e+00,1.018353603757265136e+00,1.942018438086101084e-01,-1.676509638615466612e-06,-2.007535957027096476e-04,2.999044687157231763e-06,-5.086628759779295191e-03
4.314277492499886080e+01,5.085312181922249763e+00,1.009144255252728550e+00,1.018564270293738749e+00,1.954668741221768924e-01,1.001814188155443208e+00,1.008687956923455253e+00,3.906368675312702626e-02,1.001753840131246243e+00,1.008515515836816423e+00,3.783276501839516470e-02,1.009013046050148077e+00,1.018254729027058492e+00,1.944239085650921184e-01,-1.606257329551464702e-06,-1.916762049885446925e-04,2.967689067693085368e-06,-5.049281863369428115e-03
4.340267115948680043e+01,5.115946592656721137e+00,1.009097571657976644e+00,1.018461435306149410e+00,1.956495199826219500e-01,1.001840591091303745e+00,1.008703257646900830e+00,3.986990075333082112e-02,1.001779660811178196e+00,1.008530717560390144e+00,3.862101648149515037e-02,1.008968987216345869e+00,1.018156676303365371e+00,1.946390013923497697e-01,-1.539365652416829522e-06,-1.830824199589368680e-04,2.935955694003968281e-06,-5.011823578749972745e-03
4.366256739397474718e+01,5.146581003391192510e+00,1.009051077329280233e+00,1.018359277283102271e+00,1.958242168095979674e-01,1.001867023912800247e+00,1.008718504614368738e+00,4.068357150853750548e-02,1.001805528969413883e+00,1.008545882442490882e+00,3.941701515440369785e-02,1.008925096515033815e+00,1.018059374867488875e+00,1.948463140426967832e-01,-1.474508399186048142e-06,-1.747793748180487923e-04,2.903824332021634713e-06,-4.974248514847012803e-03
4.392246362846269392e+01,5.177215414125663884e+00,1.009004809691659066e+00,1.018257919448814830e+00,1.959918438267850282e-01,1.001893489559049000e+00,1.008733663302646688e+00,4.150477428733757163e-02,1.001831439857927109e+00,1.008561006387582504e+00,4.022067527376088636e-02,1.008881329336699828e+00,1.017962749548204870e+00,1.950449323817961267e-01,-1.412021451775369073e-06,-1.668140325131485784e-04,2.871145007211083387e-06,-4.936514796351361076e-03
4.418235986295064066e+01,5.207849824860135257e+00,1.008958880551576565e+00,1.018157708919923188e+00,1.961549138070702303e-01,1.001919969488787476e+00,1.008748760997447702e+00,4.233311315412603693e-02,1.001857388703876417e+00,1.008576085282675949e+00,4.103190806002542101e-02,1.008837847609161509e+00,1.017867020601702421e+00,1.952384817409480444e-01,-1.352774930029084676e-06,-1.593059058359282598e-04,2.838141565019404983e-06,-4.898688571287906739e-03
4.444225609743858030e+01,5.238484235594606631e+00,1.008913155060142675e+00,1.018058168282094833e+00,1.963106129761128249e-01,1.001946461394109367e+00,1.008763795769976879e+00,4.316854197998892806e-02,1.001883319336190015e+00,1.008591035790728618e+00,4.184948012610553020e-02,1.008794477175232185e+00,1.017771928463602427e+00,1.954232034323746259e-01,-1.295348987628924339e-06,-1.520527122415755734e-04,2.804821638426176320e-06,-4.860772538819141397e-03
4.470215233192652704e+01,5.269118646329078004e+00,1.008867649030926961e+00,1.017959344776981689e+00,1.964593661950235215e-01,1.001972962900670838e+00,1.008778735286277151e+00,4.401101197167358453e-02,1.001909271882670094e+00,1.008605925490418498e+00,4.267428127109194891e-02,1.008751359670034820e+00,1.017677664461978937e+00,1.956023065406890249e-01,-1.239854741642124898e-06,-1.450695223921049997e-04,2.771077834481178969e-06,-4.822737931883123302e-03
4.496204856641447378e+01,5.299753057063549377e+00,1.008822525110523616e+00,1.017861729219926348e+00,1.966048500227103868e-01,1.001999464235008741e+00,1.008793583440656727e+00,4.486030744033798340e-02,1.001935244915294065e+00,1.008620755541764780e+00,4.350628793467721522e-02,1.008708439751313746e+00,1.017584139455206760e+00,1.957746455181335887e-01,-1.187464297903559734e-06,-1.385162200845957978e-04,2.736988109565433636e-06,-4.784608720538372981e-03
4.522194480090242052e+01,5.330387467798020751e+00,1.008777616073820660e+00,1.017764774235870195e+00,1.967434959147547624e-01,1.002025961413103072e+00,1.008808355277454272e+00,4.571633805919702448e-02,1.001961233666585072e+00,1.008635521892976561e+00,4.434540030599051080e-02,1.008665685991699368e+00,1.017491299134950955e+00,1.959395867892902154e-01,-1.136698856617656147e-06,-1.321861461805692883e-04,2.702635287322806760e-06,-4.746408662986356490e-03
4.548184103539036016e+01,5.361021878532492124e+00,1.008732922443072333e+00,1.017668479282053617e+00,1.968753975870290163e-01,1.002052450979285858e+00,1.008823041819365329e+00,4.657902342416339603e-02,1.001987220607635232e+00,1.008650201667887991e+00,4.519122588935773482e-02,1.008623239497614454e+00,1.017399333365272218e+00,1.961004040202983245e-01,-1.087548516103940244e-06,-1.260777189568143498e-04,2.668007541605162107e-06,-4.708135473790671204e-03
4.574173726987830690e+01,5.391656289266963498e+00,1.008688634498183800e+00,1.017573395050756613e+00,1.970049145282793956e-01,1.002078918584714318e+00,1.008837594851272668e+00,4.744803325559105583e-02,1.002013164960766201e+00,1.008664739059212945e+00,4.604283135814769140e-02,1.008580936989574628e+00,1.017308001969505993e+00,1.962534826532526810e-01,-1.041230348975301534e-06,-1.203547478495707698e-04,2.633014010541244556e-06,-4.669768296487614330e-03
4.600163350436625365e+01,5.422290700001434871e+00,1.008644578733457697e+00,1.017478986513075334e+00,1.971282804075053796e-01,1.002105366097138406e+00,1.008852058502431426e+00,4.832340134564791501e-02,1.002039107790506423e+00,1.008679198586008852e+00,4.690114462738928514e-02,1.008538920021374574e+00,1.017217495492796608e+00,1.964021346731836537e-01,-9.964206076380451465e-07,-1.148353563811502112e-04,2.597810106211336369e-06,-4.631349190312688234e-03
4.626152973885420039e+01,5.452925110735906244e+00,1.008600746671652004e+00,1.017385226710876722e+00,1.972453913205916842e-01,1.002131791271377415e+00,1.008866430949050486e+00,4.920506771506454047e-02,1.002065044377786540e+00,1.008693576294207306e+00,4.776605594751319461e-02,1.008497120295801741e+00,1.017127708698075228e+00,1.965448916294292026e-01,-9.530491607713192639e-07,-1.095098509171213490e-04,2.562403246070822904e-06,-4.592880838344234884e-03
4.652142597334214003e+01,5.483559521470377618e+00,1.008557307705104655e+00,1.017292584749710738e+00,1.973602064517167298e-01,1.002158177536248695e+00,1.008880668084163768e+00,5.009263943579959216e-02,1.002090969995694136e+00,1.008707868227453730e+00,4.863745293358343047e-02,1.008455519138714340e+00,1.017038606852902261e+00,1.966814038389367025e-01,-9.120594567164177282e-07,-1.045031762629603623e-04,2.526732045773720526e-06,-4.554351189379195371e-03
4.678132220783008677e+01,5.514193932204848991e+00,1.008514132594956703e+00,1.017200677297543487e+00,1.974699051663280636e-01,1.002184521245914173e+00,1.008894779519301954e+00,5.098601610206029977e-02,1.002116847752648310e+00,1.008722025234130681e+00,4.951446839078019191e-02,1.008414237696406035e+00,1.016950351326639357e+00,1.968145824044186254e-01,-8.725635259832643810e-07,-9.969488298798102942e-05,2.490855936525544113e-06,-4.515777671660797625e-03
4.704121844231803351e+01,5.544828342939320365e+00,1.008471187129078572e+00,1.017109405808834799e+00,1.975737974920102613e-01,1.002210827020543205e+00,1.008908787171193033e+00,5.188528900687192774e-02,1.002142669550379450e+00,1.008736040130979950e+00,5.039689318455371769e-02,1.008373124065916837e+00,1.016862721116684742e+00,1.969409791147129218e-01,-8.343455706893070752e-07,-9.505598152972775158e-05,2.454828304888792050e-06,-4.477173645459370938e-03
4.730111467680597315e+01,5.575462753673791738e+00,1.008428617377341796e+00,1.017019159831236808e+00,1.976753685201007305e-01,1.002237088526076070e+00,1.008922679553365898e+00,5.279029389628155794e-02,1.002168463606519122e+00,1.008749955775751994e+00,5.128537286222134561e-02,1.008332319103920849e+00,1.016775905253752388e+00,1.970639907291523163e-01,-7.981183980957544953e-07,-9.067943114480210109e-05,2.418645850729976491e-06,-4.438540090712045014e-03
4.756101091129391989e+01,5.606097164408263112e+00,1.008386342105092037e+00,1.016929703123245154e+00,1.977728632923885232e-01,1.002263275344357663e+00,1.008936396165876603e+00,5.370029312471553268e-02,1.002194225290563567e+00,1.008763768350149581e+00,5.217978649316522971e-02,1.008291743184249079e+00,1.016689784636682692e+00,1.971818440298596375e-01,-7.633538056630391814e-07,-8.649417851738852310e-05,2.382272343174980687e-06,-4.399876165655454245e-03
4.782090714578186663e+01,5.636731575142734485e+00,1.008344300384090397e+00,1.016840868430789913e+00,1.978649622515351592e-01,1.002289409001887677e+00,1.008949996894084933e+00,5.461576981393601732e-02,1.002219949972592561e+00,1.008777474041126387e+00,5.308001075381515305e-02,1.008251389727217839e+00,1.016604342658598004e+00,1.972944709844695610e-01,-7.297223449937850366e-07,-8.245674164115664780e-05,2.345797275811897613e-06,-4.361200216419266161e-03
4.808080338026981337e+01,5.667365985877205858e+00,1.008302613277265447e+00,1.016752968252351952e+00,1.979546176267057700e-01,1.002315487370597946e+00,1.008963480064099416e+00,5.553665208111045748e-02,1.002245578564892492e+00,1.008790995653729761e+00,5.398461072677236683e-02,1.008211361029915709e+00,1.016519714253188988e+00,1.974044175818924496e-01,-6.977439808598335055e-07,-7.863394180890732844e-05,2.309227601570723513e-06,-4.322514845333595181e-03
4.834069961475775301e+01,5.698000396611677232e+00,1.008261249939235604e+00,1.016665908001383789e+00,1.980412327554451901e-01,1.002341480208261970e+00,1.008976790572132520e+00,5.646219059894492381e-02,1.002271142142615812e+00,1.008804379082904212e+00,5.489430004930581641e-02,1.008171516725308248e+00,1.016435697071683464e+00,1.975084177075453196e-01,-6.671839312066478638e-07,-7.499398444610336288e-05,2.272545700814656830e-06,-4.283824466084567087e-03
4.860059584924569975e+01,5.728634807346148605e+00,1.008220122312874834e+00,1.016579454906381574e+00,1.981228273062677903e-01,1.002367390384229395e+00,1.008989943919067711e+00,5.739242137417334411e-02,1.002296652616060157e+00,1.008817643001476583e+00,5.580934279962485728e-02,1.008131996444364020e+00,1.016352478010849048e+00,1.976099363200183590e-01,-6.376265863734410800e-07,-7.148286731401045095e-05,2.235791107101766221e-06,-4.245139345536165856e-03
4.886049208373364650e+01,5.759269218080619979e+00,1.008179325397843273e+00,1.016493847291011221e+00,1.982017751127243821e-01,1.002393230580451489e+00,1.009002968249598231e+00,5.832762047035588288e-02,1.002322105495688787e+00,1.008830783770679140e+00,5.672960859484855317e-02,1.008092710799770364e+00,1.016269926198294593e+00,1.977069159840624812e-01,-6.094320851513646467e-07,-6.814622283852315456e-05,2.198989711313669942e-06,-4.206462872797175900e-03
4.912038831822159324e+01,5.789903628815091352e+00,1.008138880000349458e+00,1.016409126171710087e+00,1.982787064478820915e-01,1.002418991590169783e+00,1.009015849648982499e+00,5.926753545399367912e-02,1.002347493201671602e+00,1.008843793704005121e+00,5.765488882024959877e-02,1.008053664496706858e+00,1.016188041620167848e+00,1.977995637314603206e-01,-5.826016001932070733e-07,-6.498302005940159297e-05,2.162146535046957758e-06,-4.167799368190079796e-03
4.938028455270953287e+01,5.820538039549562725e+00,1.008098670985087209e+00,1.016324996667507863e+00,1.983509597089317955e-01,1.002444628485533729e+00,1.009028516997756419e+00,6.021103151786560276e-02,1.002372741435421988e+00,1.008856578566211581e+00,5.858332362557049783e-02,1.008014942247364987e+00,1.016106934899650760e+00,1.978900644242061468e-01,-5.566567360213245588e-07,-6.193199422781241095e-05,2.125273986287361941e-06,-4.129166569038177775e-03
4.964018078719747962e+01,5.851172450284034099e+00,1.008058766752972346e+00,1.016241626069444459e+00,1.984202963821041776e-01,1.002470181232691715e+00,1.009041044470195825e+00,6.115904755250646530e-02,1.002397916656815546e+00,1.008869228454632783e+00,5.951650817848008757e-02,1.007976415120595215e+00,1.016026421601745167e+00,1.979753443100434052e-01,-5.318264558231993161e-07,-5.902175858823777458e-05,2.088400320053827338e-06,-4.090560049407743551e-03
4.990007702168542636e+01,5.881806861018505472e+00,1.008019240102173475e+00,1.016159184509909608e+00,1.984886214638530710e-01,1.002495647867362782e+00,1.009053430579457622e+00,6.211150196279110330e-02,1.002423014549678859e+00,1.008881739931016153e+00,6.045430632681830091e-02,1.007938221075995733e+00,1.015946685974400854e+00,1.980589215536741887e-01,-5.082984945805174269e-07,-5.627496846571312570e-05,2.051531825027896928e-06,-4.051982273775903837e-03
5.015997325617337310e+01,5.912441271752976846e+00,1.007979949242264306e+00,1.016077318542907060e+00,1.985525807723151348e-01,1.002520985319363289e+00,1.009065610262111390e+00,6.306728639609854303e-02,1.002448030812745028e+00,1.008894109574812514e+00,6.139658004878861819e-02,1.007900262441443706e+00,1.015867587302704989e+00,1.981384763897845180e-01,-4.855513473944335637e-07,-5.362574349637184572e-05,2.014691051223773185e-06,-4.013453490847464396e-03
5.041986949066131274e+01,5.943075682487448219e+00,1.007940935867207122e+00,1.015996127753859835e+00,1.986132995550056735e-01,1.002546203160994631e+00,1.009077604896888136e+00,6.402659082907373456e-02,1.002472936008588000e+00,1.008906302105617492e+00,6.234255540588434091e-02,1.007862554309078451e+00,1.015789140612989305e+00,1.982144810634834664e-01,-4.637075019961366883e-07,-5.108917404110607617e-05,1.977897181951895190e-06,-3.974976403390616773e-03
5.067976572514925948e+01,5.973710093221919593e+00,1.007902324360062885e+00,1.015915904622130883e+00,1.986739873362244890e-01,1.002571321419408745e+00,1.009089448078246631e+00,6.498987371551674663e-02,1.002497695755605100e+00,1.008918276967151639e+00,6.329131787338533599e-02,1.007825165149398794e+00,1.015711434337914998e+00,1.982887682660694484e-01,-4.430991338851253114e-07,-4.870574286234816196e-05,1.941151342090040911e-06,-3.936545074354995746e-03
5.093966195963720622e+01,6.004344503956390966e+00,1.007863946992139770e+00,1.015836240750520814e+00,1.987305938681582507e-01,1.002596328095308076e+00,1.009101123609738249e+00,6.595679228277105677e-02,1.002522359430068732e+00,1.008930099259497615e+00,6.424406835420491679e-02,1.007787977174598337e+00,1.015634301067074752e+00,1.983584623117067292e-01,-4.231780116088114882e-07,-4.640708152177687587e-05,1.904466379311623686e-06,-3.898167155286690749e-03
5.119955819412514586e+01,6.034978914690862339e+00,1.007825818988385080e+00,1.015757171460827557e+00,1.987835929400448010e-01,1.002621165567273431e+00,1.009112551596557106e+00,6.692583580266071863e-02,1.002546922938987617e+00,1.008941765789935330e+00,6.520066461532594837e-02,1.007751126304345268e+00,1.015557921980601463e+00,1.984271211446695937e-01,-4.039813033790686415e-07,-4.419767433062888321e-05,1.867896321810855150e-06,-3.859877184809797079e-03
5.145945442861309260e+01,6.065613325425333713e+00,1.007788115312905797e+00,1.015679104656489029e+00,1.988375130345840514e-01,1.002645890630448511e+00,1.009123818730766953e+00,6.789839243994941209e-02,1.002571382210995177e+00,1.008953273389305183e+00,6.616096285262770826e-02,1.007714507946007698e+00,1.015482148272799812e+00,1.984921850433783164e-01,-3.859499943777779813e-07,-4.213101506348304045e-05,1.831414555254773659e-06,-3.821649393491569069e-03
5.171935066310103934e+01,6.096247736159805086e+00,1.007750643242170341e+00,1.015601580616976474e+00,1.988876109355530719e-01,1.002670501522113566e+00,1.009134923741072054e+00,6.887437321576220239e-02,1.002595684016666988e+00,1.008964558398934175e+00,6.712354593430569505e-02,1.007678146640690109e+00,1.015407008482783091e+00,1.985543792762817228e-01,-3.685226030655271435e-07,-4.013793565916019568e-05,1.795026557960498362e-06,-3.783486059936680586e-03
5.197924689758898609e+01,6.126882146894276460e+00,1.007713402621740473e+00,1.015524598467469675e+00,1.989339718281272207e-01,1.002694943456013510e+00,1.009145792853797019e+00,6.985231759140446417e-02,1.002619838692810905e+00,1.008975636468310011e+00,6.808862112273565692e-02,1.007642095983130925e+00,1.015332570916030130e+00,1.986151969611195389e-01,-3.516949721244507175e-07,-3.821788270201819911e-05,1.758790411975696031e-06,-3.745422306729083526e-03
5.223914313207692572e+01,6.157516557628747833e+00,1.007676585799065272e+00,1.015448600859890860e+00,1.989816325865324254e-01,1.002719232696518858e+00,1.009156453135960252e+00,7.083258274645240493e-02,1.002643875799202000e+00,1.008986546055632649e+00,6.905690314897193482e-02,1.007606248898806456e+00,1.015258684204905615e+00,1.986719624614751989e-01,-3.359090306139251094e-07,-3.642398781206780667e-05,1.722705363856451861e-06,-3.707453090752726825e-03
5.249903936656487247e+01,6.188150968363219206e+00,1.007640007894970102e+00,1.015373154051945059e+00,1.990259775794387398e-01,1.002743395765105516e+00,1.009166942757466989e+00,7.181580196818267148e-02,1.002667791502298567e+00,1.008997284241757608e+00,7.002824555048128841e-02,1.007570738969257418e+00,1.015185526129087190e+00,1.987282615905184846e-01,-3.206789638780114110e-07,-3.469704715267021985e-05,1.686751059570334722e-06,-3.669563970123330011e-03
5.275893560105281921e+01,6.218785379097690580e+00,1.007603658131674074e+00,1.015298232603089934e+00,1.990668188150762075e-01,1.002767418019153922e+00,1.009177243445801064e+00,7.280154222708622169e-02,1.002691581996192127e+00,1.009007848136277419e+00,7.100250060102906990e-02,1.007535455922828671e+00,1.015112941363587096e+00,1.987813168785458884e-01,-3.059752759479947782e-07,-3.303345738333741542e-05,1.650947430588972122e-06,-3.631765838304679920e-03
5.301883183554076595e+01,6.249419789832161953e+00,1.007567700608500649e+00,1.015224208906803982e+00,1.991085292340643298e-01,1.002791231130131022e+00,1.009187268474611043e+00,7.378794773452508615e-02,1.002715168924452893e+00,1.009018145541831224e+00,7.197754230532941999e-02,1.007500432807668211e+00,1.015040970490824312e+00,1.988320928617675898e-01,-2.921356913972160016e-07,-3.147339236587403912e-05,1.615382549724847530e-06,-3.594108008584930448e-03
5.327872807002870559e+01,6.280054200566633327e+00,1.007532003327463066e+00,1.015150776803366517e+00,1.991477966859326876e-01,1.002814906805859163e+00,1.009197115060624039e+00,7.477683729769074583e-02,1.002738610953838760e+00,1.009028249577807790e+00,7.295485414958820247e-02,1.007465709690295474e+00,1.014969663660250321e+00,1.988817582195125944e-01,-2.788391088371571992e-07,-2.997804291125541376e-05,1.579982489028632486e-06,-3.556545194685051866e-03
5.353862430451665233e+01,6.310688611301104700e+00,1.007496530298340298e+00,1.015077853603835401e+00,1.991837724301739609e-01,1.002838443513410338e+00,1.009206782167537897e+00,7.576811691704884999e-02,1.002761915659204695e+00,1.009038171029976727e+00,7.393458241945789766e-02,1.007431189686270434e+00,1.014898884516810984e+00,1.989278363744166889e-01,-2.660038399806338948e-07,-2.853760114975016540e-05,1.544751824452095323e-06,-3.519079451346987172e-03
5.379852053900459907e+01,6.341323022035576074e+00,1.007461417932183467e+00,1.015005745024781136e+00,1.992201580774047298e-01,1.002861776076233058e+00,1.009216188719514795e+00,7.675998960576214947e-02,1.002785079496474330e+00,1.009047907274916112e+00,7.491657824691934364e-02,1.007397003803953917e+00,1.014828807183709047e+00,1.989739305370529232e-01,-2.538814971918655341e-07,-2.718169317404082037e-05,1.509778814953060663e-06,-3.481759538675911671e-03
5.405841677349254581e+01,6.371957432770047447e+00,1.007426585774467753e+00,1.014934265517693168e+00,1.992549505191174575e-01,1.002884927251284530e+00,1.009225367117689620e+00,7.775298814121425761e-02,1.002808086239964869e+00,1.009057440776070402e+00,7.590034814796779716e-02,1.007363037207841039e+00,1.014759271211469027e+00,1.990170670501042460e-01,-2.422840089952639811e-07,-2.588770812127731821e-05,1.475043950102551589e-06,-3.444572700850656935e-03
5.431831300798048545e+01,6.402591843504518820e+00,1.007391973516828410e+00,1.014863278620872666e+00,1.992866440220257829e-01,1.002907929110407714e+00,1.009234359175054774e+00,7.874790847663008797e-02,1.002830869829005378e+00,1.009066696093296134e+00,7.688403672838152458e-02,1.007329330533494716e+00,1.014690327836114347e+00,1.990584350286578041e-01,-2.310902590650152843e-07,-2.464127129716680645e-05,1.440509013848713242e-06,-3.407496944401905512e-03
5.457820924246843219e+01,6.433226254238990194e+00,1.007357690628734925e+00,1.014793026939672771e+00,1.993182671915716686e-01,1.002930764577984357e+00,1.009243144799000458e+00,7.974422962533754544e-02,1.002853501491051791e+00,1.009075758975600978e+00,7.786950072615954344e-02,1.007295911619393802e+00,1.014622010907074268e+00,1.990988954889162110e-01,-2.204812177710224808e-07,-2.346348204354168189e-05,1.406200086686653902e-06,-3.370546242291739495e-03
5.483810547695637894e+01,6.463860664973461567e+00,1.007323706536189967e+00,1.014723438627420427e+00,1.993491212943233892e-01,1.002953356691694831e+00,1.009251632399849719e+00,8.073978948754763352e-02,1.002875977958879394e+00,1.009084627075751861e+00,7.885659132921757353e-02,1.007262693190017488e+00,1.014554198037241006e+00,1.991361676004741732e-01,-2.103749826608590663e-07,-2.234444234938655290e-05,1.372231581451021821e-06,-3.333782499352357619e-03
5.509800171144431857e+01,6.494495075707932941e+00,1.007289937629740839e+00,1.014654326864087075e+00,1.993770517279917776e-01,1.002975789939496654e+00,1.009259927587327299e+00,8.173680801865568224e-02,1.002898296001555556e+00,1.009093298082297530e+00,7.984515902699144962e-02,1.007229803501320964e+00,1.014487059504352029e+00,1.991738628445962889e-01,-2.006216340791462595e-07,-2.126654302034924291e-05,1.338490503515097611e-06,-3.297143041653673775e-03
5.535789794593226532e+01,6.525129486442404314e+00,1.007256467326926197e+00,1.014585874661586784e+00,1.994044172275298565e-01,1.002998063036815823e+00,1.009268029570590475e+00,8.273518850326601337e-02,1.002920414866510956e+00,1.009101726584755943e+00,8.083401407005073869e-02,1.007197124144554312e+00,1.014420430960823349e+00,1.992088319492232584e-01,-1.913446657220271627e-07,-2.024404496663855814e-05,1.304980485752271602e-06,-3.260629672491244246e-03
5.561779418042021916e+01,6.555763897176876576e+00,1.007223313027798106e+00,1.014518117086306459e+00,1.994318102472934229e-01,1.003020101898378869e+00,1.009275851483096620e+00,8.373282124157874207e-02,1.002942317069621891e+00,1.009109894681662123e+00,8.182259259588420264e-02,1.007164702463559269e+00,1.014354372999834775e+00,1.992424734910942796e-01,-1.825457052243184260e-07,-1.927688261463225236e-05,1.271814211031887436e-06,-3.224303338926827554e-03
5.587769041490816591e+01,6.586398307911347949e+00,1.007190368925547919e+00,1.014450820288446797e+00,1.994564390142833932e-01,1.003041935403268248e+00,1.009283430561293882e+00,8.473041790502700010e-02,1.002964051135343926e+00,1.009117859786049509e+00,8.281216585735483304e-02,1.007132555302213461e+00,1.014288904898381194e+00,1.992753585221475332e-01,-1.740547982439754403e-07,-1.834528715172845258e-05,1.238955224273164219e-06,-3.188143805800860119e-03
5.613758664939610554e+01,6.617032718645819322e+00,1.007157693381345975e+00,1.014384111130815169e+00,1.994799995302125872e-01,1.003063600177055870e+00,1.009290811307429925e+00,8.572892106154687830e-02,1.002985614123318436e+00,1.009125619870148149e+00,8.380258577472428361e-02,1.007100604382141329e+00,1.014223917203573189e+00,1.993053968827687150e-01,-1.659491109658625918e-07,-1.745808568421564096e-05,1.206351183279392603e-06,-3.152122568750834880e-03
5.639748288388405228e+01,6.647667129380290696e+00,1.007125349687908011e+00,1.014318124970865931e+00,1.995043552374130003e-01,1.003085076972674905e+00,1.009297972104817420e+00,8.672772617004931295e-02,1.003007003133156383e+00,1.009133172944958856e+00,8.479370386698716067e-02,1.007068975076356843e+00,1.014159576216583147e+00,1.993362004377190744e-01,-1.582948381317957560e-07,-1.662267784472244096e-05,1.174033249266288013e-06,-3.116256454129524758e-03
5.665737911837199903e+01,6.678301540114762069e+00,1.007093211001456767e+00,1.014252584152766312e+00,1.995260917688598257e-01,1.003106282277190786e+00,1.009304818425205141e+00,8.772440953512349038e-02,1.003028152535785589e+00,1.009140446532045710e+00,8.578359312413304238e-02,1.007037546274228923e+00,1.014095714760900435e+00,1.993644636610396870e-01,-1.509091589228765245e-07,-1.581799403592742449e-05,1.142134707771813085e-06,-3.080617705851440135e-03
5.691727535285994577e+01,6.708935950849233443e+00,1.007061311697189820e+00,1.014187562741172499e+00,1.995462528214828613e-01,1.003127311098267915e+00,1.009311462081880828e+00,8.872155354801752880e-02,1.003049095005444702e+00,1.009147479489191035e+00,8.677309000096565528e-02,1.007006371201108585e+00,1.014032401590747812e+00,1.993917794389222509e-01,-1.438323057746655311e-07,-1.504859103916303479e-05,1.110511976839357589e-06,-3.045128597576284273e-03
5.717717158734788541e+01,6.739570361583704816e+00,1.007029758761464278e+00,1.014123289964977248e+00,1.995679469374601056e-01,1.003148162408913580e+00,1.009317902531428945e+00,8.971906094461518100e-02,1.003069855167079361e+00,1.009154300873592147e+00,8.776281781819944561e-02,1.006975456861028739e+00,1.013969643003883814e+00,1.994184469215893041e-01,-1.371792615449896878e-07,-1.432740012876074218e-05,1.079167751364621203e-06,-3.009790663836539159e-03
5.743706782183583215e+01,6.770204772318176190e+00,1.006998405505810101e+00,1.014059447467110520e+00,1.995871540034944713e-01,1.003168754794255824e+00,1.009324048677138652e+00,9.071453988106381594e-02,1.003090430419302459e+00,1.009160908982637439e+00,8.875263079606800221e-02,1.006944733351219812e+00,1.013907341477187085e+00,1.994425602492912730e-01,-1.307601357754878074e-07,-1.363272931420986022e-05,1.048233283028201017e-06,-2.974675436526362342e-03
5.769696405632377889e+01,6.800839183052647563e+00,1.006967263438811377e+00,1.013996059756500978e+00,1.996042785081394433e-01,1.003189122737643268e+00,1.009329941972224143e+00,9.170887911088752842e-02,1.003110818203589716e+00,1.009167302154748258e+00,8.974238303913956161e-02,1.006914323073128559e+00,1.013845659253534981e+00,1.994677249120531681e-01,-1.245860997984486361e-07,-1.296582419690679251e-05,1.017657462645318060e-06,-2.939755612727237063e-03
5.795686029081172563e+01,6.831473593787118936e+00,1.006936480971187597e+00,1.013933443742778717e+00,1.996236436727617802e-01,1.003209306406798396e+00,1.009335628666339746e+00,9.270314871550776326e-02,1.003130928251807941e+00,1.009173382204664016e+00,9.072938563529467371e-02,1.006884102974018091e+00,1.013784427252400588e+00,1.994904971463650756e-01,-1.188078894154581944e-07,-1.234357921038641690e-05,9.873774930100441724e-07,-2.904997262855855879e-03
5.821675652529966527e+01,6.862108004521590310e+00,1.006905892773731548e+00,1.013871243343453576e+00,1.996406422305533335e-01,1.003229284684821199e+00,1.009341085943567418e+00,9.369666691207897968e-02,1.003150843757762312e+00,1.009179242796384157e+00,9.171595194745740809e-02,1.006854131393315699e+00,1.013723721295541669e+00,1.995126492585386768e-01,-1.132331733071096732e-07,-1.174420842978034193e-05,9.574284737055043138e-07,-2.870419787999055686e-03
5.847665275978761201e+01,6.892742415256061683e+00,1.006875498558802873e+00,1.013809457793952262e+00,1.996553408783005856e-01,1.003248969533429014e+00,1.009346218160162012e+00,9.468679709774102671e-02,1.003170564860275116e+00,1.009184885208804783e+00,9.270201019334596559e-02,1.006824406564983843e+00,1.013663536159688627e+00,1.995342264960896228e-01,-1.078604488045228103e-07,-1.116753284171301987e-05,9.279556252947288372e-07,-2.836103527877774887e-03
5.873654899427555875e+01,6.923376825990533057e+00,1.006845456090488922e+00,1.013748422263476723e+00,1.996723849797220340e-01,1.003268464174910779e+00,1.009351141160325982e+00,9.567643806264887474e-02,1.003190089303250154e+00,1.009190308064986885e+00,9.368741832823512805e-02,1.006794867934468485e+00,1.013603787429383285e+00,1.995535466712731465e-01,-1.028360414754471090e-07,-1.062984769944396616e-05,8.987930900332643626e-07,-2.801958152132001667e-03
5.899644522876349839e+01,6.954011236725004430e+00,1.006815612368481494e+00,1.013687809262687090e+00,1.996874585862284390e-01,1.003287767840467026e+00,1.009355854642363104e+00,9.666549396017594387e-02,1.003209392486297036e+00,1.009195485765991718e+00,9.467137401771637262e-02,1.006765630113392263e+00,1.013544626828155160e+00,1.995740632114116064e-01,-9.799829936056715664e-08,-1.011297769360688456e-05,8.699426684264387472e-07,-2.767984918899856622e-03
5.925634146325144513e+01,6.984645647459475803e+00,1.006785957180878155e+00,1.013627596899954630e+00,1.997003399764733511e-01,1.003306793406569586e+00,1.009360264838109478e+00,9.765132686025503050e-02,1.003228427460883587e+00,1.009200369080611059e+00,9.565240000572795831e-02,1.006736573529336320e+00,1.013485890586652394e+00,1.995923506733282005e-01,-9.333615478935905513e-08,-9.615677276578895615e-06,8.415484816687459690e-07,-2.734264252506402645e-03
5.951623769773939188e+01,7.015280058193947177e+00,1.006756623429544195e+00,1.013568065990239742e+00,1.997150039584555392e-01,1.003325580323291222e+00,1.009364416707323464e+00,9.863499590040832044e-02,1.003247259969285210e+00,1.009205030647998047e+00,9.663234809916308732e-02,1.006707759342566622e+00,1.013427658461764080e+00,1.996102997257146183e-01,-8.896033912835874687e-08,-9.150185494806696576e-06,8.135473732721266212e-07,-2.700762344762905505e-03
5.977613393222733862e+01,7.045914468928418550e+00,1.006727503539803115e+00,1.013508987269667871e+00,1.997284027757307845e-01,1.003344171307637644e+00,1.009368357346307921e+00,9.961767741030198853e-02,1.003265888056097399e+00,1.009209469370068613e+00,9.761108092446962869e-02,1.006679177999642683e+00,1.013369915035611468e+00,1.996277193319168086e-01,-8.476519572549213436e-08,-8.704690755807785980e-06,7.858695474734337464e-07,-2.667440932774285418e-03
6.003603016671527826e+01,7.076548879662889924e+00,1.006698566740342971e+00,1.013450295409985991e+00,1.997397076858627996e-01,1.003362543702779330e+00,1.009372063082087045e+00,1.005986203311768773e-01,1.003284309811439678e+00,1.009213684191305749e+00,9.858846145821531515e-02,1.006650779770653426e+00,1.013312590872964103e+00,1.996432074715645266e-01,-8.072255128184335761e-08,-8.276058775559387662e-06,7.585528820339338324e-07,-2.634321673308323824e-03
6.029592640120322500e+01,7.107183290397361297e+00,1.006669922245073012e+00,1.013392220044007752e+00,1.997522384962869546e-01,1.003380606855869273e+00,1.009375438829841043e+00,1.015750258576481047e-01,1.003302476715110192e+00,1.009217624527256385e+00,9.956294647798900888e-02,1.006622665228311231e+00,1.013255818818693976e+00,1.996598675930337519e-01,-7.691409257728244015e-08,-7.873252896195667878e-06,7.317483380797423592e-07,-2.601490835298230463e-03
6.055582263569117174e+01,7.137817701131832671e+00,1.006641505609420006e+00,1.013334624106683401e+00,1.997641829175848815e-01,1.003398469929033476e+00,1.009378602374413569e+00,1.025500578398513413e-01,1.003320392071294753e+00,1.009221295544922459e+00,1.005345366751403541e-01,1.006594725070656171e+00,1.013199449445714828e+00,1.996745008548993783e-01,-7.327874864506768483e-08,-7.489470298774228425e-06,7.052755985789990518e-07,-2.568847960348928389e-03
6.081571887017911848e+01,7.168452111866304044e+00,1.006613266655028927e+00,1.013277401695713786e+00,1.997741233046952114e-01,1.003416132404673311e+00,1.009381553643513341e+00,1.035236235678408806e-01,1.003338096650526534e+00,1.009224741717810625e+00,1.015043737299563820e-01,1.006567020561814019e+00,1.013143562767132355e+00,1.996890381509861256e-01,-6.977571527918367480e-08,-7.120208236182750585e-06,6.791356433498463151e-07,-2.536394031326669098e-03
6.107561510466705812e+01,7.199086522600775417e+00,1.006585292083311378e+00,1.013220734301818471e+00,1.997847414398973565e-01,1.003433503062331367e+00,1.009384197708843134e+00,1.044928791273488089e-01,1.003355588838856782e+00,1.009227962260408784e+00,1.024723261857692080e-01,1.006539535257385376e+00,1.013088134370883076e+00,1.997030691717320561e-01,-6.646314562359707834e-08,-6.771802823137513978e-06,6.534801304634916584e-07,-2.504216639693293642e-03
6.133551133915500486e+01,7.229720933335246791e+00,1.006557558292814125e+00,1.013164571294530081e+00,1.997954253645712330e-01,1.003450625591605361e+00,1.009386582264309995e+00,1.054590428783223205e-01,1.003372867068619723e+00,1.009230956430093196e+00,1.034382631663949698e-01,1.006512229268534009e+00,1.013033108382027647e+00,1.997154560716741245e-01,-6.331504426971262378e-08,-6.441345690050300198e-06,6.282366212900274073e-07,-2.472276154705522512e-03
6.159540757364295160e+01,7.260355344069718164e+00,1.006529996835269669e+00,1.013108768925339076e+00,1.998041875491465558e-01,1.003467544313178639e+00,1.009388754417151812e+00,1.064233748566797283e-01,1.003389859969688880e+00,1.009233650756686140e+00,1.043999032252821285e-01,1.006485190358680892e+00,1.012978600479276681e+00,1.997289716678068705e-01,-6.028163037713218636e-08,-6.123383986497032829e-06,6.033314502734728016e-07,-2.440531044528594044e-03
6.185530380813089835e+01,7.290989754804189538e+00,1.006502673064663789e+00,1.013053463448130520e+00,1.998130897929016048e-01,1.003484235376695732e+00,1.009390689985601997e+00,1.073850640432065240e-01,1.003406619626955765e+00,1.009236101174666667e+00,1.053587459920479197e-01,1.006458318749199110e+00,1.012924474461767588e+00,1.997406341607319558e-01,-5.740214182624614533e-08,-5.822163447554622768e-06,5.788041452897722700e-07,-2.409004874655298889e-03
6.211520004261883798e+01,7.321624165538660911e+00,1.006475601965437061e+00,1.012998685169313351e+00,1.998226835772381194e-01,1.003500607266662792e+00,1.009392295934407491e+00,1.083412003265593615e-01,1.003423162197484508e+00,1.009238325460579233e+00,1.063152023375395355e-01,1.006431675637530221e+00,1.012870810360246621e+00,1.997524094172161424e-01,-5.467777341124006654e-08,-5.537758202967706708e-06,5.548060931394504669e-07,-2.377787808336941783e-03
6.237509627710678473e+01,7.352258576273132284e+00,1.006448697932409209e+00,1.012944255086592582e+00,1.998304311100710107e-01,1.003516772904910370e+00,1.009393690035898405e+00,1.092951580139109591e-01,1.003439486401019209e+00,1.009240323129779071e+00,1.072691477036887553e-01,1.006405238501497657e+00,1.012817575850332608e+00,1.997636841043749778e-01,-5.205272688506627670e-08,-5.264098825961599660e-06,5.311495915952808721e-07,-2.346771687319634900e-03
6.263499251159473147e+01,7.382892987007603658e+00,1.006422006117615675e+00,1.012890266986596455e+00,1.998377930138709735e-01,1.003532732011655160e+00,1.009394872429495438e+00,1.102468489751888825e-01,1.003455584424016278e+00,1.009242086986146925e+00,1.082202522607194489e-01,1.006378976375337686e+00,1.012764727308310908e+00,1.997735687504571811e-01,-4.955117885289061879e-08,-5.003783382047750976e-06,5.078348949408264740e-07,-2.315957227891804818e-03
6.289488874608267110e+01,7.413527397742075031e+00,1.006395577880636383e+00,1.012836826882083763e+00,1.998464461244103541e-01,1.003548390827330161e+00,1.009395748451828556e+00,1.111932659911716581e-01,1.003471383309571641e+00,1.009243543421084022e+00,1.091661335252610415e-01,1.006352965355446827e+00,1.012712364822430100e+00,1.997845246192701540e-01,-4.719501318939435108e-08,-4.759126228094274504e-06,4.850163915132669952e-07,-2.285437481975750081e-03
6.315478498057061785e+01,7.444161808476546405e+00,1.006369311541395195e+00,1.012783722974867073e+00,1.998533223628281008e-01,1.003563796494797211e+00,1.009396367725700294e+00,1.121357716019384942e-01,1.003486961727768412e+00,1.009244774388155186e+00,1.101091590763441930e-01,1.006327114473064333e+00,1.012660364370525867e+00,1.997937770469190299e-01,-4.492478738916945491e-08,-4.523704570541896789e-06,4.626151397804703371e-07,-2.255167767045347573e-03
6.341468121505856459e+01,7.474796219211017778e+00,1.006343233168653262e+00,1.012731009218833300e+00,1.998593004875506285e-01,1.003578994062945373e+00,1.009396776616999114e+00,1.130756865752173962e-01,1.003502249904200117e+00,1.009245710099523352e+00,1.110470306051618977e-01,1.006301484711631389e+00,1.012608805795475408e+00,1.998033220848356994e-01,-4.275281826317448068e-08,-4.298832342027449836e-06,4.405563294339716065e-07,-2.225104291152377699e-03
6.367457744954651133e+01,7.505430629945489152e+00,1.006317428345759213e+00,1.012678862367554444e+00,1.998671438818563351e-01,1.003593958839543943e+00,1.009396950779058777e+00,1.140121502642532092e-01,1.003517282295057544e+00,1.009246386178887622e+00,1.119807319542821394e-01,1.006276048205449580e+00,1.012557649832264595e+00,1.998123587674949242e-01,-4.071635231886805949e-08,-4.088463653214663646e-06,4.188800841508303526e-07,-2.195272165885971474e-03
6.393447368403445097e+01,7.536065040679960525e+00,1.006291780363644417e+00,1.012627040152427993e+00,1.998732743001162826e-01,1.003608600007477980e+00,1.009396800509732239e+00,1.149421907168736712e-01,1.003532320228018193e+00,1.009247067800355113e+00,1.129185173309075335e-01,1.006250782060924331e+00,1.012506863907219223e+00,1.998202305893995445e-01,-3.875418434295075938e-08,-3.886027533272439222e-06,3.977338468591430075e-07,-2.165763587618216041e-03
6.419436991852239771e+01,7.566699451414431898e+00,1.006266297294162726e+00,1.012575559195885155e+00,1.998780082382741741e-01,1.003623032215208211e+00,1.009396441795666677e+00,1.158693367849733119e-01,1.003546801485456719e+00,1.009247189282534318e+00,1.138423432924838830e-01,1.006225751762706233e+00,1.012456533962405203e+00,1.998291058380252116e-01,-3.686941782339988898e-08,-3.691850917304683580e-06,3.769286945258097855e-07,-2.136465015209715584e-03
6.445426615301033735e+01,7.597333862148903272e+00,1.006241096862162676e+00,1.012524662287330068e+00,1.998851564972689288e-01,1.003637255402300754e+00,1.009395874966220852e+00,1.167935060722698898e-01,1.003561224669454965e+00,1.009247252328858258e+00,1.147680613378584680e-01,1.006200874476663731e+00,1.012406547176810001e+00,1.998364069501453177e-01,-3.511032841792661872e-08,-3.511045287239350745e-06,3.564642641712763217e-07,-2.107376913302716655e-03
6.471416238749829120e+01,7.627968272883374645e+00,1.006216048335670354e+00,1.012474078883882189e+00,1.998906507546168443e-01,1.003651174736719609e+00,1.009395006930437599e+00,1.177115718910950320e-01,1.003575424258208670e+00,1.009247092687367786e+00,1.156902930249610051e-01,1.006176210846048802e+00,1.012356983029636170e+00,1.998441558153141173e-01,-3.341541955673476129e-08,-3.337049049475633489e-06,3.364935014722989657e-07,-2.078596150472150628e-03
6.497405862198623083e+01,7.658602683617846019e+00,1.006191151457177968e+00,1.012423808408655868e+00,1.998945414763934336e-01,1.003664839998893443e+00,1.009393888429641395e+00,1.186250227359585407e-01,1.003589236515350480e+00,1.009246547271133609e+00,1.166036318782781855e-01,1.006151728322127736e+00,1.012307796185525133e+00,1.998513783142299716e-01,-3.178419550157241381e-08,-3.169807406469640058e-06,3.169336315953614153e-07,-2.050073819291345183e-03
6.523395485647418468e+01,7.689237094352317392e+00,1.006166528234186508e+00,1.012374101952374428e+00,1.999008181856698485e-01,1.003678296177593854e+00,1.009392564432287642e+00,1.195352174654574495e-01,1.003603044397480826e+00,1.009245997479888191e+00,1.175204177855681265e-01,1.006127411299170937e+00,1.012258964022867858e+00,1.998576360385865835e-01,-3.026214910889430534e-08,-3.014113844569617272e-06,2.977109792153492211e-07,-2.021764799097134063e-03
6.549385109096212432e+01,7.719871505086788765e+00,1.006142060728305365e+00,1.012324716052386275e+00,1.999057719742346195e-01,1.003691518085326972e+00,1.009391010757000551e+00,1.204412568122582433e-01,1.003616351027158959e+00,1.009244953563085634e+00,1.184243778326950214e-01,1.006103315620682448e+00,1.012210559657307218e+00,1.998648222110581962e-01,-2.879893759578104995e-08,-2.864625776302211164e-06,2.788653153634891616e-07,-1.993695380731214106e-03
6.575374732545006395e+01,7.750505915821260139e+00,1.006117740074496503e+00,1.012275632401715475e+00,1.999091751584855248e-01,1.003704416953327350e+00,1.009389142098926495e+00,1.213401536463144387e-01,1.003629548018479367e+00,1.009243801455449230e+00,1.193281916563420919e-01,1.006079365952657456e+00,1.012162480560982125e+00,1.998705463749919087e-01,-2.739071880651397446e-08,-2.720935369235040996e-06,2.605367202069804307e-07,-1.965958135397800899e-03
6.601364355993801780e+01,7.781140326555731512e+00,1.006093668651553363e+00,1.012227061228806013e+00,1.999144229160890462e-01,1.003717107310560408e+00,1.009387071096592869e+00,1.222355359324611840e-01,1.003642564162943396e+00,1.009242472765797149e+00,1.202294661483753468e-01,1.006055622490985568e+00,1.012114805700098596e+00,1.998768523267350217e-01,-2.607166870671982544e-08,-2.586623590565567455e-06,2.425402121495875816e-07,-1.938436294395782470e-03
6.627353979442595744e+01,7.811774737290202886e+00,1.006069764220784535e+00,1.012178833060487282e+00,1.999189196091718523e-01,1.003729589293732127e+00,1.009384798244729708e+00,1.231273278737064214e-01,1.003655156095049072e+00,1.009240730098719174e+00,1.211200664600362575e-01,1.006032048596197104e+00,1.012067484446659726e+00,1.998826063409906983e-01,-2.480918528328985165e-08,-2.458245061392725459e-06,2.248749248270355276e-07,-1.911130090496323576e-03
6.653343602891389708e+01,7.842409148024674259e+00,1.006046001981265370e+00,1.012130896872031283e+00,1.999219147330273116e-01,1.003741768344479146e+00,1.009382233191272293e+00,1.240123269917460247e-01,1.003667734310514037e+00,1.009238973715000265e+00,1.220134830598190168e-01,1.006008635230783987e+00,1.012020503130599991e+00,1.998875738742210140e-01,-2.359415309293166247e-08,-2.334840071124755096e-06,2.076888811886863758e-07,-1.884138664172150266e-03
6.679333226340185092e+01,7.873043558759145633e+00,1.006022465749102368e+00,1.012083424430546108e+00,1.999262290456012559e-01,1.003753696063057754e+00,1.009379427005611785e+00,1.248921270920475557e-01,1.003679866150011923e+00,1.009236786276112019e+00,1.228952612212936973e-01,1.005985429486654814e+00,1.011973923244180673e+00,1.998933902206502522e-01,-2.245159486968734744e-08,-2.219016281468450231e-06,1.908979341666010231e-07,-1.857409735822333373e-03
6.705322849788979056e+01,7.903677969493617006e+00,1.005999106953418654e+00,1.012036315718928492e+00,1.999303411655442286e-01,1.003765416688261247e+00,1.009376422706299126e+00,1.257681034781884255e-01,1.003691841542236007e+00,1.009234447305794813e+00,1.237749472547764740e-01,1.005962362937115717e+00,1.011927651712463350e+00,1.998978422048851011e-01,-2.136289303804266479e-08,-2.108811190516277775e-06,1.744313663828331234e-07,-1.830897694266802418e-03
6.731312473237773020e+01,7.934312380228088379e+00,1.005975885826664529e+00,1.011989489115709739e+00,1.999329972537891298e-01,1.003776904869919884e+00,1.009373196585838572e+00,1.266393296049130590e-01,1.003703676378862264e+00,1.009231973452751507e+00,1.246530150293609085e-01,1.005939495240481651e+00,1.011881766862775978e+00,1.999029919849518999e-01,-2.031510525019053103e-08,-2.002870348619173811e-06,1.583277759262333248e-07,-1.804629648829826323e-03
6.757302096686568404e+01,7.964946790962559753e+00,1.005952868647294274e+00,1.011943080201843204e+00,1.999364634535621132e-01,1.003788075017174597e+00,1.009369668579142898e+00,1.275028459344981491e-01,1.003715056579351783e+00,1.009229065072679399e+00,1.255187980648135027e-01,1.005916786196371371e+00,1.011836213468194634e+00,1.999075588519287627e-01,-1.932590245548287072e-08,-1.903025515016269965e-06,1.427173689450110266e-07,-1.778697107455651455e-03
6.783291720135362368e+01,7.995581201697031126e+00,1.005930038562136808e+00,1.011897054126284834e+00,1.999402539769249976e-01,1.003799039907897317e+00,1.009365946643969725e+00,1.283623261587697739e-01,1.003726414320546434e+00,1.009226134233312644e+00,1.263867770317825268e-01,1.005894232677606803e+00,1.011790985900756112e+00,1.999114985928067412e-01,-1.838755548041991148e-08,-1.808458789325940856e-06,1.274232386194759101e-07,-1.752982030181431507e-03
6.809281343584157753e+01,8.026215612431503388e+00,1.005907341763973228e+00,1.011851300673523690e+00,1.999426308642876793e-01,1.003809799851268947e+00,1.009362031414281269e+00,1.292177016695742753e-01,1.003737379046182987e+00,1.009222831641950924e+00,1.272443270653834391e-01,1.005871873837480113e+00,1.011746135123908097e+00,1.999162048671661862e-01,-1.748446090599678409e-08,-1.717546234883333254e-06,1.124441283155691906e-07,-1.727484441150616955e-03
6.835270967032951717e+01,8.056850023165974761e+00,1.005884827976476936e+00,1.011805921392262775e+00,1.999453252243363066e-01,1.003820261766924515e+00,1.009357836286708832e+00,1.300657365491007245e-01,1.003748145827901395e+00,1.009219340976485357e+00,1.280979617882999633e-01,1.005849647605280950e+00,1.011701576740456687e+00,1.999196322187518082e-01,-1.662843221169691673e-08,-1.631506042988907861e-06,9.792036748300658913e-08,-1.702304334873000610e-03
6.861260590481747101e+01,8.087484433900446135e+00,1.005862510197744975e+00,1.011760942541876096e+00,1.999488487406564097e-01,1.003830478279377658e+00,1.009353411909692300e+00,1.309081076420348377e-01,1.003758809210156144e+00,1.009215752207336392e+00,1.289508475039172208e-01,1.005827613026552880e+00,1.011657388333606633e+00,1.999238579783297887e-01,-1.582008959076701744e-08,-1.550390073848100316e-06,8.376861700155200347e-08,-1.677386910697585597e-03
6.887250213930541065e+01,8.118118844634917508e+00,1.005840321465076403e+00,1.011716227201958196e+00,1.999509981921471780e-01,1.003840492292086495e+00,1.009348798905587374e+00,1.317461865872582572e-01,1.003768994247996593e+00,1.009211716087038857e+00,1.297900322040869969e-01,1.005805726812989187e+00,1.011613510695399398e+00,1.999274661739096348e-01,-1.504210018877035695e-08,-1.472403851534565851e-06,6.992249682160363678e-08,-1.652686801931903260e-03
6.913239837379336450e+01,8.148753255369388881e+00,1.005818295887527469e+00,1.011671844926333552e+00,1.999529889234239188e-01,1.003850278603292345e+00,1.009343974321448067e+00,1.325790309204513684e-01,1.003779148698094925e+00,1.009207649378999205e+00,1.306308066552520075e-01,1.005783991148084588e+00,1.011569945414968252e+00,1.999305901199358027e-01,-1.430165468489313469e-08,-1.398284989817065653e-06,5.641875277955890902e-08,-1.628231590529116658e-03
6.939229460828130414e+01,8.179387666103860255e+00,1.005796474532391960e+00,1.011627879254022755e+00,1.999562926625612358e-01,1.003859755709212376e+00,1.009338863958738175e+00,1.334037467715981640e-01,1.003788961135041680e+00,1.009203265772912417e+00,1.314623536710680107e-01,1.005762437987868463e+00,1.011526733921379595e+00,1.999343972580578388e-01,-1.360565188056925552e-08,-1.328733022758879281e-06,4.337603471714162437e-08,-1.604110509959093787e-03
6.965219084276924377e+01,8.210022076838331628e+00,1.005774778122970448e+00,1.011584168340251555e+00,1.999582593661974883e-01,1.003869033235605057e+00,1.009333569999902203e+00,1.342240035210502391e-01,1.003798539858238748e+00,1.009198664585754468e+00,1.322883115649579888e-01,1.005741011106764171e+00,1.011483799781735859e+00,1.999370006193985083e-01,-1.293576640900731277e-08,-1.261860273041277963e-06,3.062864237284982232e-08,-1.580205981417110014e-03
6.991208707725719762e+01,8.240656487572803002e+00,1.005753226051136817e+00,1.011540751669715243e+00,1.999596075080217472e-01,1.003878111638189408e+00,1.009328093191522280e+00,1.350397400845695373e-01,1.003808048652157003e+00,1.009193996774332858e+00,1.331143144820184365e-01,1.005719768875551923e+00,1.011441219747943654e+00,1.999404898446836554e-01,-1.229558187179152029e-08,-1.198032273812214257e-06,1.817503613584436858e-08,-1.556517845838210120e-03
7.017198331174513726e+01,8.271290898307274375e+00,1.005731885755394961e+00,1.011497766445398128e+00,1.999627322496120019e-01,1.003886900363448298e+00,1.009322351523662009e+00,1.358477271391647645e-01,1.003817062230534907e+00,1.009188876451302619e+00,1.339254135704961712e-01,1.005698665339564313e+00,1.011398931180746308e+00,1.999433245535675030e-01,-1.169659722476740990e-08,-1.138417883026138744e-06,6.145771492243930262e-09,-1.533145680476105449e-03
7.043187954623307689e+01,8.301925309041745749e+00,1.005710666444320278e+00,1.011455027575082211e+00,1.999645546949919694e-01,1.003895452307143721e+00,1.009316394533741112e+00,1.366497014426671375e-01,1.003826037714569797e+00,1.009183718033929589e+00,1.347375137259624045e-01,1.005677707447689029e+00,1.011356942139133075e+00,1.999458035271897416e-01,-1.112007042294954435e-08,-1.081095886573528144e-06,-5.539829690858185774e-09,-1.510032989336792305e-03
7.069177578072103074e+01,8.332559719776217122e+00,1.005689573647699842e+00,1.011412546293445791e+00,1.999653149093857385e-01,1.003903808557936150e+00,1.009310260106184964e+00,1.374470128093716603e-01,1.003834719119742092e+00,1.009178292583049252e+00,1.355415520974241339e-01,1.005656920633581475e+00,1.011315285420284704e+00,1.999488825192405062e-01,-1.056680964771940941e-08,-1.026147842470934987e-06,-1.694284240099801091e-08,-1.487135277249635899e-03
7.095167201520897038e+01,8.363194130510688495e+00,1.005668699560295032e+00,1.011370510056945005e+00,1.999682957870059230e-01,1.003911944346201013e+00,1.009303926290673781e+00,1.382387139412741828e-01,1.003843137045719036e+00,1.009172627180043857e+00,1.363384995886747497e-01,1.005636254044846689e+00,1.011273891900199118e+00,1.999508241921764129e-01,-1.005156311830378408e-08,-9.750697234119777242e-07,-2.802890706078731203e-08,-1.464480275093177613e-03
7.121156824969691002e+01,8.393828541245159869e+00,1.005647942633838943e+00,1.011328712104273553e+00,1.999700070417355646e-01,1.003919782951798290e+00,1.009297325179063787e+00,1.390220094952462349e-01,1.003851513357731928e+00,1.009166920163074632e+00,1.371361531693715274e-01,1.005615765327052769e+00,1.011232837428060805e+00,1.999537279308490900e-01,-9.555615365165627267e-09,-9.259520614986730337e-07,-3.869188552745100924e-08,-1.442153955207035919e-03
7.147146448418486386e+01,8.424462951979631242e+00,1.005627302670031975e+00,1.011287152018066404e+00,1.999704870060196871e-01,1.003927429683670214e+00,1.009290552320981638e+00,1.398005188676907651e-01,1.003859386502726991e+00,1.009160764793264775e+00,1.379180026801955228e-01,1.005595406234432998e+00,1.011192056421988950e+00,1.999559389794328679e-01,-9.078812652798546006e-09,-8.787787565299073839e-07,-4.908407245590466544e-08,-1.420040695070789137e-03
7.173136071867280350e+01,8.455097362714102616e+00,1.005606873124749834e+00,1.011246019651574235e+00,1.999730955326149695e-01,1.003934885117905518e+00,1.009283608549484956e+00,1.405741886067989332e-01,1.003867213625433630e+00,1.009154563525599402e+00,1.387002477710724546e-01,1.005575187986364138e+00,1.011151562734832643e+00,1.999579102621505122e-01,-8.634665705063741834e-09,-8.349150214765807640e-07,-5.920719267166677663e-08,-1.398140178843990588e-03
7.199125695316075735e+01,8.485731773448573989e+00,1.005586564372017433e+00,1.011205132700661702e+00,1.999747239276412625e-01,1.003942062114552281e+00,1.009276417125871017e+00,1.413398329064476100e-01,1.003874790957520746e+00,1.009148139697678914e+00,1.394755357313323396e-01,1.005555130107726569e+00,1.011111381350339844e+00,1.999603994967946718e-01,-8.208228611820718524e-09,-7.928422027580082407e-07,-6.894190119298538711e-08,-1.376550453840860331e-03
7.225115318764869698e+01,8.516366184183045362e+00,1.005566368903023422e+00,1.011164475891028314e+00,1.999751506954445812e-01,1.003949013146407498e+00,1.009269025858697155e+00,1.420992251822238428e-01,1.003882081197596587e+00,1.009141460655743838e+00,1.402424216472201446e-01,1.005535186684304083e+00,1.011071449852193105e+00,1.999618105249436617e-01,-7.798241130899730986e-09,-7.524322655884722548e-07,-7.836471157128946884e-08,-1.355214109318290299e-03
7.251104942213663662e+01,8.547000594917516736e+00,1.005546365084652560e+00,1.011124208278656011e+00,1.999772296589205633e-01,1.003955777111247505e+00,1.009261469652240617e+00,1.428536775005995463e-01,1.003889323249363530e+00,1.009134733425499642e+00,1.410094551766289672e-01,1.005515414596047874e+00,1.011031843129108765e+00,1.999642501788019278e-01,-7.414794668154527083e-09,-7.147005103431534397e-07,-8.753079278676139604e-08,-1.334088040411469294e-03
7.277094565662459047e+01,8.577635005651988109e+00,1.005526490787519434e+00,1.011084203577062857e+00,1.999787993926657459e-01,1.003962329923710151e+00,1.009253727771226794e+00,1.436022482904505126e-01,1.003896121844285672e+00,1.009127621004119346e+00,1.417622355010474122e-01,1.005495763639801421e+00,1.010992493090685507e+00,1.999659585868245049e-01,-7.048288241521097346e-09,-6.786744929978515749e-07,-9.640856313279217706e-08,-1.313199830938659380e-03
7.303084189111253011e+01,8.608269416386459483e+00,1.005506726226734759e+00,1.011044421599019083e+00,1.999791955203815697e-01,1.003968600145070722e+00,1.009245738836570538e+00,1.443422681156706910e-01,1.003902836630957029e+00,1.009120429591761292e+00,1.425137224611291165e-01,1.005476248856912669e+00,1.010953418772640333e+00,1.999675322127851540e-01,-6.695907111822213583e-09,-6.440699773869756233e-07,-1.049047392277571058e-07,-1.292631420436629770e-03
7.329073812560046974e+01,8.638903827120930856e+00,1.005487135503662532e+00,1.011004992340128528e+00,1.999807839695364187e-01,1.003974687836018509e+00,1.009237591135719647e+00,1.450772658165964957e-01,1.003909341820485634e+00,1.009113054431043821e+00,1.432592738043388658e-01,1.005456884420845132e+00,1.010914638087168749e+00,1.999695435349148342e-01,-6.364995234668838049e-09,-6.116227256733051715e-07,-1.131568460002670628e-07,-1.272270397095765816e-03
7.355063436008842359e+01,8.669538237855402230e+00,1.005467682425361442e+00,1.010965842253110258e+00,1.999823156398147783e-01,1.003980593667484156e+00,1.009229285563307821e+00,1.458071954875718446e-01,1.003915542486670587e+00,1.009105415762385993e+00,1.439953168792513505e-01,1.005437628955345053e+00,1.010876094774732614e+00,1.999705295402058880e-01,-6.050133019428282006e-09,-5.807848339193958706e-07,-1.211667076857891993e-07,-1.252116314745230479e-03
7.381053059457636323e+01,8.700172648589873603e+00,1.005448335664203441e+00,1.010926907766862337e+00,1.999827002381731611e-01,1.003986234637129327e+00,1.009220751166435059e+00,1.465289480524298860e-01,1.003921689002692519e+00,1.009097722943564923e+00,1.447309730578231757e-01,1.005418538543035201e+00,1.010837862717663960e+00,1.999726024542990976e-01,-5.747393201112022457e-09,-5.511615546514792903e-07,-1.288270482065406014e-07,-1.232264741896225719e-03
7.407042682906431708e+01,8.730807059324344976e+00,1.005429145839163985e+00,1.010888291458888588e+00,1.999838334149742214e-01,1.003991662171389798e+00,1.009212033488279925e+00,1.472443108505600562e-01,1.003927447829091602e+00,1.009089702288449519e+00,1.454538685248491503e-01,1.005399561319904267e+00,1.010799871702479091e+00,1.999739058275044334e-01,-5.461927505818773488e-09,-5.232668837054121839e-07,-1.362090640362033193e-07,-1.212658073154672996e-03
7.433032306355225671e+01,8.761441470058816350e+00,1.005410101211840601e+00,1.010849969424572503e+00,1.999853444867554508e-01,1.003996912698824628e+00,1.009203164302602707e+00,1.479545446817391308e-01,1.003933090883572410e+00,1.009081576462160124e+00,1.461739580071279576e-01,1.005380715743245057e+00,1.010762145395873945e+00,1.999751697542736795e-01,-5.191546399512153294e-09,-4.968786794736399780e-07,-1.433617315325316129e-07,-1.193255007909042398e-03
7.459021929804019635e+01,8.792075880793287723e+00,1.005391159607061047e+00,1.010811856150983568e+00,1.999857336713521949e-01,1.004001963036184053e+00,1.009194124264381820e+00,1.486587235292409215e-01,1.003938560114337797e+00,1.009073299890929531e+00,1.468890313234890166e-01,1.005362011141066825e+00,1.010724695310806220e+00,1.999767934453542395e-01,-4.931562916009230799e-09,-4.715278500258017590e-07,-1.502565047233453788e-07,-1.174082718583051256e-03
7.485011553252815020e+01,8.822710291527759097e+00,1.005372358905516350e+00,1.010774028349995302e+00,1.999864434297108085e-01,1.004006747343307637e+00,1.009184858598237255e+00,1.493543257302816507e-01,1.003943713493022472e+00,1.009064758243934490e+00,1.475937052899647661e-01,1.005343410307373730e+00,1.010687470840085922e+00,1.999774394223151064e-01,-4.685393734964482809e-09,-4.475538891486716791e-07,-1.568128036263076651e-07,-1.155218540142958963e-03
7.511001176701608983e+01,8.853344702262230470e+00,1.005353710417025592e+00,1.010736508835640368e+00,1.999879486460493794e-01,1.004011359724258368e+00,1.009175447913183588e+00,1.500447545601114874e-01,1.003948807359017703e+00,1.009056157084249783e+00,1.482974836007510400e-01,1.005324968503244376e+00,1.010650544823947117e+00,1.999792234688353987e-01,-4.453305378299001810e-09,-4.249806142769695977e-07,-1.631527389725452912e-07,-1.136554290175316190e-03
7.536990800150402947e+01,8.883979112996701843e+00,1.005335161777332953e+00,1.010699191512820949e+00,1.999883559328758942e-01,1.004015800920624590e+00,1.009165893142367265e+00,1.507299714119527956e-01,1.003953564909423557e+00,1.009047279371968697e+00,1.489899117506180704e-01,1.005306632467158678e+00,1.010613845267924082e+00,1.999802004237735686e-01,-4.230130338346322043e-09,-4.032929532437794423e-07,-1.692781618454017112e-07,-1.118089417811622167e-03
7.562980423599198332e+01,8.914613523731173217e+00,1.005316738835329238e+00,1.010662128695100082e+00,1.999886711106041437e-01,1.004019992633648162e+00,1.009156129478277375e+00,1.514069730401660097e-01,1.003958180601205008e+00,1.009038277108083248e+00,1.496782119999215677e-01,1.005288423705104961e+00,1.010577399971404278e+00,1.999812247670325061e-01,-4.017925278157166980e-09,-3.826944206022343775e-07,-1.750942230843003264e-07,-1.099916227062224536e-03
7.588970047047992296e+01,8.945247934465644590e+00,1.005298474615496707e+00,1.010625387154563182e+00,1.999901828530460668e-01,1.004023984698785954e+00,1.009146199748679251e+00,1.520775390541459771e-01,1.003962653612793909e+00,1.009029151259350110e+00,1.503622978715956071e-01,1.005270347158771171e+00,1.010541214657343145e+00,1.999825336272910148e-01,-3.818786526272832782e-09,-3.633906732754952754e-07,-1.806659856505036843e-07,-1.081977566359917323e-03
7.614959670496786259e+01,8.975882345200115964e+00,1.005280307187705890e+00,1.010588841495693391e+00,1.999906195054234059e-01,1.004027810886858552e+00,1.009136132528778873e+00,1.527428679327282324e-01,1.003966805372340065e+00,1.009019765165141136e+00,1.510353146553967407e-01,1.005252369454933126e+00,1.010505243909253448e+00,1.999829078693237394e-01,-3.627284550128198222e-09,-3.448426563083797706e-07,-1.860362054980023158e-07,-1.064234254740708402e-03
7.640949293945581644e+01,9.006516755934587337e+00,1.005262251039376942e+00,1.010552521020416261e+00,1.999905662543196017e-01,1.004031449099042295e+00,1.009125910001596793e+00,1.534020581454233478e-01,1.003970892838562001e+00,1.009010314777607942e+00,1.517069541557173606e-01,1.005234545015344150e+00,1.010469559498323289e+00,1.999844651955974273e-01,-3.444422333801247935e-09,-3.271491727398223745e-07,-1.911795093539895618e-07,-1.046712822953127942e-03
7.666938917394375608e+01,9.037151166669058711e+00,1.005244359645923069e+00,1.010516533852912291e+00,1.999920948589185843e-01,1.004034839251243039e+00,1.009115483929164281e+00,1.540527523121389131e-01,1.003974690646041834e+00,1.009000632910258988e+00,1.523685519937051369e-01,1.005216819414746166e+00,1.010434087952660320e+00,1.999851789796830981e-01,-3.273622440333227461e-09,-3.106465242935356509e-07,-1.960274889463419312e-07,-1.029485610610719011e-03
7.692928540843170993e+01,9.067785577403530084e+00,1.005226562100811627e+00,1.010480736505379173e+00,1.999925701913103371e-01,1.004038068989916876e+00,1.009104927019371711e+00,1.546981989123045742e-01,1.003978326336263383e+00,1.008990813700849642e+00,1.530249010851448543e-01,1.005199216875839907e+00,1.010398860754558648e+00,1.999860194709116024e-01,-3.109362138577390095e-09,-2.947884990901098689e-07,-2.006867931608807190e-07,-1.012449459245471414e-03
7.718918164291964956e+01,9.098419988138001457e+00,1.005208862165676065e+00,1.010445136578463021e+00,1.999921722700801763e-01,1.004041139104988156e+00,1.009094240223077144e+00,1.553383662632077666e-01,1.003981845755788083e+00,1.008980892288849018e+00,1.536777076588044799e-01,1.005181738370567679e+00,1.010363878389109127e+00,1.999870721559155740e-01,-2.951839786569202347e-09,-2.795944499577411292e-07,-2.051592409394002636e-07,-9.956037374669916232e-04
7.744907787740758920e+01,9.129054398872472831e+00,1.005191332569955964e+00,1.010409881088679240e+00,1.999937263038713553e-01,1.004043976417836159e+00,1.009083365094489260e+00,1.559703817141615267e-01,1.003985044196792797e+00,1.008970721460455078e+00,1.543189991711608477e-01,1.005164354048946107e+00,1.010329100208151587e+00,1.999872294616632518e-01,-2.805402156497710624e-09,-2.654907455292055188e-07,-2.093623509199177415e-07,-9.790368567849016754e-04
7.770897411189554305e+01,9.159688809606944204e+00,1.005173893987981737e+00,1.010374809594584811e+00,1.999942479477922197e-01,1.004046628711328992e+00,1.009072341384021021e+00,1.565959970269116819e-01,1.003988174124730293e+00,1.008960482118993696e+00,1.549584599061951951e-01,1.005147117481127061e+00,1.010294596894391050e+00,1.999886095458920376e-01,-2.664561659256516521e-09,-2.519366634315983688e-07,-2.133545446321479749e-07,-9.626926891963960434e-04
7.796887034638348268e+01,9.190323220341415578e+00,1.005156546273042961e+00,1.010339921795089024e+00,1.999937667862514701e-01,1.004049126990331775e+00,1.009061194471968737e+00,1.572163397380562655e-01,1.003991056126407377e+00,1.008950050132413123e+00,1.555890688324988169e-01,1.005129973285557643e+00,1.010260293767802464e+00,1.999891109910250930e-01,-2.529272711550778122e-09,-2.389276210018801836e-07,-2.171725338043783088e-07,-9.465343985843421414e-04
7.822876658087142232e+01,9.220957631075886951e+00,1.005139361630850159e+00,1.010305363593349659e+00,1.999951134846324197e-01,1.004051450387219102e+00,1.009049908170718934e+00,1.578305407225457924e-01,1.003993761440502341e+00,1.008939474311141282e+00,1.562135157543736441e-01,1.005112948101668291e+00,1.010226225587626425e+00,1.999898117927567109e-01,-2.403410263651827866e-09,-2.268425276782271886e-07,-2.207941495159424551e-07,-9.305876788210706158e-04
7.848866281535937617e+01,9.251592041810358324e+00,1.005122271487852714e+00,1.010270996351422479e+00,1.999956876210044476e-01,1.004053544594223801e+00,1.009038440596189856e+00,1.584364183444188778e-01,1.003996372150101068e+00,1.008928812044807666e+00,1.568349530869869723e-01,1.005096039309623102e+00,1.010192388101596839e+00,1.999906555334113045e-01,-2.282695135107027169e-09,-2.152610770741672627e-07,-2.241623483206117222e-07,-9.149196431079337005e-04
7.874855904984731580e+01,9.282226452544829698e+00,1.005105269490166764e+00,1.010236807223444888e+00,1.999952781641022304e-01,1.004055490487067548e+00,1.009026856503536740e+00,1.590370428341628117e-01,1.003998667505093145e+00,1.008917916733944153e+00,1.574446520727680598e-01,1.005079221780302623e+00,1.010158747019821890e+00,1.999906981467122757e-01,-2.166731526213437245e-09,-2.041444058829685499e-07,-2.273687441137149677e-07,-8.994327439035942461e-04
7.900845528433525544e+01,9.312860863279301071e+00,1.005088416212144287e+00,1.010202918563028351e+00,1.999962880282720179e-01,1.004057288883914545e+00,1.009015156843053873e+00,1.596323889629451265e-01,1.004000890664274337e+00,1.008906949227269756e+00,1.580520955729143306e-01,1.005062543780522510e+00,1.010125365994433588e+00,1.999918819541984527e-01,-2.058399976197620047e-09,-1.937732158437372577e-07,-2.304150778583305969e-07,-8.841262915430657832e-04
7.926835151882320929e+01,9.343495274013772445e+00,1.005071664365134732e+00,1.010169234791960191e+00,1.999969195902727148e-01,1.004058872005141323e+00,1.009003289617935506e+00,1.602197350395023756e-01,1.004002902604159253e+00,1.008895821744674626e+00,1.586517453610574446e-01,1.005045953600612441e+00,1.010092175305198348e+00,1.999922118805050331e-01,-1.954971868517611463e-09,-1.838801701880776944e-07,-2.332308431824802969e-07,-8.690843255134995124e-04
7.952824775331114893e+01,9.374129684748243818e+00,1.005054998042587799e+00,1.010135723770366978e+00,1.999965860109014781e-01,1.004060285203373093e+00,1.008991291225968201e+00,1.608007867463623342e-01,1.004004728756922482e+00,1.008884549872407055e+00,1.592445303826669489e-01,1.005029478544346544e+00,1.010059210645535943e+00,1.999928078723775815e-01,-1.855608572581289278e-09,-1.743833080741166132e-07,-2.358675847665727098e-07,-8.542522288603984120e-04
7.978814398779910277e+01,9.404764095482715192e+00,1.005038466796675634e+00,1.010102485553659557e+00,1.999972774834227474e-01,1.004061556679207046e+00,1.008979183916712152e+00,1.613765943828067428e-01,1.004006477302094247e+00,1.008873201915575057e+00,1.598346939316723780e-01,1.005013112743102122e+00,1.010026463479685610e+00,1.999934806868485238e-01,-1.762395695229991559e-09,-1.654851813451120573e-07,-2.383562987287629969e-07,-8.395956550228434205e-04
8.004804022228704241e+01,9.435398506217186565e+00,1.005022043469798065e+00,1.010069465256867138e+00,1.999979703333484293e-01,1.004062666908486223e+00,1.008966953198667804e+00,1.619463280621603885e-01,1.004007921089544064e+00,1.008861642330266317e+00,1.604131142917856190e-01,1.004996835630129093e+00,1.009993905657579294e+00,1.999934497523671306e-01,-1.673810401726320723e-09,-1.570367989583921707e-07,-2.406779638521574215e-07,-8.251393007139514769e-04
8.030793645677498205e+01,9.466032916951657938e+00,1.005005703143564411e+00,1.010036612551739710e+00,1.999977157927770310e-01,1.004063567265482737e+00,1.008954563264192084e+00,1.625079887287338154e-01,1.004009289509284475e+00,1.008850007377247948e+00,1.609888835742202817e-01,1.004980689860570653e+00,1.009961593387913359e+00,1.999944624168021601e-01,-1.588700808552943051e-09,-1.489259984770853376e-07,-2.427859122849114029e-07,-8.109449590698423896e-04
8.056783269126293590e+01,9.496667327686129312e+00,1.004989484926152699e+00,1.010004006380334163e+00,1.999981058385857380e-01,1.004064331707958946e+00,1.008942071011129427e+00,1.630644505076778439e-01,1.004010478384375071e+00,1.008838239111019108e+00,1.615577757421247096e-01,1.004964627864586957e+00,1.009929462527370259e+00,1.999946535842156981e-01,-1.508521513422455838e-09,-1.412935795547649461e-07,-2.447575085604166805e-07,-7.969210928530345286e-04
8.082772892575087553e+01,9.527301738420600685e+00,1.004973380696884577e+00,1.009971630312137991e+00,1.999988629219184022e-01,1.004064961064660366e+00,1.008929477373588846e+00,1.636156940880125477e-01,1.004011477561437049e+00,1.008826331423595901e+00,1.621193104637811411e-01,1.004948677263919787e+00,1.009897549237696923e+00,1.999951722145704991e-01,-1.432675271637409276e-09,-1.340809136134936256e-07,-2.465943820107679068e-07,-7.830669741299428480e-04
8.108762516023881517e+01,9.557936149155072059e+00,1.004957357037704391e+00,1.009939416875350382e+00,1.999986897174183820e-01,1.004065393109922599e+00,1.008916736777661693e+00,1.641591647757999761e-01,1.004012399967759483e+00,1.008814346965433373e+00,1.626779922893216990e-01,1.004932829252495941e+00,1.009865841111373230e+00,1.999957047029233548e-01,-1.359799617168131830e-09,-1.271557870699137542e-07,-2.482373542993149092e-07,-7.694619273652747796e-04
8.134752139472676902e+01,9.588570559889543432e+00,1.004941443161464942e+00,1.009907425020656113e+00,1.999987939762506994e-01,1.004065670470613902e+00,1.008903882075981473e+00,1.646965060747243303e-01,1.004013056039716023e+00,1.008802188689060797e+00,1.632260810245191873e-01,1.004917067436979616e+00,1.009834315613408862e+00,1.999956242645037907e-01,-1.290852365192948391e-09,-1.206106074227331511e-07,-2.497310895109328479e-07,-7.560532514856515510e-04
8.160741762921470865e+01,9.619204970624014805e+00,1.004925648947108563e+00,1.009875674653861077e+00,1.999996174556536721e-01,1.004065818563927959e+00,1.008890932500936088e+00,1.652286869129969693e-01,1.004013622418936214e+00,1.008789946417147698e+00,1.637706804740489408e-01,1.004901429312432537e+00,1.009803022109768467e+00,1.999964944398783251e-01,-1.225935276272649582e-09,-1.144546030672068935e-07,-2.511013028885907957e-07,-7.428091641203067369e-04
8.186731386370266250e+01,9.649839381358486179e+00,1.004909932961869146e+00,1.009844082147049793e+00,1.999995271488335113e-01,1.004065819288831207e+00,1.008877875291935178e+00,1.657549223553900219e-01,1.004014035971266816e+00,1.008777591720270150e+00,1.643091713599448001e-01,1.004885871141736775e+00,1.009771901618229606e+00,1.999965731290826443e-01,-1.163555904186050265e-09,-1.085434222594353822e-07,-2.523319932970091519e-07,-7.297532383146026211e-04
8.212721009819060214e+01,9.680473792092957552e+00,1.004894315043866504e+00,1.009812687522104513e+00,1.999993600704219610e-01,1.004065629514850677e+00,1.008864680368487532e+00,1.662733986367422867e-01,1.004014260769340749e+00,1.008765107639320702e+00,1.648400187962828500e-01,1.004870420794080843e+00,1.009740990671458061e+00,1.999970359110334051e-01,-1.104284781491054296e-09,-1.029319246922546437e-07,-2.533857757219232637e-07,-7.169419685824546034e-04
8.238710633267854178e+01,9.711108202827428926e+00,1.004878822088373758e+00,1.009781545016953164e+00,2.000002514421168331e-01,1.004065316277377384e+00,1.008851396989159488e+00,1.667867811936922795e-01,1.004014406338469945e+00,1.008752544329426515e+00,1.653676609350478166e-01,1.004855066808648667e+00,1.009710273363880084e+00,1.999974527081994080e-01,-1.048740465435182143e-09,-9.767919645899018068e-08,-2.543268048165416425e-07,-7.042900617297089038e-04
8.264700256716649562e+01,9.741742613561900299e+00,1.004863405107035534e+00,1.009750555780853709e+00,2.000002449703691676e-01,1.004064880400604265e+00,1.008838026058912929e+00,1.672950560574976153e-01,1.004014326054997852e+00,1.008739842988292557e+00,1.658860078864255183e-01,1.004839796610141445e+00,1.009679732296586918e+00,1.999973414314596687e-01,-9.953631003974058139e-10,-9.263484470804464624e-08,-2.551565754875861317e-07,-6.917967691453851334e-04
8.290689880165443526e+01,9.772377024296371673e+00,1.004848075057146017e+00,1.009719741913319035e+00,1.999998199343585581e-01,1.004064265258907129e+00,1.008824528303716273e+00,1.677958474283535728e-01,1.004014143231708456e+00,1.008727052475193897e+00,1.664000833433038895e-01,1.004824642946904767e+00,1.009649410542277748e+00,1.999980922765771107e-01,-9.444248922474795022e-10,-8.782494702858946657e-08,-2.558264090799969996e-07,-6.795364800288837288e-04
8.316679503614237490e+01,9.803011435030843046e+00,1.004832874918308860e+00,1.009689190087787347e+00,2.000007801292252030e-01,1.004063510535988746e+00,1.008810932915415126e+00,1.682907228116356790e-01,1.004013829487885756e+00,1.008714164942832836e+00,1.669086671645132469e-01,1.004809565632055701e+00,1.009619253897825919e+00,1.999980795670287803e-01,-8.969155882351388611e-10,-8.334414395210354390e-08,-2.563742744669107173e-07,-6.674587335502151506e-04
8.342669127063032875e+01,9.833645845765314419e+00,1.004817748581201986e+00,1.009658787112902800e+00,2.000008579023276056e-01,1.004062638935101726e+00,1.008797256261489528e+00,1.687805675860215016e-01,1.004013332414721793e+00,1.008701162649235705e+00,1.674095221647061149e-01,1.004794592719389312e+00,1.009589299179975086e+00,1.999985032844475430e-01,-8.512558220350466033e-10,-7.904063153080142618e-08,-2.568211068338941771e-07,-6.555343266783231074e-04
8.368658750511826838e+01,9.864280256499785793e+00,1.004802698590864241e+00,1.009628538119208718e+00,2.000001873246953221e-01,1.004061633827891598e+00,1.008783487318233529e+00,1.692646463622692887e-01,1.004012754093643212e+00,1.008688079107723956e+00,1.679068482970926812e-01,1.004779710350167887e+00,1.009559527324466188e+00,1.999988242342221889e-01,-8.074913964633604450e-10,-7.491875761016119207e-08,-2.571537432947491702e-07,-6.437856141403389696e-04
8.394648373960620802e+01,9.894914667234257166e+00,1.004787783127891299e+00,1.009598560420610136e+00,2.000012167958101494e-01,1.004060457320584243e+00,1.008769601331461319e+00,1.697413297937296617e-01,1.004011985031707077e+00,1.008674887076109750e+00,1.683960181138719481e-01,1.004764909442337206e+00,1.009529925631038383e+00,1.999986965109253612e-01,-7.668677397468301271e-10,-7.109743563400775529e-08,-2.573429497138208736e-07,-6.322639068899939697e-04
8.420637997409416187e+01,9.925549077968728540e+00,1.004772939373404173e+00,1.009568727319174686e+00,2.000013787795814069e-01,1.004059169641424942e+00,1.008755640237253060e+00,1.702130668888778287e-01,1.004011105512439883e+00,1.008661605953743656e+00,1.688803374483483222e-01,1.004750218376073700e+00,1.009500531382017563e+00,1.999993467677960990e-01,-7.278220132524306743e-10,-6.742690154128418623e-08,-2.574408726398830935e-07,-6.208902466593629920e-04
8.446627620858210150e+01,9.956183488703199913e+00,1.004758167219100606e+00,1.009539038594943428e+00,2.000006965295612893e-01,1.004057771597424598e+00,1.008741604901038924e+00,1.706798484284962059e-01,1.004010112371180208e+00,1.008648238074505432e+00,1.693596295857753842e-01,1.004735600254827554e+00,1.009471294802290364e+00,1.999992595688470376e-01,-6.903411551677975086e-10,-6.390588358395626880e-08,-2.574488590927707635e-07,-6.096638792805190348e-04
8.472617244307005535e+01,9.986817899437671286e+00,1.004743523266210303e+00,1.009509608357635813e+00,2.000015730054921226e-01,1.004056212115701729e+00,1.008727462145142972e+00,1.711394855356008216e-01,1.004008945404941011e+00,1.008634774143009283e+00,1.698312998469415080e-01,1.004721083261036485e+00,1.009442252915289551e+00,1.999996572463306754e-01,-6.555063730808542554e-10,-6.063734940518812096e-08,-2.573277844659608153e-07,-5.986541464429313538e-04
8.498606867755799499e+01,1.001745231017214266e+01,1.004728954318885314e+00,1.009480329336834403e+00,2.000018187941407788e-01,1.004054527791772955e+00,1.008713237454645917e+00,1.715934582380297668e-01,1.004007695581195403e+00,1.008621227354006722e+00,1.702991459511137562e-01,1.004706651371462200e+00,1.009413383806432751e+00,1.999998983482026982e-01,-6.221269142362574301e-10,-5.750748278221940375e-08,-2.571092551639864271e-07,-5.878130756637975655e-04
8.524596491204593462e+01,1.004808672090661403e+01,1.004714454959991343e+00,1.009451190608921856e+00,2.000012342386584541e-01,1.004052738722936100e+00,1.008698944513132689e+00,1.720425679095882732e-01,1.004006284924760406e+00,1.008607595685716340e+00,1.707598120618892545e-01,1.004692298700345265e+00,1.009384679074428304e+00,1.999997651832325085e-01,-5.900826773086793062e-10,-5.450480878604017833e-08,-2.568099598997892742e-07,-5.771140092594005287e-04
8.550586114653388847e+01,1.007872113164108541e+01,1.004700072706407044e+00,1.009422287952707276e+00,2.000018588284153687e-01,1.004050829775934517e+00,1.008684574014404811e+00,1.724861322143410591e-01,1.004004760473081292e+00,1.008593879804429161e+00,1.712152464682097364e-01,1.004678049606535728e+00,1.009356170671783071e+00,2.000003300465208744e-01,-5.601741503975823137e-10,-5.170534660520941152e-08,-2.564193535416980555e-07,-5.665780183580199471e-04
8.576575738102182811e+01,1.010935554237555678e+01,1.004685771065449540e+00,1.009393547789105838e+00,2.000021877069962928e-01,1.004048767982270052e+00,1.008670106096262842e+00,1.729227023291157184e-01,1.004003135340401309e+00,1.008580082660103017e+00,1.716659671841289370e-01,1.004663870244608237e+00,1.009327812928560775e+00,2.000001819278151571e-01,-5.316473177231122341e-10,-4.903717000908517503e-08,-2.559152319774159246e-07,-5.562514189976734821e-04
8.602565361550976775e+01,1.013998995311002815e+01,1.004671537073694720e+00,1.009364943984185636e+00,2.000016997217870518e-01,1.004046606975483202e+00,1.008655575765319723e+00,1.733545074364877259e-01,1.004001349547136490e+00,1.008566211752722097e+00,1.721093550682665507e-01,1.004649788875839889e+00,1.009299643005955538e+00,2.000005636091233274e-01,-5.042592972214567487e-10,-4.647715895937179430e-08,-2.553390206853759688e-07,-5.460615584906154370e-04
8.628554984999772159e+01,1.017062436384449953e+01,1.004657409612807362e+00,1.009336554898392802e+00,2.000020830347674916e-01,1.004044347535182347e+00,1.008640983839507843e+00,1.737815424758741012e-01,1.003999479666219274e+00,1.008552256757688559e+00,1.725486510568118304e-01,1.004635787524753798e+00,1.009271636419414753e+00,2.000007377805732012e-01,-4.785870956633420684e-10,-4.407995824131923817e-08,-2.546919130785504116e-07,-5.360076898005147967e-04
8.654544608448566123e+01,1.020125877457897090e+01,1.004643368041011842e+00,1.009308338913538217e+00,2.000024940329911682e-01,1.004041944015917176e+00,1.008626302969377164e+00,1.742018099895832062e-01,1.003997473879075564e+00,1.008538234923539001e+00,1.729815800378407264e-01,1.004621863230272583e+00,1.009243788701227551e+00,2.000006075027080943e-01,-4.542146619750867068e-10,-4.180592279914813547e-08,-2.539433302569249640e-07,-5.261540877935412400e-04
8.680534231897360087e+01,1.023189318531344227e+01,1.004629392248722164e+00,1.009280255496704859e+00,2.000021012622558991e-01,1.004039429845497544e+00,1.008611554948801503e+00,1.746166933732105353e-01,1.003995355161393155e+00,1.008524138073818799e+00,1.734090862353081242e-01,1.004608036647898217e+00,1.009216126896149257e+00,2.000010993195853737e-01,-4.308131325093209606e-10,-3.962384138547618782e-08,-2.531189571107301897e-07,-5.164554458978694914e-04
8.706523855346155472e+01,1.026252759604791365e+01,1.004615512909251329e+00,1.009252366456399042e+00,2.000022532634575800e-01,1.004036822652471184e+00,1.008596750978249856e+00,1.750269110185211086e-01,1.003993144632363554e+00,1.008509961085751971e+00,1.738320449976025750e-01,1.004594276763070004e+00,1.009188609142383175e+00,2.000009011786619273e-01,-4.087828631347426692e-10,-3.757152585976938265e-08,-2.522317755815969714e-07,-5.068875784158245962e-04
8.732513478794949435e+01,1.029316200678238502e+01,1.004601724422345965e+00,1.009224660493539982e+00,2.000027452020460561e-01,1.004034108797181801e+00,1.008581883427915438e+00,1.754318361181878838e-01,1.003990789839417808e+00,1.008495735700847051e+00,1.742481303187730368e-01,1.004580611871616957e+00,1.009161272677528753e+00,2.000012745501186517e-01,-3.879658845909522870e-10,-3.563387511740776275e-08,-2.512736130312870443e-07,-4.974702340913864313e-04
8.758503102243744820e+01,1.032379641751685639e+01,1.004587999911905616e+00,1.009197083445338983e+00,2.000024461024989542e-01,1.004031259888916505e+00,1.008566936875491926e+00,1.758301940067704405e-01,1.003988350078450331e+00,1.008481425347920402e+00,1.746598826747095268e-01,1.004567022238951557e+00,1.009134090702106246e+00,2.000013922393691634e-01,-3.679763338999918692e-10,-3.377437077002119546e-08,-2.502282230489345201e-07,-4.882449780867498669e-04
8.784492725692538784e+01,1.035443082825132777e+01,1.004574362248622954e+00,1.009169681391163698e+00,2.000023761693723034e-01,1.004028323255124810e+00,1.008551939846678902e+00,1.762239944419891347e-01,1.003985794621901739e+00,1.008467061017618960e+00,1.750659193109967982e-01,1.004553507580116634e+00,1.009107062347746275e+00,2.000012710695988349e-01,-3.490760943074744901e-10,-3.201767940021561913e-08,-2.491276198933022809e-07,-4.791453354415486639e-04
8.810482349141332747e+01,1.038506523898579914e+01,1.004560820105026897e+00,1.009142471793051277e+00,2.000029476998071432e-01,1.004025299640038504e+00,1.008536893106156018e+00,1.766132359477346203e-01,1.003983130908024712e+00,1.008452634705895967e+00,1.754665227973503383e-01,1.004540085138964978e+00,1.009080210138519673e+00,2.000016999022496966e-01,-3.313009875274844593e-10,-3.036704451501265231e-08,-2.479728438350033913e-07,-4.701705766194437682e-04
8.836471972590128132e+01,1.041569964972027051e+01,1.004547340198751026e+00,1.009115387587576240e+00,2.000027405783864065e-01,1.004022148637074618e+00,1.008521774814895577e+00,1.769961138275068235e-01,1.003980380493389557e+00,1.008438125425645815e+00,1.758626033504024355e-01,1.004526726528885971e+00,1.009053495747298079e+00,2.000014605004073742e-01,-3.142307591320767448e-10,-2.878279998402444857e-08,-2.467408354546040744e-07,-4.613799684603432129e-04
8.862461596038922096e+01,1.044633406045474189e+01,1.004533937983559388e+00,1.009088459906507085e+00,2.000024575514897651e-01,1.004018900484705101e+00,1.008506603144085911e+00,1.773739079354303416e-01,1.003977505015922311e+00,1.008423595699076802e+00,1.762524272583189111e-01,1.004513460040910022e+00,1.009026956433507705e+00,2.000018313891037958e-01,-2.980198275770112155e-10,-2.727945021814117614e-08,-2.454518720308507188e-07,-4.527309840700402283e-04
8.888451219487716060e+01,1.047696847118921326e+01,1.004520635674548856e+00,1.009061733494227120e+00,2.000031071901325619e-01,1.004015570500784271e+00,1.008491387023729535e+00,1.777472559356439996e-01,1.003974544010719505e+00,1.008408980444772007e+00,1.766377027949407041e-01,1.004500264357156780e+00,1.009000563314897292e+00,2.000019010669336350e-01,-2.828463596336311376e-10,-2.587364426022455509e-08,-2.441157541562301926e-07,-4.442018059851591183e-04
8.914440842936511444e+01,1.050760288192368463e+01,1.004507393924964465e+00,1.009035129078234672e+00,2.000029902363719136e-01,1.004012146517184290e+00,1.008476120441187174e+00,1.781155880668470470e-01,1.003971483104083129e+00,1.008394319310548237e+00,1.770177559503557929e-01,1.004487141641202230e+00,1.008974318816508564e+00,2.000017935718698403e-01,-2.682731409903077877e-10,-2.452422287281703356e-08,-2.427264236502115524e-07,-4.358108451778734509e-04
8.940430466385305408e+01,1.053823729265815601e+01,1.004494221138328092e+00,1.009008663585209353e+00,2.000025024646120142e-01,1.004008604351948497e+00,1.008460791957414671e+00,1.784777955114140446e-01,1.003968322019409110e+00,1.008379612585238005e+00,1.773925354137602106e-01,1.004474105993016231e+00,1.008948241296950821e+00,2.000021676489984190e-01,-2.543722064269948876e-10,-2.323793134524475355e-08,-2.412725941117370152e-07,-4.275951992708819827e-04
8.966420089834100793e+01,1.056887170339262738e+01,1.004481152378601916e+00,1.008982407638002066e+00,2.000032286218531019e-01,1.004004985372000558e+00,1.008445424102784260e+00,1.788356722436583168e-01,1.003965075238498761e+00,1.008364820163691666e+00,1.777626513808942543e-01,1.004461131466894752e+00,1.008922295711817352e+00,2.000018940407828072e-01,-2.414231634127506940e-10,-2.204091489721076978e-08,-2.397781526683429961e-07,-4.194943649386700685e-04
8.992409713282894757e+01,1.059950611412709875e+01,1.004468142559122867e+00,1.008956270411003109e+00,2.000031999353560908e-01,1.004001290280268188e+00,1.008430017584940330e+00,1.791892198261212932e-01,1.003961726332182280e+00,1.008350030081112347e+00,1.781273317544276036e-01,1.004448246314143756e+00,1.008896519293855931e+00,2.000022668119016966e-01,-2.289850787532587039e-10,-2.089176985033234760e-08,-2.382439916460301424e-07,-4.115076383575236091e-04
9.018399336731688720e+01,1.063014052486157013e+01,1.004455193381841971e+00,1.008930255331386361e+00,2.000025153164833314e-01,1.003997483671013047e+00,1.008414555721471872e+00,1.795368249103722891e-01,1.003958290954344079e+00,1.008335157840336338e+00,1.784872425862341350e-01,1.004435427793738400e+00,1.008870881289491095e+00,2.000022953658602831e-01,-2.170677926186267941e-10,-1.979140900779531338e-08,-2.366535624276275435e-07,-4.036894011008876283e-04
9.044388960180484105e+01,1.066077493559604150e+01,1.004442352100478608e+00,1.008904457567411983e+00,2.000033163216516086e-01,1.003993592621692299e+00,1.008399053173725468e+00,1.798796590164192799e-01,1.003954767375830892e+00,1.008320243479411848e+00,1.788422719702387476e-01,1.004422680309288385e+00,1.008845387136977134e+00,2.000022048186737289e-01,-2.060200700559412472e-10,-1.877240304219623372e-08,-2.350222909003337576e-07,-3.959999632640143034e-04
9.070378583629278069e+01,1.069140934633051288e+01,1.004429568196472555e+00,1.008878775362694435e+00,2.000033739356793794e-01,1.003989630311041381e+00,1.008383516818998293e+00,1.802182823275601253e-01,1.003951154701621551e+00,1.008305302803044645e+00,1.791923449309714145e-01,1.004410015062843220e+00,1.008820051355698189e+00,2.000025308974794636e-01,-1.954071336706069998e-10,-1.779402772890835200e-08,-2.333572926678677344e-07,-3.884197495182013381e-04
9.096368207078072032e+01,1.072204375706498425e+01,1.004416841588935849e+00,1.008853208553674330e+00,2.000027067533949043e-01,1.003985586003138364e+00,1.008367942188013400e+00,1.805521827751128960e-01,1.003947456199628219e+00,1.008290276298893673e+00,1.795375753656600903e-01,1.004397408377088574e+00,1.008794841951694332e+00,2.000022287744363247e-01,-1.852253400719091771e-10,-1.685593737752874407e-08,-2.316543631895826604e-07,-3.809658378943024800e-04
9.122357830526867417e+01,1.075267816779945562e+01,1.004404217333586313e+00,1.008827847873549954e+00,2.000033740750413458e-01,1.003981439346476989e+00,1.008352321374656357e+00,1.808804076235936142e-01,1.003943676575234534e+00,1.008275265151060696e+00,1.798781444357826220e-01,1.004384888432641620e+00,1.008769796087966464e+00,2.000026066474744901e-01,-1.757697272158584758e-10,-1.598562510283747727e-08,-2.299062695137690159e-07,-3.736711671953975083e-04
9.148347453975661381e+01,1.078331257853392700e+01,1.004391653533814210e+00,1.008802608940090328e+00,2.000035159763519088e-01,1.003977226132830802e+00,1.008336671420450470e+00,1.812045413934231797e-01,1.003939811755534706e+00,1.008260181191163563e+00,1.802138342144427308e-01,1.004372431211290717e+00,1.008744881332314325e+00,2.000025996974787446e-01,-1.667164933101044850e-10,-1.515282467106602500e-08,-2.281299939792738152e-07,-3.664809398410112510e-04
9.174337077424455344e+01,1.081394698926839837e+01,1.004379145525532868e+00,1.008777482359654698e+00,2.000029438151657568e-01,1.003972947019717621e+00,1.008320992973940733e+00,1.815245881765898406e-01,1.003935866680790712e+00,1.008245054963936793e+00,1.805448381068876784e-01,1.004360043165554384e+00,1.008720105879409745e+00,2.000025283645795182e-01,-1.580302020753879966e-10,-1.435422531082334370e-08,-2.263262895990303036e-07,-3.593944839760599341e-04
9.200326700873250729e+01,1.084458140000286974e+01,1.004366731157025905e+00,1.008752544344033053e+00,2.000034051966202431e-01,1.003968571327348291e+00,1.008305274131754858e+00,1.818391222100220750e-01,1.003931846198710343e+00,1.008229924127056476e+00,1.808713478286077259e-01,1.004347732825654260e+00,1.008695480709246972e+00,2.000028120206467086e-01,-1.499285141638587161e-10,-1.361006219591827471e-08,-2.244841541979631569e-07,-3.524614694653096570e-04
9.226316324322044693e+01,1.087521581073734112e+01,1.004354381845449673e+00,1.008727737329255580e+00,2.000036293423879674e-01,1.003964123042502266e+00,1.008289526194139141e+00,1.821492038371942124e-01,1.003927740009025182e+00,1.008214707582571368e+00,1.811928588148080665e-01,1.004335478623443079e+00,1.008670976664018726e+00,2.000024859861110615e-01,-1.422077580275544759e-10,-1.290132926045680446e-08,-2.226147351266410905e-07,-3.456450518321307658e-04
9.252305947770840078e+01,1.090585022147181249e+01,1.004342086871927719e+00,1.008703039729968998e+00,2.000031499028374904e-01,1.003959613383620386e+00,1.008273754202942518e+00,1.824553197746278110e-01,1.003923569281494954e+00,1.008199514728179036e+00,1.815103169983371956e-01,1.004323308641435819e+00,1.008646630798784916e+00,2.000028712860290880e-01,-1.347991950282695919e-10,-1.222162362996044140e-08,-2.207229203602300743e-07,-3.389277564705122509e-04
9.278295571219634041e+01,1.093648463220628386e+01,1.004329877212211342e+00,1.008678513913868091e+00,2.000034125913828231e-01,1.003955032993627983e+00,1.008257955147191076e+00,1.827570155178421529e-01,1.003919317875632711e+00,1.008184261602665721e+00,1.818229484384208394e-01,1.004311197717329351e+00,1.008622409178430379e+00,2.000028334367476568e-01,-1.278590963593196132e-10,-1.158543987380771843e-08,-2.188061034166262150e-07,-3.323253503703461941e-04
9.304285194668428005e+01,1.096711904294075524e+01,1.004317736960152363e+00,1.008654127847213644e+00,2.000037169233647438e-01,1.003950364973940079e+00,1.008242124218245772e+00,1.830534836327349091e-01,1.003914990751032077e+00,1.008168962583377626e+00,1.821309524104559041e-01,1.004299154177250797e+00,1.008598322518549528e+00,2.000027828049585343e-01,-1.212763691093005034e-10,-1.098241966734103184e-08,-2.168602980379965150e-07,-3.258669358793666389e-04
9.330274818117223390e+01,1.099775345367522661e+01,1.004305649642142084e+00,1.008629848359240633e+00,2.000033279013647136e-01,1.003945639951443702e+00,1.008226273482423441e+00,1.833461076741824680e-01,1.003910604127963069e+00,1.008153682655830830e+00,1.824350560937993970e-01,1.004287184087565121e+00,1.008574378535518346e+00,2.000030286642077160e-01,-1.149591616245846386e-10,-1.040402836524431830e-08,-2.148967174010705515e-07,-3.195031118777863391e-04
9.356264441566017354e+01,1.102838786440969798e+01,1.004293639680488237e+00,1.008605724618600430e+00,2.000033988078886993e-01,1.003940858535725011e+00,1.008210403528567278e+00,1.836348937965539552e-01,1.003906132143604912e+00,1.008138317366994663e+00,1.827340263963478095e-01,1.004275267842242414e+00,1.008550550709832017e+00,2.000026824527124936e-01,-1.090153902015092267e-10,-9.860252686429082733e-09,-2.129159861481106999e-07,-3.132332429972478670e-04
9.382254065014811317e+01,1.105902227514416936e+01,1.004281703239126911e+00,1.008581748895861496e+00,2.000037812643525592e-01,1.003935994472405335e+00,1.008194506841677773e+00,1.839185981074824283e-01,1.003901608144584401e+00,1.008122979868338875e+00,1.830293943731090833e-01,1.004263433401463068e+00,1.008526875954785851e+00,2.000030768089831323e-01,-1.034043461022036717e-10,-9.347285000935613184e-09,-2.109117475834022390e-07,-3.071024997737728914e-04
9.408243688463606702e+01,1.108965668587864073e+01,1.004269818375222778e+00,1.008557877011515336e+00,2.000034803623188251e-01,1.003931068762254908e+00,1.008178591537577828e+00,1.841981686900047710e-01,1.003897010837250470e+00,1.008107597385848653e+00,1.833201380671816705e-01,1.004251654580263775e+00,1.008503318992654219e+00,2.000030118514753152e-01,-9.801904966780238753e-11,-8.855208156790176651e-09,-2.088914392616449224e-07,-3.010768502516219321e-04
9.434233311912400666e+01,1.112029109661311210e+01,1.004258003261718324e+00,1.008534145549636607e+00,2.000033660845328132e-01,1.003926090844272867e+00,1.008162661034889274e+00,1.844740233690129183e-01,1.003892339284928603e+00,1.008092162322463459e+00,1.836061847156884308e-01,1.004239941417498727e+00,1.008479892843854309e+00,2.000029828076205218e-01,-9.292965126149516728e-11,-8.390499166334618933e-09,-2.068581339819633018e-07,-2.951407698369033685e-04
9.460222935361194629e+01,1.115092550734758348e+01,1.004246265554920692e+00,1.008510569918027233e+00,2.000038246101782102e-01,1.003921052675856629e+00,1.008146713687697149e+00,1.847457644006350597e-01,1.003887625994022814e+00,1.008076771637739677e+00,1.838890429638046220e-01,1.004228297707111528e+00,1.008456602214966358e+00,2.000031947317615910e-01,-8.814803328647853035e-11,-7.954226183416099682e-09,-2.048105791350760280e-07,-2.893087504224221211e-04
9.486212558809990014e+01,1.118155991808205485e+01,1.004234578114475029e+00,1.008487095477037743e+00,2.000036095461724950e-01,1.003915940442597243e+00,1.008130747370765024e+00,1.850127182448204344e-01,1.003882827889992724e+00,1.008061296139891372e+00,1.841666534687281531e-01,1.004216705669288556e+00,1.008433423041986243e+00,2.000028313840490901e-01,-8.355828314353966072e-11,-7.535668161993776143e-09,-2.027473307400054787e-07,-2.836063842490049508e-04
9.512202182258783978e+01,1.121219432881652622e+01,1.004222953153792730e+00,1.008463746811640194e+00,2.000033163897016464e-01,1.003910780028944183e+00,1.008114769684651302e+00,1.852760776439957846e-01,1.003877986594911453e+00,1.008045848742620043e+00,1.844409627544346675e-01,1.004205193120497164e+00,1.008410392066541705e+00,2.000032358880667882e-01,-7.920135392129123295e-11,-7.138597540481402925e-09,-2.006748660499365153e-07,-2.779893282534065774e-04
9.538191805707579363e+01,1.124282873955099760e+01,1.004211409271252409e+00,1.008440561355560483e+00,2.000038489439737166e-01,1.003905571995377999e+00,1.008098781159103119e+00,1.855358503931444636e-01,1.003873081838119852e+00,1.008030373966867899e+00,1.847109872559447585e-01,1.004193732963958086e+00,1.008387472814618935e+00,2.000031469607517487e-01,-7.512753827750355078e-11,-6.767628180845840035e-09,-1.985936936512588404e-07,-2.724569865600397927e-04
9.564181429156373326e+01,1.127346315028546897e+01,1.004199914387604142e+00,1.008417474531029256e+00,2.000037174593191358e-01,1.003900294196557796e+00,1.008082778272867186e+00,1.857909671837423560e-01,1.003868101589690420e+00,1.008014837266926422e+00,1.849761269510401818e-01,1.004182336803514763e+00,1.008364680413031955e+00,2.000031399332662940e-01,-7.121674035905766762e-11,-6.411676363641470584e-09,-1.965012772390272642e-07,-2.670502709091833373e-04
9.590171052605167290e+01,1.130409756101994034e+01,1.004188475033038763e+00,1.008394499481895190e+00,2.000032514567881003e-01,1.003894964779008969e+00,1.008066766154608107e+00,1.860422643059628234e-01,1.003863098863645220e+00,1.007999371435322811e+00,1.852388944774157054e-01,1.004171006337027938e+00,1.008342016792354467e+00,2.000033211679926592e-01,-6.748762231589948905e-11,-6.072456649957737383e-09,-1.944018931219505676e-07,-2.617378948570508773e-04
9.616160676053962675e+01,1.133473197175441172e+01,1.004177120223719299e+00,1.008371694609357938e+00,2.000038560205904259e-01,1.003889591580941820e+00,1.008050746803380360e+00,1.862900956451831180e-01,1.003858012051574766e+00,1.007983821517693723e+00,1.854963188904800997e-01,1.004159725485214372e+00,1.008319460175058246e+00,2.000029431704855865e-01,-6.401765982366339041e-11,-5.757079391185131968e-09,-1.922971637935442199e-07,-2.565061288331118086e-04
9.642150299502756639e+01,1.136536638248888309e+01,1.004165813187719580e+00,1.008348985894366612e+00,2.000038058860586221e-01,1.003884167801614380e+00,1.008034719839667970e+00,1.865341188399720351e-01,1.003852887532854732e+00,1.007968296653863227e+00,1.857506033943231993e-01,1.004148521902009428e+00,1.008297047104718791e+00,2.000033584997661373e-01,-6.068615774806071978e-11,-5.454429329995280382e-09,-1.901869622011999732e-07,-2.513682367828345195e-04
9.668139922951550602e+01,1.139600079322335446e+01,1.004154555035480900e+00,1.008326375571543476e+00,2.000031728144306686e-01,1.003878682356964758e+00,1.008018685433619055e+00,1.867737825439952648e-01,1.003847711514554542e+00,1.007952763930384910e+00,1.860010665293211907e-01,1.004137367680044468e+00,1.008274740044657003e+00,2.000032482168397074e-01,-5.749502631515611685e-11,-5.164680104522474368e-09,-1.880717824858229151e-07,-2.463466234391165641e-04
9.694129546400345987e+01,1.142663520395782584e+01,1.004143384701349007e+00,1.008303942001231412e+00,2.000038473957412577e-01,1.003873156813099410e+00,1.008002647216148295e+00,1.870101000553948956e-01,1.003842456370483971e+00,1.007937157669669181e+00,1.862463491593184806e-01,1.004126275852407879e+00,1.008252556045775350e+00,2.000032632871310556e-01,-5.454010098117921121e-11,-4.896617344427832195e-09,-1.859542887390468984e-07,-2.414016484295529463e-04
9.720119169849139951e+01,1.145726961469229721e+01,1.004132260955172384e+00,1.008281602196069215e+00,2.000038764165510685e-01,1.003867591681340654e+00,1.007986605659487944e+00,1.872430804344672739e-01,1.003837199183135187e+00,1.007921649616231097e+00,1.864901666926057633e-01,1.004115246183418853e+00,1.008230494478127737e+00,2.000034165804945863e-01,-5.170273905951601111e-11,-4.639337662141260564e-09,-1.838348864202921515e-07,-2.365327570886379207e-04
9.746108793297933914e+01,1.148790402542676858e+01,1.004121183735568579e+00,1.008259356032183085e+00,2.000032749762131468e-01,1.003861968601557741e+00,1.007970560845144359e+00,1.874718204511538755e-01,1.003831858794294485e+00,1.007906058361301094e+00,1.867285634487448609e-01,1.004104264459753093e+00,1.008208536069936656e+00,2.000030397061002552e-01,-4.898194620968640851e-11,-4.392748699595583285e-09,-1.817141173910782445e-07,-2.317768617301166779e-04
9.772098416746729299e+01,1.151853843616123996e+01,1.004110189428957245e+00,1.008237276737525390e+00,2.000038244512014063e-01,1.003856303018247242e+00,1.007954515125861983e+00,1.876970464089669777e-01,1.003826483197740815e+00,1.007890486172701827e+00,1.869638519917529995e-01,1.004093357311046875e+00,1.008186716016472806e+00,2.000034524922998103e-01,-4.645676175263040875e-11,-4.164082770631074795e-09,-1.795936132438106376e-07,-2.271053271035798876e-04
9.798088040195523263e+01,1.154917284689571133e+01,1.004099244560187953e+00,1.008215296937506666e+00,2.000039304710719279e-01,1.003850601341964799e+00,1.007938469273612192e+00,1.879190534220434028e-01,1.003821069836863256e+00,1.007874927178444180e+00,1.871958933466082164e-01,1.004082496957072523e+00,1.008164996967497951e+00,2.000033230461353839e-01,-4.404079401030057975e-11,-3.945414120444727945e-09,-1.774738632733550526e-07,-2.225060634815705324e-04
9.824077663644318648e+01,1.157980725763018270e+01,1.004088345074054978e+00,1.008193408470398955e+00,2.000034146414248482e-01,1.003844857935480839e+00,1.007922424073638190e+00,1.881375526569179779e-01,1.003815573769471614e+00,1.007859285477672229e+00,1.874224652132704394e-01,1.004071697453615242e+00,1.008143397354724691e+00,2.000033600358971930e-01,-4.172382823700829861e-11,-3.735806065365041725e-09,-1.753556565353532197e-07,-2.179911626152117223e-04
9.850067287093112611e+01,1.161044166836465408e+01,1.004077521550282848e+00,1.008171672874399016e+00,2.000037884168835989e-01,1.003839064110657597e+00,1.007906381632588833e+00,1.883521032474612111e-01,1.003810092721019398e+00,1.007843761152821926e+00,1.876483483605195512e-01,1.004060956781380076e+00,1.008121914186442591e+00,2.000034877328501215e-01,-3.956398940168266569e-11,-3.540566640413874681e-09,-1.732409160457810677e-07,-2.135801545834230188e-04
9.876056910541906575e+01,1.164107607909912545e+01,1.004066751286258885e+00,1.008150044458240524e+00,2.000039693210672043e-01,1.003833237532475664e+00,1.007890342087433444e+00,1.885635512299452532e-01,1.003804531613909257e+00,1.007828158996641132e+00,1.878688536846129797e-01,1.004050263074953042e+00,1.008100531338061323e+00,2.000031431545161165e-01,-3.750729155121892525e-11,-3.354749845614143403e-09,-1.711293028967480442e-07,-2.092377395054682029e-04
9.902046533990701960e+01,1.167171048983359682e+01,1.004056025297868748e+00,1.008128505141501430e+00,2.000035368077421327e-01,1.003827378663953995e+00,1.007874305855228636e+00,1.887719066006984803e-01,1.003798935155445715e+00,1.007812567375509838e+00,1.880861634441803876e-01,1.004039640156172863e+00,1.008079280277370815e+00,2.000035240350112042e-01,-3.553465040775727563e-11,-3.176610025715246389e-09,-1.690211323727749295e-07,-2.049634045679902563e-04
9.928036157439495923e+01,1.170234490056806820e+01,1.004045368611857114e+00,1.008107105284689498e+00,2.000037403898146937e-01,1.003821472605897158e+00,1.007858276239059769e+00,1.889764228071371399e-01,1.003793316119718337e+00,1.007797011187556047e+00,1.883008979658047644e-01,1.004029062225522129e+00,1.008058126310936498e+00,2.000033772777904950e-01,-3.368764616521542711e-11,-3.009936923958315223e-09,-1.669193677223666333e-07,-2.007903328875055996e-04
9.954025780888289887e+01,1.173297931130253957e+01,1.004034768814268341e+00,1.008085819903420166e+00,2.000039941076005023e-01,1.003815532267462451e+00,1.007842253035131419e+00,1.891777190991564550e-01,1.003787615460984828e+00,1.007781373376596123e+00,1.885101097336733533e-01,1.004018543657004603e+00,1.008037088310848928e+00,2.000034358172396443e-01,-3.193717747519584308e-11,-2.852066097724592040e-09,-1.648234722277664559e-07,-1.966924250029670031e-04
9.980015404337085272e+01,1.176361372203701094e+01,1.004024212220788970e+00,1.008064621459970445e+00,2.000036426659588529e-01,1.003809562796669219e+00,1.007826235967820505e+00,1.893760370673467364e-01,1.003781934619279337e+00,1.007765848713505052e+00,1.887188287930125496e-01,1.004008080786092272e+00,1.008016161107078590e+00,2.000035399351461907e-01,-3.025805414825752170e-11,-2.700698183637823029e-09,-1.627330729824267453e-07,-1.926590788913711916e-04
1.000600502778587924e+02,1.179424813277148232e+01,1.004013718547584144e+00,1.008043549626279400e+00,2.000036813507971301e-01,1.003803559637916676e+00,1.007810226884615190e+00,1.895711391689337555e-01,1.003776183408238376e+00,1.007750263523393253e+00,1.889225508433689804e-01,1.003997663928026585e+00,1.007995331498128477e+00,2.000032268161641702e-01,-2.867886339427932671e-11,-2.558433680298411278e-09,-1.606496863161361995e-07,-1.887012761266280134e-04
1.003199465123467462e+02,1.182488254350595369e+01,1.004003285207305085e+00,1.008022599192655244e+00,2.000040058572094825e-01,1.003797516187041605e+00,1.007794229500653005e+00,1.897626835195323491e-01,1.003770394388271425e+00,1.007734678167792719e+00,1.891228816809168156e-01,1.003987314286486798e+00,1.007974627476133422e+00,2.000035779741403952e-01,-2.718935020890818425e-11,-2.424330735283858720e-09,-1.585762422679681185e-07,-1.848359707776168776e-04
1.005798427468346858e+02,1.185551695424042506e+01,1.003992894033701511e+00,1.008001733604298789e+00,2.000037332938466306e-01,1.003791446611559390e+00,1.007778240908986822e+00,1.899513615407561751e-01,1.003764599131354185e+00,1.007719151347777675e+00,1.893213943182395775e-01,1.003977007917706610e+00,1.007954016836808186e+00,2.000034154829215538e-01,-2.576037525082009326e-11,-2.295734735140010236e-09,-1.565100988732977727e-07,-1.810318426596060556e-04
1.008397389813226255e+02,1.188615136497489644e+01,1.003982559663993523e+00,1.007980982311891260e+00,2.000036121788104637e-01,1.003785351327755038e+00,1.007762261474401067e+00,1.901371838802543845e-01,1.003758723444886591e+00,1.007703544098212500e+00,1.895143455426709922e-01,1.003966759475666048e+00,1.007933518840616438e+00,2.000034950639306419e-01,-2.441041001875005230e-11,-2.174322712509890837e-09,-1.544514937754919087e-07,-1.772884205768171344e-04
1.010996352158105793e+02,1.191678577570936781e+01,1.003972288896145981e+00,1.007960358990289906e+00,2.000040054958729663e-01,1.003779218578356724e+00,1.007746297355025300e+00,1.903195506546825899e-01,1.003752869537386516e+00,1.007688043030087632e+00,1.897068706211525735e-01,1.003956563778414468e+00,1.007913126308636942e+00,2.000035773528994754e-01,-2.314322079231309949e-11,-2.060430174376502420e-09,-1.524052394392353808e-07,-1.736354328481592524e-04
1.013595314502985190e+02,1.194742018644383919e+01,1.003962059290303355e+00,1.007939818487740835e+00,2.000038096695256062e-01,1.003773058913089544e+00,1.007730346013027134e+00,1.904989779160025654e-01,1.003746956638879029e+00,1.007672500196399978e+00,1.898948846406762758e-01,1.003946413166962426e+00,1.007892828754958225e+00,2.000032947562978280e-01,-2.192738437038111910e-11,-1.951199926348574494e-09,-1.503690621781676642e-07,-1.700491848986165162e-04
1.016194276847864586e+02,1.197805459717831056e+01,1.003951880626137605e+00,1.007919380480239990e+00,2.000035336635078154e-01,1.003766876372751193e+00,1.007714406290541431e+00,1.906756589446223504e-01,1.003741001471738281e+00,1.007656944677741251e+00,1.900792142629912085e-01,1.003936326402753432e+00,1.007872650929667824e+00,2.000036181141571223e-01,-2.077357752061977756e-11,-1.847599393312671081e-09,-1.483419546977703475e-07,-1.665204157848385231e-04
1.018793239192744124e+02,1.200868900791278193e+01,1.003941768665369327e+00,1.007899076677013728e+00,2.000039938610534695e-01,1.003760667399854922e+00,1.007698480995686374e+00,1.908494049557396266e-01,1.003735057286480936e+00,1.007641471368803110e+00,1.902625555732166962e-01,1.003926281281592114e+00,1.007852562961770282e+00,2.000034412427504349e-01,-1.969575495889469331e-11,-1.750888870733294239e-09,-1.463259931010660495e-07,-1.630590631228032747e-04
1.021392201537623521e+02,1.203932341864725331e+01,1.003931696893431980e+00,1.007878853730371560e+00,2.000038726831551705e-01,1.003754427186599463e+00,1.007682575155582017e+00,1.910199619433715357e-01,1.003729033958550287e+00,1.007625918917191443e+00,1.904403102266132575e-01,1.003916292702430102e+00,1.007832584452491131e+00,2.000035412600442986e-01,-1.866148023373199067e-11,-1.658124503429258843e-09,-1.443247712258065761e-07,-1.596797862581346634e-04
1.023991163882502917e+02,1.206995782938172468e+01,1.003921670444103187e+00,1.007858721968477811e+00,2.000034465161194819e-01,1.003748166788109408e+00,1.007666683240074468e+00,1.911878795287556831e-01,1.003723031874440563e+00,1.007610463326612527e+00,1.906175871139980105e-01,1.003906354084010744e+00,1.007812706370592615e+00,2.000036032511642581e-01,-1.767550049256960564e-11,-1.569735454443993510e-09,-1.423339393880250516e-07,-1.563548918287179044e-04
1.026590126227382456e+02,1.210059224011619605e+01,1.003911713640074588e+00,1.007838730322736076e+00,2.000039717122611416e-01,1.003741886576043907e+00,1.007650805564973995e+00,1.913531687679752569e-01,1.003716983567943810e+00,1.007594985865557513e+00,1.907909315100251024e-01,1.003896459649590955e+00,1.007792920753475041e+00,2.000033501756725007e-01,-1.675893560580272204e-11,-1.487629502210836236e-09,-1.403536693928138365e-07,-1.530839493256001566e-04
1.029189088572261852e+02,1.213122665085066743e+01,1.003901796081988040e+00,1.007818817632389008e+00,2.000039231470893408e-01,1.003735577625835873e+00,1.007634950795213147e+00,1.915153660847006278e-01,1.003710886824016324e+00,1.007579481705939584e+00,1.909602114102141590e-01,1.003886625881691863e+00,1.007773249326035625e+00,2.000036474399904396e-01,-1.587928925439139792e-11,-1.408862699745108911e-09,-1.383901319881540981e-07,-1.498935053518064180e-04
1.031788050917141391e+02,1.216186106158513880e+01,1.003891918460110944e+00,1.007798985285861315e+00,2.000033513789974404e-01,1.003729248308366184e+00,1.007619114280321249e+00,1.916748889185049820e-01,1.003704818908893293e+00,1.007564083739344696e+00,1.911293940504003308e-01,1.003876832207594383e+00,1.007753664405571792e+00,2.000034573603308163e-01,-1.503687031987454912e-11,-1.333462567775170085e-09,-1.364397004530436119e-07,-1.467621287312068892e-04
1.034387013262020787e+02,1.219249547231961017e+01,1.003882113273176557e+00,1.007779298660668399e+00,2.000039397401442431e-01,1.003722901701549652e+00,1.007603294130837490e+00,1.918318873269581615e-01,1.003698673216231407e+00,1.007548607995210732e+00,1.912929770584933797e-01,1.003867093739171157e+00,1.007734185890466261e+00,2.000035771432744358e-01,-1.425759660417299029e-11,-1.263768000204681142e-09,-1.345009214673074938e-07,-1.436817602977284161e-04
1.036985975606900183e+02,1.222312988305408155e+01,1.003872346418424266e+00,1.007759689148601367e+00,2.000039618047126100e-01,1.003716535162473944e+00,1.007587494016251473e+00,1.919862185348736039e-01,1.003692546055834134e+00,1.007533217796479086e+00,1.914559237091310595e-01,1.003857402605086602e+00,1.007714803041954932e+00,2.000036201872140429e-01,-1.350961204212136740e-11,-1.196898214729606737e-09,-1.325762846430625762e-07,-1.406613623476036504e-04
1.039584937951779722e+02,1.225376429378855292e+01,1.003862617848507721e+00,1.007740156654209018e+00,2.000034300001351795e-01,1.003710145417304300e+00,1.007571720010418836e+00,1.921377058431906482e-01,1.003686386556513765e+00,1.007517826461272525e+00,1.916155969809852089e-01,1.003847754777763557e+00,1.007695510242472059e+00,2.000033955947501108e-01,-1.279265011590137767e-11,-1.132828894172784279e-09,-1.306697737058833391e-07,-1.377135613956512671e-04
1.042183900296659118e+02,1.228439870452302429e+01,1.003852957333251306e+00,1.007720761062548487e+00,2.000038985745286046e-01,1.003703740771663133e+00,1.007555964349086786e+00,1.922867698058008112e-01,1.003680171014873501e+00,1.007502393218517200e+00,1.917707491019772503e-01,1.003838164612511408e+00,1.007676326393172506e+00,2.000036682923846121e-01,-1.212755919413839867e-11,-1.073438405909416836e-09,-1.287758297620212560e-07,-1.348139509431473448e-04
1.044782862641538514e+02,1.231503311525749567e+01,1.003843337776777700e+00,1.007701447864037370e+00,2.000039893382802858e-01,1.003697321555082622e+00,1.007540227302640368e+00,1.924334216833656908e-01,1.003674002550924760e+00,1.007487090227398241e+00,1.919267451253686418e-01,1.003828613067444087e+00,1.007657225864654782e+00,2.000034660275538667e-01,-1.149165563916291600e-11,-1.016678425556043798e-09,-1.268945696455881545e-07,-1.319621397016016676e-04
1.047381824986418053e+02,1.234566752599196704e+01,1.003833755621454271e+00,1.007682209901748394e+00,2.000035332974451352e-01,1.003690881379732946e+00,1.007524519715467415e+00,1.925773237074220601e-01,1.003667757738976984e+00,1.007471710888280247e+00,1.920771397128867297e-01,1.003819115438004284e+00,1.007638228812518744e+00,2.000036048645365272e-01,-1.088205243888023633e-11,-9.622883775593448870e-10,-1.250331075458445977e-07,-1.291817599306756465e-04
1.049980787331297449e+02,1.237630193672643841e+01,1.003824235892904815e+00,1.007663097514955419e+00,2.000038487913733398e-01,1.003684426619100512e+00,1.007508835041280415e+00,1.927187998432331462e-01,1.003661526872049015e+00,1.007456404115934845e+00,1.922266433974326727e-01,1.003809662663843971e+00,1.007619322924444116e+00,2.000036301624749380e-01,-1.031403687411306786e-11,-9.116432478594264252e-10,-1.231867999530117131e-07,-1.264534960245586976e-04
1.052579749676176846e+02,1.240693634746090979e+01,1.003814760331213973e+00,1.007644073970626941e+00,2.000040063755861020e-01,1.003677959520911100e+00,1.007493170794856896e+00,1.928579618151436970e-01,1.003655278412675766e+00,1.007441117513864892e+00,1.923736018305478856e-01,1.003800252343074462e+00,1.007600504762490301e+00,2.000034329989800741e-01,-9.773525512785415774e-12,-8.634727642090943899e-10,-1.213539006000546806e-07,-1.237703598569072012e-04
1.055178712021056384e+02,1.243757075819538116e+01,1.003805321313856913e+00,1.007625123935389277e+00,2.000036240855085912e-01,1.003671478274590578e+00,1.007477531411320681e+00,1.929947099650394515e-01,1.003648965122196479e+00,1.007425772872334147e+00,1.925155158924553578e-01,1.003790896844820812e+00,1.007581790591331794e+00,2.000036825061319856e-01,-9.255305164739115824e-12,-8.173073806780880855e-10,-1.195371868628863402e-07,-1.211404079490956695e-04
1.057777674365935781e+02,1.246820516892985253e+01,1.003795939317640551e+00,1.007606288596656352e+00,2.000037909187779572e-01,1.003664980903181458e+00,1.007461923776342694e+00,1.931289349596617411e-01,1.003642717358067982e+00,1.007410582410266819e+00,1.926592547694813140e-01,1.003781578564259869e+00,1.007563156709102792e+00,2.000034689567410096e-01,-8.770275020009849204e-12,-7.741257577588314990e-10,-1.177408184277104615e-07,-1.185744753602533373e-04
1.060376636710815319e+02,1.249883957966432391e+01,1.003786604545063854e+00,1.007587548244896825e+00,2.000040134959009952e-01,1.003658473301136000e+00,1.007446338247943274e+00,1.932609407359106857e-01,1.003636394727291048e+00,1.007395317081550834e+00,1.927974005338942143e-01,1.003772312953520762e+00,1.007544623492028002e+00,2.000036261137519145e-01,-8.310935024502472755e-12,-7.332517624198612631e-10,-1.159584379426373001e-07,-1.160511190724920235e-04
1.062975599055694715e+02,1.252947399039879528e+01,1.003777305485868077e+00,1.007568879727374744e+00,2.000037029983177950e-01,1.003651955758614545e+00,1.007430775054757754e+00,1.933907385904519161e-01,1.003630079858361723e+00,1.007380109983311733e+00,1.929343156031016471e-01,1.003763089856811064e+00,1.007526177178260429e+00,2.000036347422061433e-01,-7.870482564736482784e-12,-6.940737866046260290e-10,-1.141901170851779968e-07,-1.135699851559447465e-04
1.065574561400574112e+02,1.256010840113326665e+01,1.003768058255204654e+00,1.007550315456940293e+00,2.000037254423523425e-01,1.003645424144343545e+00,1.007415246915868146e+00,1.935181061100145761e-01,1.003623762778195871e+00,1.007364944696583331e+00,1.930694716497886598e-01,1.003753908383293147e+00,1.007507816355921237e+00,2.000034639532785874e-01,-7.456379606013801722e-12,-6.572607517212907805e-10,-1.124435684437009963e-07,-1.111520497801524079e-04
1.068173523745453650e+02,1.259074281186773803e+01,1.003758861160328086e+00,1.007531852026634533e+00,2.000040112351350041e-01,1.003638883013567851e+00,1.007399745598652308e+00,1.936432793152188525e-01,1.003617371587878671e+00,1.007349705299703579e+00,1.931990277860480554e-01,1.003744779047090363e+00,1.007489554827393663e+00,2.000036915189352393e-01,-7.066095074831128267e-12,-6.225837674113497264e-10,-1.107134215717375237e-07,-1.087799623293416172e-04
1.070772486090333047e+02,1.262137722260220940e+01,1.003749698972782323e+00,1.007513458806037487e+00,2.000037706255599068e-01,1.003632333904625584e+00,1.007384268143401540e+00,1.937663362356211449e-01,1.003611063468272890e+00,1.007334642224495980e+00,1.933313703676327877e-01,1.003735685593015070e+00,1.007471370701096047e+00,2.000034674842330606e-01,-6.691809940399886718e-12,-5.893410197662124424e-10,-1.089977593668584864e-07,-1.064476843136623823e-04
1.073371448435212443e+02,1.265201163333668077e+01,1.003740583625382987e+00,1.007495159794884909e+00,2.000036528098013411e-01,1.003625775759416916e+00,1.007368819659553605e+00,1.938872173565766854e-01,1.003604682466328057e+00,1.007319506542033061e+00,1.934581620015721204e-01,1.003726643605258095e+00,1.007453284540349214e+00,2.000036422188888885e-01,-6.338317546922651232e-12,-5.579614815807830762e-10,-1.072995405738224042e-07,-1.041624356755327429e-04
1.075970410780091981e+02,1.268264604407115215e+01,1.003731521187627651e+00,1.007476967198470241e+00,2.000040000903700321e-01,1.003619207685550574e+00,1.007353407638566845e+00,1.940058714649698368e-01,1.003598301705421525e+00,1.007304413674638077e+00,1.935833082046580778e-01,1.003717641919254611e+00,1.007435281248669323e+00,2.000036351496871090e-01,-6.006769462274285871e-12,-5.285467766446509576e-10,-1.056229379297583426e-07,-1.019334804882629888e-04
1.078569373124971378e+02,1.271328045480562352e+01,1.003722492875136485e+00,1.007458843235693680e+00,2.000038275169770674e-01,1.003612633478734528e+00,1.007338020884164242e+00,1.941224978895979558e-01,1.003591934544047826e+00,1.007289384383136310e+00,1.937075294739775411e-01,1.003708681048724349e+00,1.007417361297584746e+00,2.000034896921578931e-01,-5.688770743372263640e-12,-5.003446403870369209e-10,-1.039611282934806652e-07,-9.974203493659504775e-05
1.081168335469850916e+02,1.274391486554009489e+01,1.003713506610230954e+00,1.007440803839513288e+00,2.000035734349622230e-01,1.003606053392664732e+00,1.007322659586935787e+00,1.942371078264783224e-01,1.003585494810570911e+00,1.007274282519531328e+00,1.938261728090378277e-01,1.003699769774891726e+00,1.007399536189319988e+00,2.000036964570617859e-01,-5.387064424907729375e-12,-4.736001336146928968e-10,-1.023141468986175572e-07,-9.758778031200015407e-05
1.083767297814730313e+02,1.277454927627456627e+01,1.003704575896579465e+00,1.007422876166333303e+00,2.000039805238045254e-01,1.003599465289944703e+00,1.007307338059411528e+00,1.943495839614800547e-01,1.003579132436574817e+00,1.007259342527085710e+00,1.939473344653836473e-01,1.003690893110636084e+00,1.007381785733189927e+00,2.000034626518542580e-01,-5.105465594603087901e-12,-4.486531867931414715e-10,-1.006900225670022509e-07,-9.548928327915171617e-05
1.086366260159609709e+02,1.280518368700903764e+01,1.003695678549228809e+00,1.007405015597393039e+00,2.000038741862965042e-01,1.003592872081908505e+00,1.007292046582646261e+00,1.944600801497224918e-01,1.003572710754525144e+00,1.007244350280862122e+00,1.940636210512782789e-01,1.003682066749651991e+00,1.007364130648887413e+00,2.000036542238785853e-01,-4.835338037789043433e-12,-4.247311548121110075e-10,-9.908290381391329074e-08,-9.343100785448138186e-05
1.088965222504489248e+02,1.283581809774350901e+01,1.003686818644715872e+00,1.007387230330799577e+00,2.000034877013683876e-01,1.003586274706493642e+00,1.007276781829701262e+00,1.945686450754440244e-01,1.003566280691790880e+00,1.007229384607447820e+00,1.941777823524703794e-01,1.003673278598930629e+00,1.007346554611769474e+00,2.000036323402694938e-01,-4.577870013801898847e-12,-4.019399860421716728e-10,-9.749079809873928354e-08,-9.140775349884807451e-05
1.091564184849368644e+02,1.286645250847798039e+01,1.003678016806576423e+00,1.007369561840740335e+00,2.000039529662504534e-01,1.003579672781411025e+00,1.007261549498081665e+00,1.946752563669875424e-01,1.003559880286137851e+00,1.007214504211817463e+00,1.942918911349653666e-01,1.003664530477760719e+00,1.007329059844174424e+00,2.000035111906268981e-01,-4.338738906304291123e-12,-3.807855823063270885e-10,-9.591675701762940576e-08,-8.942597140418768456e-05
1.094163147194248040e+02,1.289708691921245176e+01,1.003669247598036662e+00,1.007351958970487793e+00,2.000039111146804105e-01,1.003573066310318840e+00,1.007246357506103029e+00,1.947799124186190833e-01,1.003553408871839858e+00,1.007199552807542142e+00,1.944004517240155716e-01,1.003655829548190326e+00,1.007311655699173913e+00,2.000036982026769661e-01,-4.109317208206640714e-12,-3.604972731835570827e-10,-9.436484611845260334e-08,-8.749355441011674392e-05
1.096762109539127579e+02,1.292772132994692313e+01,1.003660511407751255e+00,1.007334422501476867e+00,2.000033959653459703e-01,1.003566457276189317e+00,1.007231193394217073e+00,1.948827193981285955e-01,1.003547007676824476e+00,1.007184747660498703e+00,1.945111811092804233e-01,1.003647162015014693e+00,1.007294323584858153e+00,2.000034552709199220e-01,-3.889633669569734527e-12,-3.410775342910333765e-10,-9.282804081449354328e-08,-8.559409430788349085e-05
1.099361071884006975e+02,1.295835574068139451e+01,1.003651835677954463e+00,1.007317007618876659e+00,2.000039178201861723e-01,1.003559845899220759e+00,1.007216057318620850e+00,1.949836882922791337e-01,1.003540561347691540e+00,1.007169910917884215e+00,1.946177659134639693e-01,1.003638543660766658e+00,1.007277084349137874e+00,2.000036629498601615e-01,-3.686602737612674710e-12,-3.231419554081103955e-10,-9.130634750973635297e-08,-8.372730529849088102e-05
1.101960034228886371e+02,1.298899015141586588e+01,1.003643191862512385e+00,1.007299656914981245e+00,2.000039387536884650e-01,1.003553231791762146e+00,1.007200964927853715e+00,1.950827969475308621e-01,1.003534097130635017e+00,1.007155083905736381e+00,1.947216897521331924e-01,1.003629961538478277e+00,1.007259920537942888e+00,2.000036270595498822e-01,-3.491787812194587346e-12,-3.059380870631617729e-10,-8.980788481594402764e-08,-8.190957765297921997e-05
1.104558996573765910e+02,1.301962456215033725e+01,1.003634579924343351e+00,1.007282370315080611e+00,2.000034691163452838e-01,1.003546616388773849e+00,1.007185905205634002e+00,1.951801229579622488e-01,1.003527678713649118e+00,1.007140363649422721e+00,1.948264630091448013e-01,1.003621418680945343e+00,1.007242836001100539e+00,2.000035292199233983e-01,-3.305118534929274037e-12,-2.894596065462918353e-10,-8.832652537494171973e-08,-8.012704229160416550e-05
1.107157958918645306e+02,1.305025897288480863e+01,1.003626024503526892e+00,1.007265197367428922e+00,2.000038754624618165e-01,1.003540000125296316e+00,1.007170874551764905e+00,1.952756896987418445e-01,1.003521190868184476e+00,1.007125573964630538e+00,1.949257247291109052e-01,1.003612920737020575e+00,1.007225838083256830e+00,2.000036974467321038e-01,-3.132021783793474800e-12,-2.741889825889719888e-10,-8.686027393229946189e-08,-7.837523473268461849e-05
1.109756921263524987e+02,1.308089338361928178e+01,1.003617503413242851e+00,1.007248093454614635e+00,2.000039575280122550e-01,1.003533383222012798e+00,1.007155879171091950e+00,1.953695089602016377e-01,1.003514764913344015e+00,1.007110914015074243e+00,1.950267344598814734e-01,1.003604455032274467e+00,1.007208909695880061e+00,2.000034459724811253e-01,-2.966622407125185473e-12,-2.596028699871297188e-10,-8.541220263981045505e-08,-7.665990307530897688e-05
1.112355883608404383e+02,1.311152779435375315e+01,1.003609013507187120e+00,1.007231052249520697e+00,2.000035549059492324e-01,1.003526766412588866e+00,1.007140927254938534e+00,1.954616209779704017e-01,1.003508308411598549e+00,1.007096243242397993e+00,1.951243751577259322e-01,1.003596037419148379e+00,1.007192071789298593e+00,2.000036690432857034e-01,-2.808118113520360885e-12,-2.456298344324991417e-10,-8.398618470973593509e-08,-7.498774858340813019e-05
1.114954845953283780e+02,1.314216220508822452e+01,1.003600575500468217e+00,1.007214115406137145e+00,2.000038262466025674e-01,1.003520150127009902e+00,1.007126005340210906e+00,1.955520495575525097e-01,1.003501823823778949e+00,1.007081564960073061e+00,1.952187720998480869e-01,1.003587654165815524e+00,1.007175305871608417e+00,2.000036198890265127e-01,-2.660477503644844303e-12,-2.326221794769821372e-10,-8.257519958795941410e-08,-7.334447653936582363e-05
1.117553808298163318e+02,1.317279661582269590e+01,1.003592174542451643e+00,1.007197253060660103e+00,2.000039678377704966e-01,1.003513534554931530e+00,1.007111113552251247e+00,1.956408053924466872e-01,1.003495401123441599e+00,1.007067014549185791e+00,1.953149418515935931e-01,1.003579309432909739e+00,1.007158617305369486e+00,2.000035443912928090e-01,-2.520076449271427427e-12,-2.202573846520213044e-10,-8.117923140542883219e-08,-7.172983165061326116e-05
1.120152770643042714e+02,1.320343102655716727e+01,1.003583804095496079e+00,1.007180452066761545e+00,2.000036305204162812e-01,1.003506920833336258e+00,1.007096268641761938e+00,1.957279519619668784e-01,1.003488910583756333e+00,1.007052396298950381e+00,1.954056428460217432e-01,1.003571007454914454e+00,1.007142011558028738e+00,2.000036947304710544e-01,-2.385510571539141677e-12,-2.084106292389189210e-10,-7.980631076054306776e-08,-7.015824625478665104e-05
1.122751732987922111e+02,1.323406543729163864e+01,1.003575481102535916e+00,1.007163746492028888e+00,2.000037705050145553e-01,1.003500309080087360e+00,1.007081458472018687e+00,1.958134965231914382e-01,1.003482472636314071e+00,1.007037890583448281e+00,1.954976093752278377e-01,1.003562736611672390e+00,1.007125472955257228e+00,2.000034352467328636e-01,-2.259600408624995701e-12,-1.973319306608950996e-10,-7.845020254975941146e-08,-6.861737497206604904e-05
1.125350695332801649e+02,1.326469984802611002e+01,1.003567197756332074e+00,1.007147120636385562e+00,2.000039700606393023e-01,1.003493699313868559e+00,1.007066679251133579e+00,1.958974408525905042e-01,1.003476018977101258e+00,1.007023394764876345e+00,1.955870186435464120e-01,1.003554512808196630e+00,1.007109022526162079e+00,2.000036730136752205e-01,-2.140440092843130117e-12,-1.868517482517698232e-10,-7.710896258910414913e-08,-6.710339711368074967e-05
1.127949657677681046e+02,1.329533425876058139e+01,1.003558944267195496e+00,1.007130554814885226e+00,2.000036963851877514e-01,1.003487092289756522e+00,1.007051937616354476e+00,1.959798279789712050e-01,1.003469526517306587e+00,1.007008873977841557e+00,1.956725623749821230e-01,1.003546321591935131e+00,1.007092640826015018e+00,2.000036112819051637e-01,-2.026216710389200618e-12,-1.768092024506048028e-10,-7.578562577114621073e-08,-6.562142056058874206e-05
1.130548620022560584e+02,1.332596866949505277e+01,1.003550733952605745e+00,1.007114075804304232e+00,2.000037085506867485e-01,1.003480489326323388e+00,1.007037241901096669e+00,1.960607329555443257e-01,1.003463111854887568e+00,1.006994501697909605e+00,1.957608164263466011e-01,1.003538168171597356e+00,1.007076334623262515e+00,2.000035571903541476e-01,-1.918853507561575491e-12,-1.673745317937310291e-10,-7.448381619283744119e-08,-6.417711550574599192e-05
1.133147582367439981e+02,1.335660308022952414e+01,1.003542565767692185e+00,1.007097681502158615e+00,2.000039645536703936e-01,1.003473889534729047e+00,1.007022577868670776e+00,1.961401073183367816e-01,1.003456630944362216e+00,1.006980063169871320e+00,1.958436498870205489e-01,1.003530055459503689e+00,1.007060107630590950e+00,2.000036904779813884e-01,-1.817737516855388719e-12,-1.584930379699168331e-10,-7.319667284377951182e-08,-6.275806026181788601e-05
1.135746544712319377e+02,1.338723749096399551e+01,1.003534426804350677e+00,1.007081345954061069e+00,2.000037529037589634e-01,1.003467293076975020e+00,1.007007945616941624e+00,1.962179614048090714e-01,1.003450192555630283e+00,1.006965719502514789e+00,1.959272136824647126e-01,1.003521973473865403e+00,1.007043946366498632e+00,2.000034601755535379e-01,-1.720797414923936280e-12,-1.499811745962776176e-10,-7.192416314751982558e-08,-6.136402761548410869e-05
1.138345507057198915e+02,1.341787190169846689e+01,1.003526326895516574e+00,1.007065088929841368e+00,2.000036406789827415e-01,1.003460702408601968e+00,1.006993362787901081e+00,1.962944352797383052e-01,1.003443753392712301e+00,1.006951406255387038e+00,1.960090601003489919e-01,1.003513944273186853e+00,1.007027880069649051e+00,2.000041337715771639e-01,-1.629261522269457349e-12,-1.419475090756093372e-10,-7.067409373670296977e-08,-6.000769512631497861e-05
1.140944469402078312e+02,1.344850631243293826e+01,1.003518271488899494e+00,1.007048921381161533e+00,2.000039516549698138e-01,1.003454116480356983e+00,1.006978816288543133e+00,1.963694717181933558e-01,1.003437264353772340e+00,1.006937050519475241e+00,1.960863877154739310e-01,1.003505947122114383e+00,1.007011880932255021e+00,2.000045489496317941e-01,-1.543471788241533197e-12,-1.344219444447544107e-10,-6.944025678427023510e-08,-5.867810387642160717e-05
1.143543431746957708e+02,1.347914072316740963e+01,1.003510244686211861e+00,1.007032811342465584e+00,2.000038004593245322e-01,1.003447534970792976e+00,1.006964302205413997e+00,1.964430542790152334e-01,1.003430868740398108e+00,1.006922863348346686e+00,1.961673706634071701e-01,1.003497979348149771e+00,1.006995945221733191e+00,2.000045653981539773e-01,-1.461213436085055415e-12,-1.272085026808591806e-10,-6.822079738897918566e-08,-5.737199399116045480e-05
1.146142394091837247e+02,1.350977513390188101e+01,1.003502252971200992e+00,1.007016771849292169e+00,2.000035671690105488e-01,1.003440959105340369e+00,1.006949827539128872e+00,1.965152543943967378e-01,1.003424408466238704e+00,1.006908611516432961e+00,1.962429858921551640e-01,1.003490040877215606e+00,1.006980072671652238e+00,2.000041903245174113e-01,-1.383182294248736272e-12,-1.203685919312567756e-10,-6.701866810074826877e-08,-5.609389278036727998e-05
1.148741356436716643e+02,1.354040954463635238e+01,1.003494308025111970e+00,1.007000826385685333e+00,2.000039316851997540e-01,1.003434390661654296e+00,1.006935400655026847e+00,1.965861756343092459e-01,1.003418028130361739e+00,1.006894506903354802e+00,1.963215135405265988e-01,1.003482131633648855e+00,1.006964263015072802e+00,2.000034308064449207e-01,-1.310407996352872351e-12,-1.139928803778376801e-10,-6.583720962753198191e-08,-5.484858187589702812e-05
1.151340318781596039e+02,1.357104395537082375e+01,1.003486391082541340e+00,1.006984937222773713e+00,2.000038394163070887e-01,1.003427827641706127e+00,1.006921006744813107e+00,1.966557066194684900e-01,1.003411701188758220e+00,1.006880510186686672e+00,1.964014567126232680e-01,1.003474283617151963e+00,1.006948558759627632e+00,2.000041403654679306e-01,-1.240619249932594867e-12,-1.078806725904158465e-10,-6.466983421789186981e-08,-5.362529349945762303e-05
1.153939281126475578e+02,1.360167836610529513e+01,1.003478505408094135e+00,1.006969110923742194e+00,2.000034882849007489e-01,1.003421270182620617e+00,1.006906645882061024e+00,1.967238572864889179e-01,1.003405310770690173e+00,1.006866449993554014e+00,1.964760931371217489e-01,1.003466465461463120e+00,1.006932917927300108e+00,2.000045331325234210e-01,-1.174109224382129292e-12,-1.020577965719524853e-10,-6.351649724548785712e-08,-5.242382611873500049e-05
1.156538243471354974e+02,1.363231277683976650e+01,1.003470668667777232e+00,1.006953383003978741e+00,2.000039049487702392e-01,1.003414721871109139e+00,1.006892336411221445e+00,1.967908357668636254e-01,1.003398856876157375e+00,1.006852326323956826e+00,1.965453980680808566e-01,1.003458675706456082e+00,1.006917338409488494e+00,2.000045363140872112e-01,-1.112385727456537825e-12,-9.665703051093913448e-11,-6.238468092914284185e-08,-5.125529013835317203e-05
1.159137205816234513e+02,1.366294718757423787e+01,1.003462859347205693e+00,1.006937710209195647e+00,2.000038701216051151e-01,1.003408180630827928e+00,1.006878064434153064e+00,1.968565260675495809e-01,1.003392339505160047e+00,1.006838139177894886e+00,1.966093467595594058e-01,1.003450914281253104e+00,1.006901819951450117e+00,2.000041568741475484e-01,-1.053185708288278269e-12,-9.147867321833798696e-11,-6.126831060867879174e-08,-5.010998287681231201e-05
1.161736168161113909e+02,1.369358159830870925e+01,1.003455077616806967e+00,1.006922092881906261e+00,2.000034042770231502e-01,1.003401645866845548e+00,1.006863825975521154e+00,1.969208965855430149e-01,1.003385926306151088e+00,1.006824132288081541e+00,1.966776526291930394e-01,1.003443181113477634e+00,1.006886362297961357e+00,2.000034016528150493e-01,-9.965030431890364260e-13,-8.652216607380273324e-11,-6.016564628463778263e-08,-4.898513110926770194e-05
1.164335130505993305e+02,1.372421600904318062e+01,1.003447346888397540e+00,1.006906578087625626e+00,2.000038717351921014e-01,1.003395119215588993e+00,1.006849628336166536e+00,1.969840444338868124e-01,1.003379633602758947e+00,1.006810328860303638e+00,1.967513065965438013e-01,1.003435508217465966e+00,1.006871007983539679e+00,2.000041454368875204e-01,-9.441607976484967153e-13,-8.194791721467588856e-11,-5.907952411179696449e-08,-4.788473769274266399e-05
1.166934092850872844e+02,1.375485041977765199e+01,1.003439643012027149e+00,1.006891117275030334e+00,2.000038929059224091e-01,1.003388602805532992e+00,1.006835479821771573e+00,1.970460960912951420e-01,1.003373278990962625e+00,1.006796463524121554e+00,1.968197129625879338e-01,1.003427863114889407e+00,1.006855713553906684e+00,2.000045167195263762e-01,-8.939510071552926529e-13,-7.756134968165979217e-11,-5.801298462396161889e-08,-4.681282150747391609e-05
1.169533055195752240e+02,1.378548483051212337e+01,1.003431965958247796e+00,1.006875710384817157e+00,2.000034765009854054e-01,1.003382093715906809e+00,1.006821365228466769e+00,1.971068858660942058e-01,1.003366862470761456e+00,1.006782536279534845e+00,1.968828475926836241e-01,1.003420245479340167e+00,1.006840478419175122e+00,2.000045072486117126e-01,-8.458553377606517873e-13,-7.336083727405490606e-11,-5.695979260034851293e-08,-4.576007021713538538e-05
1.172132017540631637e+02,1.381611924124659474e+01,1.003424336332535249e+00,1.006860398839426018e+00,2.000038323199493095e-01,1.003375592061594546e+00,1.006807284608505437e+00,1.971664232643651760e-01,1.003360384042156106e+00,1.006768547126543734e+00,1.969406863521890594e-01,1.003412655242969409e+00,1.006825302335655703e+00,2.000041237556234308e-01,-8.012703530423887488e-13,-6.946910659794020546e-11,-5.591989520559234326e-08,-4.472630564175606360e-05
1.174730979885511175e+02,1.384675365198106611e+01,1.003416735780873870e+00,1.006845145740717706e+00,2.000039080847224593e-01,1.003369102391154843e+00,1.006793256840864181e+00,1.972249765247937880e-01,1.003353985436846729e+00,1.006754700495602339e+00,1.970015299374294759e-01,1.003405093133886927e+00,1.006810186122376161e+00,2.000034196886270599e-01,-7.586922330012667132e-13,-6.575377869845113602e-11,-5.490037949075099128e-08,-4.372124323483227664e-05
1.177329942230390571e+02,1.387738806271553749e+01,1.003409161500756097e+00,1.006829945454705832e+00,2.000035512300928908e-01,1.003362621730869320e+00,1.006779267360401242e+00,1.972823764013446890e-01,1.003347734871050889e+00,1.006741094298329919e+00,1.970694251168490507e-01,1.003397588764757042e+00,1.006795169118588351e+00,2.000041492067048676e-01,-7.179012660194828825e-13,-6.219552085585923694e-11,-5.389538459873655841e-08,-4.273631404684348110e-05
1.179928904575269968e+02,1.390802247345000886e+01,1.003401630814062306e+00,1.006814832801756765e+00,2.000037869656316469e-01,1.003356149270169251e+00,1.006765312180158745e+00,1.973385788696480903e-01,1.003341423948135525e+00,1.006727427743937975e+00,1.971321349422622271e-01,1.003390111033047427e+00,1.006780209710545382e+00,2.000044998806131125e-01,-6.799161426294551083e-13,-5.888373997123721927e-11,-5.290330104571934512e-08,-4.176916559537119573e-05
1.182527866920149506e+02,1.393865688418448023e+01,1.003394131523988486e+00,1.006799783262362080e+00,2.000039159593515192e-01,1.003349687001843016e+00,1.006751398843846790e+00,1.973937041320024677e-01,1.003335052668100857e+00,1.006713700832426950e+00,1.971896358837868790e-01,1.003382659875170502e+00,1.006765307665500542e+00,2.000044783350813093e-01,-6.438152446496995308e-13,-5.573737166718744893e-11,-5.192682395947586842e-08,-4.082332869472380174e-05
1.185126829265028903e+02,1.396929129491895161e+01,1.003386657969357110e+00,1.006784785456131592e+00,2.000036172073502150e-01,1.003343237312758429e+00,1.006737535522403970e+00,1.974478966221812348e-01,1.003328621030946666e+00,1.006699913563796178e+00,1.972419044115409081e-01,1.003375235226146689e+00,1.006750462750225950e+00,2.000040910793492444e-01,-6.092247948644359871e-13,-5.272357631340581860e-11,-5.096869017745228255e-08,-3.990216994750848413e-05
1.187725791609908441e+02,1.399992570565342298e+01,1.003379224309629114e+00,1.006769867845392241e+00,2.000037359226367883e-01,1.003336796524180397e+00,1.006723706768558380e+00,1.975009441920659303e-01,1.003322244539750052e+00,1.006686231356466843e+00,1.972957762948138738e-01,1.003367838805819368e+00,1.006735677112633232e+00,2.000034505828136577e-01,-5.768666303776188125e-13,-4.990562324239943541e-11,-5.002306833734998160e-08,-3.899765369101531183e-05
1.190324753954787838e+02,1.403056011638789435e+01,1.003371824272533352e+00,1.006755017820707199e+00,2.000039168177746574e-01,1.003330364731227053e+00,1.006709912615987301e+00,1.975528559000325757e-01,1.003316043039263583e+00,1.006672825406778271e+00,1.973584057407451187e-01,1.003360497228836135e+00,1.006720986101173665e+00,2.000041518539993901e-01,-5.462624055189605670e-13,-4.724144940764843472e-11,-4.908990051330825863e-08,-3.810962286857758128e-05
1.192923716299667234e+02,1.406119452712236573e+01,1.003364449449224205e+00,1.006740218478792803e+00,2.000036747601562359e-01,1.003323947292206864e+00,1.006696172329856864e+00,1.976039527066497103e-01,1.003309782712654030e+00,1.006659360630966615e+00,1.974159146861818592e-01,1.003353181431729135e+00,1.006706350826681140e+00,2.000044827482660437e-01,-5.169344852055845166e-13,-4.468914880032304895e-11,-4.817583230403349666e-08,-3.724655514447382942e-05
1.195522678644546772e+02,1.409182893785683710e+01,1.003357110953352560e+00,1.006725492158763169e+00,2.000036794300265597e-01,1.003317540455345824e+00,1.006682470803386797e+00,1.976540173854932358e-01,1.003303463559921394e+00,1.006645837029031876e+00,1.974682801980922331e-01,1.003345891353555341e+00,1.006691771066288155e+00,2.000044496728065335e-01,-4.893731450803382225e-13,-4.229164130186832076e-11,-4.727527571590411728e-08,-3.640090094248037963e-05
1.198121640989426169e+02,1.412246334859130847e+01,1.003349808213351624e+00,1.006710837710541817e+00,2.000039109354823930e-01,1.003311143244282055e+00,1.006668804079819513e+00,1.977029959301629947e-01,1.003297085581065673e+00,1.006632254600973830e+00,1.975154793434444334e-01,1.003338626932056110e+00,1.006677246596674458e+00,2.000040589243221312e-01,-4.634326093872196620e-13,-4.003606902745059336e-11,-4.638675960143381488e-08,-3.557067026288900736e-05
1.200720603334305565e+02,1.415309775932577985e+01,1.003342530179444747e+00,1.006696232922862810e+00,2.000037242021570905e-01,1.003304757958193072e+00,1.006655179893973129e+00,1.977510291843333767e-01,1.003290737960641499e+00,1.006618740257006817e+00,1.975628434758346375e-01,1.003331390814445223e+00,1.006662780808479152e+00,2.000034794331569388e-01,-4.385702451150628915e-13,-3.787488287894970615e-11,-4.551282135773701775e-08,-3.475897050042998075e-05
1.203319565679185104e+02,1.418373217006025122e+01,1.003335285031710100e+00,1.006681694237630875e+00,2.000036177162292650e-01,1.003298387164080374e+00,1.006641606221468477e+00,1.977982751941748940e-01,1.003284591561751649e+00,1.006605536735914352e+00,1.976206645760303082e-01,1.003324206789772965e+00,1.006648405288862014e+00,2.000041535248659741e-01,-4.150973789773581945e-13,-3.583530289011834071e-11,-4.465590036442689360e-08,-3.396861250255704630e-05
1.205918528024064500e+02,1.421436658079472259e+01,1.003328077683931063e+00,1.006667231530516737e+00,2.000038985762412069e-01,1.003292026569977180e+00,1.006628067502069124e+00,1.978444824811016189e-01,1.003278387844467323e+00,1.006592275896427191e+00,1.976734321846021492e-01,1.003317047723836231e+00,1.006634083726549722e+00,2.000044654257074617e-01,-3.931131112974405517e-13,-3.392592193283072822e-11,-4.381059815706105638e-08,-3.319267706926728675e-05
1.208517490368944038e+02,1.424500099152919397e+01,1.003320894548053621e+00,1.006652817488946638e+00,2.000037658341317082e-01,1.003285676253533820e+00,1.006614563753391201e+00,1.978896596487456083e-01,1.003272126808788522e+00,1.006578957738545776e+00,1.977211239562978728e-01,1.003309913558201316e+00,1.006619815908036397e+00,2.000044213347790256e-01,-3.720394754147125313e-13,-3.209615684520343229e-11,-4.297685420841550210e-08,-3.243102615890309576e-05
1.211116452713823435e+02,1.427563540226366534e+01,1.003313740978629465e+00,1.006638462875164564e+00,2.000035509996879457e-01,1.003279342246963024e+00,1.006601114496656013e+00,1.979341735713139594e-01,1.003265808454715025e+00,1.006565582262269443e+00,1.977637175458650809e-01,1.003302804233189294e+00,1.006605601619388946e+00,2.000040273454159467e-01,-3.520510220804356200e-13,-3.036124762803629361e-11,-4.216084622531020150e-08,-3.169104234293679978e-05
1.213715415058702831e+02,1.430626981299813671e+01,1.003306627167558585e+00,1.006624188173355527e+00,2.000038799926857069e-01,1.003273020129467064e+00,1.006587704196455935e+00,1.979777640396921112e-01,1.003259495750348007e+00,1.006552238554355272e+00,1.978050118757852249e-01,1.003295723263134764e+00,1.006591445413320685e+00,2.000035064117139660e-01,-3.334224992817002024e-13,-2.874513874426574582e-11,-4.135729997370758185e-08,-3.096608939558666480e-05
1.216314377403582370e+02,1.433690422373260809e+01,1.003299537087253279e+00,1.006609961168423606e+00,2.000037999446138970e-01,1.003266708801521467e+00,1.006574328960575304e+00,1.980203692210539268e-01,1.003253409673966035e+00,1.006539238889790022e+00,1.978584481014447338e-01,1.003288691773359664e+00,1.006577375331169533e+00,2.000041543393125953e-01,-3.155629151482132133e-13,-2.719617299285483138e-11,-4.056488453177950904e-08,-3.025448855413435167e-05
1.218913339748461766e+02,1.436753863446707946e+01,1.003292473370766436e+00,1.006595787152398502e+00,2.000034794894122170e-01,1.003260410823262117e+00,1.006560996668527164e+00,1.980621483047092513e-01,1.003247267761154138e+00,1.006526183388795070e+00,1.979068995902883155e-01,1.003281684455674228e+00,1.006563357501615297e+00,2.000044479933260622e-01,-2.985436535261897629e-13,-2.572057339684468489e-11,-3.978596943253201084e-08,-2.955896863309569975e-05
1.221512302093341162e+02,1.439817304520155083e+01,1.003285451288663754e+00,1.006581696816439608e+00,2.000038554270062441e-01,1.003254128876129636e+00,1.006547715052696246e+00,1.981032691708131122e-01,1.003241070011911651e+00,1.006513072051369528e+00,1.979503445747990698e-01,1.003274701254026402e+00,1.006549391720027442e+00,2.000043933736863622e-01,-2.827609368225668813e-13,-2.435287193468377568e-11,-3.902270974066687223e-08,-2.888186865963528774e-05
1.224111264438220701e+02,1.442880745593602221e+01,1.003278452468819859e+00,1.006567653234160309e+00,2.000038268106066053e-01,1.003247858181282037e+00,1.006534468550691619e+00,1.981434474334420881e-01,1.003234816426239240e+00,1.006499904877513840e+00,1.979887612874600411e-01,1.003267742111185079e+00,1.006535477781371757e+00,2.000039963790429254e-01,-2.676273480293190588e-13,-2.304178304341502733e-11,-3.827015148953572674e-08,-2.821724298496928085e-05
1.226710226783100097e+02,1.445944186667049358e+01,1.003271476922963812e+00,1.006553656429051369e+00,2.000034033855381532e-01,1.003241598801021484e+00,1.006521257166351546e+00,1.981826912427318288e-01,1.003228544022330748e+00,1.006486733966529323e+00,1.980243984906352728e-01,1.003260811352177040e+00,1.006521621324897975e+00,2.000035316662963358e-01,-2.531378228275700908e-13,-2.178686107984172858e-11,-3.752823349888354135e-08,-2.756497060862845571e-05
1.229309189127979494e+02,1.449007627740496496e+01,1.003264544808336600e+00,1.006539746912753275e+00,2.000038251114960586e-01,1.003235357320796384e+00,1.006508100563585639e+00,1.982214071476197104e-01,1.003222522745742085e+00,1.006473938910865895e+00,1.980738411757321515e-01,1.003253927590642025e+00,1.006507847048517812e+00,2.000041543966668001e-01,-2.397681048768177958e-13,-2.062953651573141274e-11,-3.680265495528294161e-08,-2.693146795998883040e-05
1.231908151472859032e+02,1.452071068813943633e+01,1.003257635499680056e+00,1.006525883231576435e+00,2.000038466980882113e-01,1.003229128749806742e+00,1.006494982879573286e+00,1.982592966573589466e-01,1.003216447086860530e+00,1.006461089472909354e+00,1.981183692542316244e-01,1.003247067247254876e+00,1.006494123391077578e+00,2.000044305136922385e-01,-2.269462847171137357e-13,-1.951993577583298714e-11,-3.608848122023135530e-08,-2.631091447709810828e-05
1.234507113817738428e+02,1.455134509887390770e+01,1.003250748973314455e+00,1.006512065337852757e+00,2.000034755468245440e-01,1.003222911901546777e+00,1.006481900314402322e+00,1.982962920038375265e-01,1.003210317045686306e+00,1.006448185652660365e+00,1.981579615255041060e-01,1.003240230268225508e+00,1.006480450156365780e+00,2.000043658265924507e-01,-2.146676386582274495e-13,-1.845764457380838646e-11,-3.538451909884936474e-08,-2.570189776585260873e-05
1.237106076162617967e+02,1.458197950960837908e+01,1.003243902620015948e+00,1.006498328182170665e+00,2.000037892690542662e-01,1.003216709556042696e+00,1.006468860850924019e+00,1.983325685829063767e-01,1.003204132622219413e+00,1.006435227450118708e+00,1.981925967889198448e-01,1.003233416598646732e+00,1.006466827147789900e+00,2.000039660475489700e-01,-2.032879939298768847e-13,-1.747361447862398051e-11,-3.469296548109671836e-08,-2.510680918443867262e-05
1.239705038507497363e+02,1.461261392034285045e+01,1.003237081117657858e+00,1.006484640970047861e+00,2.000038598626783792e-01,1.003210524454540620e+00,1.006455871941318359e+00,1.983683008464013631e-01,1.003197905290745151e+00,1.006422230937612072e+00,1.982229650803289944e-01,1.003226631321364470e+00,1.006453261020356926e+00,2.000035553250841258e-01,-1.924263819568705399e-13,-1.653465635994199168e-11,-3.401570887308794331e-08,-2.452758860196843570e-05
1.242304000852376760e+02,1.464324833107732182e+01,1.003230281953994441e+00,1.006470998652412296e+00,2.000035419341792409e-01,1.003204351440973641e+00,1.006442918114252683e+00,1.984031772559963214e-01,1.003191952615019034e+00,1.006409640639806646e+00,1.982687752084617561e-01,1.003219890681227522e+00,1.006439773318763331e+00,2.000041537798130098e-01,-1.820234003417755747e-13,-1.563559739318891916e-11,-3.334823806633661445e-08,-2.395913698976552138e-05
1.244902963197256298e+02,1.467388274181179320e+01,1.003223519745339853e+00,1.006457430603072689e+00,2.000037481137371675e-01,1.003198190564231318e+00,1.006429999361847294e+00,1.984372055157783699e-01,1.003185946981637100e+00,1.006396997384345626e+00,1.983097419014687446e-01,1.003213172736320047e+00,1.006426334669841438e+00,2.000044130354714234e-01,-1.723379646548762139e-13,-1.479893578751287778e-11,-3.269049271740958445e-08,-2.340134855691932154e-05
1.247501925542135695e+02,1.470451715254626457e+01,1.003216784387378935e+00,1.006443916514633719e+00,2.000038665501212287e-01,1.003192048856386132e+00,1.006417135392656759e+00,1.984708261646288829e-01,1.003179888390599572e+00,1.006384301171229012e+00,1.983458445141069171e-01,1.003206477435001354e+00,1.006412944885370919e+00,2.000043387185737875e-01,-1.631381282633348295e-13,-1.400447779932891263e-11,-3.204769520426257316e-08,-2.285978961237455551e-05
1.250100887887015091e+02,1.473515156328073594e+01,1.003210070935925291e+00,1.006430446450720773e+00,2.000036006136169942e-01,1.003185920846044965e+00,1.006404310106519873e+00,1.985037068213467149e-01,1.003173776841906673e+00,1.006371552000456804e+00,1.983770624011334804e-01,1.003199804724571820e+00,1.006399603776771068e+00,2.000039363626205102e-01,-1.543254597286420412e-13,-1.324366266244760010e-11,-3.141526403700883337e-08,-2.232936575814681507e-05
1.252699850231894629e+02,1.476578597401520732e+01,1.003203391330149019e+00,1.006417044404274375e+00,2.000037018510845144e-01,1.003179805290179694e+00,1.006391519817847247e+00,1.985357754297297772e-01,1.003167612335557957e+00,1.006358749872029001e+00,1.984033749173053918e-01,1.003193160396135486e+00,1.006386318948460312e+00,2.000035775002672045e-01,-1.460828998296339411e-13,-1.253236768471423636e-11,-3.079213812113073379e-08,-2.180889185424862703e-05
1.255298812576774026e+02,1.479642038474967869e+01,1.003196740496326456e+00,1.006403700178111205e+00,2.000038669966834326e-01,1.003173705151784612e+00,1.006378772576209002e+00,1.985672216109971022e-01,1.003161717901802641e+00,1.006346345050798785e+00,1.984450363917726334e-01,1.003186558460100297e+00,1.006373108970762376e+00,2.000041525585160018e-01,-1.382917082280981890e-13,-1.186025632018470063e-11,-3.018034120681078596e-08,-2.130045932956396362e-05
1.257897774921653422e+02,1.482705479548415006e+01,1.003190111147870267e+00,1.006390399128783253e+00,2.000036518535465713e-01,1.003167623186944191e+00,1.006366075526003989e+00,1.985982235944226681e-01,1.003155785451037119e+00,1.006333907559432861e+00,1.984827748494917277e-01,1.003179978525821525e+00,1.006359946543419204e+00,2.000043955964750930e-01,-1.308273058393909507e-13,-1.121650718826914855e-11,-2.958151580658443143e-08,-2.080567153056165863e-05
1.260496737266532961e+02,1.485768920621862144e+01,1.003183512640641650e+00,1.006377160057256193e+00,2.000036506786665724e-01,1.003161553956936292e+00,1.006353413364510674e+00,1.986284478153652056e-01,1.003149801436426625e+00,1.006321418504221965e+00,1.985157216826577420e-01,1.003173420543701955e+00,1.006346831485798843e+00,2.000043120655430606e-01,-1.238134755432335666e-13,-1.061185124268984483e-11,-2.899158181012586017e-08,-2.032016376181208607e-05
1.263095699611412357e+02,1.488832361695309281e+01,1.003176944751046573e+00,1.006363982513307276e+00,2.000038614297391659e-01,1.003155497498996018e+00,1.006340786073977034e+00,1.986579015443395713e-01,1.003143765857970715e+00,1.006308877885165654e+00,1.985438567893967887e-01,1.003166884463140063e+00,1.006333763616929389e+00,2.000039073279218371e-01,-1.172161678255839016e-13,-1.004331550780050007e-11,-2.841048081709525440e-08,-1.984384375544694294e-05
1.265694661956291895e+02,1.491895802768756418e+01,1.003170397936373082e+00,1.006350847320066855e+00,2.000036959124426583e-01,1.003149461198124426e+00,1.006328213323465448e+00,1.986870541575882221e-01,1.003137678715669390e+00,1.006296285702263926e+00,1.985671600678350357e-01,1.003160376737021187e+00,1.006320751428421811e+00,2.000035982909255106e-01,-1.108946054069457803e-13,-9.498685411245273202e-12,-2.784296950049855345e-08,-1.938153166783426949e-05
1.268293624301171292e+02,1.494959243842203556e+01,1.003163879059667307e+00,1.006337768268679822e+00,2.000035947864007568e-01,1.003143439182617502e+00,1.006315678855121298e+00,1.987155434591106051e-01,1.003131834302430692e+00,1.006284050562938015e+00,1.986042739070304486e-01,1.003153909267693988e+00,1.006307810684464954e+00,2.000041507920295447e-01,-1.049269359703304461e-13,-8.984728666729228929e-12,-2.728482323674298796e-08,-1.892877768719557481e-05
1.270892586646050688e+02,1.498022684915650693e+01,1.003157392573489792e+00,1.006324754305711888e+00,2.000038500681012021e-01,1.003137430178345113e+00,1.006303179114726776e+00,1.987432945289189512e-01,1.003125977636087685e+00,1.006271817941518210e+00,1.986390901862615521e-01,1.003147463134612449e+00,1.006294916049267130e+00,2.000043782260405856e-01,-9.934129369164239105e-14,-8.503866206716579368e-12,-2.673510528997829957e-08,-1.848458996855822695e-05
1.273491548990930227e+02,1.501086125989097830e+01,1.003150926762148121e+00,1.006311781888210355e+00,2.000037330392837875e-01,1.003131437298247386e+00,1.006290722186354847e+00,1.987705093887628394e-01,1.003120070767864913e+00,1.006259535118218640e+00,1.986691877564866204e-01,1.003141038290123133e+00,1.006282067349407061e+00,2.000042858764390086e-01,-9.398828988854174553e-14,-8.043149279299945034e-12,-2.619566912337171741e-08,-1.805079409782711170e-05
1.276090511335809623e+02,1.504149567062544968e+01,1.003144486083158204e+00,1.006298859973179916e+00,2.000035343569143698e-01,1.003125463276671070e+00,1.006278314887030234e+00,1.987973676722687433e-01,1.003114113697762599e+00,1.006247202093039306e+00,1.986945470467864350e-01,1.003134634685619142e+00,1.006269264411140618e+00,2.000038789411319184e-01,-8.891127820847596348e-14,-7.606327363121528543e-12,-2.566793323640641956e-08,-1.762871067073548404e-05
1.278689473680689019e+02,1.507213008135992105e+01,1.003138079497487789e+00,1.006286006566362357e+00,2.000038331223972232e-01,1.003119502473287517e+00,1.006265942146357784e+00,1.988235183285046725e-01,1.003108106425780521e+00,1.006234818865980429e+00,1.987151484862417217e-01,1.003128259392166655e+00,1.006256516554903335e+00,2.000036177853111719e-01,-8.418283982104073855e-14,-7.199667801860420982e-12,-2.514822984886869741e-08,-1.721461036311097985e-05
1.281288436025568558e+02,1.510276449209439242e+01,1.003131693196603669e+00,1.006273193919999365e+00,2.000037634740432502e-01,1.003113554915262995e+00,1.006253603938356056e+00,1.988489682104870038e-01,1.003102314864409816e+00,1.006222753328420483e+00,1.987480080339255051e-01,1.003121922322994575e+00,1.006243836897081412e+00,2.000041485311455369e-01,-7.965063488894663504e-14,-6.809981848793416002e-12,-2.463650329313181979e-08,-1.680841288790365512e-05
1.283887398370447954e+02,1.513339890282886380e+01,1.003125329316689962e+00,1.006260426326420987e+00,2.000034695659207995e-01,1.003107628258619100e+00,1.006241319820994962e+00,1.988742108853927271e-01,1.003096536083933454e+00,1.006210724264226419e+00,1.987801828380776625e-01,1.003115605951125255e+00,1.006231201964107758e+00,2.000043609468848127e-01,-7.533183317652248088e-14,-6.438752437262013511e-12,-2.413706256179516103e-08,-1.641428506584149933e-05
1.286486360715327351e+02,1.516403331356333517e+01,1.003119001165358570e+00,1.006247730524988837e+00,2.000038107955018629e-01,1.003101716303047120e+00,1.006229073448701383e+00,1.988988581030875502e-01,1.003090708430953493e+00,1.006198646327528534e+00,1.988077120684774990e-01,1.003109310230754669e+00,1.006218611589415390e+00,2.000042601549211208e-01,-7.132958485387140868e-14,-6.094887115365436887e-12,-2.364603590634515886e-08,-1.602834766574463252e-05
1.289085323060206747e+02,1.519466772429780654e+01,1.003112692918487925e+00,1.006235074718600186e+00,2.000037874479506095e-01,1.003095817764323439e+00,1.006216861411410646e+00,1.989228333018556727e-01,1.003084831905469931e+00,1.006186519518327271e+00,1.988305766724556278e-01,1.003103035115173292e+00,1.006206065606131128e+00,2.000038511955156140e-01,-6.749281057317882091e-14,-5.765319930121558507e-12,-2.316260189302446283e-08,-1.564977276865079910e-05
1.291684285405086428e+02,1.522530213503227792e+01,1.003106404556122655e+00,1.006222458867096048e+00,2.000034059711708889e-01,1.003089935875953076e+00,1.006204691799539974e+00,1.989463492320205085e-01,1.003078906507482770e+00,1.006174343836622409e+00,1.988487575973424126e-01,1.003096788252710425e+00,1.006193574108736666e+00,2.000036360626628318e-01,-6.381997579800913999e-14,-5.449917471651563613e-12,-2.268844909978319295e-08,-1.528015094589916790e-05
1.294283247749965824e+02,1.525593654576674929e+01,1.003100153324634647e+00,1.006209917623404726e+00,2.000037832828666928e-01,1.003084073321198311e+00,1.006192571089879584e+00,1.989695849343510736e-01,1.003073170242256396e+00,1.006162447498387014e+00,1.988776381018068085e-01,1.003090577679460749e+00,1.006181147714891644e+00,2.000041458198070776e-01,-6.043217054377378900e-14,-5.159129292908371036e-12,-2.222479435897565274e-08,-1.492056602403323961e-05
1.296882210094845220e+02,1.528657095650122066e+01,1.003093921710660474e+00,1.006197415797034589e+00,2.000038051840179465e-01,1.003078224327130563e+00,1.006180484495925453e+00,1.989921758701685139e-01,1.003067470999621458e+00,1.006150620312597388e+00,1.989074284695392936e-01,1.003084387189826954e+00,1.006168764716813602e+00,2.000043437765499088e-01,-5.718453299322725699e-14,-4.880438961967768608e-12,-2.176835862445605002e-08,-1.456783713563685381e-05
1.299481172439724617e+02,1.531720536723569204e+01,1.003087709610988032e+00,1.006184953180539132e+00,2.000034726273454133e-01,1.003072388912267465e+00,1.006168431984920231e+00,1.990141284934396071e-01,1.003061724180765113e+00,1.006138745550586133e+00,1.989326464053788324e-01,1.003078216739765161e+00,1.006156424954453898e+00,2.000042349006816988e-01,-5.407521377026968656e-14,-4.613686149183971889e-12,-2.131908949315800296e-08,-1.422189457288683286e-05
1.302080134784604013e+02,1.534783977797016341e+01,1.003081531824906447e+00,1.006172559509138642e+00,2.000037507727542019e-01,1.003066574932432342e+00,1.006156432943372536e+00,1.990359563929021691e-01,1.003055929785687361e+00,1.006126823212353694e+00,1.989532733620042737e-01,1.003072066284372177e+00,1.006144128267474569e+00,2.000038240811312096e-01,-5.119408139685101040e-14,-4.366617249226913137e-12,-2.088087117861029601e-08,-1.388633439293891714e-05
1.304679097129483694e+02,1.537847418870463478e+01,1.003075375456975893e+00,1.006160208871891504e+00,2.000038168972891328e-01,1.003060775922424597e+00,1.006144470999063900e+00,1.990572487151776315e-01,1.003050087814388425e+00,1.006114853297899847e+00,1.989692907920943832e-01,1.003065944010825161e+00,1.006131885472974385e+00,2.000036531946522422e-01,-4.844550009245096441e-14,-4.130977117943513429e-12,-2.045017492999929540e-08,-1.355778110182109254e-05
1.307278059474363090e+02,1.540910859943910616e+01,1.003069238242249472e+00,1.006147896717864976e+00,2.000035321800706922e-01,1.003054990605103169e+00,1.006132542895227910e+00,1.990779282969514508e-01,1.003044408934914644e+00,1.006103125467382897e+00,1.989944502340820209e-01,1.003059856183569742e+00,1.006119704830311878e+00,2.000041426963783675e-01,-4.581359033025769695e-14,-3.905395608740971603e-12,-2.002628486457965297e-08,-1.323554540081850837e-05
1.309877021819242486e+02,1.543974301017357753e+01,1.003063132614782527e+00,1.006135648029291563e+00,2.000037134467018141e-01,1.003049222308527000e+00,1.006120656704184047e+00,1.990982170927566297e-01,1.003038790479615860e+00,1.006091498163070419e+00,1.990220911685913752e-01,1.003053787850263223e+00,1.006107566306474910e+00,2.000043267285299686e-01,-4.336358902186301023e-14,-3.695491340058243859e-12,-1.961073194805369940e-08,-1.292101061749988614e-05
1.312475984164121883e+02,1.547037742090804890e+01,1.003057050139279704e+00,1.006123445857262322e+00,2.000038227951769221e-01,1.003043473641718419e+00,1.006108818555246032e+00,1.991182918866542806e-01,1.003033125710991014e+00,1.006079824545431878e+00,1.990452326313189302e-01,1.003047738968539493e+00,1.006095469747618987e+00,2.000042101104572423e-01,-4.103765398096658558e-14,-3.496274430919573595e-12,-1.920455328847410882e-08,-1.261506298000449065e-05
1.315074946509001279e+02,1.550101183164252028e+01,1.003050986464713468e+00,1.006111281459594498e+00,2.000035848638204439e-01,1.003037738757488251e+00,1.006097013986770650e+00,1.991377781538321845e-01,1.003027414629040104e+00,1.006068104614467273e+00,1.990638565672761817e-01,1.003041709495214429e+00,1.006083414999623615e+00,2.000037975857577865e-01,-3.881010593020479362e-14,-3.305531405386731367e-12,-1.880483196984647546e-08,-1.231499399336139800e-05
1.317673908853880675e+02,1.553164624237699165e+01,1.003044951738953694e+00,1.006099175224615561e+00,2.000036714796558091e-01,1.003032017666972475e+00,1.006085242960501613e+00,1.991566819694586543e-01,1.003021657233763353e+00,1.006056338370176828e+00,1.990779449214745145e-01,1.003035708120235903e+00,1.006071413553905280e+00,2.000036692465418375e-01,-3.672690968289049316e-14,-3.127216785104302224e-12,-1.841151917881306426e-08,-1.202074326227048682e-05
1.320272871198760356e+02,1.556228065311146302e+01,1.003038941834512032e+00,1.006087118858892238e+00,2.000038230778509452e-01,1.003026318364211855e+00,1.006073524641121431e+00,1.991755332200905448e-01,1.003016037505422453e+00,1.006044778097459291e+00,1.990996248463587914e-01,1.003029739435803869e+00,1.006059471443850661e+00,2.000041391946483782e-01,-3.475888199727094608e-14,-2.958812608293884616e-12,-1.802810046070331094e-08,-1.173540929780584646e-05
1.322871833543639752e+02,1.559291506384593440e+01,1.003032950387301225e+00,1.006075099575926446e+00,2.000036309049912364e-01,1.003020634175436632e+00,1.006061842682700158e+00,1.991939015995143336e-01,1.003010500727736121e+00,1.006033348403357675e+00,1.991253308792394205e-01,1.003023789678511690e+00,1.006047570225290455e+00,2.000043098131483177e-01,-3.287381817820561293e-14,-2.797545951035627314e-12,-1.765137584041401091e-08,-1.145606021315891172e-05
1.325470795888519149e+02,1.562354947458040577e+01,1.003026985335363497e+00,1.006063133323797487e+00,2.000036250403390004e-01,1.003014963844454099e+00,1.006050193987843899e+00,1.992117102204793710e-01,1.003004918866122974e+00,1.006021873625329466e+00,1.991466100530263350e-01,1.003017858807590423e+00,1.006035709750284335e+00,2.000041857788092958e-01,-3.110270570506139791e-14,-2.646079717523241077e-12,-1.728072501098352524e-08,-1.118212360186442805e-05
1.328069758233398545e+02,1.565418388531487714e+01,1.003021046711911390e+00,1.006051220168536986e+00,2.000038179384482639e-01,1.003009310770966334e+00,1.006038586589715900e+00,1.992291888584009074e-01,1.002999291920583014e+00,1.006010353763374221e+00,1.991634447920052342e-01,1.003011946781495078e+00,1.006023889870633292e+00,2.000037716956030442e-01,-2.943773861573896982e-14,-2.503738563576874421e-12,-1.691752990368965605e-08,-1.091480047114690918e-05
1.330668720578277942e+02,1.568481829604934852e+01,1.003015126210288877e+00,1.006039343421164967e+00,2.000036705222078826e-01,1.003003677471862920e+00,1.006027026267552804e+00,1.992465106702304145e-01,1.002993619891116239e+00,1.005998788817492162e+00,1.991758175204619286e-01,1.003006062759049355e+00,1.006012122706692491e+00,2.000036842781159341e-01,-2.784270701588958002e-14,-2.367408303820247361e-12,-1.656266890119231748e-08,-1.065481269681055074e-05
1.333267682923157622e+02,1.571545270678381989e+01,1.003009229632477517e+00,1.006027514737950046e+00,2.000035742914938186e-01,1.002998058074640486e+00,1.006015498916357664e+00,1.992632941941122615e-01,1.002988060783578161e+00,1.005987394922991607e+00,1.991942438677334615e-01,1.003000209753920124e+00,1.006000412190630966e+00,2.000041353446250780e-01,-2.633705911293270935e-14,-2.238759094096859415e-12,-1.621355903397846580e-08,-1.039985775722355923e-05
1.335866645268037018e+02,1.574608711751829127e+01,1.003003361030318175e+00,1.006015742258519419e+00,2.000038075634467949e-01,1.002992452584176020e+00,1.006004004493492809e+00,1.992795451474967949e-01,1.002982606254279707e+00,1.005976160333282632e+00,1.992182105530061198e-01,1.002994375130881632e+00,1.005988741385955620e+00,2.000042930382424644e-01,-2.492864107940632156e-14,-2.118461151320808014e-12,-1.587015524058141700e-08,-1.014988343059253707e-05
1.338465607612916415e+02,1.577672152825276264e+01,1.002997510222642052e+00,1.006004005528340572e+00,2.000037039266414629e-01,1.002986869079781629e+00,1.005992561900309390e+00,1.992958064046301825e-01,1.002977107837007997e+00,1.005964881855600401e+00,1.992378224994976743e-01,1.002988558850689049e+00,1.005977110150351850e+00,2.000041618987237757e-01,-2.357916526704630852e-14,-2.003224270677404600e-12,-1.553557237925182568e-08,-9.907555405127808516e-06
1.341064569957795811e+02,1.580735593898723401e+01,1.002991680946646813e+00,1.005992312055288940e+00,2.000035193900696062e-01,1.002981300728657432e+00,1.005981154862706672e+00,1.993116310686564030e-01,1.002971565531762588e+00,1.005953559489944471e+00,1.992530625977295411e-01,1.002982760873358137e+00,1.005965518341257914e+00,2.000037463958432016e-01,-2.229930349461470480e-14,-1.893963796864855739e-12,-1.520692197015561473e-08,-9.670331513986042747e-06
1.343663532302675208e+02,1.583799034972170539e+01,1.002985881135569857e+00,1.005980677776473931e+00,2.000037921328137736e-01,1.002975746306582483e+00,1.005969780446168693e+00,1.993269432617523762e-01,1.002965979338543701e+00,1.005942193236315063e+00,1.992639137382231362e-01,1.002976990794736789e+00,1.005953978665323767e+00,2.000036983444333782e-01,-2.110805846313030771e-14,-1.792306781144856401e-12,-1.488366942974932570e-08,-9.437737649738649112e-06
1.346262494647554604e+02,1.586862476045617676e+01,1.002980098799445718e+00,1.005969078604022737e+00,2.000037313222990665e-01,1.002970209264824941e+00,1.005958446626701974e+00,1.993419793305475640e-01,1.002960482052416946e+00,1.005930964337316880e+00,1.992792976623048440e-01,1.002971250138339876e+00,1.005942493071159793e+00,2.000041311731665383e-01,-1.996648753748924861e-14,-1.694910332364900206e-12,-1.456705707113900736e-08,-9.210814789411386264e-06
1.348861456992434285e+02,1.589925917119064813e+01,1.002974335679564621e+00,1.005957518036000531e+00,2.000034604875388922e-01,1.002964692014692627e+00,1.005947158834655797e+00,1.993569076912999893e-01,1.002955110059146282e+00,1.005919922147688439e+00,1.993017029976524579e-01,1.002965527339711338e+00,1.005931046053247790e+00,2.000042764096976178e-01,-1.887867308140688904e-14,-1.602124102653075779e-12,-1.425782424682715065e-08,-8.990148572731507102e-06
1.351460419337313681e+02,1.592989358192511951e+01,1.002968603457989216e+00,1.005946019540275183e+00,2.000037718203746817e-01,1.002959188699085180e+00,1.005935903345560600e+00,1.993713425842950637e-01,1.002949695340597858e+00,1.005908837232782238e+00,1.993198250960849516e-01,1.002959822361059405e+00,1.005919637474633976e+00,2.000041384620715734e-01,-1.787124714906479116e-14,-1.516229099327008578e-12,-1.395369326869660067e-08,-8.773784672337699384e-06
1.354059381682193077e+02,1.596052799265959088e+01,1.002962888399420605e+00,1.005934555523307905e+00,2.000037529063150299e-01,1.002953699317612690e+00,1.005924680113368552e+00,1.993852893908741319e-01,1.002944237896771673e+00,1.005897709592598277e+00,1.993336473013942456e-01,1.002954135163888649e+00,1.005908267198129202e+00,2.000037216710311705e-01,-1.690566718651380254e-14,-1.433920207281588060e-12,-1.365462286337182978e-08,-8.561678020471008774e-06
1.356658344027072474e+02,1.599116240339406225e+01,1.002957190487492989e+00,1.005923125952173258e+00,2.000034093072699803e-01,1.002948231989615913e+00,1.005913507742393742e+00,1.993993010439507885e-01,1.002938737727667728e+00,1.005886539227136556e+00,1.993431529573719552e-01,1.002948475751127555e+00,1.005896948476587172e+00,2.000037114964391682e-01,-1.598154409968802583e-14,-1.355163932455194782e-12,-1.336338599591608780e-08,-8.356118531497770679e-06
1.359257306371952154e+02,1.602179681412853540e+01,1.002951524509957171e+00,1.005911760533140686e+00,2.000037467940113944e-01,1.002942779766614390e+00,1.005902370069235108e+00,1.994129166444058854e-01,1.002933303219341044e+00,1.005875473762301686e+00,1.993556916346889141e-01,1.002942844239525622e+00,1.005885681386070152e+00,2.000041267044833371e-01,-1.512927409229881391e-14,-1.282561990954246538e-12,-1.307738640082479601e-08,-8.154905635945015871e-06
1.361856268716831551e+02,1.605243122486300678e+01,1.002945875562526457e+00,1.005900429324982026e+00,2.000037688691937987e-01,1.002937341464959609e+00,1.005891264323629075e+00,1.994260619299587090e-01,1.002928013799812224e+00,1.005864621102527279e+00,1.993766974081789822e-01,1.002937230081120346e+00,1.005874451779523504e+00,2.000042599318632985e-01,-1.431263971140984022e-14,-1.213010878159815196e-12,-1.279616573551966733e-08,-7.957647666254586506e-06
1.364455231061710947e+02,1.608306563559747815e+01,1.002940243457697722e+00,1.005889131950981064e+00,2.000034694300212301e-01,1.002931920569982038e+00,1.005880198409176307e+00,1.994389786943801535e-01,1.002922682784749275e+00,1.005853726847218743e+00,1.993934907192574935e-01,1.002931633239506626e+00,1.005863259525103581e+00,2.000041154599599691e-01,-1.353095009342599874e-14,-1.146451261286293143e-12,-1.252083657138275293e-08,-7.765245439194348295e-06
1.367054193406590343e+02,1.611370004633194952e+01,1.002934640883569317e+00,1.005877893898901920e+00,2.000037172158844190e-01,1.002926519377683512e+00,1.005869177411580218e+00,1.994518297227957371e-01,1.002917310174152421e+00,1.005842790996376301e+00,1.994060553521405377e-01,1.002926053677609008e+00,1.005852104490743582e+00,2.000036975054048372e-01,-1.280672660246587384e-14,-1.084808713831213469e-12,-1.225201740406116569e-08,-7.578172052814863882e-06
1.369653155751470024e+02,1.614433445706642090e+01,1.002929056907646999e+00,1.005866693206848739e+00,2.000037793951252585e-01,1.002921132079915623e+00,1.005858188004022269e+00,1.994642272282108608e-01,1.002911895968021661e+00,1.005831813549999953e+00,1.994143750910440938e-01,1.002920501777279982e+00,1.005841000437801558e+00,2.000037237814652480e-01,-1.211615669898686027e-14,-1.026044405223036950e-12,-1.198770750473864040e-08,-7.394771233385695666e-06
1.372252118096349420e+02,1.617496886780089227e+01,1.002923489477412833e+00,1.005855525751635060e+00,2.000035231851273188e-01,1.002915758671889757e+00,1.005847230137881576e+00,1.994761762771130043e-01,1.002906524972768887e+00,1.005820909801944829e+00,1.994242525090987317e-01,1.002914976327207164e+00,1.005829945674568737e+00,2.000041219605410703e-01,-1.145503805738849610e-14,-9.697987307189743231e-13,-1.172786932924141589e-08,-7.215004158577236439e-06
1.374851080441228817e+02,1.620560327853536364e+01,1.002917949248371743e+00,1.005844412937435539e+00,2.000036832426355382e-01,1.002910407274574034e+00,1.005836322093564439e+00,1.994882372816328686e-01,1.002901317945020132e+00,1.005810243665227199e+00,1.994440055707280002e-01,1.002909467744589334e+00,1.005818927343874236e+00,2.000042436078781627e-01,-1.083968185607248077e-14,-9.174655018082175811e-13,-1.147496273779786742e-08,-7.040835116586412245e-06
1.377450042786108213e+02,1.623623768926983502e+01,1.002912429130352168e+00,1.005833340521215424e+00,2.000037846621280924e-01,1.002905070861540571e+00,1.005825447851248722e+00,1.994999376704797434e-01,1.002896070418935581e+00,1.005799537030173552e+00,1.994596161237140175e-01,1.002903975994344776e+00,1.005807945318748065e+00,2.000040928830009446e-01,-1.025578038847191598e-14,-8.678204613191084921e-13,-1.122666325478593921e-08,-6.870362302314764377e-06
1.380049005130987609e+02,1.626687210000430639e+01,1.002906925268025606e+00,1.005822300758455468e+00,2.000035707728646528e-01,1.002899748296262494e+00,1.005814604804552648e+00,1.995112052917363266e-01,1.002890782394514790e+00,1.005788789896783886e+00,1.994710683800091922e-01,1.002898501040752954e+00,1.005796999472008624e+00,2.000036738831166283e-01,-9.696689797605367197e-15,-8.202954943348353452e-13,-1.098257983332712329e-08,-6.703263003186659373e-06
1.382647967475867290e+02,1.629750651073877776e+01,1.002901446349174774e+00,1.005811311100252237e+00,2.000036450256606202e-01,1.002894443082955167e+00,1.005803800771882361e+00,1.995222863794234025e-01,1.002885453871757759e+00,1.005778002265057758e+00,1.994783465515659049e-01,1.002893053618105990e+00,1.005786104038058015e+00,2.000037352436429827e-01,-9.173869688235467416e-15,-7.758688647282752845e-13,-1.074370533832541735e-08,-6.540315533741259072e-06
1.385246929820746686e+02,1.632814092147324914e+01,1.002895989000737842e+00,1.005800364770534028e+00,2.000037848423251163e-01,1.002889157395688402e+00,1.005793040500958302e+00,1.995333373899059737e-01,1.002880146925174465e+00,1.005767258381102369e+00,1.994857342765229968e-01,1.002887631261341506e+00,1.005775255656346845e+00,2.000041169613839265e-01,-8.680211989408575528e-15,-7.339321236983945503e-13,-1.051055395008390742e-08,-6.381900349234074313e-06
1.387845892165626083e+02,1.635877533220772051e+01,1.002890547624717854e+00,1.005789450524432249e+00,2.000036123869673443e-01,1.002883885502595884e+00,1.005782311073994073e+00,1.995439704491767108e-01,1.002875021915055731e+00,1.005756775650421320e+00,1.995043677348048716e-01,1.002882225304249530e+00,1.005764442694699001e+00,2.000042274399245756e-01,-8.207457842513302016e-15,-6.937797501186908813e-13,-1.028137451975991859e-08,-6.226615830161054693e-06
1.390444854510505479e+02,1.638940974294219188e+01,1.002885129003939335e+00,1.005778581986231046e+00,2.000036027112525039e-01,1.002878627395252131e+00,1.005771612440516938e+00,1.995541903299467013e-01,1.002869857471742510e+00,1.005746253486545783e+00,1.995189277381473891e-01,1.002876835713012449e+00,1.005753665030795663e+00,2.000040707215141045e-01,-7.763306052536419188e-15,-6.560682605118677194e-13,-1.005613310388484573e-08,-6.074428592996546313e-06
1.393043816855384875e+02,1.642004415367666326e+01,1.002879733361337733e+00,1.005767759603186651e+00,2.000037801022334083e-01,1.002873391163890515e+00,1.005760962536106362e+00,1.995645626622503666e-01,1.002864653595235023e+00,1.005735691889476202e+00,1.995293989137425783e-01,1.002871462453203799e+00,1.005742922542116613e+00,2.000036507884035697e-01,-7.346003397250338572e-15,-6.206469449433635729e-13,-9.837004622894253834e-09,-5.927021267409709335e-06
1.395642779200264272e+02,1.645067856441113463e+01,1.002874353414403119e+00,1.005756968747061109e+00,2.000036482149311068e-01,1.002868169736805148e+00,1.005750345512050448e+00,1.995746052915074731e-01,1.002859410285533492e+00,1.005725090859212356e+00,1.995357658887822461e-01,1.002866116586636158e+00,1.005732229902742469e+00,2.000037459242461624e-01,-6.946307083244982089e-15,-5.867271759944414903e-13,-9.621915505456574266e-09,-5.782752805928962779e-06
1.398241741545143952e+02,1.648131297514560600e+01,1.002868994101733913e+00,1.005746219337499747e+00,2.000035564408053912e-01,1.002862962029413385e+00,1.005739758924065974e+00,1.995842485738903438e-01,1.002854167743386649e+00,1.005714504870399706e+00,1.995408238087452157e-01,1.002860794464687899e+00,1.005721582176728246e+00,2.000041117253963385e-01,-6.569020152109226677e-15,-5.547183304984735253e-13,-9.410533696962651635e-09,-5.641358019571468744e-06
1.400840703890023349e+02,1.651194738588007738e+01,1.002863659125103668e+00,1.005735518809413032e+00,2.000037706028219286e-01,1.002857771551729282e+00,1.005729210494766823e+00,1.995937422854623666e-01,1.002849124209471254e+00,1.005704202342090126e+00,1.995584581532975632e-01,1.002855488291766850e+00,1.005710968895472179e+00,2.000042114294272866e-01,-6.216296914473878903e-15,-5.248033900265698485e-13,-9.203742314585132917e-09,-5.503508367442405604e-06
1.403439666234902745e+02,1.654258179661454875e+01,1.002858339573730051e+00,1.005724849264318266e+00,2.000036784381183375e-01,1.002852600351817891e+00,1.005718704642430517e+00,1.996032360215405921e-01,1.002844042276007208e+00,1.005693861414231671e+00,1.995720871298744814e-01,1.002850198035263540e+00,1.005700389941095896e+00,2.000040489656803311e-01,-5.878397673875893576e-15,-4.961516966587897416e-13,-9.001966104268171811e-09,-5.369508316153855166e-06
1.406038628579782142e+02,1.657321620734902012e+01,1.002853038600760138e+00,1.005714217035450275e+00,2.000035063509918165e-01,1.002847442796066080e+00,1.005708228864850895e+00,1.996123434675962927e-01,1.002838921942994066e+00,1.005683482086824121e+00,1.995816957686287751e-01,1.002844923661986964e+00,1.005689845195528509e+00,2.000036282057113535e-01,-5.557927900971247473e-15,-4.689850348568830577e-13,-8.803677478614536048e-09,-5.238173428132635037e-06
1.408637590924661538e+02,1.660385061808349150e+01,1.002847763273455373e+00,1.005703636317374361e+00,2.000037564998805861e-01,1.002842298873071858e+00,1.005697783110317101e+00,1.996210691227815748e-01,1.002833763210432272e+00,1.005673064359868141e+00,1.995872690997132770e-01,1.002839676537819580e+00,1.005679349741128714e+00,2.000037558619781608e-01,-5.259822365804881794e-15,-4.437228631947428956e-13,-8.608845917511041377e-09,-5.109475045163176618e-06
1.411236553269541218e+02,1.663448502881796287e+01,1.002842503107155725e+00,1.005693086050770013e+00,2.000037032321373698e-01,1.002837176615285930e+00,1.005687384953816599e+00,1.996299818624005518e-01,1.002828585266999806e+00,1.005662634198354333e+00,1.995901461414829603e-01,1.002834451896900569e+00,1.005668897154849084e+00,2.000041062695163130e-01,-4.974200476111577751e-15,-4.195234236729377165e-13,-8.419388491688000089e-09,-4.984852593554906313e-06
1.413835515614420615e+02,1.666511943955243424e+01,1.002837259526444758e+00,1.005682569096887580e+00,2.000034525740077007e-01,1.002832068933849019e+00,1.005677018740532613e+00,1.996385918133261328e-01,1.002823622523111302e+00,1.005652508603136486e+00,1.996068902931759925e-01,1.002829242770723495e+00,1.005658478073502282e+00,2.000041955772090263e-01,-4.702022163341924262e-15,-3.964683286853377410e-13,-8.233461719875532097e-09,-4.862892157554814085e-06
1.416434477959300011e+02,1.669575385028690562e+01,1.002832042854392647e+00,1.005672106189344994e+00,2.000037379441082508e-01,1.002826974799501114e+00,1.005666682185370808e+00,1.996468321534712320e-01,1.002818622382440239e+00,1.005642345611135857e+00,1.996196961418098270e-01,1.002824049127832629e+00,1.005648092383449876e+00,2.000040276056561928e-01,-4.450113353516897553e-15,-3.751376817560181263e-13,-8.050784934515736983e-09,-4.743376409632957709e-06
1.419033440304179408e+02,1.672638826102137699e+01,1.002826841085080023e+00,1.005661673213810392e+00,2.000037227670315998e-01,1.002821897716841271e+00,1.005656382906493063e+00,1.996549554029846962e-01,1.002813584844986616e+00,1.005632145222352891e+00,1.996285491084600627e-01,1.002818870936218465e+00,1.005637739970871580e+00,2.000036061197837389e-01,-4.208711906370305193e-15,-3.547007990349409916e-13,-7.872141208155591841e-09,-4.626883780036739780e-06
1.421632402649058804e+02,1.675702267175584836e+01,1.002821654204959057e+00,1.005651270143034237e+00,2.000034118739186517e-01,1.002816839605944255e+00,1.005646125002697788e+00,1.996631039048498146e-01,1.002808509910750656e+00,1.005621907436787366e+00,1.996334346142022154e-01,1.002813719843758999e+00,1.005627436296845145e+00,2.000037650932142141e-01,-3.977719904824714607e-15,-3.351493289610065212e-13,-7.697879103029959293e-09,-4.513656637795673756e-06
1.424231364993938200e+02,1.678765708249031974e+01,1.002816494980669937e+00,1.005640922618033395e+00,2.000037150812615794e-01,1.002811794948819335e+00,1.005635896389863726e+00,1.996708942900102257e-01,1.002803397579731914e+00,1.005611632254439280e+00,1.996343380801119116e-01,1.002808590030037195e+00,1.005617173534672171e+00,2.000041006094096518e-01,-3.764712881061769570e-15,-3.171271234262529773e-13,-7.526670208546105095e-09,-4.402695448078482482e-06
1.426830327338817881e+02,1.681829149322479111e+01,1.002811350642039745e+00,1.005630604990021881e+00,2.000037372072820674e-01,1.002806763731661333e+00,1.005625697015562370e+00,1.996783308035575411e-01,1.002798513851256956e+00,1.005601678973366386e+00,1.996502217225585851e-01,1.002803475312395998e+00,1.005606943371487816e+00,2.000041798836132145e-01,-3.560701230122507960e-15,-2.998694715629549609e-13,-7.358487218419614276e-09,-4.293975648994197784e-06
1.429429289683697277e+02,1.684892590395926248e+01,1.002806220940584359e+00,1.005620316759891164e+00,2.000034663742186469e-01,1.002801753906739979e+00,1.005615544082864243e+00,1.996859838536080012e-01,1.002793594662554133e+00,1.005591690570805108e+00,1.996623017079496576e-01,1.002798375660483687e+00,1.005596745697705519e+00,2.000040066316593479e-01,-3.365455527384570006e-15,-2.833568304214386710e-13,-7.195015053076847915e-09,-4.188727019469834022e-06
1.432028252028576674e+02,1.687956031469373386e+01,1.002801116828032191e+00,1.005610079923019873e+00,2.000036880524636573e-01,1.002796758392109133e+00,1.005605422149436823e+00,1.996933575064562816e-01,1.002788639049619235e+00,1.005581665744011977e+00,1.996704951882451173e-01,1.002793291043418966e+00,1.005586580403564412e+00,2.000035845157239756e-01,-3.184580287323895596e-15,-2.680649981766698978e-13,-7.034619983938147924e-09,-4.085733107393988521e-06
1.434627214373456070e+02,1.691019472542820523e+01,1.002796028974966447e+00,1.005599875741656657e+00,2.000037467122664503e-01,1.002791776216012787e+00,1.005595329085583689e+00,1.997003880030703837e-01,1.002783647012452262e+00,1.005571604492986548e+00,1.996747879636638912e-01,1.002788233370291326e+00,1.005576463301030232e+00,2.000037736522084220e-01,-3.012190227802430439e-15,-2.534935798135517531e-13,-6.877065843460529729e-09,-3.984816303346475339e-06
1.437226176718335466e+02,1.694082913616267660e+01,1.002790955512698368e+00,1.005589700462655278e+00,2.000035151322038240e-01,1.002786810868089296e+00,1.005585272398063612e+00,1.997073299016507986e-01,1.002778618551052991e+00,1.005561506817728823e+00,1.996751658344247393e-01,1.002783195825395879e+00,1.005566385238658933e+00,2.000040947596141150e-01,-2.847183340293024790e-15,-2.395489641965269699e-13,-6.723044975006408905e-09,-3.886474195036693113e-06
1.439825139063215147e+02,1.697146354689714798e+01,1.002785905633506891e+00,1.005579572547312228e+00,2.000036569943091647e-01,1.002781864140123602e+00,1.005575255877196650e+00,1.997143180208525715e-01,1.002773794584695732e+00,1.005551697756812191e+00,1.996889586821131990e-01,1.002778172972847548e+00,1.005556338901699931e+00,2.000041643485999943e-01,-2.693610332048287932e-15,-2.265747858770409671e-13,-6.572841448733751367e-09,-3.790898600876592698e-06
1.442424101408094543e+02,1.700209795763161935e+01,1.002780873341496237e+00,1.005569479953229983e+00,2.000037514363015578e-01,1.002776930643189957e+00,1.005565267856105116e+00,1.997209730935190775e-01,1.002768955401684758e+00,1.005541880567598634e+00,1.997004003557061869e-01,1.002773164783350213e+00,1.005546324184439344e+00,2.000039860340304121e-01,-2.547957736770254067e-15,-2.142726736658528241e-13,-6.425303439407997332e-09,-3.697247144744589672e-06
1.445023063752973940e+02,1.703273236836609072e+01,1.002775855199389499e+00,1.005559415777033783e+00,2.000035583205599377e-01,1.002772010361572486e+00,1.005555308282079174e+00,1.997272991290464650e-01,1.002764080737475805e+00,1.005532027897186875e+00,1.997080207863854706e-01,1.002768171227102600e+00,1.005536340980997423e+00,2.000035633790366862e-01,-2.408519235227636146e-15,-2.024978109072141218e-13,-6.280406626073203139e-09,-3.605498808334182400e-06
1.447622026097853336e+02,1.706336677910056210e+01,1.002770858693749600e+00,1.005549395054012640e+00,2.000036220389215247e-01,1.002767111149019508e+00,1.005545393978750202e+00,1.997338665900020294e-01,1.002759170592068649e+00,1.005522139745577137e+00,1.997118061420063428e-01,1.002763204454831358e+00,1.005526405428015746e+00,2.000037815712714384e-01,-2.278131816722163299e-15,-1.914908170879265102e-13,-6.139627881539373908e-09,-3.516702939719349829e-06
1.450220988442732732e+02,1.709400118983503347e+01,1.002765881058336639e+00,1.005539412228225959e+00,2.000037515288467793e-01,1.002762225950951880e+00,1.005535509731169119e+00,1.997401749498826373e-01,1.002754224965463736e+00,1.005512216112769419e+00,1.997117425904242904e-01,1.002758256711598461e+00,1.005516507123932479e+00,2.000040887336597961e-01,-2.155078127953243432e-15,-1.811055569793570461e-13,-6.001523668579206232e-09,-3.429814442570603585e-06
1.452819950787612413e+02,1.712463560056950485e+01,1.002760917337264912e+00,1.005529457346587385e+00,2.000035961066851387e-01,1.002757353854317746e+00,1.005525653560573662e+00,1.997461636923516526e-01,1.002749460595475650e+00,1.005502549099276610e+00,1.997235603505758961e-01,1.002753323271247776e+00,1.005506639702620886e+00,2.000041489718220877e-01,-2.037255452183290812e-15,-1.711637135033567011e-13,-5.865896144045902037e-09,-3.344688581502150257e-06
1.455418913132491809e+02,1.715527001130397622e+01,1.002755973363447239e+00,1.005519542123091359e+00,2.000035833143181396e-01,1.002752498325727215e+00,1.005515832856866520e+00,1.997520887914895071e-01,1.002744700382864673e+00,1.005492899732269851e+00,1.997344424051586964e-01,1.002748404105493041e+00,1.005496803062069677e+00,2.000039658032780887e-01,-1.926563504161286686e-15,-1.618262261314581678e-13,-5.733355756912485366e-09,-3.261752815802128225e-06
1.458017875477371206e+02,1.718590442203844759e+01,1.002751049499684077e+00,1.005509667285906961e+00,2.000037471346334528e-01,1.002747661029723236e+00,1.005506051113607358e+00,1.997580773698862389e-01,1.002739905603300841e+00,1.005483215798310237e+00,1.997415673366576827e-01,1.002743499185566156e+00,1.005486997100110136e+00,2.000035426956542350e-01,-1.822617900225133020e-15,-1.530600609944931591e-13,-5.604132316276145956e-09,-3.181157978854618931e-06
1.460616837822250602e+02,1.721653883277291897e+01,1.002746139319885987e+00,1.005499819929575711e+00,2.000036286527991924e-01,1.002742836716551400e+00,1.005496297077577150e+00,1.997637552171614983e-01,1.002735076256784152e+00,1.005473497297397989e+00,1.997449216693416296e-01,1.002738620885394338e+00,1.005477238253369876e+00,2.000037888809254316e-01,-1.723075571563268099e-15,-1.446667363927425533e-13,-5.477229855598072667e-09,-3.102195057674261825e-06
1.463215800167129998e+02,1.724717324350739034e+01,1.002741247053767548e+00,1.005490008548265646e+00,2.000035409443597367e-01,1.002738025369008801e+00,1.005486570696149773e+00,1.997691261243331740e-01,1.002730212343314831e+00,1.005463744229532885e+00,1.997444919274791730e-01,1.002733760563839338e+00,1.005467514940775020e+00,2.000040825441694314e-01,-1.629114705006574861e-15,-1.367459563663057251e-13,-5.352626802051627294e-09,-3.024846093234343152e-06
1.465814762512009395e+02,1.727780765424186171e+01,1.002736376095694881e+00,1.005480239958227662e+00,2.000037383939384239e-01,1.002733234727500422e+00,1.005476888409225555e+00,1.997747593391261400e-01,1.002725507314079056e+00,1.005454217056938049e+00,1.997544428155757223e-01,1.002728914169344732e+00,1.005457821697888443e+00,2.000041337526848872e-01,-1.541318813466423027e-15,-1.293471703715205852e-13,-5.231614368006472512e-09,-2.950005387741192665e-06
1.468413724856889075e+02,1.730844206497633309e+01,1.002731518596254645e+00,1.005470498395905299e+00,2.000036561161047388e-01,1.002728457782074312e+00,1.005467235240915302e+00,1.997801510367219480e-01,1.002720824962271218e+00,1.005444732118786710e+00,1.997648358766112298e-01,1.002724081674592149e+00,1.005448158426242244e+00,2.000039459301107270e-01,-1.457226597124740678e-15,-1.222619088385234841e-13,-5.112920633596412429e-09,-2.876776282550683934e-06
1.471012687201768472e+02,1.733907647571080446e+01,1.002726677230861618e+00,1.005460789233975305e+00,2.000034950490356400e-01,1.002723693678780670e+00,1.005457609358427540e+00,1.997852440704913080e-01,1.002716108929714300e+00,1.005435213499886515e+00,1.997715347715906808e-01,1.002719263051801590e+00,1.005438525027216645e+00,2.000035224519515764e-01,-1.377469322174323115e-15,-1.155435698003789185e-13,-4.996380590157533662e-09,-2.805041180007070735e-06
1.473611649546647868e+02,1.736971088644527583e+01,1.002721858331001137e+00,1.005451125186845207e+00,2.000037254426201838e-01,1.002718945854440546e+00,1.005448018030661528e+00,1.997902952843848834e-01,1.002711359216408527e+00,1.005425661200237464e+00,1.997745263702644380e-01,1.002714470880731179e+00,1.005428938214164125e+00,2.000037956100382264e-01,-1.303318743499962129e-15,-1.092994941707211260e-13,-4.882531085369161057e-09,-2.735166808611714028e-06
1.476210611891527265e+02,1.740034529717974721e+01,1.002717052669347853e+00,1.005441487724174188e+00,2.000036786490221041e-01,1.002714215848461876e+00,1.005438464466589021e+00,1.997954240168629270e-01,1.002706575822353674e+00,1.005416075219839112e+00,1.997737975423826418e-01,1.002709695684231184e+00,1.005419385293317092e+00,2.000040762029441088e-01,-1.232284958209805676e-15,-1.033189897856907769e-13,-4.771556552276429737e-09,-2.667270913511553807e-06
1.478809574236406661e+02,1.743097970791421858e+01,1.002712261414411277e+00,1.005431879192456801e+00,2.000034457445305780e-01,1.002709498557553092e+00,1.005428937820843194e+00,1.998002618930665997e-01,1.002701929798705427e+00,1.005406685656796029e+00,1.997819827620039013e-01,1.002704934052021768e+00,1.005409861657407422e+00,2.000041186903940282e-01,-1.164591229079377070e-15,-9.762091497273715407e-14,-4.662598026569677575e-09,-2.600757477063020478e-06
1.481408536581286342e+02,1.746161411864868995e+01,1.002707493743276501e+00,1.005422318020224193e+00,2.000037084123502673e-01,1.002704793963385521e+00,1.005419438041183389e+00,1.998048125019343535e-01,1.002697324136931245e+00,1.005397361763155750e+00,1.997919501188315794e-01,1.002700185957710488e+00,1.005400367211356727e+00,2.000039264054576382e-01,-1.101975855879986338e-15,-9.235180672556613504e-14,-4.555636445484954053e-09,-2.535611176351170340e-06
1.484007498926165738e+02,1.749224852938316133e+01,1.002702739094697648e+00,1.005412782998808430e+00,2.000036963992668504e-01,1.002700109681240015e+00,1.005409981182218138e+00,1.998096427932555263e-01,1.002692685653331583e+00,1.005388005047689992e+00,1.997982850897410401e-01,1.002695451374463698e+00,1.005390901859941843e+00,2.000035026347517786e-01,-1.041982279717814797e-15,-8.730422062042621680e-14,-4.451797981987681479e-09,-2.472593279599527932e-06
1.486606461271045134e+02,1.752288294011763270e+01,1.002697997457363543e+00,1.005403274105463707e+00,2.000034139282299006e-01,1.002695438760235813e+00,1.005400552515986146e+00,1.998142467807269562e-01,1.002688014347906220e+00,1.005378615510398532e+00,1.998009748793289075e-01,1.002690743071504409e+00,1.005381482571321650e+00,2.000038017859432360e-01,-9.845860335812431429e-16,-8.247609463462481719e-14,-4.349964886596151581e-09,-2.410935495029144476e-06
1.489205423615924531e+02,1.755351735085210407e+01,1.002693279921844649e+00,1.005393813610834908e+00,2.000036874306947154e-01,1.002690780405277593e+00,1.005391150350353424e+00,1.998185707701020664e-01,1.002683310220655155e+00,1.005369193151281371e+00,1.998000066921919171e-01,1.002686050783180960e+00,1.005372095602287574e+00,2.000040697210360985e-01,-9.316630223094404768e-16,-7.802583744691255605e-14,-4.250000142431567110e-09,-2.350542567886597563e-06
1.491804385960803927e+02,1.758415176158657545e+01,1.002688575479017130e+00,1.005384379407291195e+00,2.000037095101196705e-01,1.002686138017785833e+00,1.005381781830201104e+00,1.998228719981543222e-01,1.002678722797321953e+00,1.005359938949699217e+00,1.998065208909090285e-01,1.002681371708867619e+00,1.005362737160490960e+00,2.000041037839937752e-01,-8.809960752382155170e-16,-7.376608415935945343e-14,-4.152374711951876476e-09,-2.291728720348733215e-06
1.494403348305683323e+02,1.761478617232104682e+01,1.002683883836774204e+00,1.005374970908225363e+00,2.000034635438375230e-01,1.002681513014958670e+00,1.005372449892321551e+00,1.998272620001745048e-01,1.002674192605330861e+00,1.005350772734981746e+00,1.998161191710299545e-01,1.002676705823059677e+00,1.005353407154099044e+00,2.000039072204826407e-01,-8.325140005021412864e-16,-6.969081963045416611e-14,-4.057235313720698034e-09,-2.234585105505208386e-06
1.497002310650563004e+02,1.764542058305551819e+01,1.002679214506334571e+00,1.005365607212436396e+00,2.000036626213515800e-01,1.002676900444895658e+00,1.005363144091623528e+00,1.998313788625347420e-01,1.002669630423925762e+00,1.005341574530850268e+00,1.998221456599975909e-01,1.002672053099830096e+00,1.005344105491140949e+00,2.000034832313259126e-01,-7.876024942237738491e-16,-6.591700894920360587e-14,-3.963842956222770088e-09,-2.178611300966084807e-06
1.499601272995442400e+02,1.767605499378998957e+01,1.002674559478867744e+00,1.005356272237475812e+00,2.000037181204996628e-01,1.002672300288448337e+00,1.005353864376497874e+00,1.998352259871166436e-01,1.002665036253107100e+00,1.005332344337305006e+00,1.998245878869196468e-01,1.002667426482441337e+00,1.005334849373923145e+00,2.000038074345454886e-01,-7.448169411105503956e-16,-6.232253493186295116e-14,-3.872180853640213865e-09,-2.123794251143143806e-06
1.502200235340321797e+02,1.770668940452446094e+01,1.002669917045835746e+00,1.005346962552482237e+00,2.000035079545612604e-01,1.002667720026611420e+00,1.005344626416990517e+00,1.998393671081520606e-01,1.002660410092874654e+00,1.005323082154346181e+00,1.998234333809038865e-01,1.002662814961728488e+00,1.005325624069691282e+00,2.000040631088121079e-01,-7.038707742073098608e-16,-5.888318835148851676e-14,-3.783228996005443974e-09,-2.070781240883965135e-06
1.504799197685201193e+02,1.773732381525893231e+01,1.002665295185372951e+00,1.005337694177445451e+00,2.000036341041401267e-01,1.002663152779545319e+00,1.005335415739504690e+00,1.998432950719040424e-01,1.002655880803096755e+00,1.005313961056636618e+00,1.998283650823774460e-01,1.002658216316702600e+00,1.005316426560912024e+00,2.000040890323967202e-01,-6.657640032859047122e-16,-5.568312297255154864e-14,-3.696007566341146958e-09,-2.018914807254964843e-06
1.507398160030080589e+02,1.776795822599340369e+01,1.002660688799368316e+00,1.005328456874984733e+00,2.000037223650903140e-01,1.002658597810249352e+00,1.005326230787021213e+00,1.998469596821013106e-01,1.002651424821535908e+00,1.005304949182433294e+00,1.998376448720659837e-01,1.002653630522709394e+00,1.005307256758860568e+00,2.000038883665921641e-01,-6.296395925440375547e-16,-5.265014630993026045e-14,-3.610403297613328003e-09,-1.968118041251877911e-06
1.509997122374960270e+02,1.779859263672787506e+01,1.002656094806039677e+00,1.005319244456819305e+00,2.000035473105521988e-01,1.002654058480138888e+00,1.005317078578366052e+00,1.998506181533598047e-01,1.002646937657233561e+00,1.005295906125488470e+00,1.998434122764285170e-01,1.002649057554690248e+00,1.005298114574680213e+00,2.000034642293878895e-01,-5.950621465611677204e-16,-4.974756455595762990e-14,-3.526828391170056876e-09,-1.918659841098400514e-06
1.512596084719839666e+02,1.782922704746234643e+01,1.002651519695322513e+00,1.005310069954388652e+00,2.000036019952913524e-01,1.002649536087742543e+00,1.005307961790623761e+00,1.998543742552784663e-01,1.002642419310189714e+00,1.005286831885802146e+00,1.998456551390494218e-01,1.002644510515409149e+00,1.005289017425352815e+00,2.000038125804164679e-01,-5.627295408181693155e-16,-4.703421553615485619e-14,-3.445398413639169796e-09,-1.870610092555594436e-06
1.515195047064719063e+02,1.785986145819681781e+01,1.002646961192945385e+00,1.005300928800686666e+00,2.000037223745987913e-01,1.002645025835510406e+00,1.005298870370014086e+00,1.998578730285874017e-01,1.002637869780404367e+00,1.005277726463374544e+00,1.998443613035131294e-01,1.002639977694798512e+00,1.005279949645310644e+00,2.000040563760076551e-01,-5.322297135439319052e-16,-4.447546188691964801e-14,-3.365479066368850857e-09,-1.823549131207727860e-06
1.517794009409598459e+02,1.789049586893128918e+01,1.002642414885760003e+00,1.005291812134214702e+00,2.000035817574231101e-01,1.002640527703733353e+00,1.005289804265758313e+00,1.998611177021397955e-01,1.002633398103789597e+00,1.005268736208929203e+00,1.998477933161156017e-01,1.002635457423003196e+00,1.005270908953752151e+00,2.000040744344089294e-01,-5.030307901516543351e-16,-4.202633508061162808e-14,-3.287055616499965098e-09,-1.777465848191728787e-06
1.520392971754477855e+02,1.792113027966576055e+01,1.002637885819054109e+00,1.005282730085430121e+00,2.000035664074486796e-01,1.002636049032196386e+00,1.005280778765969218e+00,1.998646680228684247e-01,1.002629015043393190e+00,1.005259875371243394e+00,1.998567997305884247e-01,1.002630949676183381e+00,1.005261895264929928e+00,2.000038698354384969e-01,-4.755985468470170750e-16,-3.972591104605427008e-14,-3.210979003599861593e-09,-1.732910002641992348e-06
1.522991934099357252e+02,1.795176469040023193e+01,1.002633374458119730e+00,1.005273683588252975e+00,2.000037182757431198e-01,1.002631583021910577e+00,1.005271779655761311e+00,1.998680165351933713e-01,1.002624601581958430e+00,1.005250984132519232e+00,1.998623519773570500e-01,1.002626454430113112e+00,1.005252908492970443e+00,2.000034456170861064e-01,-4.498512282830371188e-16,-3.756723668182285249e-14,-3.136392350962123639e-09,-1.689319668252060543e-06
1.525590896444236932e+02,1.798239910113470330e+01,1.002628875099055294e+00,1.005264661189621211e+00,2.000036114365591200e-01,1.002627128992809702e+00,1.005262805507555646e+00,1.998711165556310287e-01,1.002620157719485317e+00,1.005242062492756716e+00,1.998644382047483348e-01,1.002621984933353305e+00,1.005243966251175847e+00,2.000038172468801279e-01,-4.251986513860628601e-16,-3.550065185628364431e-14,-3.063202449465268147e-09,-1.646632958428863109e-06
1.528189858789116329e+02,1.801303351186917467e+01,1.002624391384760116e+00,1.005255670203976992e+00,2.000035274498391247e-01,1.002622690262576777e+00,1.005253863212927312e+00,1.998742249173085794e-01,1.002615683455973850e+00,1.005233110451955847e+00,1.998630465610892193e-01,1.002617528815303860e+00,1.005235051994911588e+00,2.000040495317756128e-01,-4.019281379211891523e-16,-3.355031703637799187e-14,-2.991769272395903575e-09,-1.605079706962619449e-06
1.530788821133995725e+02,1.804366792260364605e+01,1.002619926438331754e+00,1.005246716901789350e+00,2.000037101914868831e-01,1.002618268015060599e+00,1.005244955201644919e+00,1.998774377072904396e-01,1.002611268825643220e+00,1.005224248782918384e+00,1.998650563635132604e-01,1.002613084930167986e+00,1.005226164143934842e+00,2.000040599887492054e-01,-3.801959613279654234e-16,-3.172938919368817598e-14,-2.922182819813699161e-09,-1.564712880592348515e-06
1.533387783478875122e+02,1.807430233333811742e+01,1.002615473304505178e+00,1.005237787317621923e+00,2.000036364851410786e-01,1.002613857608390946e+00,1.005236071801214992e+00,1.998804072996072656e-01,1.002606957375340224e+00,1.005215535718323228e+00,1.998738295698435086e-01,1.002608653254888571e+00,1.005217302615352137e+00,2.000038516189205917e-01,-3.593836918548178911e-16,-2.998586266068777036e-14,-2.853899854927920013e-09,-1.525180943394548829e-06
1.535986745823754518e+02,1.810493674407258879e+01,1.002611034264801804e+00,1.005228886032358160e+00,2.000034852283535114e-01,1.002609459022515859e+00,1.005227212961847139e+00,1.998831367630492239e-01,1.002602616281498715e+00,1.005206793010189559e+00,1.998792056423533414e-01,1.002604233766037245e+00,1.005208467326149213e+00,2.000034273829929821e-01,-3.396431834488760661e-16,-2.833252431053713139e-14,-2.786907485845474239e-09,-1.486474455166113176e-06
1.538585708168634199e+02,1.813557115480706017e+01,1.002606615020801950e+00,1.005220024493536757e+00,2.000036982411246556e-01,1.002605079450997305e+00,1.005218393593916071e+00,1.998861812141959904e-01,1.002598245544118472e+00,1.005198020658517155e+00,1.998811730246766449e-01,1.002599839845050411e+00,1.005199676068639913e+00,2.000038214560905803e-01,-3.212997378061914917e-16,-2.679684943600898157e-14,-2.721943078862650523e-09,-1.449059842159766762e-06
1.541184670513513595e+02,1.816620556554153154e+01,1.002602207404083678e+00,1.005211186300158932e+00,2.000036570363464272e-01,1.002600712183624010e+00,1.005209599743801752e+00,1.998890336457751216e-01,1.002593845163199715e+00,1.005189218663306239e+00,1.998797201604473606e-01,1.002595458499053072e+00,1.005190911470059456e+00,2.000040425847284531e-01,-3.037297747815189554e-16,-2.532618668013404606e-14,-2.658258952204035518e-09,-1.412457407791706450e-06
1.543783632858392991e+02,1.819683997627600291e+01,1.002597812374593556e+00,1.005202373379572300e+00,2.000034398457345153e-01,1.002596356595794713e+00,1.005200830107643828e+00,1.998916508763964039e-01,1.002589486972274679e+00,1.005180483329692898e+00,1.998803802648804473e-01,1.002591089080582476e+00,1.005182172616352343e+00,2.000040456940654632e-01,-2.869846363747063707e-16,-2.392481413830035342e-14,-2.595778760451442259e-09,-1.376617532073072840e-06
1.546382595203272388e+02,1.822747438701047429e+01,1.002593438135425563e+00,1.005193602201646552e+00,2.000036825403959106e-01,1.002592015958497118e+00,1.005192091449285341e+00,1.998942890482276191e-01,1.002585245806320025e+00,1.005171914820529588e+00,1.998889559607709421e-01,1.002586731567331135e+00,1.005173459427360916e+00,2.000038337091813445e-01,-2.715044861821714269e-16,-2.262962214406187863e-14,-2.534816203720908378e-09,-1.341736428950390246e-06
1.548981557548151784e+02,1.825810879774494566e+01,1.002589075342065206e+00,1.005184854004329553e+00,2.000036732194326594e-01,1.002587691345202314e+00,1.005183385963383413e+00,1.998970366855047920e-01,1.002580975730880786e+00,1.005163317401881473e+00,1.998941903806853715e-01,1.002582385936636733e+00,1.005164771822812941e+00,2.000034095160919678e-01,-2.566748867579806646e-16,-2.138900112602094069e-14,-2.475440439918725969e-09,-1.307853683376583458e-06
1.551580519893031180e+02,1.828874320847941704e+01,1.002584723984994319e+00,1.005176128768486832e+00,2.000034155955030535e-01,1.002583378269711112e+00,1.005174704347923331e+00,1.998995537765847763e-01,1.002576676745957185e+00,1.005154691073748996e+00,1.998960722544244062e-01,1.002578065690627351e+00,1.005156127757713902e+00,2.000038252291030105e-01,-2.424897712296365060e-16,-2.020243897603400294e-14,-2.417187197291034304e-09,-1.274675156031628773e-06
1.554179482237910861e+02,1.831937761921388841e+01,1.002580393753701671e+00,1.005167445948018212e+00,2.000036632016596316e-01,1.002579076711809458e+00,1.005166046554225590e+00,1.999018432420412716e-01,1.002572348851549000e+00,1.005146035836131935e+00,1.998945903117889111e-01,1.002573757250417197e+00,1.005147509079449497e+00,2.000040355429765770e-01,-2.294110692342514069e-16,-1.910869907090859346e-14,-2.360045226735856776e-09,-1.242192834730938603e-06
1.556778444582790257e+02,1.835001202994835978e+01,1.002576075103965181e+00,1.005158786380248248e+00,2.000036851599295284e-01,1.002574793715442114e+00,1.005157427120394686e+00,1.999044550378514251e-01,1.002568046459030970e+00,1.005137424600357265e+00,1.998939686053285703e-01,1.002569460442427340e+00,1.005138915507484798e+00,2.000040315489481635e-01,-2.168949228138406309e-16,-1.806219235682770051e-14,-2.304652231337991633e-09,-1.210802032055156326e-06
1.559377406927669654e+02,1.838064644068283116e+01,1.002571767713068773e+00,1.005150149417219918e+00,2.000034609379290340e-01,1.002570522665469754e+00,1.005148832355105215e+00,1.999068832520722316e-01,1.002563874243254771e+00,1.005128997479073805e+00,1.999023784567680040e-01,1.002565175245069939e+00,1.005130346964286048e+00,2.000038160986042646e-01,-2.049202006033125849e-16,-1.706113973891400540e-14,-2.250357200337305652e-09,-1.180093724296782382e-06
1.561976369272549050e+02,1.841128085141730253e+01,1.002567479887692681e+00,1.005141551736205008e+00,2.000036403339005286e-01,1.002566262991058776e+00,1.005140261072511088e+00,1.999090881740714365e-01,1.002559673829350073e+00,1.005120542159661845e+00,1.999075017245114383e-01,1.002560901934039128e+00,1.005121803769039701e+00,2.000034152496735773e-01,-1.938273779623146599e-16,-1.613407194248538708e-14,-2.197097903724455924e-09,-1.150028278919221630e-06
1.564575331617428446e+02,1.844191526215177390e+01,1.002563204715509970e+00,1.005132979458973619e+00,2.000036929796492613e-01,1.002562017914197190e+00,1.005131719908849863e+00,1.999113249898639699e-01,1.002555445217316876e+00,1.005112058642121386e+00,1.999093274156776567e-01,1.002556653227801853e+00,1.005113302833565481e+00,2.000038285859390141e-01,-1.832640910596280650e-16,-1.525141768598428784e-14,-2.145147166915395714e-09,-1.120773016922840575e-06
1.567174293962308127e+02,1.847254967288624528e+01,1.002558940628360595e+00,1.005124429437082023e+00,2.000035015412143791e-01,1.002557788402481220e+00,1.005123210835597192e+00,1.999136748092491256e-01,1.002551188407154736e+00,1.005103546926451985e+00,1.999078445373854984e-01,1.002552415888707360e+00,1.005104826461663325e+00,2.000040284141623992e-01,-1.731564159432270482e-16,-1.440696270341825699e-14,-2.094557277744825375e-09,-1.092357007310028158e-06
1.569773256307187523e+02,1.850318408362071665e+01,1.002554694589016027e+00,1.005115915649381408e+00,2.000036140429266029e-01,1.002553570124285809e+00,1.005114724909858426e+00,1.999158054323223188e-01,1.002546941143241499e+00,1.005095057567306549e+00,1.999060046024461745e-01,1.002548189896194764e+00,1.005096374578431817e+00,2.000040175519404162e-01,-1.637499558819947177e-16,-1.362122871714922008e-14,-2.044932244760152221e-09,-1.064534402887262775e-06
1.572372218652066920e+02,1.853381849435518802e+01,1.002550462241641016e+00,1.005107429350497128e+00,2.000036967970045265e-01,1.002549363059384913e+00,1.005106262084157320e+00,1.999177196423609082e-01,1.002542836540504911e+00,1.005086768720034440e+00,1.999142766431604434e-01,1.002543975229367224e+00,1.005087947108855406e+00,2.000037987798081451e-01,-1.548370270692081974e-16,-1.287685506378285079e-14,-1.996262278301156014e-09,-1.037298411669032637e-06
1.574971180996946316e+02,1.856445290508965940e+01,1.002546240809040867e+00,1.005098964964695085e+00,2.000035375366537860e-01,1.002545174100075487e+00,1.005097836530814970e+00,1.999199618030704229e-01,1.002538704429032146e+00,1.005078452364025932e+00,1.999193156397401916e-01,1.002539772592508482e+00,1.005079544945159054e+00,2.000034319743431155e-01,-1.463071680336968908e-16,-1.216458188693560099e-14,-1.949097861711581652e-09,-1.010983735720257222e-06
1.577570143341825712e+02,1.859508731582413077e+01,1.002542035947866284e+00,1.005090533848369105e+00,2.000035844314441702e-01,1.002540996731176914e+00,1.005089434820541694e+00,1.999220276529364571e-01,1.002534544808822980e+00,1.005070108499281245e+00,1.999211108680600257e-01,1.002535593518801837e+00,1.005071183420401582e+00,2.000038315456465210e-01,-1.383310983174203286e-16,-1.149870784729176856e-14,-1.902873307687245324e-09,-9.852420059180294693e-07
1.580169105686705109e+02,1.862572172655860214e+01,1.002537845785543613e+00,1.005082132241790882e+00,2.000036967268315480e-01,1.002536830433758963e+00,1.005081055879871510e+00,1.999238809040713161e-01,1.002530357679877637e+00,1.005061737125800381e+00,1.999196516039944693e-01,1.002531425535225562e+00,1.005062845859269194e+00,2.000040212054910171e-01,-1.308104767094819814e-16,-1.087105535412332353e-14,-1.857538149336009309e-09,-9.600416972420473683e-07
1.582768068031584789e+02,1.865635613729307352e+01,1.002533666371197452e+00,1.005073752212999771e+00,2.000035690518138232e-01,1.002532678379076225e+00,1.005072706218071765e+00,1.999257755606054232e-01,1.002526164850762180e+00,1.005053367441929968e+00,1.999166530185119417e-01,1.002527268621868028e+00,1.005054532189271654e+00,2.000040037015478889e-01,-1.236115299236692731e-16,-1.027039579246578806e-14,-1.813329207385497129e-09,-9.355253341924286025e-07
1.585367030376464186e+02,1.868699054802754489e+01,1.002529502092064373e+00,1.005065402569725430e+00,2.000035515991666624e-01,1.002528541433460374e+00,1.005064387595030917e+00,1.999277854881349736e-01,1.002522126525698276e+00,1.005045213811377458e+00,1.999248120140036111e-01,1.002523122758496532e+00,1.005046242337809925e+00,2.000037817456413736e-01,-1.168477367697149049e-16,-9.706247917225000996e-15,-1.770285219208396737e-09,-9.117137818054776235e-07
1.587965992721343582e+02,1.871762495876201626e+01,1.002525353487709658e+00,1.005057084394913813e+00,2.000036928807866488e-01,1.002524415417890280e+00,1.005056091415256203e+00,1.999295864250937305e-01,1.002518061360047508e+00,1.005037033340238306e+00,1.999297903670560483e-01,1.002518989056953913e+00,1.005037977742047284e+00,2.000034479239951868e-01,-1.105023754703043392e-16,-9.177359518957513001e-15,-1.728069076745109891e-09,-8.884017733366208595e-07
1.590564955066222979e+02,1.874825936949648764e+01,1.002521215467905069e+00,1.005048787469381422e+00,2.000035962106331000e-01,1.002520300312251589e+00,1.005047817632543028e+00,1.999311810275216650e-01,1.002513969353809875e+00,1.005028826028512068e+00,1.999315776140180301e-01,1.002514877917928482e+00,1.005029752226589856e+00,2.000038341263550845e-01,-1.044277123505983190e-16,-8.671186514986819153e-15,-1.686672281633969104e-09,-8.655835578820971315e-07
1.593163917411102375e+02,1.877889378023095901e+01,1.002517091186136300e+00,1.005040518123883952e+00,2.000035156428757732e-01,1.002516202856306160e+00,1.005039580060717919e+00,1.999331077209721141e-01,1.002509850506985156e+00,1.005020591876198743e+00,1.999301632912383608e-01,1.002510777600948533e+00,1.005021550094189919e+00,2.000040139237583003e-01,-9.869346872633660003e-17,-8.193487888333330307e-15,-1.646569181797510723e-09,-8.435422411791834388e-07
1.595762879755982055e+02,1.880952819096543038e+01,1.002512983525023715e+00,1.005032282145173150e+00,2.000036853672862158e-01,1.002512116638505590e+00,1.005031365531187326e+00,1.999348643678356685e-01,1.002505711399178434e+00,1.005012339689130174e+00,1.999260619095217240e-01,1.002506688086726605e+00,1.005013371274671607e+00,2.000039899962454959e-01,-9.334116354368048478e-17,-7.747696427280293072e-15,-1.607269183338495617e-09,-8.219814395978060339e-07
1.598361842100861452e+02,1.884016260169990176e+01,1.002508886288322021e+00,1.005024067093850171e+00,2.000036191335356761e-01,1.002508041189848598e+00,1.005023173077340237e+00,1.999364180417601000e-01,1.002501738022293809e+00,1.005004318276876640e+00,1.999341296883589969e-01,1.002502609355667484e+00,1.005005215697755805e+00,2.000037649891757696e-01,-8.821617722227516275e-17,-7.320903599750660437e-15,-1.568731579127333787e-09,-8.008761891403617783e-07
1.600960804445740848e+02,1.887079701243437313e+01,1.002504801430418535e+00,1.005015876893350812e+00,2.000034766565627342e-01,1.002503979629609132e+00,1.005015009082537158e+00,1.999380213740338808e-01,1.002497738452433174e+00,1.004996270671647318e+00,1.999390681051208540e-01,1.002498542907163337e+00,1.004997085318806604e+00,2.000034631297242516e-01,-8.335480319711557992e-17,-6.916147279697505642e-15,-1.531161558825222000e-09,-7.803477617704162766e-07
1.603559766790620245e+02,1.890143142316884450e+01,1.002500734109877722e+00,1.005007721899338513e+00,2.000036742916375121e-01,1.002499932727501708e+00,1.005006875106285946e+00,1.999397411727589779e-01,1.002493712689596750e+00,1.004988196873441986e+00,1.999408669486237300e-01,1.002494498059721462e+00,1.004988992520990720e+00,2.000038363453268964e-01,-7.883961648322255824e-17,-6.540340023154108956e-15,-1.494587067050088318e-09,-7.604106752752458224e-07
1.606158729135499641e+02,1.893206583390331588e+01,1.002496677056814445e+00,1.004999587517274140e+00,2.000036379376216311e-01,1.002495896454446811e+00,1.004998762888583475e+00,1.999412611815231111e-01,1.002489660733784316e+00,1.004980096882260643e+00,1.999395160076837541e-01,1.002490463774810436e+00,1.004980922544266742e+00,2.000040065753766194e-01,-7.451528985037629454e-17,-6.180484116378581613e-15,-1.458721647437693915e-09,-7.408937213270474253e-07
1.608757691480379037e+02,1.896270024463778725e+01,1.002492631060188710e+00,1.004991475330955675e+00,2.000034347315180761e-01,1.002491870790541473e+00,1.004990672384542316e+00,1.999425839382476811e-01,1.002485582584996315e+00,1.004971970698103734e+00,1.999350050711174165e-01,1.002486440033743653e+00,1.004972875320683023e+00,2.000039764344846982e-01,-7.039348061835135500e-17,-5.837551439588270718e-15,-1.423557939898086508e-09,-7.217920360169021525e-07
1.611356653825258718e+02,1.899333465537225862e+01,1.002488603489311014e+00,1.004983400133910409e+00,2.000036597561598850e-01,1.002487862323076406e+00,1.004982617057399663e+00,1.999442416589755633e-01,1.002481664869202316e+00,1.004964067907267333e+00,1.999423599776719296e-01,1.002482426817537853e+00,1.004964850782187114e+00,2.000037485036990081e-01,-6.658504727796238284e-17,-5.520768749536711656e-15,-1.389503992177260347e-09,-7.033448535923887693e-07
1.613955616170138114e+02,1.902396906610673000e+01,1.002484586032103442e+00,1.004975345239664142e+00,2.000036527366055583e-01,1.002483864746772424e+00,1.004974583997019444e+00,1.999457347312547095e-01,1.002477729555189434e+00,1.004956150210308152e+00,1.999472765474398506e-01,1.002478425994090427e+00,1.004956851376896720e+00,2.000034776212240850e-01,-6.293722854206123191e-17,-5.217377116438111687e-15,-1.356135123319285555e-09,-6.853002871394056463e-07
1.616554578515017511e+02,1.905460347684120137e+01,1.002480578680499779e+00,1.004967310632003841e+00,2.000034169543048468e-01,1.002479877640513495e+00,1.004966572338262365e+00,1.999470335187440717e-01,1.002473768675961718e+00,1.004948206948134137e+00,1.999491039656389468e-01,1.002474445847695739e+00,1.004948888110429372e+00,2.000038382190051367e-01,-5.944853503263271258e-17,-4.927251386955576217e-15,-1.323418687903873996e-09,-6.676386649435504846e-07
1.619153540859896907e+02,1.908523788757567274e+01,1.002476589944175434e+00,1.004959313393436915e+00,2.000036418602577915e-01,1.002475904070762702e+00,1.004958588339995629e+00,1.999483891196827956e-01,1.002469782231518725e+00,1.004940238120744844e+00,1.999478322658146956e-01,1.002470476012548906e+00,1.004940947120952055e+00,2.000039991663984384e-01,-5.623221171168199096e-17,-4.659836916415829574e-15,-1.291532156235527390e-09,-6.504630673496961998e-07
1.621752503204776303e+02,1.911587229831014412e+01,1.002472611506440181e+00,1.004951336828509012e+00,2.000036636410665869e-01,1.002471944715243479e+00,1.004950633372138746e+00,1.999498614830874099e-01,1.002465770221860675e+00,1.004932243728140495e+00,1.999434514815122688e-01,1.002466516470539970e+00,1.004933028342649415e+00,2.000039630146980552e-01,-5.315546050982653718e-17,-4.404071311676164899e-15,-1.260494957178193102e-09,-6.337831487360875517e-07
1.624351465549655984e+02,1.914650670904461549e+01,1.002468643023776362e+00,1.004943380247608653e+00,2.000034585368527240e-01,1.002467995691616709e+00,1.004942699498198255e+00,1.999511423744800842e-01,1.002461900937771100e+00,1.004924448768959699e+00,1.999496198153241644e-01,1.002462567203274979e+00,1.004925131709609731e+00,2.000037322827085962e-01,-5.021219975976967846e-17,-4.159447561164841300e-15,-1.230064101332355378e-09,-6.174562513560218485e-07
1.626950427894535380e+02,1.917714111977908686e+01,1.002464691788323981e+00,1.004935458288879424e+00,2.000036207005201905e-01,1.002464056980270302e+00,1.004934786674632985e+00,1.999522342219100801e-01,1.002458028552751790e+00,1.004916658085226455e+00,1.999545302838212357e-01,1.002458630429025277e+00,1.004917260138476154e+00,2.000034914268605524e-01,-4.748556365570639578e-17,-3.932910445117536491e-15,-1.200233228538045965e-09,-6.014782659800165007e-07
1.629549390239414777e+02,1.920777553051355824e+01,1.002460751804802319e+00,1.004927558917156682e+00,2.000036707585257367e-01,1.002460135016872922e+00,1.004926908022453436e+00,1.999536628249299619e-01,1.002454131211098165e+00,1.004908842444858896e+00,1.999564009306273038e-01,1.002454713443618584e+00,1.004909423318247397e+00,2.000038397630582165e-01,-4.489007466319499173e-17,-3.717312373190189806e-15,-1.171352782032810283e-09,-5.860511658350532289e-07
1.632148352584294173e+02,1.923840994124802961e+01,1.002456821628785910e+00,1.004919679232872953e+00,2.000034957865389207e-01,1.002456223604168750e+00,1.004919050887002507e+00,1.999549314337808470e-01,1.002450208912810448e+00,1.004901001847857245e+00,1.999552220265392866e-01,1.002450806526083982e+00,1.004901608248066847e+00,2.000039917025377423e-01,-4.240681159142277406e-17,-3.511071198703888376e-15,-1.143055789655301061e-09,-5.709611021791477323e-07
1.634747314929173569e+02,1.926904435198250098e+01,1.002452907367823443e+00,1.004911831496024588e+00,2.000035963708380604e-01,1.002452322366848447e+00,1.004911214499393024e+00,1.999560136227175045e-01,1.002446261657888193e+00,1.004893136294221057e+00,1.999509838423544350e-01,1.002446909658866403e+00,1.004893814864171508e+00,2.000039497353042484e-01,-4.009580653380603280e-17,-3.319173257375746183e-15,-1.115316235045119715e-09,-5.561926575863216152e-07
1.637346277274053250e+02,1.929967876271697236e+01,1.002449005284113737e+00,1.004904008203243437e+00,2.000036741934629880e-01,1.002448434318089054e+00,1.004903404995701299e+00,1.999571588238495401e-01,1.002442440146402713e+00,1.004885447210588145e+00,1.999560140588644841e-01,1.002443022824138108e+00,1.004886043102706461e+00,2.000037163199042123e-01,-3.790709905369076648e-17,-3.137449383518484750e-15,-1.088287354496656748e-09,-5.418333602800364386e-07
1.639945239618932646e+02,1.933031317345144373e+01,1.002445112863237453e+00,1.004896204307136331e+00,2.000035288188535820e-01,1.002444560048183497e+00,1.004895623566610663e+00,1.999584203334098531e-01,1.002438629379152513e+00,1.004877780708495649e+00,1.999609320767931353e-01,1.002439148573280647e+00,1.004878296325771858e+00,2.000035045737406647e-01,-3.581281626604390353e-17,-2.963582387373422428e-15,-1.061981929467535777e-09,-5.278891808098557058e-07
1.642544201963812043e+02,1.936094758418591510e+01,1.002441235060187896e+00,1.004888429753942880e+00,2.000035689624038993e-01,1.002440695817919281e+00,1.004887862587200864e+00,1.999594979137206407e-01,1.002434794245320893e+00,1.004870089839821734e+00,1.999628585313285023e-01,1.002435293257293081e+00,1.004870582963871106e+00,2.000038409924209948e-01,-3.385454389445349054e-17,-2.801036778912890549e-15,-1.036194187748240632e-09,-5.142413672320856644e-07
1.645143164308691439e+02,1.939158199492038648e+01,1.002437370332487365e+00,1.004880681447166246e+00,2.000036740475071850e-01,1.002436841608040030e+00,1.004880122015290977e+00,1.999603938907089928e-01,1.002430934744908075e+00,1.004862374604566400e+00,1.999617839232965821e-01,1.002431447773400652e+00,1.004862890841564660e+00,2.000039841891903258e-01,-3.200889942635416941e-17,-2.647877846374151066e-15,-1.010918644782189409e-09,-5.008864515727133045e-07
1.647742126653570836e+02,1.942221640565485785e+01,1.002433515125771946e+00,1.004872952251980811e+00,2.000035577461712344e-01,1.002433003704082060e+00,1.004872414638351641e+00,1.999616274956416972e-01,1.002427050877914061e+00,1.004854635002730090e+00,1.999576987535232331e-01,1.002427612104582311e+00,1.004855219897063279e+00,2.000039365947118841e-01,-3.024238575890417253e-17,-2.501314856918555797e-15,-9.864558019450782237e-10,-4.879947951236093121e-07
1.650341088998450232e+02,1.945285081638932922e+01,1.002429673273636634e+00,1.004865249863490906e+00,2.000035385639138963e-01,1.002429176017818335e+00,1.004864728053622480e+00,1.999627051230147001e-01,1.002423276473061620e+00,1.004847049867662045e+00,1.999616366748434015e-01,1.002423786233554326e+00,1.004847570068488904e+00,2.000037006091811287e-01,-2.858246526461052275e-17,-2.363638509767601733e-15,-9.624890923822734764e-10,-4.753850260619558343e-07
1.652940051343329912e+02,1.948348522712380060e+01,1.002425845368488444e+00,1.004857575470600617e+00,2.000036704194428083e-01,1.002425358217664320e+00,1.004857061583430911e+00,1.999636034726884060e-01,1.002419526030121188e+00,1.004839504779588388e+00,1.999665740227583310e-01,1.002419973028365163e+00,1.004839945141425606e+00,2.000035170877765833e-01,-2.702587212323250893e-17,-2.234564649724771674e-15,-9.389979254918169053e-10,-4.630451344374044105e-07
1.655539013688209309e+02,1.951411963785827197e+01,1.002422026845232406e+00,1.004849919909762690e+00,2.000035826777295522e-01,1.002421553263332044e+00,1.004849421242996366e+00,1.999645702009904547e-01,1.002415751792758325e+00,1.004831935897092299e+00,1.999685670149355665e-01,1.002416177936825026e+00,1.004832352343342894e+00,2.000038419213339413e-01,-2.553586144661871253e-17,-2.111027577352477046e-15,-9.161143981324736175e-10,-4.510493689573005328e-07
1.658137976033088705e+02,1.954475404859274335e+01,1.002418220446370523e+00,1.004842288685853680e+00,2.000035052615603270e-01,1.002417761662145690e+00,1.004841808053668073e+00,1.999656521624879058e-01,1.002411953760973029e+00,1.004824343220173555e+00,1.999676063752539312e-01,1.002412392448907452e+00,1.004824780290249242e+00,2.000039766314521128e-01,-2.412927673041490883e-17,-1.994421851060075461e-15,-8.938461674108627155e-10,-4.394009486138057356e-07
1.660736938377968102e+02,1.957538845932721472e+01,1.002414428840419536e+00,1.004834687155058415e+00,2.000036634053786733e-01,1.002413979814103628e+00,1.004834214690291994e+00,1.999665570568036066e-01,1.002408131934765079e+00,1.004816726748832378e+00,1.999636828275921652e-01,1.002408616548104980e+00,1.004817228922252781e+00,2.000039235913232127e-01,-2.281711250604643642e-17,-1.885654920096703781e-15,-8.720192588850606909e-10,-4.280011156530293043e-07
1.663335900722847498e+02,1.960602287006168609e+01,1.002410646479956702e+00,1.004827104182187014e+00,2.000036037198721639e-01,1.002410207700354272e+00,1.004826641112047891e+00,1.999672871146714048e-01,1.002404403965893920e+00,1.004809243665545582e+00,1.999665718155940741e-01,1.002404850217658350e+00,1.004809698179377486e+00,2.000036851446232999e-01,-2.156088563406370373e-17,-1.781534864397961760e-15,-8.506289524619495110e-10,-4.168469462867854669e-07
1.665934863067727179e+02,1.963665728079615747e+01,1.002406875045869228e+00,1.004819543141131977e+00,2.000034691391030794e-01,1.002406451458312198e+00,1.004819099781765424e+00,1.999683548948699152e-01,1.002400712573345842e+00,1.004801817288026200e+00,1.999715386070938516e-01,1.002401096626616583e+00,1.004802192249756532e+00,2.000035289937465433e-01,-2.036922737402192316e-17,-1.682780265821678755e-15,-8.299325392054610618e-10,-4.060820109957881648e-07
1.668533825412606575e+02,1.966729169153062884e+01,1.002403119225624417e+00,1.004812013440486762e+00,2.000036530987246985e-01,1.002402705109153302e+00,1.004811578544515305e+00,1.999692701685893692e-01,1.002396997941253920e+00,1.004794367670962973e+00,1.999736072213356974e-01,1.002397360359343237e+00,1.004794717210761634e+00,2.000038425633795525e-01,-1.926294146056843014e-17,-1.591132550405643732e-15,-8.096573789490253482e-10,-3.955526335264582808e-07
1.671132787757485971e+02,1.969792610226510021e+01,1.002399372517087661e+00,1.004804502028917579e+00,2.000036209759807337e-01,1.002398968362951281e+00,1.004804076808993862e+00,1.999700126721008497e-01,1.002393260069618597e+00,1.004786894814356346e+00,1.999727685985147330e-01,1.002393633474243817e+00,1.004787262437388806e+00,2.000039690341366694e-01,-1.820349638464046294e-17,-1.503384374256836414e-15,-7.897873006393246766e-10,-3.852495225708479536e-07
1.673731750102365368e+02,1.972856051299957159e+01,1.002395635568209542e+00,1.004797010206963881e+00,2.000034302780041295e-01,1.002395244126026652e+00,1.004796600471680401e+00,1.999708281972381596e-01,1.002389498958439429e+00,1.004779398718205652e+00,1.999690136788261907e-01,1.002389915955305355e+00,1.004779827871571385e+00,2.000039107235365710e-01,-1.719349733012618182e-17,-1.419752683216411285e-15,-7.704360003623887008e-10,-3.752356011371942385e-07
1.676330712447244764e+02,1.975919492373404296e+01,1.002391915029812175e+00,1.004789551323905794e+00,2.000036395903578568e-01,1.002391532827070053e+00,1.004789150394039821e+00,1.999717573699270057e-01,1.002385816752170422e+00,1.004772015820982967e+00,1.999708947967295536e-01,1.002386207786272854e+00,1.004772413455162106e+00,2.000036699204964241e-01,-1.626069668923893144e-17,-1.342535833641270986e-15,-7.516072439004465790e-10,-3.655120687246948465e-07
1.678929674792124160e+02,1.978982933446851433e+01,1.002388203471905159e+00,1.004782110466230227e+00,2.000036345467436083e-01,1.002387831001162910e+00,1.004781719539072693e+00,1.999725157395848829e-01,1.002382183157094930e+00,1.004764705514631373e+00,1.999758996618269669e-01,1.002382512422268279e+00,1.004765023758896536e+00,2.000035403153513636e-01,-1.536735920241826661e-17,-1.268591003596367354e-15,-7.331541689622360181e-10,-3.559968719415053807e-07
1.681528637137003841e+02,1.982046374520298571e+01,1.002384500887607333e+00,1.004774687620108686e+00,2.000034180616206414e-01,1.002384138629894617e+00,1.004774307867312588e+00,1.999731054479777781e-01,1.002378526860669972e+00,1.004757372506930091e+00,1.999780515208113840e-01,1.002378833622150411e+00,1.004757663760584618e+00,2.000038429315161570e-01,-1.451312450878175195e-17,-1.197887630081726442e-15,-7.150727210397460860e-10,-3.466875482433736775e-07
1.684127599481883237e+02,1.985109815593745708e+01,1.002380814786401064e+00,1.004767297858086383e+00,2.000036229687283951e-01,1.002380461704982739e+00,1.004766927525961639e+00,1.999740323176372458e-01,1.002374847862895990e+00,1.004750016797880008e+00,1.999773415236899832e-01,1.002375163989513984e+00,1.004750323563183834e+00,2.000039614017913026e-01,-1.372567982238273927e-17,-1.132717201921305943e-15,-6.975828774916318598e-10,-3.377049865533428489e-07
1.686726561826762634e+02,1.988173256667192845e+01,1.002377137887173975e+00,1.004759926565701678e+00,2.000036445300667487e-01,1.002376794356852896e+00,1.004759566603475207e+00,1.999748096860132496e-01,1.002371146163772986e+00,1.004742638387480902e+00,1.999737608204701367e-01,1.002371503508821649e+00,1.004743003110383226e+00,2.000038979897493796e-01,-1.297272856139903131e-17,-1.070409165231760161e-15,-6.804501968701484546e-10,-3.289191013817983320e-07
1.689325524171642030e+02,1.991236697740639983e+01,1.002373469833024444e+00,1.004752573026582052e+00,2.000034563189094505e-01,1.002373136335204418e+00,1.004752224590272691e+00,1.999754202340960629e-01,1.002367509045737348e+00,1.004735353842354240e+00,1.999746729835600034e-01,1.002367852164304685e+00,1.004735702345795678e+00,2.000036549312416423e-01,-1.225255810070279025e-17,-1.010822188476925075e-15,-6.636620899499186247e-10,-3.203227614235831864e-07
1.691924486516521426e+02,1.994300138814087120e+01,1.002369817055877466e+00,1.004745250150259839e+00,2.000036033197940544e-01,1.002369490493248527e+00,1.004744907266351683e+00,1.999761078184076335e-01,1.002363932017388048e+00,1.004728157031550939e+00,1.999797232339614039e-01,1.002364213682929162e+00,1.004728426203745695e+00,2.000035510752688206e-01,-1.158534262317737895e-17,-9.556386789264316258e-16,-6.473162683615010221e-10,-3.119692413361909302e-07
1.694523448861401107e+02,1.997363579887534257e+01,1.002366174332511184e+00,1.004737947452933433e+00,2.000036510212566676e-01,1.002365857185234077e+00,1.004737615342290447e+00,1.999769070493957468e-01,1.002360332809776322e+00,1.004720938041485212e+00,1.999819646641412263e-01,1.002360591034281656e+00,1.004721178610742616e+00,2.000038430381106680e-01,-1.095042203202523667e-17,-9.031404609356576987e-16,-6.314135974067294337e-10,-3.038582918093548210e-07
1.697122411206280503e+02,2.000427020960981395e+01,1.002362540328127105e+00,1.004730662255484797e+00,2.000034905998469281e-01,1.002362233077057185e+00,1.004730342057884362e+00,1.999775412157947241e-01,1.002356711422901947e+00,1.004713696872156836e+00,1.999813886276392561e-01,1.002356977344923017e+00,1.004713950368038677e+00,2.000039537387118260e-01,-1.034298872605445239e-17,-8.529262472508411648e-16,-6.158302868993490237e-10,-2.959218004656605287e-07
1.699721373551159900e+02,2.003490462034428532e+01,1.002358920425175937e+00,1.004723405360869348e+00,2.000035807272135813e-01,1.002358618150777314e+00,1.004723087375003265e+00,1.999780123763504058e-01,1.002353067856765145e+00,1.004706433523566034e+00,1.999779864779952510e-01,1.002353372599775083e+00,1.004706741421014682e+00,2.000038853883603363e-01,-9.777636376937035661e-18,-8.062015070200653970e-16,-6.005628603265451226e-10,-2.881576952414405582e-07
1.702320335896039296e+02,2.006553903107875669e+01,1.002355311403771099e+00,1.004716170306313661e+00,2.000036541130417178e-01,1.002355018255161934e+00,1.004715863134276077e+00,1.999788195876574803e-01,1.002349475153145208e+00,1.004699245528833274e+00,1.999779665940843720e-01,1.002349776783535873e+00,1.004699551714976158e+00,2.000036401714689327e-01,-9.242455024645814597e-18,-7.619722945921989618e-16,-5.857991326798784852e-10,-2.806676816751021896e-07
1.704919298240918692e+02,2.009617344181322807e+01,1.002351710977631871e+00,1.004708952503034158e+00,2.000035210065653213e-01,1.002351427629295966e+00,1.004708657662803040e+00,1.999794799058371153e-01,1.002345953483878338e+00,1.004692159701216836e+00,1.999830683719826807e-01,1.002346193881453074e+00,1.004692386529711712e+00,2.000035612952032194e-01,-8.730454272528967150e-18,-7.196600718196485195e-16,-5.713378124908985725e-10,-2.733417460205084860e-07
1.707518260585798089e+02,2.012680785254769944e+01,1.002348123507074362e+00,1.004701760702349622e+00,2.000035552723803123e-01,1.002347846060518410e+00,1.004701470528281959e+00,1.999799788634202546e-01,1.002342410141884965e+00,1.004685052200873896e+00,1.999854045525018831e-01,1.002342626108447599e+00,1.004685248786525875e+00,2.000038428949679481e-01,-8.251743193217591596e-18,-6.800999458654204056e-16,-5.571691979662386387e-10,-2.661744653418657841e-07
1.710117222930677769e+02,2.015744226328217081e+01,1.002344547722446633e+00,1.004694592355810601e+00,2.000036538957203347e-01,1.002344276349385721e+00,1.004694307396594599e+00,1.999805583264538111e-01,1.002338845127165312e+00,1.004677923027804676e+00,1.999849666866519160e-01,1.002339067092794966e+00,1.004678129956597665e+00,2.000039460489568544e-01,-7.800782777896973210e-18,-6.428397785602285141e-16,-5.433771421265470595e-10,-2.592109039636094529e-07
1.712716185275557166e+02,2.018807667401664219e+01,1.002340980411690952e+00,1.004687441016619331e+00,2.000035476385196020e-01,1.002340718779740181e+00,1.004687168835984634e+00,1.999812471012850923e-01,1.002335258439719379e+00,1.004670772182009397e+00,1.999817463254429106e-01,1.002335516819858885e+00,1.004671029986934805e+00,2.000038729177712749e-01,-7.369206163295400885e-18,-6.071880166606586763e-16,-5.299603995968247469e-10,-2.524498049526310536e-07
1.715315147620436562e+02,2.021871108475111356e+01,1.002337424939606425e+00,1.004680313437945394e+00,2.000035270345372762e-01,1.002337170143947853e+00,1.004680048351973554e+00,1.999817760875960693e-01,1.002331709478612165e+00,1.004663678968602092e+00,1.999808294256815444e-01,1.002331975274787235e+00,1.004663948824473296e+00,2.000036256359514486e-01,-6.963612139676353581e-18,-5.736951174860351162e-16,-5.168147778667514418e-10,-2.458346786959716627e-07
1.717914109965315959e+02,2.024934549548558493e+01,1.002333881935086657e+00,1.004673210881799283e+00,2.000036504571698903e-01,1.002333630424556477e+00,1.004672945907745474e+00,1.999821472662664523e-01,1.002328241984595802e+00,1.004656701674387920e+00,1.999859878375463973e-01,1.002328446688175445e+00,1.004656892077181674e+00,2.000035709959338825e-01,-6.583382898527932537e-18,-5.423088912787946389e-16,-5.039373011338677369e-10,-2.393637833252188879e-07
1.720513072310195355e+02,2.027997990622005631e+01,1.002330347285314671e+00,1.004666125093637730e+00,2.000035705925362894e-01,1.002330105330382581e+00,1.004665873046382440e+00,1.999828529275557154e-01,1.002324753309377980e+00,1.004649703198972066e+00,1.999884229340516961e-01,1.002324932553343650e+00,1.004649861705202651e+00,2.000038425133597308e-01,-6.219438059802872059e-18,-5.122721634701695844e-16,-4.914881109278491992e-10,-2.331226154062039892e-07
1.723112034655075036e+02,2.031061431695452768e+01,1.002326823385488064e+00,1.004659060880556787e+00,2.000034960906852677e-01,1.002326589208215601e+00,1.004658818328671321e+00,1.999834139659899812e-01,1.002321243452958255e+00,1.004642683542354309e+00,1.999881264578256546e-01,1.002321426979951413e+00,1.004642849822501294e+00,2.000039383363609036e-01,-5.875825494553761160e-18,-4.839176548944634375e-16,-4.792946284833972828e-10,-2.270182202126425184e-07
1.725710996999954432e+02,2.034124872768899905e+01,1.002323312712729564e+00,1.004652023213921774e+00,2.000036438829390639e-01,1.002323081881105971e+00,1.004651781395347721e+00,1.999838186721216438e-01,1.002317712415336626e+00,1.004635642704534648e+00,1.999850901514962920e-01,1.002317929953788100e+00,1.004635856377653180e+00,2.000038605763892197e-01,-5.555461670292629792e-18,-4.574807282279425594e-16,-4.673494663834471039e-10,-2.210465192514444133e-07
1.728309959344833828e+02,2.037188313842347043e+01,1.002319810277810586e+00,1.004645002080366334e+00,2.000035899629329927e-01,1.002319586097550896e+00,1.004644767800618732e+00,1.999843068797818035e-01,1.002314206527953111e+00,1.004628642536254279e+00,1.999833095121124060e-01,1.002314441460436134e+00,1.004628881319164391e+00,2.000036113196188570e-01,-5.248818130720464105e-18,-4.321758063297090396e-16,-4.557244843321290244e-10,-2.152455977071702726e-07
1.730908921689713225e+02,2.040251754915794180e+01,1.002316317531563694e+00,1.004638000391620656e+00,2.000034625158972346e-01,1.002316102074858106e+00,1.004637777978511615e+00,1.999849017997954725e-01,1.002310792049689425e+00,1.004621771387412377e+00,1.999885287488472607e-01,1.002310965963502110e+00,1.004621930566699017e+00,2.000035801973596150e-01,-4.957943900854614546e-18,-4.081721198050348486e-16,-4.444169501888374358e-10,-2.096135288063167305e-07
1.733507884034592621e+02,2.043315195989241317e+01,1.002312838750352375e+00,1.004631026729975618e+00,2.000036342563133451e-01,1.002312626727489331e+00,1.004630805689526118e+00,1.999853418000406002e-01,1.002307356867257138e+00,1.004614879534402094e+00,1.999910660335801060e-01,1.002307504266303662e+00,1.004615005161325847e+00,2.000038419040512661e-01,-4.688051221853476830e-18,-3.859059389488633390e-16,-4.333392883891466821e-10,-2.041035031886383496e-07
1.736106846379472017e+02,2.046378637062688455e+01,1.002309368092237696e+00,1.004624069370860573e+00,2.000036058415487761e-01,1.002309160038493019e+00,1.004623850898133108e+00,1.999856287884100581e-01,1.002303900980656470e+00,1.004607966977223432e+00,1.999909132949078960e-01,1.002304050940431956e+00,1.004608097833828984e+00,2.000039306045467424e-01,-4.429599159606978694e-18,-3.645893496753112537e-16,-4.224889558956288816e-10,-1.987140578941783347e-07
1.738705808724351698e+02,2.049442078136135592e+01,1.002305906088261978e+00,1.004617129380019236e+00,2.000034263831281800e-01,1.002305707579917105e+00,1.004616924858815930e+00,1.999862483124693058e-01,1.002300424389887423e+00,1.004601033715876168e+00,1.999880624614274183e-01,1.002300605972086478e+00,1.004601208534293688e+00,2.000038483626275787e-01,-4.183157770790350225e-18,-3.442702095808282887e-16,-4.120023231415689139e-10,-1.935170066693763299e-07
1.741304771069231094e+02,2.052505519209582729e+01,1.002302458766333837e+00,1.004610218854834480e+00,2.000036216583759296e-01,1.002302263805007421e+00,1.004610016360936386e+00,1.999867251970645909e-01,1.002296960911606138e+00,1.004594124889510720e+00,1.999854497169606948e-01,1.002297169347267536e+00,1.004594337212738164e+00,2.000035972175522869e-01,-3.955616011534187838e-18,-3.255186107382092469e-16,-4.017316346955355595e-10,-1.884338779263997580e-07
1.743903733414110491e+02,2.055568960283029867e+01,1.002299019454874873e+00,1.004603324405885845e+00,2.000036183178410254e-01,1.002298828570661104e+00,1.004603125114226891e+00,1.999870503975313130e-01,1.002293598314284884e+00,1.004587357558824001e+00,1.999907331616883610e-01,1.002293745750827414e+00,1.004587490084797974e+00,2.000035889185413085e-01,-3.737717634023418416e-18,-3.075632685710029398e-16,-3.916713467170402648e-10,-1.834616453768878008e-07
1.746502695758989887e+02,2.058632401356477004e+01,1.002295588147979144e+00,1.004596446021307043e+00,2.000034189617765634e-01,1.002295404574026660e+00,1.004596256563712098e+00,1.999874616854541154e-01,1.002290215475839519e+00,1.004580569987013172e+00,1.999933751211298849e-01,1.002290335326283754e+00,1.004580667312699127e+00,2.000038410773264941e-01,-3.529377190434722168e-18,-2.903967424003632095e-16,-3.818829581476250551e-10,-1.786324678244309395e-07
1.749101658103869283e+02,2.061695842429924141e+01,1.002292171501932616e+00,1.004589597059396544e+00,2.000036061680929844e-01,1.002291991969578744e+00,1.004589411016898248e+00,1.999879768805216673e-01,1.002286812396269822e+00,1.004573762174078011e+00,1.999933677043972680e-01,1.002286933088540444e+00,1.004573862219189762e+00,2.000039228569368277e-01,-3.337358468495855883e-18,-2.745728610992599915e-16,-3.723627379386384606e-10,-1.739440043063057223e-07
1.751700620448748964e+02,2.064759283503371279e+01,1.002288763114703274e+00,1.004582764671874795e+00,2.000036274789137869e-01,1.002288587789514018e+00,1.004582582478859232e+00,1.999883416653761015e-01,1.002283389075575792e+00,1.004566934120018518e+00,1.999907030206026226e-01,1.002283539024193093e+00,1.004567074755809752e+00,2.000038362749078924e-01,-3.153844572395309064e-18,-2.594495484189475573e-16,-3.630371761705356319e-10,-1.693574999355824161e-07
1.754299582793628360e+02,2.067822724576818416e+01,1.002285362621630149e+00,1.004575948126895213e+00,2.000034542643261415e-01,1.002285192017386750e+00,1.004575770915321131e+00,1.999885578792109375e-01,1.002279967346862311e+00,1.004560114965357354e+00,1.999872882691736131e-01,1.002280153119645467e+00,1.004560304874036136e+00,2.000035833249785011e-01,-2.978360811835286316e-18,-2.449881465080693879e-16,-3.539041030366036055e-10,-1.648717270876829825e-07
1.756898545138507757e+02,2.070886165650265553e+01,1.002281975720779039e+00,1.004569158859560885e+00,2.000035878623367958e-01,1.002281810091792957e+00,1.004568987300995087e+00,1.999891043710694538e-01,1.002276655520572879e+00,1.004553449185380698e+00,1.999926385938098350e-01,1.002276780269767631e+00,1.004553559070471058e+00,2.000035971777423816e-01,-2.815779728143581656e-18,-2.315944760679457090e-16,-3.450795027383985895e-10,-1.605469597432782388e-07
1.759497507483387153e+02,2.073949606723712691e+01,1.002278597842904073e+00,1.004562387699914350e+00,2.000036334096809698e-01,1.002278436570945841e+00,1.004562220648606452e+00,1.999895099635986828e-01,1.002273323902698854e+00,1.004546763613819671e+00,1.999953870250502641e-01,1.002273419987153913e+00,1.004546836666961873e+00,2.000038400430119157e-01,-2.661107553166992317e-18,-2.188572799189151739e-16,-3.364370426922960073e-10,-1.563170098706268008e-07
1.762096469828266549e+02,2.077013047797159828e+01,1.002275227750794029e+00,1.004555632165036183e+00,2.000034859050861813e-01,1.002275071343793789e+00,1.004555470733040190e+00,1.999897681846790620e-01,1.002269972493239791e+00,1.004540058250673606e+00,1.999955258472573272e-01,1.002270067712198065e+00,1.004540131554428006e+00,2.000039150967642954e-01,-2.513129185491807849e-18,-2.066754095222297463e-16,-3.279726376222556596e-10,-1.521796695765336312e-07
1.764695432173145946e+02,2.080076488870606966e+01,1.002271870208381266e+00,1.004548901815232043e+00,2.000035668160184410e-01,1.002271717056938627e+00,1.004548742892659829e+00,1.999901147236361476e-01,1.002266601292195913e+00,1.004533333095942504e+00,1.999930473447934232e-01,1.002266723431876949e+00,1.004533443685811545e+00,2.000038243116605552e-01,-2.375363339690639479e-18,-1.953394765103115318e-16,-3.197388511626619282e-10,-1.481620703464740784e-07
1.767294394518025626e+02,2.083139929944054103e+01,1.002268522432367748e+00,1.004542191064757839e+00,2.000036361928417827e-01,1.002268373805554225e+00,1.004542037315738545e+00,1.999905622087048696e-01,1.002263220659401988e+00,1.004526601975697764e+00,1.999888592459260483e-01,1.002263387132983130e+00,1.004526773013993957e+00,2.000035696372648442e-01,-2.245001688035471925e-18,-1.846128198846867941e-16,-3.117313303381368015e-10,-1.442616478230929788e-07
1.769893356862905023e+02,2.086203371017501240e+01,1.002265182335697169e+00,1.004535495725240812e+00,2.000035139747513291e-01,1.002265038735254521e+00,1.004535348241877513e+00,1.999908634757374404e-01,1.002259958519219341e+00,1.004520035537638467e+00,1.999942784976047605e-01,1.002260063909691912e+00,1.004520126302228755e+00,2.000036049924661941e-01,-2.120306161800525790e-18,-1.743519429681149259e-16,-3.038884518944191142e-10,-1.404463424389342291e-07
1.772492319207784419e+02,2.089266812090948378e+01,1.002261853771642119e+00,1.004528823529349246e+00,2.000035431020360521e-01,1.002261711830101598e+00,1.004528675638023616e+00,1.999910202992977726e-01,1.002256677023953380e+00,1.004513449744495635e+00,1.999971345945106838e-01,1.002256752671288220e+00,1.004513502068766551e+00,2.000038388104988518e-01,-2.003736245885287650e-18,-1.647578256432905892e-16,-2.962083672529908104e-10,-1.367151249331816145e-07
1.775091281552663816e+02,2.092330253164395515e+01,1.002258535697216457e+00,1.004522172383865763e+00,2.000036359089448768e-01,1.002258398398639283e+00,1.004522030207787298e+00,1.999915048904709614e-01,1.002253376173604327e+00,1.004506844596269932e+00,1.999974199911739581e-01,1.002253449266587992e+00,1.004506894749914503e+00,2.000039073270832024e-01,-1.893992632999298441e-18,-1.557249938333897539e-16,-2.887896041548366264e-10,-1.331185456071993067e-07
1.777690243897543212e+02,2.095393694237842652e+01,1.002255225197637101e+00,1.004515536439400281e+00,2.000035385617834893e-01,1.002255093102373262e+00,1.004515401181989676e+00,1.999918501167490814e-01,1.002250055968171738e+00,1.004500220092960694e+00,1.999951271421246957e-01,1.002250153682936684e+00,1.004500304299966729e+00,2.000038124713267029e-01,-1.788985793477784427e-18,-1.470829251597591064e-16,-2.815242869096551013e-10,-1.296008240373810401e-07
1.780289206242422893e+02,2.098457135311289790e+01,1.002251925238391683e+00,1.004508921646942721e+00,2.000035167914526457e-01,1.002251795860577888e+00,1.004508788397017627e+00,1.999920519875919289e-01,1.002246716407656058e+00,1.004493576234568364e+00,1.999902485018930087e-01,1.002246865907501006e+00,1.004493730673157836e+00,2.000035561499139136e-01,-1.690291673497390066e-18,-1.389635638396672979e-16,-2.744094754493048887e-10,-1.261603843978082588e-07
1.782888168587302289e+02,2.101520576384736927e+01,1.002248636472339971e+00,1.004502329316468101e+00,2.000036326364902917e-01,1.002248509270182941e+00,1.004502197087105309e+00,1.999923440987338430e-01,1.002243502270188991e+00,1.004487106155140141e+00,1.999956826859414227e-01,1.002243591223536567e+00,1.004487180885728081e+00,2.000036123794921294e-01,-1.597786467057421402e-18,-1.313578384665511077e-16,-2.674900399280347656e-10,-1.228200977358422094e-07
1.785487130932181685e+02,2.104584017458184064e+01,1.002245355178520647e+00,1.004495751980858387e+00,2.000035597524121855e-01,1.002245233370423483e+00,1.004495627328189755e+00,1.999927340811317178e-01,1.002240269824982599e+00,1.004480617976502455e+00,1.999986471161042945e-01,1.002240327963431987e+00,1.004480652687515185e+00,2.000038373887648713e-01,-1.509237840724423755e-18,-1.240798030826376247e-16,-2.607612926697676596e-10,-1.195773162093717951e-07
1.788086093277061082e+02,2.107647458531631202e+01,1.002242083456929445e+00,1.004489193854214424e+00,2.000034879534391685e-01,1.002241965416082570e+00,1.004489073584716952e+00,1.999929817567095980e-01,1.002237018448606687e+00,1.004474110866695247e+00,1.999990789178957284e-01,1.002237072368078463e+00,1.004474141038390389e+00,2.000038995507781858e-01,-1.425609814556880346e-18,-1.172087005316629122e-16,-2.541716399432231786e-10,-1.164055405631588440e-07
1.790685055621940478e+02,2.110710899605078339e+01,1.002238823612943586e+00,1.004482659562655478e+00,2.000036264520036189e-01,1.002238705391728324e+00,1.004482535824818390e+00,1.999930888391187322e-01,1.002233748141061476e+00,1.004467584825718740e+00,1.999969707111062256e-01,1.002233824425176723e+00,1.004467645893952099e+00,2.000038007523583516e-01,-1.347677979094338327e-18,-1.108054131679554312e-16,-2.477195091052327732e-10,-1.133039085689874378e-07
1.793284017966820159e+02,2.113774340678525476e+01,1.002235571140416059e+00,1.004476140063509160e+00,2.000035776306654245e-01,1.002235458479303176e+00,1.004476024489493913e+00,1.999935209758639809e-01,1.002230458902346966e+00,1.004461039853572712e+00,1.999923151155263423e-01,1.002230584122255408e+00,1.004461167209741213e+00,2.000035428585587860e-01,-1.273102197479694404e-18,-1.046770920738513859e-16,-2.414885022088077732e-10,-1.103147842414229084e-07
1.795882980311699555e+02,2.116837781751972614e+01,1.002232327295580427e+00,1.004469637877641874e+00,2.000034566554071691e-01,1.002232219441779870e+00,1.004469529022376184e+00,1.999938151083479332e-01,1.002227281843059981e+00,1.004454650841299701e+00,1.999968777154297606e-01,1.002227356921888024e+00,1.004454712241937608e+00,2.000036193549098174e-01,-1.202370587382394035e-18,-9.886340467248190911e-17,-2.353866193493783376e-10,-1.073911967357083019e-07
1.798481942656578951e+02,2.119901222825419751e+01,1.002229095994106700e+00,1.004463160862490323e+00,2.000036174300353353e-01,1.002228988227108930e+00,1.004463049317888768e+00,1.999939696386630050e-01,1.002224097400648661e+00,1.004448258169919450e+00,1.999999506887935319e-01,1.002224140604836666e+00,1.004448278005626305e+00,2.000038357863939964e-01,-1.136790746292163348e-18,-9.347292623598197523e-17,-2.294118119021279108e-10,-1.045320544334502477e-07
1.801080905001458348e+02,2.122964663898866888e+01,1.002225871965116255e+00,1.004456698440917117e+00,2.000035922784754450e-01,1.002225767383475130e+00,1.004456590508663538e+00,1.999942160646055456e-01,1.002220894438827559e+00,1.004441846979129638e+00,2.000005282898209558e-01,1.002220931788407432e+00,1.004441859963337791e+00,2.000038917705733443e-01,-1.073996919592693823e-18,-8.831266553065290138e-17,-2.236023360867639437e-10,-1.017566213099002693e-07
1.803679867346337744e+02,2.126028104972314026e+01,1.002222655642261540e+00,1.004450251483106404e+00,2.000034229630278382e-01,1.002222556897372829e+00,1.004450152564824172e+00,1.999945572085977952e-01,1.002217672957597117e+00,1.004435417268930264e+00,1.999986032988247397e-01,1.002217730460644107e+00,1.004435458071928133e+00,2.000037891532197021e-01,-1.014110551123608091e-18,-8.339298010563900509e-17,-2.179533846156409803e-10,-9.906226631730698855e-08
1.806278829691217140e+02,2.129091546045761163e+01,1.002219452510353825e+00,1.004443830995142672e+00,2.000036056432342446e-01,1.002219354128594642e+00,1.004443730166348248e+00,1.999947597077599837e-01,1.002214432956957113e+00,1.004428969039321329e+00,1.999941684961177579e-01,1.002214536609424167e+00,1.004429072288197222e+00,2.000035297589584649e-01,-9.588195514514418415e-19,-7.885486513201501074e-17,-2.124218135542446482e-10,-9.642710369763726986e-08
1.808877792036096821e+02,2.132154987119208300e+01,1.002216256553713380e+00,1.004437424905461063e+00,2.000036037756914853e-01,1.002216159062208067e+00,1.004437323282513894e+00,1.999948252180804020e-01,1.002211292416896660e+00,1.004422659658036121e+00,1.999978872311079237e-01,1.002211355867319575e+00,1.004422710095810301e+00,2.000036259341508860e-01,-9.058676045401568558e-19,-7.450976431040670815e-17,-2.070062868513807953e-10,-9.385041173577418226e-08
1.811476754380976217e+02,2.135218428192655438e+01,1.002213067767243171e+00,1.004431033203821766e+00,2.000034196900845607e-01,1.002212976757024698e+00,1.004430942099997726e+00,1.999952129090976916e-01,1.002208154955092967e+00,1.004416360442045519e+00,2.000010685610963679e-01,1.002208185487645897e+00,1.004416367807309252e+00,2.000038340115952162e-01,-8.552348634570553990e-19,-7.035587735137398436e-17,-2.017776628139693308e-10,-9.136766830340680600e-08
1.814075716725855614e+02,2.138281869266102575e+01,1.002209892075235809e+00,1.004424667778048619e+00,2.000035911623775364e-01,1.002209802075546996e+00,1.004424576269974168e+00,1.999954638099867288e-01,1.002204999373903060e+00,1.004410043106668704e+00,2.000017909796533155e-01,1.002205022449118355e+00,1.004410041367850503e+00,2.000038839890408982e-01,-8.085730215272107634e-19,-6.652667251129678485e-17,-1.966575759329339463e-10,-8.893935241916615830e-08
1.816674679070735010e+02,2.141345310339549712e+01,1.002206723826184254e+00,1.004418317287500084e+00,2.000036122001885297e-01,1.002206634992824474e+00,1.004418225741617876e+00,1.999955786285678716e-01,1.002201825673326940e+00,1.004403707651905675e+00,2.000000474230384517e-01,1.002201866740111136e+00,1.004403730735503153e+00,2.000037776723878891e-01,-7.640066836008680144e-19,-6.286828687915051702e-17,-1.916446646067250119e-10,-8.656473987968897980e-08
1.819273641415614406e+02,2.144408751412996850e+01,1.002203562651935442e+00,1.004411980993414666e+00,2.000034523558356370e-01,1.002203478009266568e+00,1.004411895548470435e+00,1.999957867667896128e-01,1.002198633853364607e+00,1.004397354077756654e+00,1.999958308275114338e-01,1.002198718348839224e+00,1.004397435868283006e+00,2.000035168469934399e-01,-7.214062087185828673e-19,-5.937032898436794342e-17,-1.867715076894624747e-10,-8.426004361192419444e-08
1.821872603760494087e+02,2.147472192486443987e+01,1.002200413620923936e+00,1.004405669066089191e+00,2.000035740565474507e-01,1.002200331061659622e+00,1.004405585561006120e+00,1.999960864208876754e-01,1.002195529279746422e+00,1.004391122920222923e+00,1.999987322761930808e-01,1.002195583068971940e+00,1.004391164465444630e+00,2.000036321320197708e-01,-6.819489526420525702e-19,-5.613046824460196432e-17,-1.820333358478496684e-10,-8.202271903074069749e-08
1.824471566105373483e+02,2.150535633559891124e+01,1.002197272720987353e+00,1.004399373454559985e+00,2.000036176279125499e-01,1.002197191610751270e+00,1.004399290665788147e+00,1.999962508704576369e-01,1.002192437801165736e+00,1.004384915161819603e+00,2.000020214340833269e-01,1.002192457649522694e+00,1.004384912167815891e+00,2.000038320722206941e-01,-6.444211651201678570e-19,-5.305061204444232548e-17,-1.773941137144630985e-10,-7.983470486956600704e-08
1.827070528450252880e+02,2.153599074633338262e+01,1.002194138802164902e+00,1.004393091851291109e+00,2.000034816385960201e-01,1.002194059656894787e+00,1.004393010862981717e+00,1.999962830625141852e-01,1.002189328591888140e+00,1.004378689672719371e+00,2.000028873666208351e-01,1.002189339416232228e+00,1.004378675383978736e+00,2.000038762086092381e-01,-6.085155573282351160e-19,-5.010528102206338823e-17,-1.728528956906584335e-10,-7.769549087675116364e-08
1.829669490795132276e+02,2.156662515706785399e+01,1.002191016097810694e+00,1.004386832750792768e+00,2.000035543929699622e-01,1.002190940094850991e+00,1.004386756003674996e+00,1.999966317461027709e-01,1.002186201651913411e+00,1.004372446452922008e+00,2.000013231615934695e-01,1.002186228357794029e+00,1.004372454073172216e+00,2.000037663083533146e-01,-5.750687951448578020e-19,-4.736387227370877193e-17,-1.684691102634845071e-10,-7.563448709276517621e-08
1.832268453140011673e+02,2.159725956780232536e+01,1.002187902194667801e+00,1.004380591310541027e+00,2.000036201328473373e-01,1.002187827929015063e+00,1.004380516030690673e+00,1.999968460760881139e-01,1.002183056981241549e+00,1.004366185502427511e+00,1.999973219067891217e-01,1.002183124462749042e+00,1.004366248194585864e+00,2.000035041186611351e-01,-5.434245631994162707e-19,-4.477093512188368390e-17,-1.641766477370344745e-10,-7.361874686040248626e-08
1.834867415484891069e+02,2.162789397853679674e+01,1.002184795180592891e+00,1.004374363693649963e+00,2.000035076193703854e-01,1.002184723145237433e+00,1.004374290915063028e+00,1.999969276358093129e-01,1.002179987827811258e+00,1.004360031189997393e+00,1.999994315702269265e-01,1.002180033677363857e+00,1.004360065651703771e+00,2.000036379627222194e-01,-5.131565359355724084e-19,-4.229086131234740410e-17,-1.599744818429378472e-10,-7.164772823510868530e-08
1.837466377829770749e+02,2.165852838927126811e+01,1.002181698474125415e+00,1.004368156759553710e+00,2.000035322372984148e-01,1.002181628197148955e+00,1.004368085593726478e+00,1.999971037384682404e-01,1.002176941359543827e+00,1.004353912944115468e+00,2.000028277334494065e-01,1.002176952268503562e+00,1.004353901443150621e+00,2.000038299757828375e-01,-4.848645777361631213e-19,-3.997163804172446560e-17,-1.558903250296241466e-10,-6.973506576000080786e-08
1.840065340174650146e+02,2.168916280000573948e+01,1.002178611221476112e+00,1.004361968794946769e+00,2.000036197872869514e-01,1.002178542974706543e+00,1.004361899843331685e+00,1.999973681306194406e-01,1.002173877538321323e+00,1.004347777345278248e+00,2.000038356024544384e-01,1.002173877895146781e+00,1.004347752422526385e+00,2.000038684315704196e-01,-4.582530441455821729e-19,-3.778898697632861378e-17,-1.519195580109645834e-10,-6.787834756767491228e-08
1.842664302519529542e+02,2.171979721074021086e+01,1.002175530767454914e+00,1.004355794472031826e+00,2.000035303771650619e-01,1.002175465035670898e+00,1.004355728748445253e+00,1.999975005608166934e-01,1.002170796364143079e+00,1.004341624393485288e+00,2.000024484122904789e-01,1.002170810546295865e+00,1.004341618550200987e+00,2.000037550596208691e-01,-4.327997434017048818e-19,-3.570091845145146793e-17,-1.480321172874791569e-10,-6.606268004827658121e-08
1.845263264864408939e+02,2.175043162147468223e+01,1.002172459735554355e+00,1.004349639054874732e+00,2.000035076534299738e-01,1.002172394404565514e+00,1.004349572357946530e+00,1.999975061138825616e-01,1.002167697837009763e+00,1.004335454088737478e+00,1.999986593980057903e-01,1.002167750210805508e+00,1.004335499786496166e+00,2.000034915700719673e-01,-4.088810090715140963e-19,-3.373882450328895746e-17,-1.442274659312286692e-10,-6.428776678547122580e-08
1.847862227209288335e+02,2.178106603220915360e+01,1.002169398792991606e+00,1.004343503882130673e+00,2.000036166615460076e-01,1.002169335788853699e+00,1.004343440141581834e+00,1.999978206876946718e-01,1.002164663564347080e+00,1.004329375270973213e+00,2.000000017586582857e-01,1.002164702979420063e+00,1.004329404228272882e+00,2.000036434398929364e-01,-3.864654676451993205e-19,-3.190175634700060119e-17,-1.405550727703155667e-10,-6.257781318356857289e-08
1.850461189554168016e+02,2.181170044294362498e+01,1.002166344560189604e+00,1.004337382172570292e+00,2.000035499890942814e-01,1.002166284359428339e+00,1.004337322382249598e+00,1.999980040848536311e-01,1.002161661157582317e+00,1.004323344643943683e+00,2.000035038536399634e-01,1.002161664658069995e+00,1.004323326260210925e+00,2.000038277294700906e-01,-3.650041844879140918e-19,-3.014393866147701927e-17,-1.369595468777411948e-10,-6.090552967791841375e-08
1.853060151899047412e+02,2.184233485367809635e+01,1.002163298884875653e+00,1.004331277633626396e+00,2.000034807037624207e-01,1.002163240102615926e+00,1.004331219052030599e+00,1.999980578382148655e-01,1.002158641765029223e+00,1.004317297031125822e+00,2.000046518500430415e-01,1.002158633225749496e+00,1.004317263163277518e+00,2.000038606600875457e-01,-3.447226396469095735e-19,-2.848399543162327647e-17,-1.334400192804482177e-10,-5.927046355005868222e-08
1.855659114243926808e+02,2.187296926441256772e+01,1.002160263917761140e+00,1.004325194580562908e+00,2.000036108244060140e-01,1.002160205426284811e+00,1.004325134993701463e+00,1.999982071838237452e-01,1.002155605386688020e+00,1.004311232432519851e+00,2.000034391260538946e-01,1.002155608671759790e+00,1.004311214898934823e+00,2.000037439247097093e-01,-3.258249562805225420e-19,-2.693749179694219963e-17,-1.300200369245577121e-10,-5.768407233263465459e-08
1.858258076588806205e+02,2.190360367514703910e+01,1.002157235573077676e+00,1.004319124815267417e+00,2.000035665303548371e-01,1.002157180176286300e+00,1.004319069895590388e+00,1.999984415885859290e-01,1.002152552022558707e+00,1.004305150848125772e+00,1.999998590598588699e-01,1.002152590985258440e+00,1.004305181428596816e+00,2.000034791974454884e-01,-3.077447229940707908e-19,-2.545754611022217963e-17,-1.266952070660057736e-10,-5.614410542837209006e-08
1.860857038933685601e+02,2.193423808588151047e+01,1.002154214941598953e+00,1.004313070526326124e+00,2.000034514490413307e-01,1.002154162003576765e+00,1.004313019032044618e+00,1.999985470970420953e-01,1.002149552098330343e+00,1.004299146202395354e+00,2.000004576366358200e-01,1.002149586393710656e+00,1.004299171032135396e+00,2.000036485766212846e-01,-2.905992151935395969e-19,-2.405349348185344589e-17,-1.234404763671059152e-10,-5.463829061829283384e-08
1.863456001278564997e+02,2.196487249661598185e+01,1.002151205620941399e+00,1.004307038932116036e+00,2.000036023428024001e-01,1.002151150955489678e+00,1.004306982497866541e+00,1.999985308524322158e-01,1.002146592827944716e+00,1.004293201350607401e+00,2.000040643767471149e-01,1.002146590262425585e+00,1.004293177507343593e+00,2.000038253401626165e-01,-2.747218344662229293e-19,-2.275199041171909954e-17,-1.202556113066768629e-10,-5.316648806238897717e-08
1.866054963623444678e+02,2.199550690735045322e+01,1.002148202836889768e+00,1.004301020453284066e+00,2.000035800742974434e-01,1.002148151559628886e+00,1.004300969397323495e+00,1.999988162539836634e-01,1.002143616928721670e+00,1.004287239869982029e+00,2.000053504974224905e-01,1.002143600877734464e+00,1.004287198545630533e+00,2.000038528962012618e-01,-2.595238349073892132e-19,-2.150615726151472846e-17,-1.171817442468047175e-10,-5.174860418167456652e-08
1.868653925968324074e+02,2.202614131808492459e+01,1.002145206941617683e+00,1.004295015796434543e+00,2.000034199485994646e-01,1.002145159147226128e+00,1.004294970340045667e+00,1.999989734871379377e-01,1.002140624400661650e+00,1.004281261760519683e+00,2.000043095160037865e-01,1.002140618229226288e+00,1.004281234109511534e+00,2.000037329021541743e-01,-2.450304732633643908e-19,-2.031823079678053354e-17,-1.141725129571466949e-10,-5.036205052111489932e-08
1.871252888313203471e+02,2.205677572881939597e+01,1.002142222943953831e+00,1.004289035011366460e+00,2.000035912821062356e-01,1.002142173705071970e+00,1.004288985299120807e+00,1.999990040367356781e-01,1.002137615243764435e+00,1.004275267022219920e+00,2.000009349498326483e-01,1.002137642306352161e+00,1.004275284161457060e+00,2.000034669971063050e-01,-2.316480070276864447e-19,-1.922295150976977874e-17,-1.112271825338645663e-10,-4.900644917760853827e-08
1.873851850658082867e+02,2.208741013955386734e+01,1.002139245398543377e+00,1.004283067172248245e+00,2.000035906925382856e-01,1.002139197596296771e+00,1.004283019025574930e+00,1.999991310767374464e-01,1.002134649142933043e+00,1.004269335253270112e+00,2.000008123495362056e-01,1.002134679465884526e+00,1.004269357154440989e+00,2.000036533854762100e-01,-2.188268074480046664e-19,-1.817422388441004868e-17,-1.083657391373135445e-10,-4.769142115548286853e-08
1.876450813002962263e+02,2.211804455028833871e+01,1.002136274300963859e+00,1.004277112270196559e+00,2.000034202752070944e-01,1.002136230625226387e+00,1.004277071124610732e+00,1.999993399583467890e-01,1.002131732107047091e+00,1.004263474381834831e+00,2.000045222686492596e-01,1.002131724651970757e+00,1.004263446325292186e+00,2.000038228144461194e-01,-2.065622427637004206e-19,-1.717161613976905040e-17,-1.055840655043864320e-10,-4.641489248283526397e-08
1.879049775347841944e+02,2.214867896102281009e+01,1.002133314944146703e+00,1.004271180924916518e+00,2.000035777060497622e-01,1.002133270532322040e+00,1.004271137052480611e+00,1.999994228505488636e-01,1.002128798789404085e+00,1.004257597228642496e+00,2.000059443495196820e-01,1.002128776446114200e+00,1.004257549759620893e+00,2.000038451418362229e-01,-1.952553136606752230e-19,-1.624739068439082968e-17,-1.028613061431759670e-10,-4.516675845810995333e-08
1.881648737692721340e+02,2.217931337175728146e+01,1.002130362320768686e+00,1.004265263089582971e+00,2.000035984549591583e-01,1.002130317386435099e+00,1.004265216947271222e+00,1.999993888781218254e-01,1.002125849190003803e+00,1.004251703793692663e+00,2.000050722447964668e-01,1.002125834838182961e+00,1.004251667420961169e+00,2.000037219905039798e-01,-1.844642211266938242e-19,-1.536467131171808769e-17,-1.001974481368831279e-10,-4.394699155562115168e-08
1.884247700037600737e+02,2.220994778249175283e+01,1.002127416062417620e+00,1.004259358025000326e+00,2.000034505783738481e-01,1.002127375542485099e+00,1.004259319562945674e+00,1.999996492897894163e-01,1.002122883308846690e+00,1.004245794076986220e+00,2.000018996071286914e-01,1.002122899817911250e+00,1.004245799272803552e+00,2.000034549654809424e-01,-1.741543683139088505e-19,-1.452070796458790381e-17,-9.762665504053038093e-11,-4.277195027485916529e-08
1.886846662382480133e+02,2.224058219322622421e+01,1.002124480694465802e+00,1.004253474810729907e+00,2.000035616768332247e-01,1.002124440486071189e+00,1.004253435823060592e+00,1.999997843895210126e-01,1.002119950513837621e+00,1.004239933916494909e+00,2.000010775725260537e-01,1.002119977864295519e+00,1.004239953931756579e+00,2.000036578785291397e-01,-1.646137841680018212e-19,-1.373898690504367041e-17,-9.511016041382053099e-11,-4.162294985136789165e-08
1.889445624727359530e+02,2.227121660396069558e+01,1.002121552681780603e+00,1.004247606353847022e+00,2.000036034297299758e-01,1.002121512204434461e+00,1.004247565701673395e+00,1.999997956164339397e-01,1.002117074833349664e+00,1.004234155277920371e+00,2.000048890546431424e-01,1.002117063518962015e+00,1.004234124098516423e+00,2.000038201586259445e-01,-1.555446720461553129e-19,-1.299605813642587634e-17,-9.264734345570008957e-11,-4.049967506081931909e-08
1.892044587072238926e+02,2.230185101469516695e+01,1.002118630952726575e+00,1.004241750504230701e+00,2.000034777468933100e-01,1.002118593016996906e+00,1.004241713860420715e+00,1.999999041006771394e-01,1.002114183208645537e+00,1.004228360695129663e+00,2.000064447998503858e-01,1.002114155646916194e+00,1.004228308237314238e+00,2.000038373988070606e-01,-1.468683478446735412e-19,-1.228558427000956387e-17,-9.025515039269634316e-11,-3.941019891696927846e-08
1.894643549417118606e+02,2.233248542542963833e+01,1.002115719283133366e+00,1.004235914837486421e+00,2.000035432551460768e-01,1.002115682688998755e+00,1.004235879826284483e+00,2.000000912354218119e-01,1.002111275639725685e+00,1.004222550168123451e+00,2.000057385923851849e-01,1.002111254238295723e+00,1.004222506312669294e+00,2.000037111883249119e-01,-1.387795169542611705e-19,-1.162423276754922227e-17,-8.792976733270449040e-11,-3.835262976255381541e-08
1.897242511761998003e+02,2.236311983616410970e+01,1.002112815574962346e+00,1.004230095144096557e+00,2.000036056834305076e-01,1.002112779046846036e+00,1.004230059229889838e+00,2.000001551446586867e-01,1.002108352126589663e+00,1.004216723696900848e+00,2.000027642164850517e-01,1.002108359283108596e+00,1.004216718289056676e+00,2.000034430990937917e-01,-1.311237136928489712e-19,-1.099873300641324420e-17,-8.565385157882107107e-11,-3.731865365892086279e-08
1.899841474106877399e+02,2.239375424689858107e+01,1.002109918070404060e+00,1.004224287897259371e+00,2.000035018533539155e-01,1.002109882179681444e+00,1.004224252250109028e+00,2.000001068604885801e-01,1.002105452127423080e+00,1.004210933903015412e+00,2.000012636712430736e-01,1.002105477375804687e+00,1.004210952937671264e+00,2.000036620673766863e-01,-1.237983491050649251e-19,-1.040045369510402019e-17,-8.342754621211235573e-11,-3.630832144757187484e-08
1.902440436451756796e+02,2.242438865763305245e+01,1.002107029813334771e+00,1.004218499203951120e+00,2.000035225001952077e-01,1.002106996276648010e+00,1.004218467305110662e+00,2.000003458234488052e-01,1.002102616945523383e+00,1.004205235795895046e+00,2.000051749766107168e-01,1.002102602673351051e+00,1.004205202446869505e+00,2.000038173787399842e-01,-1.169493248489896713e-19,-9.841086945903711811e-18,-8.127919655695801640e-11,-3.533506598068153391e-08
1.905039398796636192e+02,2.245502306836752382e+01,1.002104150108552583e+00,1.004212727669257621e+00,2.000036052809775478e-01,1.002104116971937575e+00,1.004212695620101847e+00,2.000004621939940053e-01,1.002099766147729110e+00,1.004199522072880102e+00,2.000068619841699480e-01,1.002099734313055768e+00,1.004199465644552980e+00,2.000038296688244066e-01,-1.105145390007733204e-19,-9.314920826729375531e-18,-7.917641891526191100e-11,-3.438344160823094941e-08
1.907638361141515873e+02,2.248565747910199519e+01,1.002101276528714724e+00,1.004206968423115853e+00,2.000035229686490945e-01,1.002101244253228884e+00,1.004206937170071701e+00,2.000004573676894826e-01,1.002096899734040480e+00,1.004193792733971025e+00,2.000063186061524501e-01,1.002096872285316298e+00,1.004193742496191089e+00,2.000037004941983831e-01,-1.043641294341170314e-19,-8.811567130884378731e-18,-7.711868945769283677e-11,-3.345318557345828360e-08
1.910237323486395269e+02,2.251629188983646657e+01,1.002098411402912559e+00,1.004201226138358383e+00,2.000034994697420521e-01,1.002098380397260291e+00,1.004201196529576290e+00,2.000005504514295041e-01,1.002094017704457496e+00,1.004188047779167370e+00,2.000035387547900445e-01,1.002094016580406199e+00,1.004188032967212152e+00,2.000034313945641407e-01,-9.858942585584503789e-20,-8.338380868989235194e-18,-7.512036237275777323e-11,-3.255106717824419006e-08
1.912836285831274665e+02,2.254692630057093794e+01,1.002095555405345007e+00,1.004195502167518184e+00,2.000036022858306950e-01,1.002095525132493448e+00,1.004195473152010853e+00,2.000007190319952610e-01,1.002091149998846520e+00,1.004182327136029729e+00,2.000013798454898239e-01,1.002091173901756616e+00,1.004182345974746760e+00,2.000036659631611036e-01,-9.318043813826878892e-20,-7.895440548109007263e-18,-7.317793921050729953e-11,-3.167537585079017481e-08
1.915435248176154062e+02,2.257756071130540931e+01,1.002092705455373656e+00,1.004189790329884202e+00,2.000035411619744408e-01,1.002092676367852153e+00,1.004189762835168143e+00,2.000007670217678890e-01,1.002088354480518362e+00,1.004176707903747801e+00,2.000053891335727696e-01,1.002088338038793047e+00,1.004176673217614280e+00,2.000038144805710294e-01,-8.800033926498762982e-20,-7.471668313935042994e-18,-7.127701321922648822e-11,-3.081927596242790961e-08
1.918034210521033458e+02,2.260819512203988069e+01,1.002089863184069340e+00,1.004184093897813490e+00,2.000034742202100591e-01,1.002089834211606245e+00,1.004184065796345005e+00,2.000007072884603387e-01,1.002085543665705014e+00,1.004171073374980683e+00,2.000072049178877043e-01,1.002085508390376134e+00,1.004171013873035090e+00,2.000038219534998329e-01,-8.310017064029506618e-20,-7.071539709369369263e-18,-6.941783353620632637e-11,-2.998287092406238433e-08
1.920633172865912854e+02,2.263882953277435206e+01,1.002087030602390572e+00,1.004178416905732174e+00,2.000035967598536024e-01,1.002087002693764717e+00,1.004178390131781118e+00,2.000009278001757262e-01,1.002082717554406699e+00,1.004165423549728597e+00,2.000068212351864272e-01,1.002082684947155133e+00,1.004165367907397410e+00,2.000036899067224039e-01,-7.853092974806821062e-20,-6.698965752802768588e-18,-6.762389376758010378e-11,-2.917718303700467834e-08
1.923232135210792535e+02,2.266946394350882343e+01,1.002084203992253286e+00,1.004172751894111260e+00,2.000035565008881633e-01,1.002084177591536562e+00,1.004172727356569927e+00,2.000010283149702972e-01,1.002079876146623416e+00,1.004159758427991544e+00,2.000042321222205433e-01,1.002079867699659399e+00,1.004159735287050603e+00,2.000034198486028425e-01,-7.415874605519416186e-20,-6.342292431831366368e-18,-6.586816751246921116e-11,-2.838945237180277835e-08
1.925831097555671931e+02,2.270009835424329481e+01,1.002081384303075140e+00,1.004167100767705767e+00,2.000034468065766402e-01,1.002081358893023966e+00,1.004167077446596945e+00,2.000010101868187895e-01,1.002077040240044958e+00,1.004154105745254766e+00,2.000014342576561521e-01,1.002077063454115402e+00,1.004154125066791803e+00,2.000036695765909645e-01,-7.001193953230014943e-20,-6.003575431383845964e-18,-6.415021324198576189e-11,-2.761946005645220326e-08
1.928430059900551328e+02,2.273073276497776618e+01,1.002078574850709947e+00,1.004161470178838833e+00,2.000035887634628307e-01,1.002078548833299276e+00,1.004161444891593424e+00,2.000010905219144763e-01,1.002074283571555924e+00,1.004148563774712732e+00,2.000055396073093517e-01,1.002074265648814633e+00,1.004148528477760260e+00,2.000038114696580382e-01,-6.617868841799295463e-20,-5.689716731668168864e-18,-6.248217767062370212e-11,-2.687287829335436254e-08
1.931029022245430724e+02,2.276136717571223755e+01,1.002075771295098061e+00,1.004155851420233558e+00,2.000035690513592979e-01,1.002075747106228043e+00,1.004155829075742412e+00,2.000012432465091694e-01,1.002071511917374647e+00,1.004143006818478678e+00,2.000074816188879279e-01,1.002071473933848766e+00,1.004142945032715950e+00,2.000038142543511532e-01,-6.251260099598196863e-20,-5.389345453105238682e-18,-6.086087821480388990e-11,-2.614817156788638236e-08
1.933627984590310120e+02,2.279200158644670893e+01,1.002072973919985621e+00,1.004150245061138147e+00,2.000034172825655709e-01,1.002072951699953363e+00,1.004150225957117559e+00,2.000012778976838490e-01,1.002068725277501349e+00,1.004137434876552382e+00,2.000072544503045946e-01,1.002068688300111532e+00,1.004137374698936602e+00,2.000036794245113048e-01,-5.901900095423106203e-20,-5.102942437631897317e-18,-5.927435903687844700e-11,-2.543972366676701744e-08
1.936226946935189801e+02,2.282263599718118030e+01,1.002070187315012406e+00,1.004144660309297610e+00,2.000035783556502467e-01,1.002070162740770876e+00,1.004144635789207429e+00,2.000012091098762046e-01,1.002065923651936030e+00,1.004131847948934286e+00,2.000048522594718159e-01,1.002065908738380084e+00,1.004131817443661978e+00,2.000034084580093463e-01,-5.579425574440799153e-20,-4.838883066243798275e-18,-5.772293714364026668e-11,-2.474767117890546706e-08
1.938825909280069197e+02,2.285327040791565167e+01,1.002067406533244887e+00,1.004139087240013550e+00,2.000035788778555257e-01,1.002067384105933545e+00,1.004139066359568844e+00,2.000014137070264264e-01,1.002063119057674312e+00,1.004126262061270758e+00,2.000014341474241064e-01,1.002063142151759623e+00,1.004126282451448526e+00,2.000036729179595629e-01,-5.270240356358017791e-20,-4.586092130897712093e-18,-5.622606515396502663e-11,-2.408105184993388496e-08
1.941424871624948594e+02,2.288390481865012305e+01,1.002064631570827036e+00,1.004133525845541719e+00,2.000034207405478881e-01,1.002064611710293374e+00,1.004133509461917040e+00,2.000015007899758890e-01,1.002060400446061594e+00,1.004120795781636932e+00,2.000056335745666047e-01,1.002060381643137266e+00,1.004120760506709287e+00,2.000038083513078768e-01,-4.974225398061349385e-20,-4.344462316177320061e-18,-5.476120830552155630e-11,-2.342933103971870552e-08
1.944023833969827990e+02,2.291453922938459442e+01,1.002061867173420717e+00,1.004127985646534160e+00,2.000035655940239909e-01,1.002061845542361995e+00,1.004127965072997952e+00,2.000014716729739683e-01,1.002057667151218023e+00,1.004115314818772475e+00,2.000076992172422907e-01,1.002057627103926762e+00,1.004115251444513746e+00,2.000038065728072800e-01,-4.700878251358362373e-20,-4.121519436168684779e-18,-5.332799482698019930e-11,-2.279232655342155046e-08
1.946622796314707387e+02,2.294517364011906579e+01,1.002059108889350680e+00,1.004122457711992489e+00,2.000035860432949342e-01,1.002059087796551173e+00,1.004122437599917594e+00,2.000015414856354257e-01,1.002054919173143599e+00,1.004109819172676943e+00,2.000076253512766411e-01,1.002054878525257653e+00,1.004109755232999834e+00,2.000036690461961808e-01,-4.440136516636005376e-20,-3.908683683108366678e-18,-5.193669365592192150e-11,-2.217478808547675190e-08
1.949221758659586783e+02,2.297580805085353717e+01,1.002056356352387878e+00,1.004116941307181099e+00,2.000034489189282394e-01,1.002056338134192259e+00,1.004116926361777962e+00,2.000016806336650244e-01,1.002052156511838099e+00,1.004104308843350335e+00,2.000054062524949661e-01,1.002052136029896179e+00,1.004104272015934551e+00,2.000034100601369436e-01,-4.191120740067962536e-20,-3.705211079580775916e-18,-5.058443015181017618e-11,-2.157534597182663936e-08
1.951820721004466463e+02,2.300644246158800854e+01,1.002053613617202688e+00,1.004111444566401001e+00,2.000035505347896592e-01,1.002053594619481514e+00,1.004111427470354867e+00,2.000017041188981992e-01,1.002049382751006190e+00,1.004098788609957049e+00,2.000013859341586431e-01,1.002049406216921845e+00,1.004098810573074596e+00,2.000036759971633715e-01,-3.961094151618772012e-20,-3.516582626984403913e-18,-4.926129213662868764e-11,-2.098938908473969908e-08
1.954419683349345860e+02,2.303707687232247991e+01,1.002050877559127029e+00,1.004105961220955301e+00,2.000035906091371940e-01,1.002050857395695438e+00,1.004105941213215392e+00,2.000016282759878306e-01,1.002046701423559893e+00,1.004093396491441359e+00,2.000056774072231369e-01,1.002046682264147615e+00,1.004093361789195615e+00,2.000038051306052000e-01,-3.742741299285426309e-20,-3.337358638083839773e-18,-4.796763566718648717e-11,-2.041707280823484786e-08
1.957018645694225256e+02,2.306771128305695129e+01,1.002048147177103221e+00,1.004100489262545581e+00,2.000034741847922792e-01,1.002048130193450737e+00,1.004100475081885824e+00,2.000018191051632643e-01,1.002044005707285468e+00,1.004087989984097540e+00,2.000078640531577356e-01,1.002043964163042089e+00,1.004087925633305289e+00,2.000037989102126934e-01,-3.533990488919635770e-20,-3.165962113620718947e-18,-4.671955149350769610e-11,-1.986580232968792795e-08
1.959617608039104653e+02,2.309834569379142266e+01,1.002045425850510929e+00,1.004095035470651043e+00,2.000035332329151427e-01,1.002045409060067449e+00,1.004095021137918264e+00,2.000018947998849217e-01,1.002041295602183357e+00,1.004082569087926036e+00,2.000079402625591085e-01,1.002041251904962849e+00,1.004082502074372441e+00,2.000036587704248914e-01,-3.339271367049065574e-20,-3.006384586159419173e-18,-4.549826669075657561e-11,-1.932688552047030795e-08
1.962216570383984049e+02,2.312898010452589403e+01,1.002042711751080173e+00,1.004089596177408783e+00,2.000035926354496174e-01,1.002042693984453114e+00,1.004089579358884210e+00,2.000018566364452355e-01,1.002038571108253118e+00,1.004077133802926403e+00,2.000059004260240081e-01,1.002038545835353567e+00,1.004077091553592593e+00,2.000034208808964542e-01,-3.154756912652156129e-20,-2.855504978695278028e-18,-4.430346853943083423e-11,-1.880017081578657435e-08
1.964815532728863730e+02,2.315961451526036541e+01,1.002040003257809397e+00,1.004084168130845889e+00,2.000034966034229811e-01,1.002039987121350784e+00,1.004084154071409385e+00,2.000019177933006209e-01,1.002035832225495193e+00,1.004071684129098863e+00,2.000017389341491592e-01,1.002035851971772029e+00,1.004071702075906236e+00,2.000036788237190832e-01,-2.978019557797923432e-20,-2.711187412532825192e-18,-4.314383045462640683e-11,-1.828963280275045733e-08
1.967414495073743126e+02,2.319024892599483678e+01,1.002037303090125508e+00,1.004078756786424220e+00,2.000035137419895748e-01,1.002037288101504720e+00,1.004078744533413170e+00,2.000020452899395063e-01,1.002033182913539155e+00,1.004066358659680525e+00,2.000056767616590070e-01,1.002033163853506492e+00,1.004066325008504901e+00,2.000038018124228878e-01,-2.812518229368635739e-20,-2.576196846570680561e-18,-4.201677205195731943e-11,-1.779405650519746384e-08
1.970013457418622522e+02,2.322088333672930816e+01,1.002034610686257876e+00,1.004073361017070676e+00,2.000035921808451245e-01,1.002034595062126332e+00,1.004073347004089678e+00,2.000020594367709903e-01,1.002030524015063762e+00,1.004061025110114302e+00,2.000079817643732327e-01,1.002030481472242274e+00,1.004060960321198293e+00,2.000037912678317986e-01,-2.657175082187812559e-20,-2.449162663694607297e-18,-4.091408332718766814e-11,-1.730965859653554378e-08
1.972612419763501919e+02,2.325151774746377953e+01,1.002031923819797665e+00,1.004067976356331160e+00,2.000035162386226417e-01,1.002031908162483553e+00,1.004067961803087883e+00,2.000019782046675576e-01,1.002027851014369197e+00,1.004055677458329132e+00,2.000082048187267481e-01,1.002027804819558332e+00,1.004055607983761256e+00,2.000036485958621157e-01,-2.508843253711014345e-20,-2.327611717279913456e-18,-3.983613798423043654e-11,-1.683660276477713041e-08
1.975211382108381315e+02,2.328215215819825090e+01,1.002029244565205701e+00,1.004062606965744342e+00,2.000034921143973854e-01,1.002029230992423248e+00,1.004062596137984098e+00,2.000021570823739270e-01,1.002025163911455019e+00,1.004050315704324126e+00,2.000063404270489842e-01,1.002025134454791910e+00,1.004050268723090333e+00,2.000034312702366202e-01,-2.369838334560834370e-20,-2.213343420909559017e-18,-3.879623301634077315e-11,-1.638095224098757448e-08
1.977810344453260996e+02,2.331278656893272228e+01,1.002026573598002068e+00,1.004057254200372951e+00,2.000035893026334277e-01,1.002026559726758137e+00,1.004057242327846433e+00,2.000022231111080462e-01,1.002022462706321448e+00,1.004044939848099949e+00,2.000023830916693723e-01,1.002022475835134374e+00,1.004044949797494368e+00,2.000036814067797930e-01,-2.239880346913422300e-20,-2.106483232910103879e-18,-3.777874285692317282e-11,-1.593553943747724404e-08
1.980409306798140392e+02,2.334342097966719365e+01,1.002023908100570404e+00,1.004051912407795122e+00,2.000035331528002835e-01,1.002023894354776568e+00,1.004051900351038640e+00,2.000021775307354588e-01,1.002019841413306800e+00,1.004039675225214756e+00,2.000056366584458400e-01,1.002019822848891684e+00,1.004039643039958740e+00,2.000037984014314818e-01,-2.115438468835462924e-20,-2.004237829766972895e-18,-3.678340471489162154e-11,-1.550023835037600872e-08
1.983008269143019788e+02,2.337405539040166502e+01,1.002021249517046186e+00,1.004046584485029703e+00,2.000034684012831077e-01,1.002021236992527209e+00,1.004046574455790486e+00,2.000022315948702112e-01,1.002017218591332748e+00,1.004034413174607288e+00,2.000080573641001003e-01,1.002017175487959877e+00,1.004034348421070977e+00,2.000037836468530339e-01,-1.997616690693168971e-20,-1.907612891135912769e-18,-3.581753778947654283e-11,-1.507837279453983452e-08
1.985607231487899185e+02,2.340468980113613640e+01,1.002018599731707482e+00,1.004041274211975976e+00,2.000035840567787326e-01,1.002018587242008651e+00,1.004041263842523568e+00,2.000023490658868752e-01,1.002014581946206961e+00,1.004029137300848307e+00,2.000084240406704572e-01,1.002014533744131519e+00,1.004029065911384633e+00,2.000036385211894363e-01,-1.887506161577370369e-20,-1.817717063808432714e-18,-3.487883850389051313e-11,-1.466887027371491217e-08
1.988206193832778581e+02,2.343532421187060777e+01,1.002015955349599086e+00,1.004035974778094253e+00,2.000035474068243557e-01,1.002015943310533119e+00,1.004035964911848433e+00,2.000023554104063406e-01,1.002011931477928997e+00,1.004023847603937147e+00,2.000067312992790947e-01,1.002011898382196620e+00,1.004023796512227840e+00,2.000034412422838637e-01,-1.782029896598093578e-20,-1.731564128817518134e-18,-3.396051306396721162e-11,-1.426862874267656822e-08
1.990805156177657977e+02,2.346595862260507914e+01,1.002013317198839015e+00,1.004030687844614578e+00,2.000034426525705566e-01,1.002013305372423835e+00,1.004030678013607014e+00,2.000022701740406250e-01,1.002009267186499075e+00,1.004018544083874032e+00,2.000029737510483629e-01,1.002009274319332732e+00,1.004018546762393660e+00,2.000036837551512903e-01,-1.681855338588111702e-20,-1.649563257442641388e-18,-3.306293724788994072e-11,-1.387781270495877914e-08
1.993404118522537658e+02,2.349659303333955052e+01,1.002010688344585843e+00,1.004025419560293120e+00,2.000035764979946340e-01,1.002010676882378437e+00,1.004025410082960645e+00,2.000024386377682317e-01,1.002006673505837941e+00,1.004013339304995034e+00,2.000055615533702369e-01,1.002006655780869337e+00,1.004013308944657457e+00,2.000037949021079564e-01,-1.589419940659804611e-20,-1.573656587550027938e-18,-3.219708892818833038e-11,-1.350138314818202755e-08
1.996003080867417054e+02,2.352722744407402189e+01,1.002008064828092682e+00,1.004020161983676607e+00,2.000035590602819713e-01,1.002008054137919935e+00,1.004020153686617789e+00,2.000024964512391312e-01,1.002004086038019270e+00,1.004008147332299705e+00,2.000080953104936277e-01,1.002004042758906754e+00,1.004008083030360376e+00,2.000037760483926175e-01,-1.501167661788505496e-20,-1.501001349667299398e-18,-3.134997315341183503e-11,-1.313343309113083378e-08
1.998602043212296451e+02,2.355786185480849326e+01,1.002005446875442241e+00,1.004014915568282040e+00,2.000034149171091014e-01,1.002005437128704157e+00,1.004014908803702477e+00,2.000024448194235305e-01,1.002001485018819027e+00,1.004002941808223026e+00,2.000086024035254151e-01,1.002001435245444272e+00,1.004002868990808706e+00,2.000036285451053386e-01,-1.417225571607248577e-20,-1.431687613312880985e-18,-3.052136929767942277e-11,-1.277385784532963167e-08
2.001201005557175847e+02,2.358849626554296464e+01,1.002002838705434495e+00,1.004009688777027565e+00,2.000035666796504963e-01,1.002002827933040185e+00,1.004009679606075567e+00,2.000024930980429938e-01,1.001998870448237211e+00,1.003997722732764553e+00,2.000070775495360054e-01,1.001998834202613819e+00,1.003997668090933937e+00,2.000034508106506848e-01,-1.339922156498215817e-20,-1.367689978991277585e-18,-2.971744837105306230e-11,-1.242543524291754496e-08
2.003799967902055243e+02,2.361913067627743601e+01,1.002000235808768069e+00,1.004004472564122619e+00,2.000035681713581703e-01,1.002000226125920879e+00,1.004004465240140975e+00,2.000026019162510216e-01,1.001996242326273601e+00,1.003992490105924285e+00,2.000035154655958880e-01,1.001996244027159033e+00,1.003992486176099819e+00,2.000036858773055759e-01,-1.265742697879370849e-20,-1.306401048402233828e-18,-2.893616392617257740e-11,-1.208722267987338791e-08
2.006398930246934924e+02,2.364976508701190738e+01,1.001997638182065664e+00,1.003999266922786182e+00,2.000034211052997835e-01,1.001997629981967064e+00,1.003999262242193380e+00,2.000026017486735419e-01,1.001993675857632882e+00,1.003987344188969288e+00,2.000054554006985286e-01,1.001993659269885262e+00,1.003987315963463134e+00,2.000037913187444061e-01,-1.194648357927060166e-20,-1.247798371069793898e-18,-2.817189921260903951e-11,-1.175667839769690324e-08
2.008997892591814320e+02,2.368039949774637876e+01,1.001995050094413475e+00,1.003994080416719781e+00,2.000035546539908338e-01,1.001995039689670186e+00,1.003994070990482212e+00,2.000025136564459183e-01,1.001991123040059772e+00,1.003982220909788614e+00,2.000080995685443175e-01,1.001991079923090222e+00,1.003982157425094224e+00,2.000037684734982113e-01,-1.128738061567166120e-20,-1.193721732606376651e-18,-2.742502105599234112e-11,-1.143396252510723245e-08
2.011596854936693717e+02,2.371103390848085013e+01,1.001992467575626877e+00,1.003988905081696359e+00,2.000035747969209909e-01,1.001992458573961686e+00,1.003988898158767462e+00,2.000026730079949855e-01,1.001988556935812902e+00,1.003977084343933956e+00,2.000087438971981935e-01,1.001988505978973709e+00,1.003977010533028791e+00,2.000036186663254612e-01,-1.065825246729571661e-20,-1.142033506708129924e-18,-2.670458425103939174e-11,-1.112313137744589517e-08
2.014195817281573113e+02,2.374166831921532150e+01,1.001989890263491612e+00,1.003983740191109586e+00,2.000034473661233547e-01,1.001989883050482089e+00,1.003983736551949502e+00,2.000027238278347941e-01,1.001985977544892936e+00,1.003971934491406426e+00,2.000073832069255431e-01,1.001985938589212033e+00,1.003971876805390462e+00,2.000034599884566722e-01,-1.005708522868022515e-20,-1.092559625949169089e-18,-2.599979042535166331e-11,-1.081931966212265708e-08
2.016794779626452510e+02,2.377230272994979288e+01,1.001987321802824127e+00,1.003978593056305879e+00,2.000035404720514887e-01,1.001987313109242050e+00,1.003978586149881336e+00,2.000026672875448996e-01,1.001983384867299653e+00,1.003966771352205356e+00,2.000040123179917806e-01,1.001983381648959170e+00,1.003966761419220477e+00,2.000036877813961833e-01,-9.502952655412200840e-21,-1.046704630114525021e-18,-2.531045452211702762e-11,-1.052244045316687136e-08
2.019393741971331906e+02,2.380293714068426425e+01,1.001984759423738325e+00,1.003973458120906104e+00,2.000035789926074836e-01,1.001984750791744760e+00,1.003973451050024890e+00,2.000027108723462510e-01,1.001980845216587257e+00,1.003961683335110155e+00,2.000053217095031644e-01,1.001980830023373459e+00,1.003961657511216021e+00,2.000037876554563721e-01,-8.978575210309298219e-21,-1.003092277712420528e-18,-2.464177504319152849e-11,-1.023481384271654869e-08
2.021992704316211587e+02,2.383357155141873562e+01,1.001982202188998139e+00,1.003968333504836608e+00,2.000034709138348576e-01,1.001982195647621143e+00,1.003968330348052662e+00,2.000028121970148787e-01,1.001978326363277549e+00,1.003956627400602208e+00,2.000080736651900504e-01,1.001978283704943351e+00,1.003956565054151984e+00,2.000037609231528346e-01,-8.478321336163306587e-21,-9.613675712068231407e-19,-2.399194191796211627e-11,-9.955614628051576751e-09
2.024591666661090983e+02,2.386420596215320700e+01,1.001979653132894610e+00,1.003963225294684847e+00,2.000035241836611299e-01,1.001979646016127878e+00,1.003963220710471393e+00,2.000028066002712546e-01,1.001975794481166915e+00,1.003951558437293556e+00,2.000088520802734415e-01,1.001975742686064041e+00,1.003951484020772833e+00,2.000036088835822345e-01,-8.012364617300910693e-21,-9.226075258130256552e-19,-2.335631565706042748e-11,-9.682761500929911308e-09
2.027190629005970379e+02,2.389484037288767837e+01,1.001977110659025172e+00,1.003958130288077566e+00,2.000035808127113290e-01,1.001977102099084416e+00,1.003958122542249809e+00,2.000027166017864511e-01,1.001973249570254909e+00,1.003946476445183311e+00,2.000076518755487809e-01,1.001973208300458884e+00,1.003946416172383893e+00,2.000034687883488205e-01,-7.570062482453039065e-21,-8.858558367852317861e-19,-2.273524661894023857e-11,-9.416406767045642591e-09
2.029789591350849776e+02,2.392547478362214974e+01,1.001974573268183288e+00,1.003953045477677941e+00,2.000034918074383161e-01,1.001974567096807212e+00,1.003953042266259477e+00,2.000028679438532742e-01,1.001970691630541976e+00,1.003941381424272361e+00,2.000044679718114560e-01,1.001970683959830133e+00,1.003941366041869898e+00,2.000036894752709182e-01,-7.145568400996795092e-21,-8.506756136020213810e-19,-2.213619658177962700e-11,-9.159864774867540382e-09
2.032388553695729172e+02,2.395610919435662112e+01,1.001972043397570733e+00,1.003947975752297106e+00,2.000035058375210506e-01,1.001972037538649163e+00,1.003947972916555464e+00,2.000029127985660238e-01,1.001968178409882171e+00,1.003936350364567742e+00,2.000051635937870886e-01,1.001968164832974573e+00,1.003936327171171428e+00,2.000037839161905306e-01,-6.746412771875874861e-21,-8.178654814308419390e-19,-2.155019960307658658e-11,-8.909130473675217693e-09
2.034987516040608853e+02,2.398674360509109249e+01,1.001969520598056773e+00,1.003942920210932899e+00,2.000035803104106280e-01,1.001969513414960655e+00,1.003942914473690440e+00,2.000028523053261342e-01,1.001965692852283540e+00,1.003931360460386779e+00,2.000080207383678754e-01,1.001965650912566064e+00,1.003931299533747046e+00,2.000037533982774174e-01,-6.371456526319288542e-21,-7.868726154420990706e-19,-2.097710059838138353e-11,-8.664131729119015421e-09
2.037586478385488249e+02,2.401737801582556386e+01,1.001967002821219754e+00,1.003937874744599723e+00,2.000035101045496422e-01,1.001966996731353143e+00,1.003937870962638756e+00,2.000028921066483445e-01,1.001963194517137667e+00,1.003926357778658573e+00,2.000089301280033871e-01,1.001963142191187872e+00,1.003926283103025341e+00,2.000035991956250758e-01,-6.013642302480665631e-21,-7.571534614801078290e-19,-2.042127518198749114e-11,-8.426805141618684968e-09
2.040185440730367645e+02,2.404801242656003524e+01,1.001964491920311007e+00,1.003932843070711733e+00,2.000034854812889618e-01,1.001964487013649041e+00,1.003932841431447454e+00,2.000029869170462937e-01,1.001960683404444330e+00,1.003921342319382903e+00,2.000078867814389927e-01,1.001960640177403938e+00,1.003921279873872363e+00,2.000034772225212920e-01,-5.679234216079774123e-21,-7.291558490095136826e-19,-1.988112868705301003e-11,-8.196430844527242638e-09
2.042784403075247042e+02,2.407864683729450661e+01,1.001961988567844797e+00,1.003927826538184132e+00,2.000035775376102776e-01,1.001961982663180706e+00,1.003927822671609960e+00,2.000029767994187246e-01,1.001958159514203528e+00,1.003916314082559769e+00,2.000048857174200057e-01,1.001958147816924827e+00,1.003916293758278178e+00,2.000036909664850981e-01,-5.368103491349858579e-21,-7.031189576420588114e-19,-1.935283219890844118e-11,-7.971305666275342389e-09
2.045383365420126438e+02,2.410928124802897798e+01,1.001959490178654599e+00,1.003922819961417856e+00,2.000035258615948386e-01,1.001959483894300895e+00,1.003922815113216682e+00,2.000028856772811670e-01,1.001955672341903414e+00,1.003911339056953400e+00,2.000049838170668004e-01,1.001955660571862028e+00,1.003911318689652221e+00,2.000037801047319930e-01,-5.070684021496004246e-21,-6.782331315557584367e-19,-1.883671477870998981e-11,-7.751571947095709875e-09
2.047982327765005834e+02,2.413991565876344936e+01,1.001956998034886137e+00,1.003917825912224560e+00,2.000034631615080771e-01,1.001956993787641581e+00,1.003917824938289405e+00,2.000030299446800830e-01,1.001953219428401320e+00,1.003906413902214467e+00,2.000079435806521866e-01,1.001953178435069702e+00,1.003906354642115861e+00,2.000037458997343254e-01,-4.789319096676748386e-21,-6.546918389593035315e-19,-1.833891993546334758e-11,-7.539935954285892696e-09
2.050581290109885515e+02,2.417055006949792073e+01,1.001954513905645827e+00,1.003912847939132158e+00,2.000035725451298485e-01,1.001954508982039638e+00,1.003912845401393028e+00,2.000030696999470226e-01,1.001950753982196796e+00,1.003901476214773103e+00,2.000089808750109832e-01,1.001950701399314081e+00,1.003901401589761377e+00,2.000035896012202496e-01,-4.525411228325490463e-21,-6.326419192068901586e-19,-1.785200897889509556e-11,-7.333102596067074487e-09
2.053180252454764911e+02,2.420118448023239210e+01,1.001952034681210524e+00,1.003907879804401437e+00,2.000035391336600354e-01,1.001952029468173411e+00,1.003907876483751016e+00,2.000030060516299057e-01,1.001948276003290061e+00,1.003896525994629529e+00,2.000080908143398173e-01,1.001948231141066348e+00,1.003896461751758284e+00,2.000034853027336246e-01,-4.271874885335190819e-21,-6.115222494556192429e-19,-1.737585205442714868e-11,-7.131012047507888448e-09
2.055779214799644308e+02,2.423181889096686348e+01,1.001949561085182960e+00,1.003902922959463595e+00,2.000034389236423071e-01,1.001949557216653020e+00,1.003902922139704668e+00,2.000030428274014727e-01,1.001945785491681118e+00,1.003891563241783969e+00,2.000052685128355656e-01,1.001945770156858151e+00,1.003891538441603171e+00,2.000036922623132096e-01,-4.030113029074434528e-21,-5.914772188184016080e-19,-1.691412916315612373e-11,-6.935279841250841608e-09
2.058378177144523704e+02,2.426245330170133485e+01,1.001947095958765521e+00,1.003897983103276825e+00,2.000035653825613657e-01,1.001947091730960082e+00,1.003897981372611437e+00,2.000031319509534278e-01,1.001943323992187551e+00,1.003886643345743845e+00,2.000047848320100907e-01,1.001943314192168089e+00,1.003886625970900059e+00,2.000037762247112993e-01,-3.806904432436379196e-21,-5.727415815953585792e-19,-1.646544046430180620e-11,-6.745280024110259412e-09
2.060977139489403100e+02,2.429308771243580622e+01,1.001944635679594686e+00,1.003893052969885735e+00,2.000035499746827539e-01,1.001944631472053038e+00,1.003893051093961875e+00,2.000031180737336933e-01,1.001940903087625845e+00,1.003881781692022246e+00,2.000078446780605423e-01,1.001940863240024848e+00,1.003881724314412471e+00,2.000037384283304687e-01,-3.594307456681105355e-21,-5.547272043249340473e-19,-1.602662870533627218e-11,-6.559619747666507839e-09
2.063576101834282781e+02,2.432372212317027760e+01,1.001942180425014151e+00,1.003888132915005116e+00,2.000034128121742083e-01,1.001942176666066775e+00,1.003888131757456392e+00,2.000030264706235683e-01,1.001938469888999927e+00,1.003876907744236657e+00,2.000090068532733578e-01,1.001938417293371186e+00,1.003876833446874839e+00,2.000035800991508128e-01,-3.392709135903513488e-21,-5.374553346509959000e-19,-1.559799884559744077e-11,-6.378430209750389742e-09
2.066175064179162177e+02,2.435435653390474897e+01,1.001939734084370537e+00,1.003883230739934795e+00,2.000035560984776695e-01,1.001939730278663898e+00,1.003883229313853542e+00,2.000031644565125333e-01,1.001936024396309577e+00,1.003872021502386636e+00,2.000082665648771352e-01,1.001935978189919529e+00,1.003871955802859928e+00,2.000034930403281896e-01,-3.208374192124963611e-21,-5.216444368127852991e-19,-1.518460456611086426e-11,-6.203919680232184674e-09
2.068774026524041574e+02,2.438499094463922034e+01,1.001937292534310187e+00,1.003878338173892493e+00,2.000035584373969222e-01,1.001937289054112057e+00,1.003878337229956674e+00,2.000031998409807221e-01,1.001933566609555237e+00,1.003867122966472625e+00,2.000056190201002226e-01,1.001933547993212326e+00,1.003867094118940706e+00,2.000036933697608987e-01,-3.031574666621536529e-21,-5.064951125610121886e-19,-1.478027894575424095e-11,-6.033378641188331230e-09
2.071372988868920970e+02,2.441562535537369172e+01,1.001934855771862365e+00,1.003873455210914312e+00,2.000034213853785492e-01,1.001934852983404456e+00,1.003873455487632960e+00,2.000031337028832235e-01,1.001931130413406423e+00,1.003862257313819395e+00,2.000045688156600332e-01,1.001931122722507173e+00,1.003862243072122462e+00,2.000037722796110529e-01,-2.862149331309931566e-21,-4.919961323695316681e-19,-1.438491334616523820e-11,-5.866757504744200253e-09
2.073971951213800367e+02,2.444625976610816309e+01,1.001932427649302904e+00,1.003868589577866954e+00,2.000035447404016342e-01,1.001932424003018962e+00,1.003868587972390536e+00,2.000031680829953695e-01,1.001928740898617276e+00,1.003857457944178355e+00,2.000077262445462412e-01,1.001928702371001290e+00,1.003857402637790219e+00,2.000037309848198275e-01,-2.704032725288706617e-21,-4.785354481073374948e-19,-1.400160029612256160e-11,-5.705403177717279569e-09
2.076570913558679763e+02,2.447689417684263447e+01,1.001930004615471770e+00,1.003863734151760889e+00,2.000035645733940770e-01,1.001930001595483288e+00,1.003863733645671275e+00,2.000032522192426165e-01,1.001926339322389170e+00,1.003852646513098579e+00,2.000090103258943819e-01,1.001926286931809740e+00,1.003852572791302133e+00,2.000035706882166697e-01,-2.552550297588081761e-21,-4.656488182747254908e-19,-1.362911502676571188e-11,-5.548772974205418344e-09
2.079169875903559443e+02,2.450752858757710584e+01,1.001927586313531959e+00,1.003858888216845546e+00,2.000034459099860606e-01,1.001927584279038497e+00,1.003858889534197329e+00,2.000032352201428221e-01,1.001923925684722549e+00,1.003847823020580288e+00,2.000084163576207053e-01,1.001923878397471768e+00,1.003847756174069739e+00,2.000035004462473454e-01,-2.407333637903660851e-21,-4.532948797129555173e-19,-1.326485631067262028e-11,-5.395728542929393601e-09
2.081768838248438840e+02,2.453816299831157721e+01,1.001925176029897058e+00,1.003854058364913371e+00,2.000035313546694449e-01,1.001925172290889510e+00,1.003854056113850701e+00,2.000031436613850799e-01,1.001921499985617192e+00,1.003842987466623038e+00,2.000059396376414333e-01,1.001921478414134148e+00,1.003842954966519097e+00,2.000036942955760177e-01,-2.273455973303483441e-21,-4.418353353172037097e-19,-1.290910370510865950e-11,-5.246389463429811961e-09
2.084367800593318236e+02,2.456879740904604859e+01,1.001922771302625970e+00,1.003849239657785386e+00,2.000035684331186725e-01,1.001922768486240845e+00,1.003849239113279390e+00,2.000032760394872822e-01,1.001919088729386287e+00,1.003838175189124549e+00,2.000043377007239276e-01,1.001919083265591093e+00,1.003838164198723737e+00,2.000037682727729138e-01,-2.147427965961467132e-21,-4.309471469132008764e-19,-1.256601079086306569e-11,-5.102556452049206287e-09
2.086966762938197633e+02,2.459943181978051996e+01,1.001920371252384312e+00,1.003844430331700677e+00,2.000034679012737959e-01,1.001920369710904923e+00,1.003844432203614190e+00,2.000033076664701204e-01,1.001916730000731448e+00,1.003833436917171973e+00,2.000075902526461669e-01,1.001916692945203691e+00,1.003833383846671756e+00,2.000037235699061167e-01,-2.027725056249041698e-21,-4.205320010935888822e-19,-1.223046875670590009e-11,-4.962002684034051047e-09
2.089565725283077029e+02,2.463006623051499133e+01,1.001917978611804871e+00,1.003839635867637359e+00,2.000035159867288026e-01,1.001917975956178042e+00,1.003839635367339556e+00,2.000032395926428230e-01,1.001914359437437785e+00,1.003828686810580351e+00,2.000089933171206036e-01,1.001914307446253094e+00,1.003828613886324606e+00,2.000035613672342671e-01,-1.916982549625550483e-21,-4.108366395792042105e-19,-1.190238678778602587e-11,-4.824687079679172244e-09
2.092164687627956710e+02,2.466070064124946271e+01,1.001915591984575915e+00,1.003834853464862009e+00,2.000035700659347215e-01,1.001915589125249806e+00,1.003834852422874180e+00,2.000032720995421065e-01,1.001911977039505963e+00,1.003823924869350570e+00,2.000085422804802893e-01,1.001911928909934968e+00,1.003823857157694288e+00,2.000035075310493404e-01,-1.811840104040694270e-21,-4.015121910254414978e-19,-1.158436172220490210e-11,-4.691731942962371844e-09
2.094763649972836106e+02,2.469133505198393408e+01,1.001913209980356489e+00,1.003830080334675801e+00,2.000034874125717621e-01,1.001913208681007195e+00,1.003830082292368475e+00,2.000033518403487587e-01,1.001909582806935317e+00,1.003819151093482187e+00,2.000062325290581644e-01,1.001909558580022619e+00,1.003819115305074394e+00,2.000036950462592278e-01,-1.710715611428351810e-21,-3.925163154341532219e-19,-1.127532521588554790e-11,-4.562668055958881046e-09
2.097362612317715502e+02,2.472196946271840545e+01,1.001910834789820903e+00,1.003825320870975979e+00,2.000034986809527404e-01,1.001910833196731021e+00,1.003825322113225393e+00,2.000033322532294433e-01,1.001907196133169808e+00,1.003814391340456913e+00,2.000040932033548269e-01,1.001907192995934892e+00,1.003814383699715540e+00,2.000037642074026512e-01,-1.614899238114554761e-21,-3.840974640818027096e-19,-1.097313590943731925e-11,-4.436565640910795472e-09
2.099961574662594899e+02,2.475260387345287683e+01,1.001908466059208358e+00,1.003820574364142626e+00,2.000035695201131114e-01,1.001908462920022114e+00,1.003820572382155607e+00,2.000032411660938592e-01,1.001904867602092519e+00,1.003809713009430338e+00,2.000074384607009037e-01,1.001904832151191860e+00,1.003809662318190465e+00,2.000037161842455335e-01,-1.524367614755905674e-21,-3.761670581724780911e-19,-1.067804775244316482e-11,-4.313532680786566085e-09
2.102560537007474295e+02,2.478323828418734820e+01,1.001906101898412116e+00,1.003815837023104729e+00,2.000035044962090447e-01,1.001906100599942118e+00,1.003815838614438460e+00,2.000033685095259084e-01,1.001902527457532166e+00,1.003805023064920920e+00,2.000089576390106649e-01,1.001902476039236323e+00,1.003804951137046375e+00,2.000035521350364276e-01,-1.437822136960670417e-21,-3.685823248861701523e-19,-1.039347162899761917e-11,-4.195036589790834902e-09
2.105159499352353691e+02,2.481387269492181957e+01,1.001903743967713645e+00,1.003811112177900755e+00,2.000034794807720451e-01,1.001903743180123429e+00,1.003811114677963579e+00,2.000033968953594532e-01,1.001900175699488527e+00,1.003800321506927995e+00,2.000086462108333352e-01,1.001900126943981784e+00,1.003800253186966085e+00,2.000035143049235797e-01,-1.357022719123988077e-21,-3.614690300214766488e-19,-1.011517833496248652e-11,-4.079248198827604861e-09
2.107758461697233372e+02,2.484450710565629095e+01,1.001901392933326695e+00,1.003806401164696549e+00,2.000035668429003821e-01,1.001901390652153445e+00,1.003806400555807166e+00,2.000033273464033590e-01,1.001897812327961601e+00,1.003795608335451783e+00,2.000064996487179725e-01,1.001897785721301615e+00,1.003795569595395509e+00,2.000036956280737965e-01,-1.282530228310815607e-21,-3.546981506451052917e-19,-9.843092014618404062e-12,-3.966133495064239043e-09
2.110357424042112768e+02,2.487514151639076232e+01,1.001899046416373285e+00,1.003801699212123699e+00,2.000035192032874332e-01,1.001899044886755519e+00,1.003801700000990005e+00,2.000033584125572306e-01,1.001895449885116918e+00,1.003790900273376696e+00,2.000038368478093964e-01,1.001895449157645501e+00,1.003790896063294857e+00,2.000037600865767207e-01,-1.211694831920569423e-21,-3.481523452672681830e-19,-9.579391628990911557e-12,-3.856627107995183337e-09
2.112956386386992165e+02,2.490577592712523369e+01,1.001896705558059875e+00,1.003797008609082386e+00,2.000034584286885797e-01,1.001896705328416681e+00,1.003797011898851066e+00,2.000034342591557324e-01,1.001893150977706926e+00,1.003786280755260441e+00,2.000072724370217103e-01,1.001893117246688059e+00,1.003786232567803971e+00,2.000037088284488951e-01,-1.145094240535145819e-21,-3.418890379900611793e-19,-9.323147891573937122e-12,-3.750324359480964344e-09
2.115555348731871561e+02,2.493641033785970507e+01,1.001894372022485769e+00,1.003792332693180578e+00,2.000035620804813674e-01,1.001894370603312545e+00,1.003792333493126909e+00,2.000034125306560107e-01,1.001890840672497784e+00,1.003781649839345036e+00,2.000089049151216603e-01,1.001890789982028629e+00,1.003781579086038045e+00,2.000035429904727102e-01,-1.082485469963500861e-21,-3.360289996282589583e-19,-9.072599436518811133e-12,-3.646466295491224371e-09
2.118154311076750957e+02,2.496704474859417644e+01,1.001892042952758244e+00,1.003787665734343859e+00,2.000035315838981087e-01,1.001892040968801911e+00,1.003787665300077458e+00,2.000033222604651051e-01,1.001888518969489716e+00,1.003777007525630705e+00,2.000087298387416002e-01,1.001888469784583791e+00,1.003776938831720589e+00,2.000035207777053625e-01,-1.022025095691491797e-21,-3.304357958621460443e-19,-8.827975175577588712e-12,-3.545149666694197377e-09
2.120753273421630638e+02,2.499767915932864781e+01,1.001889718982082123e+00,1.003783009002567228e+00,2.000034355662111130e-01,1.001889719071930029e+00,1.003783012629964499e+00,2.000034450575669809e-01,1.001886185868682722e+00,1.003772353814117668e+00,2.000067427645140228e-01,1.001886157136274269e+00,1.003772312434032532e+00,2.000036960470555902e-01,-9.639052527505006522e-22,-3.251554778471858835e-19,-8.592073743773239112e-12,-3.447569497163724820e-09
2.123352235766510034e+02,2.502831357006311919e+01,1.001887402750831768e+00,1.003778367793514370e+00,2.000035552781147807e-01,1.001887401950579681e+00,1.003778369540192950e+00,2.000034706370660553e-01,1.001883847311052733e+00,1.003767696626242767e+00,2.000035699883241647e-01,1.001883849062292331e+00,1.003767695912584301e+00,2.000037559132474274e-01,-9.098026024485302810e-22,-3.201167274106745092e-19,-8.361396557891311852e-12,-3.352224030120165554e-09
2.125951198111389431e+02,2.505894798079759056e+01,1.001885090934620859e+00,1.003773735439529080e+00,2.000035416869777039e-01,1.001885089596617817e+00,1.003773736014407225e+00,2.000033999952288699e-01,1.001881577467620410e+00,1.003763134820908176e+00,2.000070935813395012e-01,1.001881545556462028e+00,1.003763089245065299e+00,2.000037015030839138e-01,-8.583299569349806634e-22,-3.153010336431953090e-19,-8.135880305826594435e-12,-3.259085118882124481e-09
2.128550160456268827e+02,2.508958239153206193e+01,1.001882783669490573e+00,1.003769112213456660e+00,2.000034109339818844e-01,1.001882783849101566e+00,1.003769115741869111e+00,2.000034299777511126e-01,1.001879296436769540e+00,1.003758561828154816e+00,2.000088366015403685e-01,1.001879246612535024e+00,1.003758492409141612e+00,2.000035339324087447e-01,-8.096270471881845067e-22,-3.107300577905281971e-19,-7.917351974272356431e-12,-3.168930673185209105e-09
2.131149122801148224e+02,2.512021680226653331e+01,1.001880484550944139e+00,1.003764505326566470e+00,2.000035464799937712e-01,1.001880484135290850e+00,1.003764507573451592e+00,2.000035023551451907e-01,1.001877004218500566e+00,1.003753977647983575e+00,2.000087946875750144e-01,1.001876954782929596e+00,1.003753908794232430e+00,2.000035269588897602e-01,-7.657560632888931414e-22,-3.064702357715944851e-19,-7.705005336538765476e-12,-3.081412489973321088e-09
2.133748085146027620e+02,2.515085121300100468e+01,1.001878189797396068e+00,1.003759907194284207e+00,2.000035495605018421e-01,1.001878189132203723e+00,1.003759908855073490e+00,2.000034788586991796e-01,1.001874700812813268e+00,1.003749382280394009e+00,2.000069634780915762e-01,1.001874670189056848e+00,1.003749338549164927e+00,2.000036963090219000e-01,-7.238984128785323773e-22,-3.023685965519126951e-19,-7.497392739308736422e-12,-2.995911430156942020e-09
2.136347047490907300e+02,2.518148562373547605e+01,1.001875899406223125e+00,1.003755317811344305e+00,2.000034215939205662e-01,1.001875899106353218e+00,1.003755320121331396e+00,2.000033896824592039e-01,1.001872386219707423e+00,1.003744775725385674e+00,2.000033386117381351e-01,1.001872390086855580e+00,1.003744778001529836e+00,2.000037516902483103e-01,-6.839828848066183160e-22,-2.984261307137614666e-19,-7.294719155490964003e-12,-2.912513601370901128e-09
2.138946009835786697e+02,2.521212003446994743e+01,1.001873616863682814e+00,1.003750744169842113e+00,2.000035357294281113e-01,1.001873616606715922e+00,1.003750746485448042e+00,2.000035083502068878e-01,1.001870144475121016e+00,1.003740270000741397e+00,2.000069031438346245e-01,1.001870114470295059e+00,1.003740227129550133e+00,2.000036942086778902e-01,-6.465002882886302074e-22,-2.947983964887447644e-19,-7.099278966901802274e-12,-2.832191569730265586e-09
2.141544972180666093e+02,2.524275444520441880e+01,1.001871338984745785e+00,1.003746179881745970e+00,2.000035552513697301e-01,1.001871338762003072e+00,1.003746182187412517e+00,2.000035314897099237e-01,1.001867892167605412e+00,1.003735753852937451e+00,2.000087540055514312e-01,1.001867843333274166e+00,1.003735685911425701e+00,2.000035249597263420e-01,-6.102669509218384943e-22,-2.912703558834343647e-19,-6.908179977833939903e-12,-2.753713004467598478e-09
2.144143934525545490e+02,2.527338885593889017e+01,1.001869065418949933e+00,1.003741624244154806e+00,2.000034445417800122e-01,1.001869065564350514e+00,1.003741627211414800e+00,2.000034600716611710e-01,1.001865628877909975e+00,1.003731226722953673e+00,2.000088421323275578e-01,1.001865579354418667e+00,1.003731157905201954e+00,2.000035328576450222e-01,-5.752440136971696438e-22,-2.878352332894420122e-19,-6.721369385019982989e-12,-2.677054625453769984e-09
2.146742896870424886e+02,2.530402326667336155e+01,1.001866799138037223e+00,1.003737083217182802e+00,2.000035230687934040e-01,1.001866798821926086e+00,1.003737085184545297e+00,2.000034892646566642e-01,1.001863354606034928e+00,1.003726688610790285e+00,2.000071632428221668e-01,1.001863322307586568e+00,1.003726642796615831e+00,2.000036964195804901e-01,-5.426588638441477974e-22,-2.845621701485772964e-19,-6.540377959431182224e-12,-2.602863551846672176e-09
2.149341859215304567e+02,2.533465767740783292e+01,1.001864537948410794e+00,1.003732552401283895e+00,2.000035588055287250e-01,1.001864537945871492e+00,1.003732554925431231e+00,2.000035585336514543e-01,1.001861069351980271e+00,1.003722139516447287e+00,2.000037130556946430e-01,1.001861069671748927e+00,1.003722137210945053e+00,2.000037474202991106e-01,-5.121440079543020112e-22,-2.814917545207267274e-19,-6.364507933280674813e-12,-2.530840824057618123e-09
2.151940821560183963e+02,2.536529208814230429e+01,1.001862281023427448e+00,1.003728030138531624e+00,2.000034651188098977e-01,1.001862281662085463e+00,1.003728033878204418e+00,2.000035335812914150e-01,1.001858849464986712e+00,1.003717681213548429e+00,2.000067022420155827e-01,1.001858821441016234e+00,1.003717641126930182e+00,2.000036869457188504e-01,-4.833349229946643743e-22,-2.785795579135561639e-19,-6.192570419994788254e-12,-2.460481664376609021e-09
2.154539783905063359e+02,2.539592649887677567e+01,1.001860030830979076e+00,1.003723521378469874e+00,2.000035085395374668e-01,1.001860030245663502e+00,1.003723522594652140e+00,2.000034457191566251e-01,1.001856625343345408e+00,1.003713220858889921e+00,2.000086583022027409e-01,1.001856577609431032e+00,1.003713154523289797e+00,2.000035160713232452e-01,-4.571154221838695734e-22,-2.758751915023202195e-19,-6.024747893703480730e-12,-2.391862263914742457e-09
2.157138746249942756e+02,2.542656090961124704e+01,1.001857786148063756e+00,1.003719023668206534e+00,2.000035602679119950e-01,1.001857786151287621e+00,1.003719025998582204e+00,2.000035606143350242e-01,1.001854390439776532e+00,1.003708749722303617e+00,2.000088734158797787e-01,1.001854340976726876e+00,1.003708681119886981e+00,2.000035384828251495e-01,-4.324018206838897660e-22,-2.732309869317537428e-19,-5.862919801066462101e-12,-2.325773632826593367e-09
2.159737708594822152e+02,2.545719532034571841e+01,1.001855545682015958e+00,1.003714534415182991e+00,2.000034833735497286e-01,1.001855546595220359e+00,1.003714538505933618e+00,2.000035816226930496e-01,1.001852144754280305e+00,1.003704267803790184e+00,2.000073433797732725e-01,1.001852110981701349e+00,1.003704220156013349e+00,2.000036963841381188e-01,-4.086583918855003626e-22,-2.706352849718455990e-19,-5.704696835097950208e-12,-2.261205027822068891e-09
2.162336670939701833e+02,2.548782973108018979e+01,1.001853311407318037e+00,1.003710057579333847e+00,2.000034921821698675e-01,1.001853311569855798e+00,1.003710060101419055e+00,2.000035096902756382e-01,1.001849888286856727e+00,1.003699775103349179e+00,2.000040639906096873e-01,1.001849885318913724e+00,1.003699768544699999e+00,2.000037431060104620e-01,-3.859605257737212584e-22,-2.681158978751443164e-19,-5.550034989063369724e-12,-2.198137203748361044e-09
2.164935633284581229e+02,2.551846414181466116e+01,1.001851083051166658e+00,1.003705592613473918e+00,2.000035596824929762e-01,1.001851082853225661e+00,1.003705594351497643e+00,2.000035383351183027e-01,1.001847689961777199e+00,1.003695363498950055e+00,2.000064918756846999e-01,1.001847663982611936e+00,1.003695326265190646e+00,2.000036797146581835e-01,-3.641815118559563032e-22,-2.658990425453319383e-19,-5.400215947691436522e-12,-2.137108193965957025e-09
2.167534595629460625e+02,2.554909855254913253e+01,1.001848858864816227e+00,1.003701136010371364e+00,2.000034993535005357e-01,1.001848859841404593e+00,1.003701140044650053e+00,2.000036048026643809e-01,1.001845493501716478e+00,1.003690957911259174e+00,2.000085505490020177e-01,1.001845446966977082e+00,1.003690893296706355e+00,2.000035072661130731e-01,-3.431926352687038676e-22,-2.637405649135383582e-19,-5.254637180106126446e-12,-2.077861838412892721e-09
2.170133557974340022e+02,2.557973296328360391e+01,1.001846640339562722e+00,1.003696690760873089e+00,2.000034740364962371e-01,1.001846641307293950e+00,1.003696694719429461e+00,2.000035786550629913e-01,1.001843286455144533e+00,1.003686541737057070e+00,2.000088896634359958e-01,1.001843237187942215e+00,1.003686473514373567e+00,2.000035438429826062e-01,-3.234512571369579352e-22,-2.614718935819114827e-19,-5.112323061986818765e-12,-2.019986841597618038e-09
2.172732520319219418e+02,2.561036737401807528e+01,1.001844428132831810e+00,1.003692258183416230e+00,2.000035570923957562e-01,1.001844427534029469e+00,1.003692258943727822e+00,2.000034922798338555e-01,1.001841068822061143e+00,1.003682114976343520e+00,2.000075050918950215e-01,1.001841033761289079e+00,1.003682065727087069e+00,2.000036962079078662e-01,-3.054482605989216033e-22,-2.594220714902420952e-19,-4.973435207994841092e-12,-1.963550277174918798e-09
2.175331482664098814e+02,2.564100178475254665e+01,1.001842220049531385e+00,1.003687833875632762e+00,2.000035131052077531e-01,1.001842220885611479e+00,1.003687837459224408e+00,2.000036037086457552e-01,1.001838840602466307e+00,1.003677677629118525e+00,2.000043927072872874e-01,1.001838834589981131e+00,1.003677667126045447e+00,2.000037387498885544e-01,-2.885102362857299349e-22,-2.574633045636791885e-19,-4.839511927437859335e-12,-1.909195080357973563e-09
2.177930445008978495e+02,2.567163619548701803e+01,1.001840017107779923e+00,1.003683419879374261e+00,2.000034541413258371e-01,1.001840018662710774e+00,1.003683424851457673e+00,2.000036228464768528e-01,1.001836663548173023e+00,1.003673312013924068e+00,2.000062729402041772e-01,1.001836639668399309e+00,1.003673277690979360e+00,2.000036725159121676e-01,-2.728509175762755312e-22,-2.555814081564907516e-19,-4.708580653656890856e-12,-1.856092652705510879e-09
2.180529407353857891e+02,2.570227060622148940e+01,1.001837820875683738e+00,1.003679019339458467e+00,2.000035525397935166e-01,1.001837820857969463e+00,1.003679021105642111e+00,2.000035506155497522e-01,1.001834494238182938e+00,1.003668960191892223e+00,2.000084316989519384e-01,1.001834448990859938e+00,1.003668897401599036e+00,2.000034985430253764e-01,-2.582547714838225839e-22,-2.537087998438364277e-19,-4.580604736936286105e-12,-1.804227092601252808e-09
2.183128369698737288e+02,2.573290501695596078e+01,1.001835628721330362e+00,1.003674626977504758e+00,2.000035246742431494e-01,1.001835629220016566e+00,1.003674629729095713e+00,2.000035789097494576e-01,1.001832314532405954e+00,1.003664597974073480e+00,2.000088918953373540e-01,1.001832265584767123e+00,1.003664530281980660e+00,2.000035489463793670e-01,-2.440830593747795745e-22,-2.519542985091099890e-19,-4.456656573543387203e-12,-1.754045503655556354e-09
2.185727332043616684e+02,2.576353942769043215e+01,1.001833441199461827e+00,1.003670243906042980e+00,2.000034325346902730e-01,1.001833443130851986e+00,1.003670249482140564e+00,2.000036428374360464e-01,1.001830124430842073e+00,1.003660225360467839e+00,2.000076494766216406e-01,1.001830088254502593e+00,1.003660174726099363e+00,2.000036958959174882e-01,-2.303094405790686246e-22,-2.503766234122840891e-19,-4.336216976782378074e-12,-1.705328815370278652e-09
2.188326294388496081e+02,2.579417383842490352e+01,1.001831260769725951e+00,1.003665875057852208e+00,2.000035460659486397e-01,1.001831261408583806e+00,1.003665877994126321e+00,2.000036157121136138e-01,1.001827923933491515e+00,1.003655842351075744e+00,2.000047003900660147e-01,1.001827915104499755e+00,1.003655828194067290e+00,2.000037343543394908e-01,-2.171737760590590356e-22,-2.486231903968541255e-19,-4.218485935010729000e-12,-1.657742099261134931e-09
2.190925256733375761e+02,2.582480824915937490e+01,1.001829084372716228e+00,1.003661514297259583e+00,2.000035341052968652e-01,1.001829084343875742e+00,1.003661515848021102e+00,2.000035309574590969e-01,1.001825767863358863e+00,1.003651522029439525e+00,2.000060462382528825e-01,1.001825746129268335e+00,1.003651490666089163e+00,2.000036653498641348e-01,-2.046057440441569883e-22,-2.469432328711134020e-19,-4.103605936609169493e-12,-1.611344136435153664e-09
2.193524219078255157e+02,2.585544265989384627e+01,1.001826912109393897e+00,1.003657161826736921e+00,2.000034092538525432e-01,1.001826914213500563e+00,1.003657167610343182e+00,2.000036391834140725e-01,1.001823625204340429e+00,1.003647222995893484e+00,2.000083026121092511e-01,1.001823581323255663e+00,1.003647162122347947e+00,2.000034899010048883e-01,-1.926532219424835368e-22,-2.453670864389872493e-19,-3.992835069108314567e-12,-1.566657173988483196e-09
2.196123181423134554e+02,2.588607707062831764e+01,1.001824747312210162e+00,1.003652824329410942e+00,2.000035377113465185e-01,1.001824748399526399e+00,1.003652828030147326e+00,2.000036566708204011e-01,1.001821472335707730e+00,1.003642913752732957e+00,2.000088810384332005e-01,1.001821423820783874e+00,1.003642846729790872e+00,2.000035538009983238e-01,-1.821066876113844904e-22,-2.439598230857312620e-19,-3.884545861524168081e-12,-1.523002257427442187e-09
2.198722143768013950e+02,2.591671148136278902e+01,1.001822586503393842e+00,1.003648494830641669e+00,2.000035414419759627e-01,1.001822586894834055e+00,1.003648497093130532e+00,2.000035843189531537e-01,1.001819309257460766e+00,1.003638594299958386e+00,2.000077775370642519e-01,1.001819272126038385e+00,1.003638542482400808e+00,2.000036954530163003e-01,-1.721999684048497585e-22,-2.425588409198479962e-19,-3.778707812187918357e-12,-1.480366254204944696e-09
2.201321106112893347e+02,2.594734589209726039e+01,1.001820429680619906e+00,1.003644173325761946e+00,2.000034217419769111e-01,1.001820431419359725e+00,1.003644178248914498e+00,2.000036124233439960e-01,1.001817135969599759e+00,1.003634264637569551e+00,2.000049881278420649e-01,1.001817124538226356e+00,1.003634247100269716e+00,2.000037299216734787e-01,-1.629050609011687885e-22,-2.411641344540833951e-19,-3.676217604581508337e-12,-1.439120516055078806e-09
2.203920068457772743e+02,2.597798030283173176e+01,1.001818280007506834e+00,1.003639866159252270e+00,2.000035275154792569e-01,1.001818281341970041e+00,1.003639870231544329e+00,2.000036740346774755e-01,1.001815000601452788e+00,1.003629988927197347e+00,2.000058124902420742e-01,1.001814981051983633e+00,1.003629960564061729e+00,2.000036582168655264e-01,-1.542346337717751068e-22,-2.398234162429146325e-19,-3.576628762075685800e-12,-1.399078026593036828e-09
2.206519030802652424e+02,2.600861471356620314e+01,1.001816134620145293e+00,1.003635567587611632e+00,2.000035467271428224e-01,1.001816135524260298e+00,1.003635570757699380e+00,2.000036461131683707e-01,1.001812884106357160e+00,1.003625741728389809e+00,2.000081640658335769e-01,1.001812841661884557e+00,1.003625682854420109e+00,2.000034813390119681e-01,-1.457297582710768748e-22,-2.384246687600193833e-19,-3.479285764008708561e-12,-1.359966204119046195e-09
2.209117993147531820e+02,2.603924912430067451e+01,1.001813993175161954e+00,1.003631276922215099e+00,2.000034432537795004e-01,1.001813994263936358e+00,1.003631280424450267e+00,2.000035630802176057e-01,1.001810757583402767e+00,1.003621484501723504e+00,2.000088579361714303e-01,1.001810709604783023e+00,1.003621418275305821e+00,2.000035584145539447e-01,-1.373881746658992066e-22,-2.370232367021111343e-19,-3.384313722835933833e-12,-1.321836355073485127e-09
2.211716955492411216e+02,2.606988353503514588e+01,1.001811858366981500e+00,1.003626999566546552e+00,2.000035155171751011e-01,1.001811859753849676e+00,1.003627003629815606e+00,2.000036683309128205e-01,1.001808621032589830e+00,1.003617217247198656e+00,2.000078901919515872e-01,1.001808583095474381e+00,1.003617164435108400e+00,2.000036948838824491e-01,-1.293970351849886140e-22,-2.359653381121771308e-19,-3.292740738652487144e-12,-1.285112424604201179e-09
2.214315917837290613e+02,2.610051794576961726e+01,1.001809728236702890e+00,1.003622731592096917e+00,2.000035500026576540e-01,1.001809729454579134e+00,1.003622735280542688e+00,2.000036843540843878e-01,1.001806474453918128e+00,1.003612939964815043e+00,2.000052569238700007e-01,1.001806460621476713e+00,1.003612919305274520e+00,2.000037254541084941e-01,-1.218902029904206548e-22,-2.348793178115906468e-19,-3.203224903514789133e-12,-1.249238336766184305e-09
2.216914880182170009e+02,2.613115235650408863e+01,1.001807602005772457e+00,1.003618471437518700e+00,2.000034625421534817e-01,1.001807603359234689e+00,1.003618475362791473e+00,2.000036120267681961e-01,1.001804359509979037e+00,1.003608708196471744e+00,2.000055723435422428e-01,1.001804342177547325e+00,1.003608682866913959e+00,2.000036511172378351e-01,-1.148190729118748499e-22,-2.337683150992132654e-19,-3.115740849461910021e-12,-1.214203251103907483e-09
2.219513842527049974e+02,2.616178676723856356e+01,1.001805481908870643e+00,1.003614223584267995e+00,2.000035017543972671e-01,1.001805483159750487e+00,1.003614227269887138e+00,2.000036400717505325e-01,1.001802268703457566e+00,1.003604511901396767e+00,2.000080167638725870e-01,1.001802227758384234e+00,1.003604455101117399e+00,2.000034728560218245e-01,-1.085462289909880862e-22,-2.326125762098285574e-19,-3.031037848261441995e-12,-1.180315447592213837e-09
2.222112804871929370e+02,2.619242117797303493e+01,1.001803366873629475e+00,1.003609985881745104e+00,2.000035513096543593e-01,1.001803368212748957e+00,1.003609989711378381e+00,2.000036995582066268e-01,1.001800168046546036e+00,1.003600305755931510e+00,2.000088233575511576e-01,1.001800120699147145e+00,1.003600240443216274e+00,2.000035627945026262e-01,-1.027856842648627460e-22,-2.314388139732414117e-19,-2.948732674353990144e-12,-1.147415542751865846e-09
2.224711767216808767e+02,2.622305558870750630e+01,1.001801255695328408e+00,1.003605755913970832e+00,2.000034796513663060e-01,1.001801257421668145e+00,1.003605760487960685e+00,2.000036709918459055e-01,1.001798057539244002e+00,1.003596089760075971e+00,2.000079882844590373e-01,1.001798018935668555e+00,1.003596036129900337e+00,2.000036941930292134e-01,-9.732290821792724471e-23,-2.302860764350695362e-19,-2.868288595689331292e-12,-1.115281824026287508e-09
2.227310729561688163e+02,2.625368999944197768e+01,1.001799150158160900e+00,1.003601537258954401e+00,2.000034862642731393e-01,1.001799151090796203e+00,1.003601540209884124e+00,2.000035897549770347e-01,1.001795937181551910e+00,1.003591863913830373e+00,2.000055077044771701e-01,1.001795921137533796e+00,1.003591840375639421e+00,2.000037209537745830e-01,-9.210861960724645187e-23,-2.292342928659358765e-19,-2.789815062006203364e-12,-1.083958911298276879e-09
2.229909691906567559e+02,2.628432441017644905e+01,1.001797050058196747e+00,1.003597329507684099e+00,2.000035506883031944e-01,1.001797051332226518e+00,1.003597333113039669e+00,2.000036922277056151e-01,1.001793842388385203e+00,1.003587675431055093e+00,2.000053263806547688e-01,1.001793827299618300e+00,1.003587653161976734e+00,2.000036440512742431e-01,-8.696419932488348778e-23,-2.282020708527346449e-19,-2.714151573323779277e-12,-1.053790734178700853e-09
2.232508654251447240e+02,2.631495882091092042e+01,1.001794953773375907e+00,1.003593129407267082e+00,2.000034946247874201e-01,1.001794955682281829e+00,1.003593134256287156e+00,2.000037069443416915e-01,1.001791776806450818e+00,1.003583529130784413e+00,2.000078613444151165e-01,1.001791737416741102e+00,1.003583474470437942e+00,2.000034644510250703e-01,-8.190787464739637956e-23,-2.272496385427186249e-19,-2.640192356802758828e-12,-1.024322065665356407e-09
2.235107616596326636e+02,2.634559323164539180e+01,1.001792862646472715e+00,1.003588939650469580e+00,2.000034690832304118e-01,1.001792864134292582e+00,1.003588943626230412e+00,2.000036347604969289e-01,1.001789701547432854e+00,1.003579373153430154e+00,2.000087780050656960e-01,1.001789654918295414e+00,1.003579308862287522e+00,2.000035669480521583e-01,-7.701716806764348047e-23,-2.264837321028011690e-19,-2.567916327951439926e-12,-9.955439615716691352e-10
2.237706578941206033e+02,2.637622764237986317e+01,1.001790777324270243e+00,1.003584761534287439e+00,2.000035481780629287e-01,1.001790778352859901e+00,1.003584764561255449e+00,2.000036628510816206e-01,1.001787616611331533e+00,1.003575207498992539e+00,2.000080725900502676e-01,1.001787577471211055e+00,1.003575153215920723e+00,2.000036933848118592e-01,-7.255651226004242925e-23,-2.253913999528062427e-19,-2.497949181126127286e-12,-9.677122167479294185e-10
2.240305541286085429e+02,2.640686205311433454e+01,1.001788695776013594e+00,1.003580590986269172e+00,2.000035075048500199e-01,1.001788697683204665e+00,1.003580595748101212e+00,2.000037203771844463e-01,1.001785521998146633e+00,1.003571032167471122e+00,2.000057413268125361e-01,1.001785503921111653e+00,1.003571005980784747e+00,2.000037164227168873e-01,-6.841541978543076318e-23,-2.242265631915915850e-19,-2.429962567470262681e-12,-9.406912139086407712e-10
2.242904503630964825e+02,2.643749646384880592e+01,1.001786618911944204e+00,1.003576429831770866e+00,2.000034502469245357e-01,1.001786621069034267e+00,1.003576435068308070e+00,2.000036912921942800e-01,1.001783447086602719e+00,1.003566886326297869e+00,2.000050751264473570e-01,1.001783434262987660e+00,1.003566867138844243e+00,2.000036370192405377e-01,-6.469843425276583204e-23,-2.230677667998361478e-19,-2.363517335701042604e-12,-9.143007199370604873e-10
2.245503465975844222e+02,2.646813087458327729e+01,1.001784548212192760e+00,1.003572281038943803e+00,2.000035438174420643e-01,1.001784548820781939e+00,1.003572283144431587e+00,2.000036119036671112e-01,1.001781406276300856e+00,1.003562789133339850e+00,2.000076983872285663e-01,1.001781368491774904e+00,1.003562736672046318e+00,2.000034561230269181e-01,-6.136852467130951236e-23,-2.219196235693787453e-19,-2.298708911897442731e-12,-8.885794122014735829e-10
2.248102428320723902e+02,2.649876528531774866e+01,1.001782481245779843e+00,1.003568139732775144e+00,2.000035183331669575e-01,1.001782482972811694e+00,1.003568144056331102e+00,2.000037117701894962e-01,1.001779355958181572e+00,1.003558682432564408e+00,2.000087225217502540e-01,1.001779310127177469e+00,1.003558619262350904e+00,2.000035708821714109e-01,-5.814769633375524926e-23,-2.207736697249450470e-19,-2.236222263357964849e-12,-8.638061314356312671e-10
2.250701390665603299e+02,2.652939969605222004e+01,1.001780418499117475e+00,1.003564006888682636e+00,2.000034297902356373e-01,1.001780421134537358e+00,1.003564013009632161e+00,2.000037253141468685e-01,1.001777296132245310e+00,1.003554566223971767e+00,2.000081438234435072e-01,1.001777256576931174e+00,1.003554511442793951e+00,2.000036924634332469e-01,-5.500433472662579434e-23,-2.196286321268137785e-19,-2.175146746383346054e-12,-8.396083783390544994e-10
2.253300353010482695e+02,2.656003410678669141e+01,1.001778362268674671e+00,1.003559887111831417e+00,2.000035376443158874e-01,1.001778363299501207e+00,1.003559889991365583e+00,2.000036533704313280e-01,1.001775226798491625e+00,1.003550440507561925e+00,2.000059585857395517e-01,1.001775206856872824e+00,1.003550411890028471e+00,2.000037118628995858e-01,-5.185980730025574922e-23,-2.184480413334572967e-19,-2.115464847874331949e-12,-8.159787766528814312e-10
2.255899315355362091e+02,2.659066851752116278e+01,1.001776309731541525e+00,1.003555774741295981e+00,2.000035271505609669e-01,1.001776311105620598e+00,1.003555778286292499e+00,2.000036815906025001e-01,1.001773171503649751e+00,1.003546336676244932e+00,2.000048190545603566e-01,1.001773160962105003e+00,1.003546320586427898e+00,2.000036300213771934e-01,-4.878192376307462281e-23,-2.173554708291569987e-19,-2.057698740167505292e-12,-7.931294691654394337e-10
2.258498277700241488e+02,2.662130292825563416e+01,1.001774260958829821e+00,1.003551669919674483e+00,2.000034077473915317e-01,1.001774263887512895e+00,1.003551676559938599e+00,2.000037372982290118e-01,1.001771155022740611e+00,1.003542287723924398e+00,2.000075284199843428e-01,1.001771118887677003e+00,1.003542237514349234e+00,2.000034478710473740e-01,-4.578242550995775490e-23,-2.163694237219335581e-19,-2.001567568141627978e-12,-7.709452350682198404e-10
2.261097240045121168e+02,2.665193733899010553e+01,1.001772219046682011e+00,1.003547578855697342e+00,2.000035296956761965e-01,1.001772220627647592e+00,1.003547582771656455e+00,2.000037077996862089e-01,1.001769129199356678e+00,1.003538229429129069e+00,2.000086574974341558e-01,1.001769084239823471e+00,1.003538167471399900e+00,2.000035746035987994e-01,-4.315627191646172829e-23,-2.153652252879211683e-19,-1.946712277325744704e-12,-7.492796438904380128e-10
2.263696202390000565e+02,2.668257174972457690e+01,1.001770180788383646e+00,1.003543495118835782e+00,2.000035339969006565e-01,1.001770181642190893e+00,1.003543497555478226e+00,2.000036302936810395e-01,1.001767094033498173e+00,1.003534161791859169e+00,2.000082026447989603e-01,1.001767054176455174e+00,1.003534106657740566e+00,2.000036914329502147e-01,-4.076031008788782389e-23,-2.145433322983244188e-19,-1.893215811196511474e-12,-7.281661216039722390e-10
2.266295164734879961e+02,2.671320616045904828e+01,1.001768146181867047e+00,1.003539418704939123e+00,2.000034218387981289e-01,1.001768148890675336e+00,1.003539424841065841e+00,2.000037277041676886e-01,1.001765049525165097e+00,1.003530084812114698e+00,2.000061602199676991e-01,1.001765027877995706e+00,1.003530053969721170e+00,2.000037072762090029e-01,-3.858652151313053397e-23,-2.138752399403668664e-19,-1.841636621384227831e-12,-7.078305963282827900e-10
2.268894127079759357e+02,2.674384057119351965e+01,1.001766118105330117e+00,1.003535355385641648e+00,2.000035200078268127e-01,1.001766120053062536e+00,1.003535359975685326e+00,2.000037401893318967e-01,1.001763013586275175e+00,1.003526022370861526e+00,2.000045585930782799e-01,1.001763005339656898e+00,1.003526009390113272e+00,2.000036230579001206e-01,-3.665839852704825964e-23,-2.129075378907815841e-19,-1.791225200470780968e-12,-6.879683979660314884e-10
2.271493089424638754e+02,2.677447498192799102e+01,1.001764093977504766e+00,1.003531299984678604e+00,2.000035389114114270e-01,1.001764095123097720e+00,1.003531302946777837e+00,2.000036685638909295e-01,1.001761021002925744e+00,1.003522020812720683e+00,2.000073519238636244e-01,1.001760986556598176e+00,1.003521972901671777e+00,2.000034396941207104e-01,-3.474498194387950657e-23,-2.121024840058417470e-19,-1.741967010865587429e-12,-6.685734460936468589e-10
2.274092051769518150e+02,2.680510939266246240e+01,1.001762073462600933e+00,1.003527251828685740e+00,2.000034420390962575e-01,1.001762075712645084e+00,1.003527256986753935e+00,2.000036969802322651e-01,1.001759019238633419e+00,1.003518010073636946e+00,2.000085834742896806e-01,1.001758975217940106e+00,1.003517949412785049e+00,2.000035781188514716e-01,-3.283798858142970962e-23,-2.113845919242397408e-19,-1.694297564464838668e-12,-6.498215974610292138e-10
2.276691014114397831e+02,2.683574380339693377e+01,1.001760059009778381e+00,1.003523215828904691e+00,2.000035086163464704e-01,1.001760061146473868e+00,1.003523220741439514e+00,2.000037509921811230e-01,1.001757008293398199e+00,1.003513990153610314e+00,2.000082496652177411e-01,1.001756968240814061e+00,1.003513934802791274e+00,2.000036902972787134e-01,-3.089537641667340327e-23,-2.104061885967652154e-19,-1.647977015555762403e-12,-6.316151001667626368e-10
2.279289976459277227e+02,2.686637821413140514e+01,1.001758048866110196e+00,1.003519188470176404e+00,2.000035419324167618e-01,1.001758050444373493e+00,1.003519192245095448e+00,2.000037211676450322e-01,1.001754988167220528e+00,1.003509961052641231e+00,2.000063469175091813e-01,1.001754964964792771e+00,1.003509928180481126e+00,2.000037026644567173e-01,-2.901635717380435344e-23,-2.094901494397821620e-19,-1.602712004872611288e-12,-6.138350540200593088e-10
2.281888938804156624e+02,2.689701262486587652e+01,1.001756042297051952e+00,1.003515168279524250e+00,2.000034601501767262e-01,1.001756043927850337e+00,1.003515172142445566e+00,2.000036455634599808e-01,1.001752971327643627e+00,1.003505939393349422e+00,2.000042941295495369e-01,1.001752965385193761e+00,1.003505929529012741e+00,2.000036161290020820e-01,-2.721937382034597026e-23,-2.086591154250120863e-19,-1.558574422350668353e-12,-5.965102674041023080e-10
2.284487901149036020e+02,2.692764703560034789e+01,1.001754041331126110e+00,1.003511159324661284e+00,2.000034955560732464e-01,1.001754043484382795e+00,1.003511164218537699e+00,2.000037406499518278e-01,1.001751002220129250e+00,1.003501984402567659e+00,2.000071693385257476e-01,1.001750969497283927e+00,1.003501938831528051e+00,2.000034315912955496e-01,-2.565114281176045118e-23,-2.080751308056365989e-19,-1.516019225104541002e-12,-5.798236818520286719e-10
2.287086863493915416e+02,2.695828144633481926e+01,1.001752045027311411e+00,1.003507159718544317e+00,2.000035430975550532e-01,1.001752046862039114e+00,1.003507163957366277e+00,2.000037521733730450e-01,1.001749024089502393e+00,1.003498020388673417e+00,2.000085009517553192e-01,1.001748981069557676e+00,1.003497961102506109e+00,2.000035814342330798e-01,-2.428810761773694876e-23,-2.074719775742040218e-19,-1.474429884044126789e-12,-5.635262143312848693e-10
2.289685825838795097e+02,2.698891585706929064e+01,1.001750052260332646e+00,1.003503167204691016e+00,2.000034762124247578e-01,1.001750054054760586e+00,1.003503171346767031e+00,2.000036809290691719e-01,1.001747036935762614e+00,1.003494047351666252e+00,2.000082854516287145e-01,1.001746996787097999e+00,1.003493991912097316e+00,2.000036890601993855e-01,-2.304645835421447920e-23,-2.068670453227327134e-19,-1.433794338851063591e-12,-5.476128548042597376e-10
2.292284788183674493e+02,2.701955026780376201e+01,1.001748064646312164e+00,1.003499185023815077e+00,2.000034808611167170e-01,1.001748066648968427e+00,1.003499189568034744e+00,2.000037095936678944e-01,1.001745040758910354e+00,1.003490065291546607e+00,2.000065193205365077e-01,1.001745016143372524e+00,1.003490030574520686e+00,2.000036980293824485e-01,-2.191432499726651192e-23,-2.062845894593123247e-19,-1.394475605959061050e-12,-5.322293125620777538e-10
2.294883750528553890e+02,2.705018467853823338e+01,1.001746082040024133e+00,1.003495212884658150e+00,2.000035424436494014e-01,1.001746083960300515e+00,1.003495217248728366e+00,2.000037620167572638e-01,1.001743042766060521e+00,1.003486083817548558e+00,2.000040260154306859e-01,1.001743039133801805e+00,1.003486077073310945e+00,2.000036092348535799e-01,-2.076190830964753861e-23,-2.057165761677625109e-19,-1.356269173553263698e-12,-5.172927690632828004e-10
2.297482712873433286e+02,2.708081908927270476e+01,1.001744102933327385e+00,1.003491247763014904e+00,2.000034902655271896e-01,1.001744105044483968e+00,1.003491252495237962e+00,2.000037319390755575e-01,1.001741096722476465e+00,1.003482174586382225e+00,2.000069810665111025e-01,1.001741065753757098e+00,1.003482131391985943e+00,2.000034235616346967e-01,-1.958874967686029893e-23,-2.051547566839272228e-19,-1.318935524792045132e-12,-5.027067327333923048e-10
2.300081675218312682e+02,2.711145350000717613e+01,1.001742128538015919e+00,1.003487292088802274e+00,2.000034645649425569e-01,1.001742130227994743e+00,1.003487295962234516e+00,2.000036582439933264e-01,1.001739141810013445e+00,1.003478256486336928e+00,2.000084103909058053e-01,1.001739099847720471e+00,1.003478198646594155e+00,2.000035845558417735e-01,-1.838006279742267987e-23,-2.045967608987909970e-19,-1.282536806436313830e-12,-4.884959695936248346e-10
2.302680637563192079e+02,2.714208791074164751e+01,1.001740159488871296e+00,1.003483347134857873e+00,2.000035400068399527e-01,1.001740161328914969e+00,1.003483351295499260e+00,2.000037511231000098e-01,1.001737178028671682e+00,1.003474329517412889e+00,2.000083105311324105e-01,1.001737137877157124e+00,1.003474274109330766e+00,2.000036877253626721e-01,-1.723275715422991418e-23,-2.040312897842641616e-19,-1.247443380837101687e-12,-4.748085208013302475e-10
2.305279599908071759e+02,2.717272232147611888e+01,1.001738193902592666e+00,1.003479409124720556e+00,2.000035023482994723e-01,1.001738196161079175e+00,1.003479414111043466e+00,2.000037617678158408e-01,1.001735205378451177e+00,1.003470393679610106e+00,2.000066780297085900e-01,1.001735179484350979e+00,1.003470357293066995e+00,2.000036933726574984e-01,-1.616930513833147020e-23,-2.034635947199629564e-19,-1.213148389833727140e-12,-4.614408361380341131e-10
2.307878562252951156e+02,2.720335673221059025e+01,1.001736232594560683e+00,1.003475479693394457e+00,2.000034467003831418e-01,1.001736234718616947e+00,1.003475484397081896e+00,2.000036909546766550e-01,1.001733225983734377e+00,1.003466451805420823e+00,2.000037545700193153e-01,1.001733224664822508e+00,1.003466448181702608e+00,2.000036023756048276e-01,-1.523885229256195070e-23,-2.028948976537432604e-19,-1.179641834152433040e-12,-4.483887893508546354e-10
2.310477524597830552e+02,2.723399114294506163e+01,1.001734276964086234e+00,1.003471561646752219e+00,2.000035358225430993e-01,1.001734278563100267e+00,1.003471565284990596e+00,2.000037199077747685e-01,1.001731302601716056e+00,1.003462587544660778e+00,2.000067874771443988e-01,1.001731273414044887e+00,1.003462546759121832e+00,2.000034156042149458e-01,-1.448131877197950522e-23,-2.023342188146896771e-19,-1.147226125158004154e-12,-4.357730554433019592e-10
2.313076486942709948e+02,2.726462555367953300e+01,1.001732324760263415e+00,1.003467650471236983e+00,2.000035124988598367e-01,1.001732327001712886e+00,1.003467655385420487e+00,2.000037708352441768e-01,1.001729370501558192e+00,1.003458714565761190e+00,2.000083122183320128e-01,1.001729329649223343e+00,1.003458658238583157e+00,2.000035874895778887e-01,-1.377674683117625302e-23,-2.017746942775045478e-19,-1.115727133058974219e-12,-4.235235586119212309e-10
2.315675449287589345e+02,2.729525996441400437e+01,1.001730376409816881e+00,1.003463747022508734e+00,2.000034272994877516e-01,1.001730379124797121e+00,1.003463752874228510e+00,2.000037405650612887e-01,1.001727429683260562e+00,1.003454832868721835e+00,2.000083253948646833e-01,1.001727389616345665e+00,1.003454777605173209e+00,2.000036862962936146e-01,-1.311362535679903411e-23,-2.012151697411148999e-19,-1.084949436318145116e-12,-4.115620365709758782e-10
2.318274411632469025e+02,2.732589437514847575e+01,1.001728434061417872e+00,1.003459855609031059e+00,2.000035299254304122e-01,1.001728435263445682e+00,1.003459858415328254e+00,2.000036687765332499e-01,1.001725480146823388e+00,1.003450942453542716e+00,2.000068236080248529e-01,1.001725453101602881e+00,1.003450904563865098e+00,2.000036886958867499e-01,-1.240455331089154715e-23,-2.006313886903274185e-19,-1.054946628851873084e-12,-3.999097306202616451e-10
2.320873373977348422e+02,2.735652878588294712e+01,1.001726495103958170e+00,1.003455970995007718e+00,2.000035207545862725e-01,1.001726497168891949e+00,1.003455975520353372e+00,2.000037595517905609e-01,1.001723521892246449e+00,1.003447043320224052e+00,2.000038034590950475e-01,1.001723520100613163e+00,1.003447039098913418e+00,2.000035955513855823e-01,-1.167101567182696814e-23,-2.000515370699811278e-19,-1.026019981133075813e-12,-3.886863645567790690e-10
2.323472336322227818e+02,2.738716319661741849e+01,1.001724559583111462e+00,1.003452093272019452e+00,2.000034063937945472e-01,1.001724562718490752e+00,1.003452099932814257e+00,2.000037693890548696e-01,1.001721617992031632e+00,1.003443219543063814e+00,2.000065889099940653e-01,1.001721590608947832e+00,1.003443181194557887e+00,2.000034077181264969e-01,-1.091290211614649668e-23,-1.994782537445653244e-19,-9.977530273669763070e-13,-3.777256679021864653e-10
2.326071298667107214e+02,2.741779760735188987e+01,1.001722630382039458e+00,1.003448228221277105e+00,2.000035223495763015e-01,1.001722631906552641e+00,1.003448231641290267e+00,2.000036990466149134e-01,1.001719708307687640e+00,1.003439390910714435e+00,2.000082068295856164e-01,1.001719668613389125e+00,1.003439336157065265e+00,2.000035902411507749e-01,-1.021556852152361172e-23,-1.989262131327705310e-19,-9.701374819019299033e-13,-3.670242436985422300e-10
2.328670261011986611e+02,2.744843201808636124e+01,1.001720704536687157e+00,1.003444369899307409e+00,2.000035271520612667e-01,1.001720706270375461e+00,1.003444373728399341e+00,2.000037283185961134e-01,1.001717790052547130e+00,1.003435553707568539e+00,2.000083305014337398e-01,1.001717750152307795e+00,1.003435498694888128e+00,2.000036847763968506e-01,-9.597667610111209049e-24,-1.983743323741548054e-19,-9.434251245328715219e-13,-3.566819887209119827e-10
2.331269223356866007e+02,2.747906642882083261e+01,1.001718782045208478e+00,1.003440518302405549e+00,2.000034218921104001e-01,1.001718785109331877e+00,1.003440524789170452e+00,2.000037778323188464e-01,1.001715863226609882e+00,1.003431707933625905e+00,2.000069565842617358e-01,1.001715835151056666e+00,1.003431668698767876e+00,2.000036840006119143e-01,-9.058832507987446547e-24,-1.978218586307588347e-19,-9.174678996801780951e-13,-3.466396829766153545e-10
2.333868185701745688e+02,2.750970083955530399e+01,1.001716865532455980e+00,1.003436678693785833e+00,2.000035131282904000e-01,1.001716867547111312e+00,1.003436683066379898e+00,2.000037474201008247e-01,1.001713927829875672e+00,1.003427853588886309e+00,2.000040817367929324e-01,1.001713923605348500e+00,1.003427846153304825e+00,2.000035887623072273e-01,-8.644377507272026141e-24,-1.972585122130447867e-19,-8.921064720063080614e-13,-3.368338847384074419e-10
2.336467148046625084e+02,2.754033525028977536e+01,1.001714952666762581e+00,1.003432846398060185e+00,2.000035317271925128e-01,1.001714953919089490e+00,1.003432849232513524e+00,2.000036775277143630e-01,1.001712041068886005e+00,1.003424066930074021e+00,2.000063856779405458e-01,1.001712015574926173e+00,1.003424031128518079e+00,2.000034073879464191e-01,-8.245174961758880094e-24,-1.966645062187248046e-19,-8.673869553650754382e-13,-3.272827726542285239e-10
2.339066110391504481e+02,2.757096966102424673e+01,1.001713043120244118e+00,1.003429020757766743e+00,2.000034408916730733e-01,1.001713045912091538e+00,1.003429026669963697e+00,2.000037662916537284e-01,1.001710153412968429e+00,1.003420281887278387e+00,2.000080945922395603e-01,1.001710114920887129e+00,1.003420228763328259e+00,2.000035928160862897e-01,-7.850860397338155598e-24,-1.960507914299763675e-19,-8.435542341537511945e-13,-3.180831091274335904e-10
2.341665072736383877e+02,2.760160407175871811e+01,1.001711139124417782e+00,1.003425206247386292e+00,2.000035022942953655e-01,1.001711141464836530e+00,1.003425211245403403e+00,2.000037753827527964e-01,1.001708257330295782e+00,1.003416488417727903e+00,2.000083262799795814e-01,1.001708217673804580e+00,1.003416433755973225e+00,2.000036831689606664e-01,-7.407663740805544818e-24,-1.954561055439208383e-19,-8.202662998712234501e-13,-3.090991324149924168e-10
2.344264035081263273e+02,2.763223848249318948e+01,1.001709239107710925e+00,1.003421399715663798e+00,2.000035345151787991e-01,1.001709240571809989e+00,1.003421402947762830e+00,2.000037055417756837e-01,1.001706352820868284e+00,1.003412686521422348e+00,2.000070774560377407e-01,1.001706323829528733e+00,1.003412646091404792e+00,2.000036792883136405e-01,-6.941153851997359854e-24,-1.948653363232939135e-19,-7.975162907142130223e-13,-3.003280471369050624e-10
2.346862997426142954e+02,2.766287289322766085e+01,1.001707342375956378e+00,1.003417599770693114e+00,2.000034579244245603e-01,1.001707344746593398e+00,1.003417604812028463e+00,2.000037351549866782e-01,1.001704439884685494e+00,1.003408876198361721e+00,2.000043448352911979e-01,1.001704433383864501e+00,1.003408865754559454e+00,2.000035820084630489e-01,-6.470407883419709753e-24,-1.942788456988489670e-19,-7.755137142920513721e-13,-2.918525130250558974e-10
2.349461959771022350e+02,2.769350730396213223e+01,1.001705450774831085e+00,1.003413810113265026e+00,2.000034898795982341e-01,1.001705453281357183e+00,1.003413815418826349e+00,2.000037833272047816e-01,1.001702570047904750e+00,1.003405126134731873e+00,2.000061780698965119e-01,1.001702546526694215e+00,1.003405092989188452e+00,2.000034149604262290e-01,-6.042838540612887826e-24,-1.937025048711399532e-19,-7.541328519262159388e-13,-2.836225433566691905e-10
2.352060922115901747e+02,2.772414171469660360e+01,1.001703563478185899e+00,1.003410029086813093e+00,2.000035355505714596e-01,1.001703565331922841e+00,1.003410033075409435e+00,2.000037528148010113e-01,1.001700704041872170e+00,1.003401383941598057e+00,2.000079758486073001e-01,1.001700666792591399e+00,1.003401332499071819e+00,2.000035952197330158e-01,-5.694376335106567960e-24,-1.931807161371133156e-19,-7.332438787192388284e-13,-2.755867388600193137e-10
2.354659884460781143e+02,2.775477612543107497e+01,1.001701679432737579e+00,1.003406254579372048e+00,2.000034730274298789e-01,1.001701681237633812e+00,1.003406258462202327e+00,2.000036848019058899e-01,1.001698829749916975e+00,1.003397633462541627e+00,2.000083131328982688e-01,1.001698790409579320e+00,1.003397579245892013e+00,2.000036814771617988e-01,-5.399403083599233645e-24,-1.926672697430837979e-19,-7.128863887936689165e-13,-2.677606257200885438e-10
2.357258846805660539e+02,2.778541053616554635e+01,1.001699800105675164e+00,1.003402489532796649e+00,2.000034759157068853e-01,1.001699802623243984e+00,1.003402494837055903e+00,2.000037716375856478e-01,1.001696947172039165e+00,1.003393874697562582e+00,2.000071866925493547e-01,1.001696917373596341e+00,1.003393833214927477e+00,2.000036745604142352e-01,-5.170097151460025035e-24,-1.921031589542158787e-19,-6.932592852687908736e-13,-2.602223596875618622e-10
2.359857809150539936e+02,2.781604494690001772e+01,1.001697925401883849e+00,1.003398733756333039e+00,2.000035348672150326e-01,1.001697927486769446e+00,1.003398738185645733e+00,2.000037800356251061e-01,1.001695056308238518e+00,1.003390107646660701e+00,2.000045932973403828e-01,1.001695047680537298e+00,1.003390094391441334e+00,2.000035752899294861e-01,-4.941805053268884046e-24,-1.915576102723723443e-19,-6.740818543705476555e-13,-2.528611350628952294e-10
2.362456771495419616e+02,2.784667935763448909e+01,1.001696053915993812e+00,1.003394984432062431e+00,2.000034862370018429e-01,1.001696055822862697e+00,1.003394988497238849e+00,2.000037107196446506e-01,1.001693203183790848e+00,1.003386393664442489e+00,2.000059663532210430e-01,1.001693181646132746e+00,1.003386363187189989e+00,2.000034222639087422e-01,-4.698821814683766210e-24,-1.910109036292532538e-19,-6.553484166132577030e-13,-2.456746524353061886e-10
2.365055733840299013e+02,2.787731376836896047e+01,1.001694186743916415e+00,1.003391243757373097e+00,2.000034604333773558e-01,1.001694189121930645e+00,1.003391248760281629e+00,2.000037406897742231e-01,1.001691358457700298e+00,1.003382693597705488e+00,2.000078509181604514e-01,1.001691322488476921e+00,1.003382643884198400e+00,2.000035974572688113e-01,-4.418806854061347556e-24,-1.904467928428902713e-19,-6.372332087645185307e-13,-2.387312789924016554e-10
2.367654696185178409e+02,2.790794817910343184e+01,1.001692324507460929e+00,1.003387512979008855e+00,2.000035324983322205e-01,1.001692326669519462e+00,1.003387517542154050e+00,2.000037875846262803e-01,1.001689505583398754e+00,1.003378985382757493e+00,2.000082914382699806e-01,1.001689466627260439e+00,1.003378931699879795e+00,2.000036797040692094e-01,-4.117536439878226213e-24,-1.898801808286732030e-19,-6.196296148152533260e-13,-2.319888694737914561e-10
2.370253658530057805e+02,2.793858258983790321e+01,1.001690465456062773e+00,1.003383788586926784e+00,2.000034975888113631e-01,1.001690467652417871e+00,1.003383793212245134e+00,2.000037570069274906e-01,1.001687644560886881e+00,1.003375269019599170e+00,2.000072847370157059e-01,1.001687614058508036e+00,1.003375226619829919e+00,2.000036698182796613e-01,-3.827174443981731625e-24,-1.893316142787847217e-19,-6.024319256152985706e-13,-2.254058042145486350e-10
2.372852620874937202e+02,2.796921700057237459e+01,1.001688610321427531e+00,1.003380072048241978e+00,2.000034434628339408e-01,1.001688612413635937e+00,1.003380076458316728e+00,2.000036908517604795e-01,1.001685775390164013e+00,1.003371544508229851e+00,2.000048276378637302e-01,1.001685764778202037e+00,1.003371528629630971e+00,2.000035686067669627e-01,-3.566151562591444599e-24,-1.888179523988894863e-19,-5.856740701765359678e-13,-2.189953189834103877e-10
2.375451583219816882e+02,2.799985141130684596e+01,1.001686760428450951e+00,1.003376366019424371e+00,2.000035284764308530e-01,1.001686762518100293e+00,1.003376370418183283e+00,2.000037758342986249e-01,1.001683938769273974e+00,1.003367866102849781e+00,2.000057507758613851e-01,1.001683919223769426e+00,1.003367838303503623e+00,2.000034293058579882e-01,-3.379074850765937131e-24,-1.883337946564179783e-19,-5.695174839737430278e-13,-2.128205010593687623e-10
2.378050545564696279e+02,2.803048582204131733e+01,1.001684913688132061e+00,1.003372666311870942e+00,2.000035071177827806e-01,1.001684916021135408e+00,1.003372671192528376e+00,2.000037835853359924e-01,1.001682114961540249e+00,1.003364207455409884e+00,2.000077200996793758e-01,1.001682080306549594e+00,1.003364159514675613e+00,2.000035995337068051e-01,-3.224160600451444612e-24,-1.878220453615941119e-19,-5.537318827217119101e-13,-2.067909498403371683e-10
2.380649507909575675e+02,2.806112023277578871e+01,1.001683070474907344e+00,1.003368973676342035e+00,2.000034250337112685e-01,1.001683072917555650e+00,1.003368978770944109e+00,2.000037148119347963e-01,1.001680283140273353e+00,1.003360540794436595e+00,2.000082615520236973e-01,1.001680244632300099e+00,1.003360487728819805e+00,2.000036778526482484e-01,-3.101052141427268173e-24,-1.872640495974978281e-19,-5.383125680681398587e-13,-2.009047746899986552e-10
2.383248470254455071e+02,2.809175464351026008e+01,1.001681232803186994e+00,1.003365292151800592e+00,2.000035228335100279e-01,1.001681234675119159e+00,1.003365296096395465e+00,2.000037451493314189e-01,1.001678443305473065e+00,1.003356866119929913e+00,2.000073720088636209e-01,1.001678412197129164e+00,1.003356822931840808e+00,2.000036650632222301e-01,-2.966755753481340082e-24,-1.867132117338023628e-19,-5.234043656805215371e-13,-1.952184976358736447e-10
2.385847432599334468e+02,2.812238905424473145e+01,1.001679398252161235e+00,1.003361616884381968e+00,2.000035148582492983e-01,1.001679400573293854e+00,1.003361621724111918e+00,2.000037908239803985e-01,1.001676595457139163e+00,1.003353183431889617e+00,2.000050483461684181e-01,1.001676582997104159e+00,1.003353165109630352e+00,2.000035619590206093e-01,-2.810666074788099668e-24,-1.861820957301383935e-19,-5.089169698194802957e-13,-1.896966231078798329e-10
2.388446394944214148e+02,2.815302346497920283e+01,1.001677566845801337e+00,1.003357947922146609e+00,2.000034051750340935e-01,1.001677569828720138e+00,1.003357954083375247e+00,2.000037602099354328e-01,1.001674775134092421e+00,1.003349540107781879e+00,2.000055315682542911e-01,1.001674757587332598e+00,1.003349514993514768e+00,2.000034360935094291e-01,-2.630476018341369789e-24,-1.856730201181598521e-19,-4.947643647141169287e-13,-1.843054688923061472e-10
2.391045357289093545e+02,2.818365787571367420e+01,1.001675741274721476e+00,1.003354290659838277e+00,2.000035156008462545e-01,1.001675742787790035e+00,1.003354293868714553e+00,2.000036958868942616e-01,1.001672971891256259e+00,1.003345922188257688e+00,2.000075836731667334e-01,1.001672938581814831e+00,1.003345876060470765e+00,2.000036014539014750e-01,-2.433783460305896955e-24,-1.851639445071842629e-19,-4.809755708514926379e-13,-1.790562983008343915e-10
2.393644319633972941e+02,2.821429228644814557e+01,1.001673918792802764e+00,1.003350639591374271e+00,2.000035208438752099e-01,1.001673920957752095e+00,1.003350644102225742e+00,2.000037790845334562e-01,1.001671160766612667e+00,1.003342296386926291e+00,2.000082238098692400e-01,1.001671122766947697e+00,1.003342244017191076e+00,2.000036759257644847e-01,-2.257438058248056081e-24,-1.846548688966553690e-19,-4.676815166933682320e-13,-1.740000029623712973e-10
2.396243281978852337e+02,2.824492669718261695e+01,1.001672099398392302e+00,1.003346994713438134e+00,2.000034219084770859e-01,1.001672102449331803e+00,1.003347000995766569e+00,2.000037862287631918e-01,1.001669341760161425e+00,1.003338662703787021e+00,2.000074489056836435e-01,1.001669310138921576e+00,1.003338618849882069e+00,2.000036602965020449e-01,-2.102971812199404775e-24,-1.841459608679232613e-19,-4.546933844465110252e-13,-1.690628593690129597e-10
2.398842244323731734e+02,2.827556110791708832e+01,1.001670285490750878e+00,1.003343360836564724e+00,2.000035068091930990e-01,1.001670287257499181e+00,1.003343364539241334e+00,2.000037180105822543e-01,1.001667514871902753e+00,1.003335021138840322e+00,2.000052558879318598e-01,1.001667500693886659e+00,1.003335000544736566e+00,2.000035553467210125e-01,-2.007486396638703760e-24,-1.836399427678934839e-19,-4.420072894412983869e-13,-1.642433135880784336e-10
2.401441206668611130e+02,2.830619551865155969e+01,1.001668474959326316e+00,1.003339733729035510e+00,2.000035251076222598e-01,1.001668476827873855e+00,1.003339737631161244e+00,2.000037487211772380e-01,1.001665710644005003e+00,1.003331412409257162e+00,2.000053089450158084e-01,1.001665695100746101e+00,1.003331389985001376e+00,2.000034426338774540e-01,-1.930770308748609188e-24,-1.831196301181790861e-19,-4.297435471705230696e-13,-1.595880749886771853e-10
2.404040169013490811e+02,2.833682992938603107e+01,1.001666667484330420e+00,1.003336112749666720e+00,2.000034398060697993e-01,1.001666670434364415e+00,1.003336118815644218e+00,2.000037932270277152e-01,1.001663927620507488e+00,1.003327834541553720e+00,2.000074419015523131e-01,1.001663895685275696e+00,1.003327790263549124e+00,2.000036032225541438e-01,-1.865346185695272187e-24,-1.825915917722741984e-19,-4.178257564567796755e-13,-1.550672798099793144e-10
2.406639131358370207e+02,2.836746434012050244e+01,1.001664865103539359e+00,1.003332501984181446e+00,2.000034964886464872e-01,1.001664867322391572e+00,1.003332506579714511e+00,2.000037626006555824e-01,1.001662136844057249e+00,1.003324248920897555e+00,2.000081785290227787e-01,1.001662099409256212e+00,1.003324197321080913e+00,2.000036739261870922e-01,-1.783944178614089392e-24,-1.820825161648675740e-19,-4.061839723133063788e-13,-1.506536844266630156e-10
2.409238093703249604e+02,2.839809875085497382e+01,1.001663066405544589e+00,1.003328898602676045e+00,2.000035276819271401e-01,1.001663067841459531e+00,1.003328901624125580e+00,2.000037000810727938e-01,1.001660338314654064e+00,1.003320655547288442e+00,2.000075158049823276e-01,1.001660306268957523e+00,1.003320611144096208e+00,2.000036555193296650e-01,-1.678764763113825177e-24,-1.815798358571376799e-19,-3.948429733819525416e-13,-1.463568576680460690e-10
2.411837056048129000e+02,2.842873316158944519e+01,1.001661270733313014e+00,1.003325301287796290e+00,2.000034558488597847e-01,1.001661273443201106e+00,1.003325306859398802e+00,2.000037815562188404e-01,1.001658532032298154e+00,1.003317054420726828e+00,2.000054507069861653e-01,1.001658516260609977e+00,1.003317031719080266e+00,2.000035487698852144e-01,-1.558862520179790872e-24,-1.810821533154817429e-19,-3.839088674581738824e-13,-1.422178272791431551e-10
2.414436018393008396e+02,2.845936757232391656e+01,1.001659479769845706e+00,1.003321713413916516e+00,2.000034846687887002e-01,1.001659482291910042e+00,1.003321718604881063e+00,2.000037881289385699e-01,1.001656743699835594e+00,1.003313479807556918e+00,2.000050831064420220e-01,1.001656730163153153e+00,1.003313460076184604e+00,2.000034489337634835e-01,-1.431534930196456267e-24,-1.805914227664546636e-19,-3.732269141971896836e-13,-1.381764936400545150e-10
2.417034980737888077e+02,2.849000198305838794e+01,1.001657692789738707e+00,1.003318133526582390e+00,2.000035285984939903e-01,1.001657694382705577e+00,1.003318136850777753e+00,2.000037204746515085e-01,1.001654980557800334e+00,1.003309941330446486e+00,2.000072950322121512e-01,1.001654950022967006e+00,1.003309898935940581e+00,2.000036048442184466e-01,-1.327596032411795987e-24,-1.801060640924153177e-19,-3.627939033489957474e-13,-1.342315800384737397e-10
2.419633943082767473e+02,2.852063639379285931e+01,1.001655908805137773e+00,1.003314559645157811e+00,2.000034700709004964e-01,1.001655911139564203e+00,1.003314564452144397e+00,2.000037515607545890e-01,1.001653209788873511e+00,1.003306395226444714e+00,2.000081260097494318e-01,1.001653172972121419e+00,1.003306344466262656e+00,2.000036718565927074e-01,-1.244164922867998889e-24,-1.796201354064998914e-19,-3.527097365136900309e-13,-1.304216707987687114e-10
2.422232905427646870e+02,2.855127080452733068e+01,1.001654129150850947e+00,1.003310994445878679e+00,2.000034713786373042e-01,1.001654131831326788e+00,1.003310999942970350e+00,2.000037949441455798e-01,1.001651431393055347e+00,1.003302841495551379e+00,2.000075730657533690e-01,1.001651399006963317e+00,1.003302796653934958e+00,2.000036507328676050e-01,-1.195803720786135436e-24,-1.791248185950246275e-19,-3.429098487831260021e-13,-1.267216656559897698e-10
2.424831867772526266e+02,2.858190521526180206e+01,1.001652353774588278e+00,1.003307437823871995e+00,2.000035278885592960e-01,1.001652355731168065e+00,1.003307441865960659e+00,2.000037643254078401e-01,1.001649645370346065e+00,1.003299280137766925e+00,2.000056332269234127e-01,1.001649628123802538e+00,1.003299255485728958e+00,2.000035422285172115e-01,-1.160934789176860766e-24,-1.786469746485889458e-19,-3.333374006696611042e-13,-1.231095408855183473e-10
2.427430830117405662e+02,2.861253962599627343e+01,1.001650581363975112e+00,1.003303887147864559e+00,2.000034825055638787e-01,1.001650583191448174e+00,1.003303890927580211e+00,2.000037035783903683e-01,1.001647872736544098e+00,1.003295739171355283e+00,2.000048542398439599e-01,1.001647861207975998e+00,1.003295722133844103e+00,2.000034549997629640e-01,-1.124509112142528328e-24,-1.781585431788338611e-19,-3.240135139880528954e-13,-1.195934130376808395e-10
2.430029792462285059e+02,2.864317403673074480e+01,1.001648812912086850e+00,1.003300344408915246e+00,2.000034566466001307e-01,1.001648815610161725e+00,1.003300349930747348e+00,2.000037833883488991e-01,1.001646129145566277e+00,1.003292239438072775e+00,2.000071432983232811e-01,1.001646100035017639e+00,1.003292198957865144e+00,2.000036063233054107e-01,-1.074059169439507589e-24,-1.776311225209970637e-19,-3.150241174902564431e-13,-1.162063365800475799e-10
2.432628754807164739e+02,2.867380844746521618e+01,1.001647049027099001e+00,1.003296810826352470e+00,2.000035255826844716e-01,1.001647051203409688e+00,1.003296815298760691e+00,2.000037894206619093e-01,1.001644378051040452e+00,1.003288732201242039e+00,2.000080665367434951e-01,1.001644341902350188e+00,1.003288682346333394e+00,2.000036697195686775e-01,-9.998517066637804207e-25,-1.771313193520425063e-19,-3.062424605720410360e-13,-1.128993371626363659e-10
2.435227717152044136e+02,2.870444285819968755e+01,1.001645288078298446e+00,1.003293283130670455e+00,2.000034931856523313e-01,1.001645289966455632e+00,1.003293287022115621e+00,2.000037223356328775e-01,1.001642619452966843e+00,1.003285217460863743e+00,2.000076210298887547e-01,1.001642586806396285e+00,1.003285172286311200e+00,2.000036459382326104e-01,-9.192999728972709476e-25,-1.766407485248267892e-19,-2.976658916638236212e-13,-1.096713662408310063e-10
2.437826679496923532e+02,2.873507726893415892e+01,1.001643530723366871e+00,1.003289762640471761e+00,2.000034405005904625e-01,1.001643533302113642e+00,1.003289767913377872e+00,2.000037537968002432e-01,1.001640853351345006e+00,1.003281695216937219e+00,2.000058038525432402e-01,1.001640834743541930e+00,1.003281668764848034e+00,2.000035357226087329e-01,-8.365827483509192309e-25,-1.761561329998976550e-19,-2.893773199735623834e-13,-1.065542834874931752e-10
2.440425641841802928e+02,2.876571167966863030e+01,1.001641778218534506e+00,1.003286251874382140e+00,2.000035217108688257e-01,1.001641780474622268e+00,1.003286256497344819e+00,2.000037960998825026e-01,1.001639096222327829e+00,1.003278187435909352e+00,2.000046225207356143e-01,1.001639086702001080e+00,1.003278173091492587e+00,2.000034608382726953e-01,-7.785712023030985413e-25,-1.756769007579901626e-19,-2.813222421528671016e-13,-1.035270126518257648e-10
2.443024604186682325e+02,2.879634609040310167e+01,1.001640028620815359e+00,1.003282746936833281e+00,2.000035021433363425e-01,1.001640030783925273e+00,1.003282751370421666e+00,2.000037655053270302e-01,1.001637371859270820e+00,1.003274725813760426e+00,2.000069869200738204e-01,1.001637344194743928e+00,1.003274687275919064e+00,2.000036076640884508e-01,-7.374241698412611450e-25,-1.751896266116761717e-19,-2.734544987514831827e-13,-1.005717594940064877e-10
2.445623566531562005e+02,2.882698050113757304e+01,1.001638282258717982e+00,1.003279248486455222e+00,2.000034229680364428e-01,1.001638284584995819e+00,1.003279253244297786e+00,2.000037064982561896e-01,1.001635640113363923e+00,1.003271256808761613e+00,2.000080003803652029e-01,1.001635604679760760e+00,1.003271207920913177e+00,2.000036675176160850e-01,-7.157185293759926346e-25,-1.746897235064612969e-19,-2.657920662150400905e-13,-9.769539847705054504e-11
2.448222528876441402e+02,2.885761491187204442e+01,1.001636541024348626e+00,1.003275760316733267e+00,2.000035163025993823e-01,1.001636543224088571e+00,1.003275764818101212e+00,2.000037846960561472e-01,1.001633900984607362e+00,1.003267780420913136e+00,2.000076600234474145e-01,1.001633868153547935e+00,1.003267735013807727e+00,2.000036411364969346e-01,-7.017908177780550531e-25,-1.741855114735317346e-19,-2.584044801191265702e-13,-9.492454335914547128e-11
2.450821491221320798e+02,2.888824932260651579e+01,1.001634802668399660e+00,1.003272277917978794e+00,2.000035094101225985e-01,1.001634804967419079e+00,1.003272282615681021e+00,2.000037902155513969e-01,1.001632154473000691e+00,1.003264296650214549e+00,2.000059629711581910e-01,1.001632134612565839e+00,1.003264268541923077e+00,2.000035292521397667e-01,-6.794076122685589480e-25,-1.736996685111526838e-19,-2.511879670366946354e-13,-9.221930070370719677e-11
2.453420453566200194e+02,2.891888373334098716e+01,1.001633067196312510e+00,1.003268801301098634e+00,2.000034040757056875e-01,1.001633069810389687e+00,1.003268806627811482e+00,2.000037237024279435e-01,1.001630412657750213e+00,1.003260821601305253e+00,2.000043881138917345e-01,1.001630405144497526e+00,1.003260809947608800e+00,2.000034664554974639e-01,-6.468892136065874380e-25,-1.732349267538300051e-19,-2.441403379430750246e-13,-8.957880969959337317e-11
2.456019415911079591e+02,2.894951814407545854e+01,1.001631337124118337e+00,1.003265335510459266e+00,2.000035093867444380e-01,1.001631339135118814e+00,1.003265339625510233e+00,2.000037555357973007e-01,1.001628707206547508e+00,1.003257397471287060e+00,2.000068261057438290e-01,1.001628681007772137e+00,1.003257360901320006e+00,2.000036088707086157e-01,-5.925998743049961662e-25,-1.726999527220881876e-19,-2.373303656563493258e-13,-8.702936703244531807e-11
2.458618378255958987e+02,2.898015255480992991e+01,1.001629609902026985e+00,1.003261875433967498e+00,2.000035150170605402e-01,1.001629612201685671e+00,1.003261880125265293e+00,2.000037967970864361e-01,1.001626994490618205e+00,1.003253966076542492e+00,2.000079277977500070e-01,1.001626959816309670e+00,1.003253918213899754e+00,2.000036652531530512e-01,-5.385774939229238382e-25,-1.721705418198580514e-19,-2.307120883933256547e-13,-8.455329162080595278e-11
2.461217340600838668e+02,2.901078696554440128e+01,1.001627885528554751e+00,1.003258421068645490e+00,2.000034218934381158e-01,1.001627888335856698e+00,1.003258426775284207e+00,2.000037662404304251e-01,1.001625274509962304e+00,1.003250527417071103e+00,2.000076903577976684e-01,1.001625241566678204e+00,1.003250481872943745e+00,2.000036363286904206e-01,-4.861651972281663364e-25,-1.716483915492016439e-19,-2.242480442857211562e-13,-8.213621434942245419e-11
2.463816302945718064e+02,2.904142137627887266e+01,1.001626166201478929e+00,1.003254976820763034e+00,2.000035009916599493e-01,1.001626167894987374e+00,1.003254980292019649e+00,2.000037089394882117e-01,1.001623547264580250e+00,1.003247081492873782e+00,2.000061109537742132e-01,1.001623526255410734e+00,1.003247051866036355e+00,2.000035228170793378e-01,-4.556648404196782107e-25,-1.711622472296704489e-19,-2.179535100603237839e-13,-7.978394951557980794e-11
2.466415265290597461e+02,2.907205578701334403e+01,1.001624450006708411e+00,1.003251538852764968e+00,2.000035189945810754e-01,1.001624452175415181e+00,1.003251543274466862e+00,2.000037855743555248e-01,1.001621820574895905e+00,1.003243638730759502e+00,2.000041511742907119e-01,1.001621815066360277e+00,1.003243629763926004e+00,2.000034718574567327e-01,-4.388538998193028465e-25,-1.706698159629943759e-19,-2.118847136470792809e-13,-7.751791123807516592e-11
2.469014227635476857e+02,2.910269019774781540e+01,1.001622736632636013e+00,1.003248106539913698e+00,2.000034387774248523e-01,1.001622739491842218e+00,1.003248112343757104e+00,2.000037906056904569e-01,1.001620133726359496e+00,1.003240251487192980e+00,2.000066610526727851e-01,1.001620109011188031e+00,1.003240216908206195e+00,2.000036099471783901e-01,-4.319261745884243196e-25,-1.701713593669962322e-19,-2.059567339136861544e-13,-7.530561549308313046e-11
2.471613189980356253e+02,2.913332460848228678e+01,1.001621027944060049e+00,1.003244683620868161e+00,2.000034911452154007e-01,1.001621029839805166e+00,1.003244687490933762e+00,2.000037246649623013e-01,1.001618439728713339e+00,1.003236857094516710e+00,2.000078490338048076e-01,1.001618405855247085e+00,1.003236810311778360e+00,2.000036629285177614e-01,-4.270441287155275665e-25,-1.696607549745397744e-19,-2.001677645691165869e-13,-7.314635582666347935e-11
2.474212152325235934e+02,2.916395901921675815e+01,1.001619322671426948e+00,1.003241267550313731e+00,2.000035213724971617e-01,1.001619324581179749e+00,1.003241271446376759e+00,2.000037568658740716e-01,1.001616738581957655e+00,1.003233455552730913e+00,2.000077123306469029e-01,1.001616705595175683e+00,1.003233409962495992e+00,2.000036315158020828e-01,-4.110945635616103522e-25,-1.691442188741000522e-19,-1.945748244756895001e-13,-7.106182859500213630e-11
2.476811114670115330e+02,2.919459342995122952e+01,1.001617620191934011e+00,1.003237857079611217e+00,2.000034539093451524e-01,1.001617622972304611e+00,1.003237862719105866e+00,2.000037971207173915e-01,1.001615030286092667e+00,1.003230046861835811e+00,2.000062481561591110e-01,1.001615008227577430e+00,1.003230015848199486e+00,2.000035164173860347e-01,-3.863090184498843726e-25,-1.686252504014121523e-19,-1.891391937966098190e-13,-6.903721445595230219e-11
2.479410077014994727e+02,2.922522784068570090e+01,1.001615922043422424e+00,1.003234455291893035e+00,2.000034798747265530e-01,1.001615924363862264e+00,1.003234460007309092e+00,2.000037666133698822e-01,1.001613318536550779e+00,1.003226635948970769e+00,2.000039118479559341e-01,1.001613315029281415e+00,1.003226629663773739e+00,2.000034770499908854e-01,-3.484897970102427319e-25,-1.681100597471449205e-19,-1.838304890503791987e-13,-6.706091645655454337e-11
2.482009039359874123e+02,2.925586225142017227e+01,1.001614227589075812e+00,1.003231060910407813e+00,2.000035221800915419e-01,1.001614229115371124e+00,1.003231064031762099e+00,2.000037109839985505e-01,1.001611649988186192e+00,1.003223284999144704e+00,2.000064919481255588e-01,1.001611626772712871e+00,1.003223252431987955e+00,2.000036108973868298e-01,-3.128027037214796470e-25,-1.676045810013699508e-19,-1.786616743539127461e-13,-6.513784566542113733e-11
2.484608001704753519e+02,2.928649666215464364e+01,1.001612535900668455e+00,1.003227672074196386e+00,2.000034673205371705e-01,1.001612538475000536e+00,1.003227677294840525e+00,2.000037861019187957e-01,1.001609974403888881e+00,1.003219927013385915e+00,2.000077643221037649e-01,1.001609941370298573e+00,1.003219881361986809e+00,2.000036605459709904e-01,-2.824620178464587008e-25,-1.671153879469795183e-19,-1.736781828478590270e-13,-6.328522124289687844e-11
2.487206964049632916e+02,2.931713107288911502e+01,1.001610848194996350e+00,1.003224291222727160e+00,2.000034672069481989e-01,1.001610850804374619e+00,1.003224296511814329e+00,2.000037906672023913e-01,1.001608291783658622e+00,1.003216561991694178e+00,2.000077262269718548e-01,1.001608258818744490e+00,1.003216516441872708e+00,2.000036266987814670e-01,-2.665961412350045655e-25,-1.666659337454381068e-19,-1.688105532782266063e-13,-6.147660213012955338e-11
2.489805926394512596e+02,2.934776548362358639e+01,1.001609164456397361e+00,1.003220918324570166e+00,2.000035214462132505e-01,1.001609166099159287e+00,1.003220921673986687e+00,2.000037252975423729e-01,1.001606602127495416e+00,1.003213189934069494e+00,2.000063749198111307e-01,1.001606579114723505e+00,1.003213157659737398e+00,2.000035100530085375e-01,-2.630304517340378503e-25,-1.661533220299236717e-19,-1.640572958700877778e-13,-5.971140878223780089e-11
2.492404888739391993e+02,2.937839989435805776e+01,1.001607483456887326e+00,1.003217550917813616e+00,2.000034790417976882e-01,1.001607485701428102e+00,1.003217555471985989e+00,2.000037578599157539e-01,1.001604905435399484e+00,1.003209810840512084e+00,2.000037076577029227e-01,1.001604903624947696e+00,1.003209806830473561e+00,2.000034820387670831e-01,-2.628724669109037536e-25,-1.656195132869323288e-19,-1.594656616999283805e-13,-5.800753525209418131e-11
2.495003851084271389e+02,2.940903430509252914e+01,1.001605806098022189e+00,1.003214190809908812e+00,2.000034531682705619e-01,1.001605808864177050e+00,1.003214196408159564e+00,2.000037971410277005e-01,1.001603254591235670e+00,1.003206495204352011e+00,2.000063189700696242e-01,1.001603232889906714e+00,1.003206464667754760e+00,2.000036117251034196e-01,-2.618297175480287057e-25,-1.650813913163735583e-19,-1.550030634560142673e-13,-5.635257128463796922e-11
2.497602813429150785e+02,2.943966871582700051e+01,1.001604132973921812e+00,1.003210839191930992e+00,2.000035191990258698e-01,1.001604134962132298e+00,1.003210843228925730e+00,2.000037666923743795e-01,1.001601597121930531e+00,1.003203173043047070e+00,2.000076738856953196e-01,1.001601564964871960e+00,1.003203128571327207e+00,2.000036581076994058e-01,-2.487456107787010793e-25,-1.645829614370177609e-19,-1.506448744664418622e-13,-5.473716243493374362e-11
2.500201775774030182e+02,2.947030312656147188e+01,1.001602462562406037e+00,1.003207493012174156e+00,2.000034891033164453e-01,1.001602464356768696e+00,1.003207496658968134e+00,2.000037126995591330e-01,1.001599932727493147e+00,1.003199843956609882e+00,2.000077323198599377e-01,1.001599899846616459e+00,1.003199798529537334e+00,2.000036218785405107e-01,-2.291875177571255986e-25,-1.640997568701596840e-19,-1.464020815248042549e-13,-5.316545162759632884e-11
2.502800738118909862e+02,2.950093753729594326e+01,1.001600795455488857e+00,1.003204153457506465e+00,2.000034377844588096e-01,1.001600798249766333e+00,1.003204159107413673e+00,2.000037863436017749e-01,1.001598261407923074e+00,1.003196507945040006e+00,2.000064915728397563e-01,1.001598237531879709e+00,1.003196474530720694e+00,2.000035037238861169e-01,-2.024957840324324672e-25,-1.636289001074928030e-19,-1.423113678914095301e-13,-5.165127566738618812e-11
2.505399700463789259e+02,2.953157194803041463e+01,1.001599132845909512e+00,1.003200822919110502e+00,2.000035154662932746e-01,1.001599135048166778e+00,1.003200827380649862e+00,2.000037904628195751e-01,1.001596583163220533e+00,1.003193165008337440e+00,2.000039489449108865e-01,1.001596579474263171e+00,1.003193158505782723e+00,2.000034868292855372e-01,-1.796739133219380505e-25,-1.631202279707289071e-19,-1.383159437983790509e-13,-5.017312027170310883e-11
2.507998662808668655e+02,2.956220635876488601e+01,1.001597472922749921e+00,1.003197497766438184e+00,2.000034975347220745e-01,1.001597474747760508e+00,1.003197501470229458e+00,2.000037256615024017e-01,1.001594946163678390e+00,1.003189879358029613e+00,2.000061422878724460e-01,1.001594925989394369e+00,1.003189850868726918e+00,2.000036124339822363e-01,-1.636117073976446280e-25,-1.626248770593156102e-19,-1.344145810890570514e-13,-4.873051016788016307e-11
2.510597625153548051e+02,2.959284076949935738e+01,1.001595815974077874e+00,1.003194178577001550e+00,2.000034210808639412e-01,1.001595818671246807e+00,1.003194184027890401e+00,2.000037585781346272e-01,1.001593306517412074e+00,1.003186592451067671e+00,2.000075779378300833e-01,1.001593275271289940e+00,1.003186549204432065e+00,2.000036556158175660e-01,-1.564304037004043513e-25,-1.621555490531911643e-19,-1.306464179021839537e-13,-4.733819776132407339e-11
2.513196587498427448e+02,2.962347518023382875e+01,1.001594163780292313e+00,1.003190868920101009e+00,2.000035102751989702e-01,1.001594166068655145e+00,1.003190873550061646e+00,2.000037969158516282e-01,1.001591660054499400e+00,1.003183298727459372e+00,2.000077308712718271e-01,1.001591627316787303e+00,1.003183253501482408e+00,2.000036170559547355e-01,-1.593779845036662263e-25,-1.616912646593704580e-19,-1.269840538498455342e-13,-4.598579895162994728e-11
2.515795549843306844e+02,2.965410959096830013e+01,1.001592514247096499e+00,1.003187564597098902e+00,2.000035043652018119e-01,1.001592516337919792e+00,1.003187568829712495e+00,2.000037665337187076e-01,1.001590006774940145e+00,1.003179998187204491e+00,2.000065984307665412e-01,1.001589982122692124e+00,1.003179963748451087e+00,2.000034974299493840e-01,-1.614301647708096035e-25,-1.612074351593441645e-19,-1.234075411384485305e-13,-4.466577234914721230e-11
2.518394512188186525e+02,2.968474400170277150e+01,1.001590867373129079e+00,1.003184265605264525e+00,2.000034042150974634e-01,1.001590869842274190e+00,1.003184270595039118e+00,2.000037141422753573e-01,1.001588346678734753e+00,1.003176690830303475e+00,2.000041779588831725e-01,1.001588341226594459e+00,1.003176681988385832e+00,2.000034914268845609e-01,-1.617707085730942620e-25,-1.607014777611275659e-19,-1.199261788646707602e-13,-4.338160869831344762e-11
2.520993474533065921e+02,2.971537841243724287e+01,1.001589225488617618e+00,1.003180976616154574e+00,2.000035036525178167e-01,1.001589227738522103e+00,1.003180981165159302e+00,2.000037863529827431e-01,1.001586723361907794e+00,1.003173434771909678e+00,2.000059620629290880e-01,1.001586704726116883e+00,1.003173408344757878e+00,2.000036130275660851e-01,-1.501203003086216365e-25,-1.602290922486370250e-19,-1.165695632170797398e-13,-4.214441952005682722e-11
2.523592436877945318e+02,2.974601282317171425e+01,1.001587586248218642e+00,1.003177692927869957e+00,2.000035096233225840e-01,1.001587588477675705e+00,1.003177697434670002e+00,2.000037900442890593e-01,1.001585101252958632e+00,1.003170182561206492e+00,2.000074766826187012e-01,1.001585070950044676e+00,1.003170140582274161e+00,2.000036530723709738e-01,-1.345646855083851542e-25,-1.597510200863005993e-19,-1.132912852924202030e-13,-4.093670549029218024e-11
2.526191399222824714e+02,2.977664723390618562e+01,1.001585949641571771e+00,1.003174414519637958e+00,2.000034218517642293e-01,1.001585952055644713e+00,1.003174419395365113e+00,2.000037258073864288e-01,1.001583472433595245e+00,1.003166923640089081e+00,2.000077221327334898e-01,1.001583439895277872e+00,1.003166878689749408e+00,2.000036122318645526e-01,-1.158668126317137713e-25,-1.592669076228818218e-19,-1.100903330714512573e-13,-3.975807696812465492e-11
2.528790361567704110e+02,2.980728164464065699e+01,1.001584317685991543e+00,1.003171145435669986e+00,2.000034956244484963e-01,1.001584319776170684e+00,1.003171149660927242e+00,2.000037590702716805e-01,1.001581836903817191e+00,1.003163658008557002e+00,2.000066957972562454e-01,1.001581811558686308e+00,1.003163622655988796e+00,2.000034911711204011e-01,-1.018099264910727779e-25,-1.587670045282149283e-19,-1.069991097588678467e-13,-3.862069170242780102e-11
2.531389323912583791e+02,2.983791605537512837e+01,1.001582688642429497e+00,1.003167882189573312e+00,2.000035133371810270e-01,1.001582690886673399e+00,1.003167886722583502e+00,2.000037964929362033e-01,1.001580194663624690e+00,1.003160385666610477e+00,2.000043950601698428e-01,1.001580187559040658e+00,1.003160374632434459e+00,2.000034958367464810e-01,-9.475791678031386835e-26,-1.582896729682696543e-19,-1.039945971348453141e-13,-3.751586811458265730e-11
2.533988286257463187e+02,2.986855046610959974e+01,1.001581062207466566e+00,1.003164624173064068e+00,2.000034378013657854e-01,1.001581064807491206e+00,1.003164629418239695e+00,2.000037661837488212e-01,1.001578584869818878e+00,1.003157158812795435e+00,2.000057784492274005e-01,1.001578567782605456e+00,1.003157134460883171e+00,2.000036135092900791e-01,-9.338779416795842139e-26,-1.578263352128378280e-19,-1.010606476798467187e-13,-3.643752976027659748e-11
2.536587248602342584e+02,2.989918487684407111e+01,1.001579440091024731e+00,1.003161374814082629e+00,2.000034862167641148e-01,1.001579441903429402e+00,1.003161378479231036e+00,2.000037153584876271e-01,1.001576980018533458e+00,1.003153940751979611e+00,2.000073703156271532e-01,1.001576950689076817e+00,1.003153900080723249e+00,2.000036504793380465e-01,-9.806379642516073199e-26,-1.573508921947826920e-19,-9.820512237143438712e-14,-3.538861444808492173e-11
2.539186210947221980e+02,2.992981928757854249e+01,1.001577821149528091e+00,1.003158131820030663e+00,2.000035155343435345e-01,1.001577823287965963e+00,1.003158136137776379e+00,2.000037861742155199e-01,1.001575368560869483e+00,1.003150716084785232e+00,2.000077063459659021e-01,1.001575336275416062e+00,1.003150671480994793e+00,2.000036074070768166e-01,-1.000872490764982817e-25,-1.568754491773275554e-19,-9.545188138727516418e-14,-3.437803905595446514e-11
2.541785173292101376e+02,2.996045369831301386e+01,1.001576204791795988e+00,1.003154894005739761e+00,2.000034520933783588e-01,1.001576207454689449e+00,1.003154899373885245e+00,2.000037894542081862e-01,1.001573750496826953e+00,1.003147484811212298e+00,2.000067839647842460e-01,1.001573724538555421e+00,1.003147448650729023e+00,2.000034849473134591e-01,-9.896378819981839872e-26,-1.563960301422378405e-19,-9.276301598852221297e-14,-3.339157513898472679e-11
2.544384135636980773e+02,2.999108810904748523e+01,1.001574592425778842e+00,1.003151664193757453e+00,2.000034754547116156e-01,1.001574594399625484e+00,1.003151668179584233e+00,2.000037257769819443e-01,1.001572125826405868e+00,1.003144246931260808e+00,2.000046005966228668e-01,1.001572117175725474e+00,1.003144233846130939e+00,2.000035000639022453e-01,-8.998388580081220889e-26,-1.558984201833175199e-19,-9.013769263316347293e-14,-3.242890338940022170e-11
2.546983097981860453e+02,3.002172251978195661e+01,1.001572983492746038e+00,1.003148441263955526e+00,2.000035162418853096e-01,1.001572985407960914e+00,1.003148445131312183e+00,2.000037593773892897e-01,1.001570529398112974e+00,1.003141048901163845e+00,2.000055915938576401e-01,1.001570513868277779e+00,1.003141026635911981e+00,2.000036138824852483e-01,-7.774975827305475978e-26,-1.554029778787273586e-19,-8.760272639507797668e-14,-3.150003961504581244e-11
2.549582060326739850e+02,3.005235693051642798e+01,1.001571377118956718e+00,1.003145223464718017e+00,2.000034647567679180e-01,1.001571379724845334e+00,1.003145228715773385e+00,2.000037959115477937e-01,1.001568941530744716e+00,1.003137864455269979e+00,2.000072590244167392e-01,1.001568913203076061e+00,1.003137825129148064e+00,2.000036478386330308e-01,-6.536531937469220211e-26,-1.549215543023871002e-19,-8.513879732605598991e-14,-3.059773128473227049e-11
2.552181022671619246e+02,3.008299134125089935e+01,1.001569774415714154e+00,1.003142013023882173e+00,2.000034633632098435e-01,1.001569776792248900e+00,1.003142017814260489e+00,2.000037656806687991e-01,1.001567347158894616e+00,1.003134673504894492e+00,2.000076837434587307e-01,1.001567315177142037e+00,1.003134629315100002e+00,2.000036025823661578e-01,-5.676521569434384167e-26,-1.544820370230557393e-19,-8.273284254352061748e-14,-2.971708498555900260e-11
2.554779985016498642e+02,3.011362575198537073e+01,1.001568175398695137e+00,1.003138809972848877e+00,2.000035154864478748e-01,1.001568176976371127e+00,1.003138813160891374e+00,2.000037163866027479e-01,1.001565746282562674e+00,1.003131476050036941e+00,2.000068632152481873e-01,1.001565719787468556e+00,1.003131439183018836e+00,2.000034787584353546e-01,-5.516889761488417335e-26,-1.540172720879243703e-19,-8.039149949799119109e-14,-2.886057042200938981e-11
2.557378947361378039e+02,3.014426016271984210e+01,1.001566578916706973e+00,1.003135612003802413e+00,2.000034758198497020e-01,1.001566581348853457e+00,1.003135616903976235e+00,2.000037858437401228e-01,1.001564138901748668e+00,1.003128272090697326e+00,2.000047949040494599e-01,1.001564128807109988e+00,1.003128257090354358e+00,2.000035041132370295e-01,-5.691180713942788371e-26,-1.535485279732550405e-19,-7.813398929998426253e-14,-2.803533848813809260e-11
2.559977909706257719e+02,3.017489457345431347e+01,1.001564985789636486e+00,1.003132420760363352e+00,2.000034499666017984e-01,1.001564988444519910e+00,1.003132426106243980e+00,2.000037887276039372e-01,1.001562555683618516e+00,1.003125102509804467e+00,2.000054016374736565e-01,1.001562541718755250e+00,1.003125082341062013e+00,2.000036141503820919e-01,-6.154462804607517978e-26,-1.530883725075083349e-19,-7.592936003866419312e-14,-2.722982428828885246e-11
2.562576872051137116e+02,3.020552898418878485e+01,1.001563396597315858e+00,1.003129237404894569e+00,2.000035132941194727e-01,1.001563398259508686e+00,1.003129240759945917e+00,2.000037256045925083e-01,1.001560984532174903e+00,1.003121951154979374e+00,2.000071429890344366e-01,1.001560957232803029e+00,1.003121913209059413e+00,2.000036451521076675e-01,-6.262660782654216274e-26,-1.526124071382372015e-19,-7.377692547607240075e-14,-2.644376622647030704e-11
2.565175834396016512e+02,3.023616339492325622e+01,1.001561809916116985e+00,1.003126059083444988e+00,2.000034853105517874e-01,1.001561812060843826e+00,1.003126063405067381e+00,2.000037595333875873e-01,1.001559406976060940e+00,1.003118793395484154e+00,2.000076545489943569e-01,1.001559375346334324e+00,1.003118749683822530e+00,2.000035977584757596e-01,-6.031777587687645057e-26,-1.521396901169219012e-19,-7.169886638743096137e-14,-2.568541246706075877e-11
2.567774796740895908e+02,3.026679780565772759e+01,1.001560226279647470e+00,1.003122886865724928e+00,2.000034352888241385e-01,1.001560229091726262e+00,1.003122892524432652e+00,2.000037952041048284e-01,1.001557823015276849e+00,1.003115629231318584e+00,2.000069338205289760e-01,1.001557796056400607e+00,1.003115591754816682e+00,2.000034726043858901e-01,-5.323494053401092254e-26,-1.516787702757374544e-19,-6.967898068961776687e-14,-2.494870882016952246e-11
2.570373759085775305e+02,3.029743221639219897e+01,1.001558646821826937e+00,1.003119723024859633e+00,2.000035096905933285e-01,1.001558648815015440e+00,1.003119727041231091e+00,2.000037650558862123e-01,1.001556232649822409e+00,1.003112458662482886e+00,2.000049783068137410e-01,1.001556221209328079e+00,1.003112441877330285e+00,2.000035079894944279e-01,-4.384663260096401206e-26,-1.512476664873085959e-19,-6.770670764538744244e-14,-2.422971683938658094e-11
2.572972721430654701e+02,3.032806662712667034e+01,1.001557069851517934e+00,1.003116564170645653e+00,2.000034932563357348e-01,1.001557071598137005e+00,1.003116567692026395e+00,2.000037172583790379e-01,1.001554662488636893e+00,1.003109317162504066e+00,2.000052087147096425e-01,1.001554650095201282e+00,1.003109299098636331e+00,2.000036143161141033e-01,-3.610394408018878920e-26,-1.507962059634983842e-19,-6.578764530586027182e-14,-2.353051058054934147e-11
2.575571683775534098e+02,3.035870103786114171e+01,1.001555495621094805e+00,1.003113410809007622e+00,2.000034193534190319e-01,1.001555498472327388e+00,1.003113416544093361e+00,2.000037853914912456e-01,1.001553107790727593e+00,1.003106198385718573e+00,2.000070223824596538e-01,1.001553081544431123e+00,1.003106161852794331e+00,2.000036424215536068e-01,-3.108443879972148173e-26,-1.503108260493783708e-19,-6.393726569577265227e-14,-2.285682075034554255e-11
2.578170646120413494e+02,3.038933544859561309e+01,1.001553925808675638e+00,1.003110266303992804e+00,2.000035047010398637e-01,1.001553928012355543e+00,1.003110270740289023e+00,2.000037878933814961e-01,1.001551546785928171e+00,1.003103073302042958e+00,2.000076189781272162e-01,1.001551515554155225e+00,1.003103030129488982e+00,2.000035929361191345e-01,-3.256256666921548836e-26,-1.498442409879639262e-19,-6.213030790224545866e-14,-2.219925061224084033e-11
2.580769608465293459e+02,3.041996985933008446e+01,1.001552358460452208e+00,1.003107126738852273e+00,2.000034996841004442e-01,1.001552360214467363e+00,1.003107130273080960e+00,2.000037253184719643e-01,1.001549979474238627e+00,1.003099941911477222e+00,2.000069960430067850e-01,1.001549952121483678e+00,1.003099903918395208e+00,2.000034664850581512e-01,-3.546380134608753760e-26,-1.493874543483595708e-19,-6.036620719947275114e-14,-2.155758593668428088e-11
2.583368570810172855e+02,3.045060427006455583e+01,1.001550793575195719e+00,1.003103992111121556e+00,2.000034051030999405e-01,1.001550796327906667e+00,1.003103997646767942e+00,2.000037595661952883e-01,1.001548405855658963e+00,1.003096804214021365e+00,2.000051511183928987e-01,1.001548393163539608e+00,1.003096785769338473e+00,2.000035116972816995e-01,-3.950419621473021734e-26,-1.489402409015411632e-19,-5.866330294847600236e-14,-2.093861689567062121e-11
2.585967533155052251e+02,3.048123868079902721e+01,1.001549233297489572e+00,1.003100866719927708e+00,2.000034983502779473e-01,1.001549235594229925e+00,1.003100871340904643e+00,2.000037943970747745e-01,1.001546848600303408e+00,1.003093690432767859e+00,2.000050129545589694e-01,1.001546837783680255e+00,1.003093674480740383e+00,2.000036143827208790e-01,-3.946752206769758598e-26,-1.484823785743056790e-19,-5.700801896423519064e-14,-2.033729319707049048e-11
2.588566495499931648e+02,3.051187309153349858e+01,1.001547675483625444e+00,1.003097746267864299e+00,2.000035046202275346e-01,1.001547677496472444e+00,1.003097750319145387e+00,2.000037643351127437e-01,1.001545310098996611e+00,1.003090603731540131e+00,2.000068973710114606e-01,1.001545284928908819e+00,1.003090568642240443e+00,2.000036396487046841e-01,-3.643282298408769636e-26,-1.480192050675012156e-19,-5.539182285486595551e-14,-1.975044678565265475e-11
2.591165457844811044e+02,3.054250750226796995e+01,1.001546120109724214e+00,1.003094630707058954e+00,2.000034217873843945e-01,1.001546122403126571e+00,1.003094635320179728e+00,2.000037179999639148e-01,1.001543765386599283e+00,1.003087510819221650e+00,2.000075772386235018e-01,1.001543734596418433e+00,1.003087468243726965e+00,2.000035881159805684e-01,-3.070861344281922767e-26,-1.475518956789760593e-19,-5.381943094270366889e-14,-1.917981770944811516e-11
2.593764420189690441e+02,3.057314191300244133e+01,1.001544569031027621e+00,1.003091523756586945e+00,2.000034906625336451e-01,1.001544571306400178e+00,1.003091528333009519e+00,2.000037848420994357e-01,1.001542214463111646e+00,1.003084411695813083e+00,2.000070501360364517e-01,1.001542186783375810e+00,1.003084373275079377e+00,2.000034604003391725e-01,-2.383930558515175268e-26,-1.470917402215147284e-19,-5.230328770622266731e-14,-1.862999536567203543e-11
2.596363382534569837e+02,3.060377632373691270e+01,1.001543020664860117e+00,1.003088422243737288e+00,2.000035080908191820e-01,1.001543022819763484e+00,1.003088426578123249e+00,2.000037869751108421e-01,1.001540657328533479e+00,1.003081306361313763e+00,2.000053136418919186e-01,1.001540643475304471e+00,1.003081286377460302e+00,2.000035152410736539e-01,-1.944317883225421243e-26,-1.466247778593970739e-19,-5.082278556004724493e-14,-1.809334721278534848e-11
2.598962344879449233e+02,3.063441073447138407e+01,1.001541474715935465e+00,1.003085325576565490e+00,2.000034368739658230e-01,1.001541476939566744e+00,1.003085330048198109e+00,2.000037249418800678e-01,1.001539112829970657e+00,1.003078219942580285e+00,2.000048144807177464e-01,1.001539103594534241e+00,1.003078206108036774e+00,2.000036143531510602e-01,-1.736404003423371658e-26,-1.461544759026223849e-19,-4.937745996573886516e-14,-1.756969786204273727e-11
2.601561307224328630e+02,3.066504514520585545e+01,1.001539932755134865e+00,1.003082236904087488e+00,2.000034816617629885e-01,1.001539934897644146e+00,1.003082241212591708e+00,2.000037594988548495e-01,1.001537590273650746e+00,1.003075164824704935e+00,2.000067681147209842e-01,1.001537566201341045e+00,1.003075131207599391e+00,2.000036368352384464e-01,-1.972506820015571384e-26,-1.456935560695318513e-19,-4.798246762026697746e-14,-1.706463526937882142e-11
2.604160269569208026e+02,3.069567955594032682e+01,1.001538393751046918e+00,1.003079154158688757e+00,2.000035101213374911e-01,1.001538395934196579e+00,1.003079158548167760e+00,2.000037935123108457e-01,1.001536061600109884e+00,1.003072103589608632e+00,2.000075295308653689e-01,1.001536031292972639e+00,1.003072061666235415e+00,2.000035832987170359e-01,-2.269705785714727863e-26,-1.452481063235595966e-19,-4.662644172879305000e-14,-1.657394970163378137e-11
2.606759231914087422e+02,3.072631396667479819e+01,1.001536857141762216e+00,1.003076076213951007e+00,2.000034503899772720e-01,1.001536859551749981e+00,1.003076081057669100e+00,2.000037635396030578e-01,1.001534526809348069e+00,1.003069036237291378e+00,2.000070963443867089e-01,1.001534498866650136e+00,1.003068997474023449e+00,2.000034543501099382e-01,-2.532276496407405134e-26,-1.448012589611488776e-19,-4.530249310165160582e-14,-1.609509417368384318e-11
2.609358194258967387e+02,3.075694837740926957e+01,1.001535324218695289e+00,1.003073005658647210e+00,2.000034713714220480e-01,1.001535326119711300e+00,1.003073009481607158e+00,2.000037186331612427e-01,1.001532985901365080e+00,1.003065962767753172e+00,2.000054661705209791e-01,1.001532970973975534e+00,1.003065941360363755e+00,2.000035186252173136e-01,-2.494130622997339417e-26,-1.443112927909406781e-19,-4.401459108719913848e-14,-1.562952706184160610e-11
2.611957156603846784e+02,3.078758278814374094e+01,1.001533794492100338e+00,1.003069941511006258e+00,2.000035107368836051e-01,1.001533796592583014e+00,1.003069945733367163e+00,2.000037842158555734e-01,1.001531454012606792e+00,1.003062903361200409e+00,2.000046134118983743e-01,1.001531446361779709e+00,1.003062891648536459e+00,2.000036142302656361e-01,-2.162407593068899154e-26,-1.438790199224643215e-19,-4.277273714669368026e-14,-1.518092108574787003e-11
2.614556118948726180e+02,3.081821719887821232e+01,1.001532267138145693e+00,1.003066882119563408e+00,2.000034623622482521e-01,1.001532269621339788e+00,1.003066887108665650e+00,2.000037859922299543e-01,1.001529947154839340e+00,1.003059879344489591e+00,2.000066347676724698e-01,1.001529924200389221e+00,1.003059847226184909e+00,2.000036339827785947e-01,-1.704493152338043250e-26,-1.434551163675841616e-19,-4.156012683309678955e-14,-1.474307885237346629e-11
2.617155081293605576e+02,3.084885160961268369e+01,1.001530743173586480e+00,1.003063829522496064e+00,2.000034598145618570e-01,1.001530745202432460e+00,1.003063833600381649e+00,2.000037244938590308e-01,1.001528434271838242e+00,1.003056849302544906e+00,2.000074760482229708e-01,1.001528404487105117e+00,1.003056808083590656e+00,2.000035784849583942e-01,-1.223131844199540239e-26,-1.429842596324829474e-19,-4.037637817762256837e-14,-1.431585681664952178e-11
2.619754043638484973e+02,3.087948602034715506e+01,1.001529222640913375e+00,1.003060783804957001e+00,2.000035099621134127e-01,1.001529224550646413e+00,1.003060787643657026e+00,2.000037593503461719e-01,1.001526915363603054e+00,1.003053813235366354e+00,2.000071349046465274e-01,1.001526887219202244e+00,1.003053774211026372e+00,2.000034483342459368e-01,-1.018075872040223854e-26,-1.425358045743530105e-19,-3.923401224764362425e-14,-1.390385192539194293e-11
2.622353005983364369e+02,3.091012043108162644e+01,1.001527704458988755e+00,1.003057742799699392e+00,2.000034728169380327e-01,1.001527706905101178e+00,1.003057747713213654e+00,2.000037925677316253e-01,1.001525390430134221e+00,1.003050771142954156e+00,2.000056089880397348e-01,1.001525374512108657e+00,1.003050748423125027e+00,2.000035218539358284e-01,-1.004447189869571079e-26,-1.421013525732508581e-19,-3.812351943689816419e-14,-1.350355750138243574e-11
2.624951968328243765e+02,3.094075484181609781e+01,1.001526189374635223e+00,1.003054708003783935e+00,2.000034470137910525e-01,1.001526191787152964e+00,1.003054712849557939e+00,2.000037626866730256e-01,1.001523871006214872e+00,1.003047738403995970e+00,2.000044098621156230e-01,1.001523864942520881e+00,1.003047728816428341e+00,2.000036140168407472e-01,-1.245240876885511939e-26,-1.416840022534055594e-19,-3.703934088177160284e-14,-1.311292710591475526e-11
2.627550930673123162e+02,3.097138925255056918e+01,1.001524677953312681e+00,1.003051680550699709e+00,2.000035078212228368e-01,1.001524679566979659e+00,1.003051683794735416e+00,2.000037191758309574e-01,1.001522379605612967e+00,1.003044745016024031e+00,2.000064974783166694e-01,1.001522357787688389e+00,1.003044714421259531e+00,2.000036310928964833e-01,-1.495740295023815571e-26,-1.412292011435064594e-19,-3.598481392149327540e-14,-1.273318197756861229e-11
2.630149893018002558e+02,3.100202366328504056e+01,1.001523168861115476e+00,1.003048657766517415e+00,2.000034817799937192e-01,1.001523171162651993e+00,1.003048662389069756e+00,2.000037835293760058e-01,1.001520882269929524e+00,1.003041745692970776e+00,2.000074169773982113e-01,1.001520853044963300e+00,1.003041705228088887e+00,2.000035736753090487e-01,-1.634306571390027032e-26,-1.407706052387105957e-19,-3.496797016240030896e-14,-1.236725900431533116e-11
2.632748855362881955e+02,3.103265807401951193e+01,1.001521662579574867e+00,1.003045640616496037e+00,2.000034329914413544e-01,1.001521665261495109e+00,1.003045646001189617e+00,2.000037849605905971e-01,1.001519378999164323e+00,1.003038740434835541e+00,2.000071660456022027e-01,1.001519350711673084e+00,1.003038701227378482e+00,2.000034423526174110e-01,-1.570374833603187343e-26,-1.403188579406161282e-19,-3.397511205858496380e-14,-1.201012773934352280e-11
2.635347817707761351e+02,3.106329248475398330e+01,1.001520160188016595e+00,1.003042631264196016e+00,2.000035043380345712e-01,1.001520161860056435e+00,1.003042634624168317e+00,2.000037239900304409e-01,1.001517869793317361e+00,1.003035729241618768e+00,2.000057423691705694e-01,1.001517852964890931e+00,1.003035705316083659e+00,2.000035249313326102e-01,-1.244750605627738168e-26,-1.398623506394856730e-19,-3.300592566377136834e-14,-1.166167074404702504e-11
2.637946780052641316e+02,3.109392689548845468e+01,1.001518660104223857e+00,1.003039626537947981e+00,2.000034892767229844e-01,1.001518662156424266e+00,1.003039630659638748e+00,2.000037591362232303e-01,1.001516362691266648e+00,1.003032722831309620e+00,2.000042039409475336e-01,1.001516358216381963e+00,1.003032715370940631e+00,2.000036137155704052e-01,-8.977963928779961866e-27,-1.394126226500500297e-19,-3.207075044705694757e-14,-1.132566848952876595e-11
2.640545742397520712e+02,3.112456130622292605e+01,1.001517162549000250e+00,1.003036626880363658e+00,2.000034177692682491e-01,1.001517165388896125e+00,1.003036632580699417e+00,2.000037915779027398e-01,1.001514886511363001e+00,1.003029759609168625e+00,2.000063563897586105e-01,1.001514865847281444e+00,1.003029730560901722e+00,2.000036281671129235e-01,-5.662785226418093937e-27,-1.389731053910414185e-19,-3.116163652254653005e-14,-1.099920191067870028e-11
2.643144704742400108e+02,3.115519571695739742e+01,1.001515669106590956e+00,1.003033635467126317e+00,2.000034995359125933e-01,1.001515671097024107e+00,1.003033639464347759e+00,2.000037617904732723e-01,1.001513404484740244e+00,1.003026790540308522e+00,2.000073524987421303e-01,1.001513375854991894e+00,1.003026750876621298e+00,2.000035688703483971e-01,-5.186350322850990609e-27,-1.385198085364336038e-19,-3.027410135265522532e-14,-1.068062759338845778e-11
2.645743667087279505e+02,3.118583012769186880e+01,1.001514177950846518e+00,1.003030648637612154e+00,2.000034953320378173e-01,1.001514179651620706e+00,1.003030652053889860e+00,2.000037196428701702e-01,1.001511916611398600e+00,1.003023815624729531e+00,2.000071899885876581e-01,1.001511888236892300e+00,1.003023776308747061e+00,2.000034364050899405e-01,-6.078959507664414121e-27,-1.380617456959754089e-19,-2.941094819194399221e-14,-1.037096718485485591e-11
2.648342629432158901e+02,3.121646453842634017e+01,1.001512689080655383e+00,1.003027666389591621e+00,2.000034059006051412e-01,1.001512691935549038e+00,1.003027672119045421e+00,2.000037827963221659e-01,1.001510422891337626e+00,1.003020834862431210e+00,2.000058665799847590e-01,1.001510405229585343e+00,1.003020809833731875e+00,2.000035278613950251e-01,-8.294247880139528247e-27,-1.375994009195937693e-19,-2.857862151413519649e-14,-1.007256758036332315e-11
2.650941591777038298e+02,3.124709894916081154e+01,1.001511204473408023e+00,1.003024692686804054e+00,2.000034934378554230e-01,1.001511206671373166e+00,1.003024697099123674e+00,2.000037838931899847e-01,1.001508927970153451e+00,1.003017854447358026e+00,2.000039957537755597e-01,1.001508925084954482e+00,1.003017849115237947e+00,2.000036133290692408e-01,-1.013655504339403705e-26,-1.371499467575879921e-19,-2.776596077468292871e-14,-9.781346958479856161e-12
2.653540554121917694e+02,3.127773335989528292e+01,1.001509722166308292e+00,1.003021723594734960e+00,2.000034999705455618e-01,1.001509723855734002e+00,1.003021726987386231e+00,2.000037234432549549e-01,1.001507466779276045e+00,1.003014920937418841e+00,2.000062116400237178e-01,1.001507447285071351e+00,1.003014893456910306e+00,2.000036252069001541e-01,-1.056205644898746116e-26,-1.366861105604327798e-19,-2.697270804086562258e-14,-9.497209268018140100e-12
2.656139516466797090e+02,3.130836777062975429e+01,1.001508242123936299e+00,1.003018759042382468e+00,2.000034217038076656e-01,1.001508244670364478e+00,1.003018764152641795e+00,2.000037588694032198e-01,1.001505999828296689e+00,1.003011981667377706e+00,2.000072827865500003e-01,1.001505971827388652e+00,1.003011942849584726e+00,2.000035640706321061e-01,-9.632321677663877464e-27,-1.362142163673195308e-19,-2.620739782023600926e-14,-9.223262428017973521e-12
2.658738478811676487e+02,3.133900218136422566e+01,1.001506766055605624e+00,1.003015802456094896e+00,2.000034860664943459e-01,1.001506768352985466e+00,1.003015807066859555e+00,2.000037905548157358e-01,1.001504527117215382e+00,1.003009036637234619e+00,2.000072069478111558e-01,1.001504498709334667e+00,1.003008997284088766e+00,2.000034304915241645e-01,-6.806743715305218397e-27,-1.358022166967369631e-19,-2.546338898960146114e-14,-8.957078019637200387e-12
2.661337441156555883e+02,3.136963659209869704e+01,1.001505292518684254e+00,1.003012850944064782e+00,2.000035032162637838e-01,1.001505294460734996e+00,1.003012854842302737e+00,2.000037608626284436e-01,1.001503048646032346e+00,1.003006085846990025e+00,2.000059818782639609e-01,1.001503030224991653e+00,1.003006059813637663e+00,2.000035306479982511e-01,-4.333891595354274350e-27,-1.353687776628652195e-19,-2.473706927650008092e-14,-8.697337130961038040e-12
2.663936403501435279e+02,3.140027100283316841e+01,1.001503821225917079e+00,1.003009903930479840e+00,2.000034359916340876e-01,1.001503823364930712e+00,1.003009908223278401e+00,2.000037200464610254e-01,1.001501565766653501e+00,1.003003131099164280e+00,2.000037854020048078e-01,1.001501564471261263e+00,1.003003127895347957e+00,2.000036128598748353e-01,-2.407108568036623889e-27,-1.349174716540126429e-19,-2.403079113666237915e-14,-8.444893799950141112e-12
2.666535365846315244e+02,3.143090541356763978e+01,1.001502353623044961e+00,1.003006964313333471e+00,2.000034774438772534e-01,1.001502355914406506e+00,1.003006968911267061e+00,2.000037820278329215e-01,1.001500119337804584e+00,1.003000226856845645e+00,2.000060633623032824e-01,1.001500101028288459e+00,1.003000200963738653e+00,2.000036222136830633e-01,-2.607928323880493354e-27,-1.344427930434025667e-19,-2.334972125967961132e-14,-8.201621834324604882e-12
2.669134328191194641e+02,3.146153982430211116e+01,1.001500888778761089e+00,1.003004030225792542e+00,2.000035050929022118e-01,1.001500890865893556e+00,1.003004034414107570e+00,2.000037828005100660e-01,1.001498667233768458e+00,1.002997316939340022e+00,2.000072080093348303e-01,1.001498639893573461e+00,1.002997279009821163e+00,2.000035592766929993e-01,-3.934907808727560121e-27,-1.339826549766097993e-19,-2.268476982864320859e-14,-7.964210238846021760e-12
2.671733290536074037e+02,3.149217423503658253e+01,1.001499426158305228e+00,1.003001100595922068e+00,2.000034487893642687e-01,1.001499428216124032e+00,1.003001104725243842e+00,2.000037228639965914e-01,1.001497209454544901e+00,1.002994401346646969e+00,2.000072171306596924e-01,1.001497181064593844e+00,1.002994362024599351e+00,2.000034246117766423e-01,-5.734508541273488661e-27,-1.335304269697550512e-19,-2.203572501288868373e-14,-7.732580485507319515e-12
2.674332252880953433e+02,3.152280864577105390e+01,1.001497966948274199e+00,1.002998177802245650e+00,2.000034675919711846e-01,1.001497969130806576e+00,1.002998182181328302e+00,2.000037585604399759e-01,1.001495746000134357e+00,1.002991480078766706e+00,2.000060885138381928e-01,1.001495726890923477e+00,1.002991453135397393e+00,2.000035332949086919e-01,-7.015983288010989852e-27,-1.330794440580159162e-19,-2.140962862673935331e-14,-7.509286779389515872e-12
2.676931215225832830e+02,3.155344305650552528e+01,1.001496510719996680e+00,1.002995260985471981e+00,2.000035056237588760e-01,1.001496512847319220e+00,1.002995265253667112e+00,2.000037895082482919e-01,1.001494276870536382e+00,1.002988553135699235e+00,2.000038199464306554e-01,1.001494275319237737e+00,1.002988549599123980e+00,2.000036123104508567e-01,-6.772390553745798681e-27,-1.326339275411703957e-19,-2.080093680455661414e-14,-7.292310214044477243e-12
2.679530177570712226e+02,3.158407746723999665e+01,1.001495056695465014e+00,1.002992348586084104e+00,2.000034601217174912e-01,1.001495058939798177e+00,1.002992353088610678e+00,2.000037599125507604e-01,1.001492843136153832e+00,1.002985675265065213e+00,2.000059116851817531e-01,1.001492826024972471e+00,1.002985650977460619e+00,2.000036191888413806e-01,-5.591446396554766517e-27,-1.321935815469596934e-19,-2.020674048169752747e-14,-7.080592860139001016e-12
2.682129139915591622e+02,3.161471187797446802e+01,1.001493605806485609e+00,1.002989442471867720e+00,2.000034565321144320e-01,1.001493607779943895e+00,1.002989446431220788e+00,2.000037203968041410e-01,1.001491405654959532e+00,1.002982794262676336e+00,2.000071283300823288e-01,1.001491379005675642e+00,1.002982757261590807e+00,2.000035544890416128e-01,-3.392470633515464848e-27,-1.317624724477508465e-19,-1.962901204585785573e-14,-6.874847985559075202e-12
2.684728102260471019e+02,3.164534628870893940e+01,1.001492158118481024e+00,1.002986542773941059e+00,2.000035048316424757e-01,1.001492160183694802e+00,1.002986546917015387e+00,2.000037812330405229e-01,1.001489962581831428e+00,1.002979907668353654e+00,2.000072207379843259e-01,1.001489934258871894e+00,1.002979868442690048e+00,2.000034187657000473e-01,-1.767298819262650828e-27,-1.313372821570603789e-19,-1.907189026836725033e-14,-6.676570711441267484e-12
2.687327064605350415e+02,3.167598069944341077e+01,1.001490712614380829e+00,1.002983647453598248e+00,2.000034700130400855e-01,1.001490714940916682e+00,1.002983652120289282e+00,2.000037816912410837e-01,1.001488513916770184e+00,1.002977015482097833e+00,2.000061867289041062e-01,1.001488494187700695e+00,1.002976987719620405e+00,2.000035358057875023e-01,-8.965441104511334970e-28,-1.309140491450528115e-19,-1.852797475345704835e-14,-6.483076105337129304e-12
2.689926026950229812e+02,3.170661511017788214e+01,1.001489269975480267e+00,1.002980757876472007e+00,2.000034442854278505e-01,1.001489272048428969e+00,1.002980762034662465e+00,2.000037222607794762e-01,1.001487059659775136e+00,1.002974117703908430e+00,2.000040241228578930e-01,1.001487056593225011e+00,1.002974112155232023e+00,2.000036116831886701e-01,-1.370624214970939514e-27,-1.304913481981072521e-19,-1.799709159671914844e-14,-6.294299963524774519e-12
2.692524989295109208e+02,3.173724952091235352e+01,1.001487830752899599e+00,1.002977875147247344e+00,2.000035027391363074e-01,1.001487832656240418e+00,1.002977878965280567e+00,2.000037582179794993e-01,1.001485637143781693e+00,1.002971264100237736e+00,2.000057567328480945e-01,1.001485621243471291e+00,1.002971241434765348e+00,2.000036161337105101e-01,-2.766283009751567954e-27,-1.300743813512861512e-19,-1.748504869480728034e-14,-6.112340639200057046e-12
2.695123951639989173e+02,3.176788393164682489e+01,1.001486393694618338e+00,1.002974996756279769e+00,2.000034784873018778e-01,1.001486396001606716e+00,1.002975001383229259e+00,2.000037884461508819e-01,1.001484214065811562e+00,1.002968411584193031e+00,2.000070439064888517e-01,1.001484188136033238e+00,1.002968375549571967e+00,2.000035497081671110e-01,-4.076198803622972034e-27,-1.296591149098395739e-19,-1.698722135135794409e-14,-5.935520792590370724e-12
2.697722913984868569e+02,3.179851834238129626e+01,1.001484959235628303e+00,1.002972123575489372e+00,2.000034308725607279e-01,1.001484961675096708e+00,1.002972128467811697e+00,2.000037589479751188e-01,1.001482785477541437e+00,1.002965553557848555e+00,2.000072179643673231e-01,1.001482757268482571e+00,1.002965514490995469e+00,2.000034129531428895e-01,-4.912867680749900236e-27,-1.292448221152582689e-19,-1.650126835769125451e-14,-5.762992336437220335e-12
2.700321876329747965e+02,3.182915275311576764e+01,1.001483528404494283e+00,1.002969257666570746e+00,2.000034993683139362e-01,1.001483530048677073e+00,1.002969260964611253e+00,2.000037207022540564e-01,1.001481351378970874e+00,1.002962690021203640e+00,2.000062767583240531e-01,1.001481331095654737e+00,1.002962661526941135e+00,2.000035381841939186e-01,-4.250451915250317450e-27,-1.288121055058410004e-19,-1.602884201206113339e-14,-5.595350500042526968e-12
2.702920838674627362e+02,3.185978716385023901e+01,1.001482099718287833e+00,1.002966396057051179e+00,2.000034855680795365e-01,1.001482101906483235e+00,1.002966400445373996e+00,2.000037804193859070e-01,1.001479911770100317e+00,1.002959820974258509e+00,2.000042181401996966e-01,1.001479907277480486e+00,1.002959813532170674e+00,2.000036109804101681e-01,-3.052590101005491299e-27,-1.283849216174619473e-19,-1.557325483556931016e-14,-5.433787276362081777e-12
2.705519801019506758e+02,3.189042157458471038e+01,1.001480673369833596e+00,1.002963539133434834e+00,2.000034163139452481e-01,1.001480676070518827e+00,1.002963544548851615e+00,2.000037805723180462e-01,1.001478500349913814e+00,1.002956991340095083e+00,2.000055986252926021e-01,1.001478485671952745e+00,1.002956970311983165e+00,2.000036130495836117e-01,-1.368721844311757268e-27,-1.279683356923930135e-19,-1.512848418590466735e-14,-5.276126088970960803e-12
2.708118763364386155e+02,3.192105598531918176e+01,1.001479250857026937e+00,1.002960689898150681e+00,2.000034947408737551e-01,1.001479252537688103e+00,1.002960693268833303e+00,2.000037216405924356e-01,1.001477091459923363e+00,1.002954166890056786e+00,2.000069548911838635e-01,1.001477066276709849e+00,1.002954131857893616e+00,2.000035449345383409e-01,-4.283602239208116956e-28,-1.275553877926283726e-19,-1.469438734669189820e-14,-5.122314472364974123e-12
2.710717725709265551e+02,3.195169039605365313e+01,1.001477830470006491e+00,1.002957844923869191e+00,2.000034912784685592e-01,1.001477832442614124e+00,1.002957848879591163e+00,2.000037578491180856e-01,1.001475677139684661e+00,1.002951337009770016e+00,2.000072089983727930e-01,1.001475649089368813e+00,1.002951298161409266e+00,2.000034071739505148e-01,-2.465829581234135303e-28,-1.271481443092696068e-19,-1.427575265033538857e-14,-4.974075833652245956e-12
2.713316688054144947e+02,3.198232480678812450e+01,1.001476412207763955e+00,1.002955004208567757e+00,2.000034066175099545e-01,1.001476415022640287e+00,1.002955009852410262e+00,2.000037873749147821e-01,1.001474257389197930e+00,1.002948501699235440e+00,2.000063588299078321e-01,1.001474236614650515e+00,1.002948472557061876e+00,2.000035404335883393e-01,-8.486051429649188924e-28,-1.267466003331446398e-19,-1.386872476092494986e-14,-4.830017377548551294e-12
2.715915650399024912e+02,3.201295921752259943e+01,1.001474997896744323e+00,1.002952171413213245e+00,2.000034888782361020e-01,1.001474999884223394e+00,1.002952175398452495e+00,2.000037579750930106e-01,1.001472832208463171e+00,1.002945660958452834e+00,2.000044022688373668e-01,1.001472826375701120e+00,1.002945651737318755e+00,2.000036102043698527e-01,-2.106021166166830818e-27,-1.263231350143694003e-19,-1.347142072764894815e-14,-4.689459656015113115e-12
2.718514612743904308e+02,3.204359362825707080e+01,1.001473585736863958e+00,1.002949342929651655e+00,2.000034956412857778e-01,1.001473587399485332e+00,1.002949346263602326e+00,2.000037209697426988e-01,1.001471431763073072e+00,1.002942855000998224e+00,2.000054374784892564e-01,1.001471418317930961e+00,1.002942835624136997e+00,2.000036099377124621e-01,-2.954052642520847446e-27,-1.259104149317630139e-19,-1.308522354784223292e-14,-4.552899032196479770e-12
2.721113575088783705e+02,3.207422803899154218e+01,1.001472175682863286e+00,1.002946518667162001e+00,2.000034216039708324e-01,1.001472178321810569e+00,1.002946523957944258e+00,2.000037795929072437e-01,1.001470036850081957e+00,1.002940058204855323e+00,2.000068614319381044e-01,1.001470012439021895e+00,1.002940024209190817e+00,2.000035401686043324e-01,-3.363439369983920357e-27,-1.255061789008563516e-19,-1.271278212568104125e-14,-4.421284932361011138e-12
2.723712537433663101e+02,3.210486244972601355e+01,1.001470769312341247e+00,1.002943701787899489e+00,2.000034818014366222e-01,1.001470771504379798e+00,1.002943706182757300e+00,2.000037794493824128e-01,1.001468636585351568e+00,1.002937256056972926e+00,2.000071940227831357e-01,1.001468608769240154e+00,1.002937217527620994e+00,2.000034058682175764e-01,-2.570697994380670478e-27,-1.250934148664257354e-19,-1.234919694502862553e-14,-4.292853572590724863e-12
2.726311499778542498e+02,3.213549686046048492e+01,1.001469365308385706e+00,1.002940889652207623e+00,2.000034986788588875e-01,1.001469366944178985e+00,1.002940892931995620e+00,2.000037210091230588e-01,1.001467230968881683e+00,1.002934448557351033e+00,2.000064331646790317e-01,1.001467209763620803e+00,1.002934418847821085e+00,2.000035425573355174e-01,-1.489966745651157462e-27,-1.246668952423021689e-19,-1.199435092807005216e-14,-4.167562094057221930e-12
2.728910462123421894e+02,3.216613127119495630e+01,1.001467963391634353e+00,1.002938081700127215e+00,2.000034351512543218e-01,1.001467965760751921e+00,1.002938086449671751e+00,2.000037574597775258e-01,1.001465820000672746e+00,1.002931635705990088e+00,2.000045767712804456e-01,1.001465812910560915e+00,1.002931624816009171e+00,2.000036093572569451e-01,-3.147252104932646350e-28,-1.242323873087319947e-19,-1.165219032252677479e-14,-4.046825396433371888e-12
2.731509424468301290e+02,3.219676568192942767e+01,1.001466564894925471e+00,1.002935280603195256e+00,2.000034735310267098e-01,1.001466567191727552e+00,1.002935285207667615e+00,2.000037862997838256e-01,1.001464430410621720e+00,1.002928853137019072e+00,2.000052734045679181e-01,1.001464418207806517e+00,1.002928835424022447e+00,2.000036067993094524e-01,2.042161325272468231e-28,-1.238058644835688010e-19,-1.131950325945845215e-14,-3.929487716434737366e-12
2.734108386813180687e+02,3.222740009266389904e+01,1.001465168976498621e+00,1.002932484674167180e+00,2.000035004131708039e-01,1.001465170858927278e+00,1.002932488447953130e+00,2.000037569989374653e-01,1.001463049267808936e+00,1.002926083590687689e+00,2.000067636718596553e-01,1.001463025653082539e+00,1.002926050663691671e+00,2.000035354107950192e-01,-2.681447359576354278e-29,-1.233934469682184965e-19,-1.099477635736821390e-14,-3.815005003395966437e-12
2.736707349158060651e+02,3.225803450339837042e+01,1.001463775126820277e+00,1.002929692891730395e+00,2.000034472827741938e-01,1.001463777134523170e+00,1.002929696916503133e+00,2.000037212050316260e-01,1.001461662850259504e+00,1.002923308769619659e+00,2.000071732148212822e-01,1.001461635359190971e+00,1.002923270680304402e+00,2.000034114643660654e-01,-7.130677683761820335e-28,-1.229858754276031526e-19,-1.067916626532926524e-14,-3.703790824428291358e-12
2.739306311502940048e+02,3.228866891413284179e+01,1.001462384437985076e+00,1.002926907444862570e+00,2.000034640873924741e-01,1.001462386742161481e+00,1.002926912063772047e+00,2.000037787586163573e-01,1.001460271157973425e+00,1.002920528673814982e+00,2.000064999771264673e-01,1.001460249580113482e+00,1.002920498474288991e+00,2.000035445587075023e-01,-1.688487812231614615e-27,-1.225677607547905392e-19,-1.037478931671888614e-14,-3.596600944913769797e-12
2.741905273847819444e+02,3.231930332486731317e+01,1.001460996535498138e+00,1.002924127582912384e+00,2.000035008659405977e-01,1.001460998565272265e+00,1.002924131651706352e+00,2.000037783270239289e-01,1.001458874190950921e+00,1.002917743303273879e+00,2.000047419024489903e-01,1.001458865923260166e+00,1.002917730850628741e+00,2.000036084411976611e-01,-2.152312337391521335e-27,-1.221556851091131825e-19,-1.007766118248481515e-14,-3.492006330316421548e-12
2.744504236192698841e+02,3.234993773560178454e+01,1.001459610683520074e+00,1.002921351830967422e+00,2.000034580215731272e-01,1.001459612600921423e+00,1.002921355674419424e+00,2.000037203709644495e-01,1.001457495338315962e+00,1.002914983839048757e+00,2.000051065119737848e-01,1.001457484386418795e+00,1.002914967801314061e+00,2.000036036355482549e-01,-2.173959853124947874e-27,-1.217484412356116619e-19,-9.787685853834211348e-15,-3.389971975610728563e-12
2.747103198537578237e+02,3.238057214633625591e+01,1.001458227737352935e+00,1.002918581903371242e+00,2.000034534904810424e-01,1.001458229953870571e+00,1.002918586346263963e+00,2.000037570546355503e-01,1.001456127762918147e+00,1.002912241146278305e+00,2.000066617495775412e-01,1.001456104967356042e+00,1.002912209318327363e+00,2.000035306615220720e-01,-1.462712992290701955e-27,-1.213486716204414920e-19,-9.508114371349599604e-15,-3.291659308286632905e-12
2.749702160882457633e+02,3.241120655707072729e+01,1.001456847782012716e+00,1.002915817970510215e+00,2.000035000583977873e-01,1.001456849862223608e+00,1.002915822140094892e+00,2.000037852249306747e-01,1.001454754988316154e+00,1.002909493254303896e+00,2.000071467463605535e-01,1.001454727859071303e+00,1.002909455653983262e+00,2.000034168792138856e-01,-5.685820184392112269e-28,-1.209269149856833349e-19,-9.236272642180323997e-15,-3.196109728945994877e-12
2.752301123227337030e+02,3.244184096780519866e+01,1.001455469859155123e+00,1.002913058111496669e+00,2.000034673902982840e-01,1.001455471962660715e+00,1.002913062327676741e+00,2.000037560235255196e-01,1.001453377014509982e+00,1.002906740163125088e+00,2.000065594754425746e-01,1.001453355119852340e+00,1.002906709547888520e+00,2.000035464408864705e-01,1.682854687915544084e-28,-1.205066077114300823e-19,-8.970945135467623777e-15,-3.102887847744681447e-12
2.754900085572216426e+02,3.247247537853967003e+01,1.001454094591174293e+00,1.002910303573832707e+00,2.000034417599335090e-01,1.001454096627305113e+00,1.002910307654875988e+00,2.000037214129008756e-01,1.001451993841500077e+00,1.002903981872742545e+00,2.000048979099431912e-01,1.001451984473090029e+00,1.002903967959746234e+00,2.000036074582568490e-01,4.319981321774719913e-28,-1.201037805883490290e-19,-8.713098437553623024e-15,-3.012337974785931583e-12
2.757499047917095822e+02,3.250310978927414141e+01,1.001452722514971860e+00,1.002907555433646625e+00,2.000034980114955008e-01,1.001452724551039841e+00,1.002907559514474078e+00,2.000037779204185129e-01,1.001450625609874301e+00,1.002901245233931871e+00,2.000049369056179915e-01,1.001450615916612108e+00,1.002901230881695582e+00,2.000036004475656548e-01,-1.077967272893954242e-29,-1.197060693472216120e-19,-8.464421825981769797e-15,-2.925061251487377343e-12
2.760098010261975219e+02,3.253374420000861278e+01,1.001451352453435639e+00,1.002904811331571722e+00,2.000034754110981972e-01,1.001451354646650582e+00,1.002904815727289733e+00,2.000037772088356647e-01,1.001449271403086483e+00,1.002898529006115647e+00,2.000065557994153143e-01,1.001449249448226553e+00,1.002898498305868191e+00,2.000035259211794536e-01,-6.472808449098680117e-28,-1.193071179065053000e-19,-8.221676414043337898e-15,-2.839900261674594308e-12
2.762696972606854615e+02,3.256437861074308415e+01,1.001449984799873905e+00,1.002902072055934068e+00,2.000034289150351696e-01,1.001449986911279399e+00,1.002902076287590205e+00,2.000037197297401537e-01,1.001447912071191881e+00,1.002895807653192639e+00,2.000071147841239183e-01,1.001447885338857313e+00,1.002895770588573265e+00,2.000034221171335669e-01,-1.380261339886563794e-27,-1.189042907849280851e-19,-7.984783499021122730e-15,-2.756826409943166578e-12
2.765295934951734580e+02,3.259501302147755553e+01,1.001448620535573708e+00,1.002899339573560811e+00,2.000034947458045609e-01,1.001448622435198166e+00,1.002899343380652342e+00,2.000037566376828002e-01,1.001446547614190496e+00,1.002893081175163070e+00,2.000066118617498390e-01,1.001446525456310299e+00,1.002893050215541315e+00,2.000035482069675574e-01,-1.547475515771476583e-27,-1.185076262027258635e-19,-7.756420403760077748e-15,-2.676792614281018653e-12
2.767894897296613976e+02,3.262564743221202690e+01,1.001447258268330254e+00,1.002896611093978096e+00,2.000034821059032408e-01,1.001447260457161814e+00,1.002896615480659781e+00,2.000037841537802841e-01,1.001445178032082328e+00,1.002890349572026496e+00,2.000050450342992225e-01,1.001445167637006639e+00,1.002890334297261044e+00,2.000036064104401268e-01,-1.345344768990236724e-27,-1.180921689665534904e-19,-7.534362159346044591e-15,-2.599004300960432412e-12
2.770493859641493373e+02,3.265628184294649827e+01,1.001445898166124282e+00,1.002893886953873936e+00,2.000034149747741963e-01,1.001445900628223251e+00,1.002893891888195999e+00,2.000037550521392704e-01,1.001443820306556542e+00,1.002887635483624473e+00,2.000047646870193874e-01,1.001443811878813150e+00,1.002887622826015956e+00,2.000035972364623549e-01,-7.332077982998409655e-28,-1.176503586051391869e-19,-7.317633130457705751e-15,-2.523113336832555767e-12
2.773092821986372769e+02,3.268691625368096965e+01,1.001444541647252606e+00,1.002891169995981491e+00,2.000034902815154836e-01,1.001444543320363367e+00,1.002891173348830156e+00,2.000037215973211602e-01,1.001442479273436659e+00,1.002884945339616696e+00,2.000064459515550064e-01,1.001442458179577777e+00,1.002884915794083787e+00,2.000035211901440846e-01,-5.198047357591668753e-29,-1.172260675148369012e-19,-7.107040460300422221e-15,-2.449406272660820905e-12
2.775691784331252165e+02,3.271755066441544102e+01,1.001443187108032706e+00,1.002888457005968403e+00,2.000034874962348941e-01,1.001443189200641237e+00,1.002888461199557213e+00,2.000037770816015525e-01,1.001441133187905841e+00,1.002882250143197984e+00,2.000070774898716208e-01,1.001441106885940346e+00,1.002882213658821131e+00,2.000034271823817877e-01,3.464182142949692510e-28,-1.168048246718765858e-19,-6.903931270247793752e-15,-2.378360535926370757e-12
2.778290746676131562e+02,3.274818507514991239e+01,1.001441834547548204e+00,1.002885747981996589e+00,2.000034072623454451e-01,1.001441837210334862e+00,1.002885753318335071e+00,2.000037760977458889e-01,1.001439782049964311e+00,1.002879549894368560e+00,2.000066573323154018e-01,1.001439759680294417e+00,1.002879518658838176e+00,2.000035498599615214e-01,4.319091467199524483e-28,-1.163860432015374242e-19,-6.705673608664531950e-15,-2.309039142336227300e-12
2.780889709021010958e+02,3.277881948588438377e+01,1.001440485655648693e+00,1.002883046311063620e+00,2.000034846385826681e-01,1.001440487346660468e+00,1.002883049699579532e+00,2.000037190885186611e-01,1.001438425859612069e+00,1.002876844593128425e+00,2.000051835092325481e-01,1.001438414509218999e+00,1.002876828051578517e+00,2.000036052996959357e-01,-8.169621747688918177e-29,-1.159740436402816180e-19,-6.512202981038443725e-15,-2.241418765837704112e-12
2.783488671365890355e+02,3.280945389661885514e+01,1.001439138778931648e+00,1.002880348679200173e+00,2.000034916032940313e-01,1.001439140685682405e+00,1.002880352500060468e+00,2.000037562120761669e-01,1.001437078526756119e+00,1.002874152784375861e+00,2.000045899544370120e-01,1.001437071370620435e+00,1.002874141829468435e+00,2.000035940033043635e-01,-6.046122643306426939e-28,-1.155450027862690608e-19,-6.325723434695292162e-15,-2.176281063364293375e-12
2.786087633710769751e+02,3.284008830735332651e+01,1.001437793863760861e+00,1.002877654978900912e+00,2.000034214903224639e-01,1.001437796466975616e+00,1.002877660195627518e+00,2.000037830889835055e-01,1.001435750476131314e+00,1.002871488350313145e+00,2.000063323321914777e-01,1.001435730262385082e+00,1.002871459984927105e+00,2.000035164687766764e-01,-1.095770108373637453e-27,-1.151036823937964297e-19,-6.144384820397858629e-15,-2.112967702471271467e-12
2.788686596055649147e+02,3.287072271808779789e+01,1.001436452368576369e+00,1.002874968133327105e+00,2.000034778365967769e-01,1.001436454355496997e+00,1.002874972114741858e+00,2.000037540873405573e-01,1.001434417444423186e+00,1.002868818935167106e+00,2.000070350205799818e-01,1.001434391604721696e+00,1.002868783073494585e+00,2.000034320791027054e-01,-1.087087626592218874e-27,-1.146878609468440736e-19,-5.967404595531819115e-15,-2.051200465034496996e-12
2.791285558400528544e+02,3.290135712882226926e+01,1.001435113089579110e+00,1.002872285729674573e+00,2.000034944478384646e-01,1.001435114722995623e+00,1.002872289002497919e+00,2.000037217615324991e-01,1.001433079431631956e+00,1.002866144538938187e+00,2.000066960777551750e-01,1.001433056899541318e+00,1.002866113093230815e+00,2.000035514027973804e-01,-7.728860061879701137e-28,-1.142720395001994330e-19,-5.795456267742638614e-15,-1.991217621860817984e-12
2.793884520745408508e+02,3.293199153955674063e+01,1.001433775755137257e+00,1.002869607223506376e+00,2.000034343497917866e-01,1.001433778209612324e+00,1.002869612141920497e+00,2.000037762446763012e-01,1.001431736437757403e+00,1.002863465161625722e+00,2.000053135618700406e-01,1.001431724200787965e+00,1.002863447444808376e+00,2.000036041279169008e-01,-2.619415541476540819e-28,-1.138546983335878899e-19,-5.629613064328354185e-15,-1.933398188032512852e-12
2.796483483090287905e+02,3.296262595029121201e+01,1.001432441595993872e+00,1.002866935081594635e+00,2.000034698948006950e-01,1.001432443784284532e+00,1.002866939466434015e+00,2.000037749960266176e-01,1.001430399385602410e+00,1.002860795365932534e+00,2.000044128029957735e-01,1.001430393506405503e+00,1.002860786120792325e+00,2.000035907491241605e-01,2.199200642126749851e-28,-1.134274112275399319e-19,-5.467737003670512723e-15,-1.876983782880557474e-12
2.799082445435167301e+02,3.299326036102568338e+01,1.001431109850661416e+00,1.002864267777675122e+00,2.000034960504225301e-01,1.001431111444299749e+00,1.002864270970598826e+00,2.000037184496639975e-01,1.001429084129978886e+00,1.002858156275061585e+00,2.000062150636792990e-01,1.001429064814318703e+00,1.002858129113741059e+00,2.000035117574217314e-01,3.727161246870198063e-28,-1.130072098582779301e-19,-5.309775251442022883e-15,-1.821955368254325746e-12
2.801681407780046698e+02,3.302389477176015475e+01,1.001429780033088468e+00,1.002861604337551782e+00,2.000034458625087330e-01,1.001429782251790135e+00,1.002861608783230718e+00,2.000037557804059674e-01,1.001427763963262940e+00,1.002855512273098215e+00,2.000069875286108745e-01,1.001427738616217589e+00,1.002855477074592550e+00,2.000034368113315641e-01,2.759642750002780857e-28,-1.125894515870267631e-19,-5.157541588712867229e-15,-1.768953873742205504e-12
2.804280370124926094e+02,3.305452918249462613e+01,1.001428453149973752e+00,1.002858946778934168e+00,2.000034608320975793e-01,1.001428455447310517e+00,1.002858951382164188e+00,2.000037820326112936e-01,1.001426438885455017e+00,1.002852863360042868e+00,2.000067282832290183e-01,1.001426416238326622e+00,1.002852831767248265e+00,2.000035528383246608e-01,-1.649486159972197557e-28,-1.121667507459218875e-19,-5.009498453166822282e-15,-1.717434186723288994e-12
2.806879332469805490e+02,3.308516359322909750e+01,1.001427128874968542e+00,1.002856294447709073e+00,2.000034964311498131e-01,1.001427130709270363e+00,1.002856298122833056e+00,2.000037531311336936e-01,1.001425108896555116e+00,1.002850209535895321e+00,2.000054354129721934e-01,1.001425095839235446e+00,1.002850190731982893e+00,2.000036028969420232e-01,-5.582267456011951323e-28,-1.117749263680335217e-19,-4.865018619964756623e-15,-1.667174119158565031e-12
2.809478294814684887e+02,3.311579800396356887e+01,1.001425806511119010e+00,1.002853645946978345e+00,2.000034560498298586e-01,1.001425808409101892e+00,1.002853649749686937e+00,2.000037219082451689e-01,1.001423782014575048e+00,1.002847561490765926e+00,2.000042333248056026e-01,1.001423777416925009e+00,1.002847553961497384e+00,2.000035874749216680e-01,-8.202147890243501204e-28,-1.113908111149891936e-19,-4.724663686430803436e-15,-1.618371689264775967e-12
2.812077257159564283e+02,3.314643241469804025e+01,1.001424486844673778e+00,1.002851002852596540e+00,2.000034506671463652e-01,1.001424489160901210e+00,1.002851007493531732e+00,2.000037754118161037e-01,1.001422479370049023e+00,1.002844947383273677e+00,2.000060942646717244e-01,1.001422460969357831e+00,1.002844921448486248e+00,2.000035070564090689e-01,-7.451968339588389622e-28,-1.109940991042459362e-19,-4.589287823294566016e-15,-1.571327440311822440e-12
2.814676219504443679e+02,3.317706682543251162e+01,1.001423169977365690e+00,1.002848365368448347e+00,2.000034956098688255e-01,1.001423171960459158e+00,1.002848369341644119e+00,2.000037739054875974e-01,1.001421171883116967e+00,1.002842328433375618e+00,2.000069351618732616e-01,1.001421147057676153e+00,1.002842293936578866e+00,2.000034413829976931e-01,-3.958851514510192009e-28,-1.105884379922186785e-19,-4.457154929088295464e-15,-1.525427701541174179e-12
2.817275181849323076e+02,3.320770123616698299e+01,1.001421855004799077e+00,1.002845731681872854e+00,2.000034649328392422e-01,1.001421856805133181e+00,1.002845735288723450e+00,2.000037178150393113e-01,1.001419859553778657e+00,1.002839704641071084e+00,2.000067541286256467e-01,1.001419836837081911e+00,1.002839672961733486e+00,2.000035541693161167e-01,1.781604698827254827e-30,-1.101740973133513053e-19,-4.328221736058288099e-15,-1.480656940413650734e-12
2.819874144194202472e+02,3.323833564690145437e+01,1.001420542496307853e+00,1.002843102933961283e+00,2.000034394182806929e-01,1.001420544743392371e+00,1.002843107436171666e+00,2.000037553448469896e-01,1.001418542382034538e+00,1.002837076006360961e+00,2.000055492771440624e-01,1.001418528568165600e+00,1.002837056200299504e+00,2.000036016085579571e-01,3.354250424807016671e-28,-1.097460458327981173e-19,-4.203980336998001724e-15,-1.437540598627462698e-12
2.822473106539082437e+02,3.326897005763592574e+01,1.001419232974763984e+00,1.002840480172672022e+00,2.000034936060534618e-01,1.001419235016921538e+00,1.002840484264110321e+00,2.000037809864803895e-01,1.001417225561127333e+00,1.002834449453317456e+00,2.000040516090730303e-01,1.001417222248943917e+00,1.002834443645109985e+00,2.000035841816652504e-01,3.263582233137694978e-28,-1.093366079491303830e-19,-4.083153677369819633e-15,-1.395627570600344861e-12
2.825072068883961833e+02,3.329960446837039711e+01,1.001417925331734793e+00,1.002837861176409273e+00,2.000034725322059059e-01,1.001417927317146628e+00,1.002837865154071695e+00,2.000037521851634192e-01,1.001415935347300890e+00,1.002831859976170081e+00,2.000059700502527238e-01,1.001415917877415795e+00,1.002831835288992002e+00,2.000035023660534095e-01,1.444094126921728987e-28,-1.089293120111857815e-19,-3.965239379531304438e-15,-1.354740489653333514e-12
2.827671031228841230e+02,3.333023887910486849e+01,1.001416619923117368e+00,1.002835246658477120e+00,2.000034271035010525e-01,1.001416622015103952e+00,1.002835250849699822e+00,2.000037220397823390e-01,1.001414640358479380e+00,1.002829265724027419e+00,2.000068780639767119e-01,1.001414616082203946e+00,1.002829231965635337e+00,2.000034457979280034e-01,-2.210641295680314538e-28,-1.085196055876803821e-19,-3.850705399431246127e-15,-1.315043769943101782e-12
2.830269993573720626e+02,3.336087328983933986e+01,1.001415317686093376e+00,1.002832638497209938e+00,2.000034904389129953e-01,1.001415319699686002e+00,1.002832642531271024e+00,2.000037745845699710e-01,1.001413340594663248e+00,1.002826666696890356e+00,2.000067737887402108e-01,1.001413317852025253e+00,1.002826634989102184e+00,2.000035553984697845e-01,-4.902788501203391354e-28,-1.081229538655347755e-19,-3.740230862800018671e-15,-1.276775567571291866e-12
2.832868955918600022e+02,3.339150770057381123e+01,1.001414017311541338e+00,1.002830034068792786e+00,2.000034788683655584e-01,1.001414019392760757e+00,1.002830038238354149e+00,2.000037728275449733e-01,1.001412036055852051e+00,1.002824062894758006e+00,2.000056553630384926e-01,1.001412021546896014e+00,1.002824042168382501e+00,2.000036002645009803e-01,-5.928012827857367962e-28,-1.077438191676725783e-19,-3.632406506170439265e-15,-1.239439440423573037e-12
2.835467918263479419e+02,3.342214211130828261e+01,1.001412718945343672e+00,1.002827433665607115e+00,2.000034137405267420e-01,1.001412721091752500e+00,1.002827437965783774e+00,2.000037171862232288e-01,1.001410729188321636e+00,1.002821457579269548e+00,2.000038677422082967e-01,1.001410727164868009e+00,1.002821453496438364e+00,2.000035808702929907e-01,-4.874279971416971043e-28,-1.073860904040106627e-19,-3.527196908738785719e-15,-1.203022720574240022e-12
2.838066880608358815e+02,3.345277652204275398e+01,1.001411423932273559e+00,1.002824839982886740e+00,2.000034861273290165e-01,1.001411425831728375e+00,1.002824843788072684e+00,2.000037549070498855e-01,1.001409451228219005e+00,1.002818892386051486e+00,2.000058425320626054e-01,1.001409434703975476e+00,1.002818868966226296e+00,2.000034976866554848e-01,-1.567582012841227330e-28,-1.070034623901966584e-19,-3.425829107326740171e-15,-1.167956077769392572e-12
2.840665842953238212e+02,3.348341093277722536e+01,1.001410130765814088e+00,1.002822250001204285e+00,2.000034839612780946e-01,1.001410132855646840e+00,1.002822254187915707e+00,2.000037799517482839e-01,1.001408168559287049e+00,1.002816322484004319e+00,2.000068163743778937e-01,1.001408144858403571e+00,1.002816289498936753e+00,2.000034500598496801e-01,1.261937023314401442e-28,-1.066182537460536169e-19,-3.327243012453387644e-15,-1.133866274498057640e-12
2.843264805298117608e+02,3.351404534351169673e+01,1.001408839445130372e+00,1.002819663718884646e+00,2.000034078426138062e-01,1.001408841867531097e+00,1.002819668572100698e+00,2.000037512506609161e-01,1.001406881181525987e+00,1.002813747873127825e+00,2.000067874334436890e-01,1.001406858454799709e+00,1.002813716192621607e+00,2.000035565284115913e-01,3.430698030515003072e-28,-1.062316237887624029e-19,-3.231036531861200528e-15,-1.100611870754584529e-12
2.845863767642997004e+02,3.354467975424616810e+01,1.001407551536187546e+00,1.002817084274466808e+00,2.000034806898367268e-01,1.001407553237944281e+00,1.002817087683315567e+00,2.000037221579787639e-01,1.001405589094935378e+00,1.002811168553421783e+00,2.000057538735495744e-01,1.001405573950098882e+00,1.002811146985566504e+00,2.000035988664582987e-01,2.418657655523724812e-28,-1.058532568383778845e-19,-3.137599329373350261e-15,-1.068329348811919821e-12
2.848462729987876401e+02,3.357531416498063948e+01,1.001406265518102634e+00,1.002814508619746192e+00,2.000034878306856945e-01,1.001406267531387728e+00,1.002814512652934198e+00,2.000037737643043656e-01,1.001404292299515886e+00,1.002808584524886859e+00,2.000037138589849661e-01,1.001404291342387065e+00,1.002808581870859861e+00,2.000035775417135231e-01,3.766414837566093208e-29,-1.054865940082417433e-19,-3.047470778136180086e-15,-1.037207128098009434e-12
2.851061692332756365e+02,3.360594857571511085e+01,1.001404981330124899e+00,1.002811936632962864e+00,2.000034213651062376e-01,1.001404983795054937e+00,1.002811941571311261e+00,2.000037717631874545e-01,1.001403026194461310e+00,1.002806042975593614e+00,2.000057118184178362e-01,1.001403010629734025e+00,1.002806020841585433e+00,2.000034930185024540e-01,-2.424949365251993663e-28,-1.051267662447687739e-19,-2.959507322785467790e-15,-1.006843813743851802e-12
2.853660654677635762e+02,3.363658298644958222e+01,1.001403700322654799e+00,1.002809371020601636e+00,2.000034741447332121e-01,1.001403702026435694e+00,1.002809374433411671e+00,2.000037165643062387e-01,1.001401755670567661e+00,1.002803497082474404e+00,2.000067502285207133e-01,1.001401732570020631e+00,1.002803464903945230e+00,2.000034541723932913e-01,-4.092185504909126655e-28,-1.047323473712060647e-19,-2.873679976492761285e-15,-9.772290803435624610e-13
2.856259617022515158e+02,3.366721739718405360e+01,1.001402421393883913e+00,1.002806809574389169e+00,2.000034904960272530e-01,1.001402423247450546e+00,1.002806813287372423e+00,2.000037544684793445e-01,1.001400480502793622e+00,1.002800946545474581e+00,2.000067952278443972e-01,1.001400457832122282e+00,1.002800914945706889e+00,2.000035575616969374e-01,-4.036544097871577156e-28,-1.043430242001542317e-19,-2.790997464264334604e-15,-9.487157148836778180e-13
2.858858579367394555e+02,3.369785180791852497e+01,1.001401144279727928e+00,1.002804251765042398e+00,2.000034335846978539e-01,1.001401146702465716e+00,1.002804256618730738e+00,2.000037789294915047e-01,1.001399200691139191e+00,1.002798391364594366e+00,2.000058450059983006e-01,1.001399184967451728e+00,1.002798369031196346e+00,2.000035974160695174e-01,-2.663065090220389416e-28,-1.039581539322291590e-19,-2.710580286378332786e-15,-9.209952053323150776e-13
2.861457541712273951e+02,3.372848621865299634e+01,1.001399870118405033e+00,1.002801699873775654e+00,2.000034665100452747e-01,1.001399872107696654e+00,1.002801703858719140e+00,2.000037503285377882e-01,1.001397916235604368e+00,1.002795831539833982e+00,2.000038977525919193e-01,1.001397913974128917e+00,1.002795827153626584e+00,2.000035741968068104e-01,-2.853543192350896432e-30,-1.035805513609412997e-19,-2.632106852159909307e-15,-8.939547981677332346e-13
2.864056504057153347e+02,3.375912062938746772e+01,1.001398598220535563e+00,1.002799152518918824e+00,2.000034919764004659e-01,1.001398599833162040e+00,1.002799155748924420e+00,2.000037222644548418e-01,1.001396659442515213e+00,1.002793310137157556e+00,2.000055780144248674e-01,1.001396644850257367e+00,1.002793289306204372e+00,2.000034883618683479e-01,1.762503903235284821e-28,-1.032044742510792289e-19,-2.555901419298741427e-15,-8.677076832024441394e-13
2.866655466402032744e+02,3.378975504012193909e+01,1.001397328121962582e+00,1.002796608770205156e+00,2.000034445215473355e-01,1.001397330419754761e+00,1.002796613373388324e+00,2.000037729519826279e-01,1.001395400892099552e+00,1.002790787918141469e+00,2.000066797579700129e-01,1.001395378415600890e+00,1.002790756577724096e+00,2.000034581390957855e-01,2.641386564640090695e-28,-1.028330367076654876e-19,-2.482391888917429759e-15,-8.424028342489876827e-13
2.869254428746912140e+02,3.382038945085641046e+01,1.001396060752050676e+00,1.002794070490254041e+00,2.000034578033405841e-01,1.001396062939268639e+00,1.002794074871796060e+00,2.000037707132861220e-01,1.001394137761563385e+00,1.002788261119004876e+00,2.000067973324435588e-01,1.001394115185443301e+00,1.002788229651240703e+00,2.000035585008135830e-01,1.504767763273897274e-28,-1.024776010800852327e-19,-2.410650634166904625e-15,-8.177157115654451665e-13
2.871853391091791536e+02,3.385102386159088184e+01,1.001394795827310391e+00,1.002791537110884201e+00,2.000034922906061552e-01,1.001394797389256075e+00,1.002791540239238888e+00,2.000037159502045525e-01,1.001392870050906492e+00,1.002785729739747556e+00,2.000059289523113404e-01,1.001392853803298788e+00,1.002785706713951397e+00,2.000035959149283338e-01,-4.396392796075359752e-29,-1.021116446131445113e-19,-2.340653940916031951e-15,-7.936379044976620404e-13
2.874452353436670933e+02,3.388165827232535321e+01,1.001393532686719379e+00,1.002789007307278712e+00,2.000034541956885736e-01,1.001393534778740602e+00,1.002789011497977389e+00,2.000037540302110894e-01,1.001391597760129315e+00,1.002783193780369952e+00,2.000040728320392758e-01,1.001391594267320606e+00,1.002783187759190398e+00,2.000035708364255038e-01,-2.368318841774838668e-28,-1.017424624583859493e-19,-2.273230785802099883e-15,-7.704584860668087822e-13
2.877051315781550329e+02,3.391229268305982458e+01,1.001392272054064447e+00,1.002786482530032774e+00,2.000034480421775951e-01,1.001392274353622991e+00,1.002786487136646532e+00,2.000037779203724109e-01,1.001390350183362976e+00,1.002780692292120301e+00,2.000054412220894362e-01,1.001390336575645579e+00,1.002780672780285487e+00,2.000034837170143465e-01,-3.348325676980733911e-28,-1.013755611716046478e-19,-2.207651890875677754e-15,-7.479223472525149014e-13
2.879650278126430294e+02,3.394292709379429596e+01,1.001391014045310834e+00,1.002783963011546486e+00,2.000034914571330869e-01,1.001391015841921250e+00,1.002783966610139688e+00,2.000037494194470689e-01,1.001389103438079076e+00,1.002778193418578878e+00,2.000066050905394410e-01,1.001389081608156539e+00,1.002778162946269758e+00,2.000034619634026567e-01,-2.611058171403458681e-28,-1.009942846105291297e-19,-2.143660243143520546e-15,-7.259397055733544113e-13
2.882249240471309690e+02,3.397356150452876733e+01,1.001389757805728475e+00,1.002781447038785467e+00,2.000034626266457838e-01,1.001389759613041663e+00,1.002781450658806639e+00,2.000037223605646286e-01,1.001387852175272597e+00,1.002775690027514877e+00,2.000067939032835473e-01,1.001387829730613355e+00,1.002775658740907128e+00,2.000035593481827578e-01,-1.140498565423412048e-28,-1.006107140807797127e-19,-2.081525502192782996e-15,-7.046044101358324551e-13
2.884848202816189087e+02,3.400419591526323870e+01,1.001388503856750933e+00,1.002778935656786663e+00,2.000034372435910424e-01,1.001388506185022731e+00,1.002778940320872447e+00,2.000037721484497211e-01,1.001386596394943318e+00,1.002773182118928297e+00,2.000060058991910972e-01,1.001386579676319499e+00,1.002773158471181647e+00,2.000035943645839254e-01,8.981463121845004716e-29,-1.002308183801455428e-19,-2.021586743451552397e-15,-6.840341800530298242e-13
2.887447165161068483e+02,3.403483032599771008e+01,1.001387252707464093e+00,1.002776429885829712e+00,2.000034894941637997e-01,1.001387254653557823e+00,1.002776433783945098e+00,2.000037696783913965e-01,1.001385336097091683e+00,1.002770669692819139e+00,2.000042393171313770e-01,1.001385331443460203e+00,1.002770662130544999e+00,2.000035674613953596e-01,1.875119946763466131e-28,-9.985865321364019424e-20,-1.963091749358929617e-15,-6.639666754575310918e-13
2.890046127505947879e+02,3.406546473673218145e+01,1.001386003312537465e+00,1.002773927630893347e+00,2.000034698337538330e-01,1.001386005016260849e+00,1.002773931043239086e+00,2.000037153446878879e-01,1.001384097642157744e+00,1.002768187890224816e+00,2.000053015404200940e-01,1.001384085030205373e+00,1.002768169712444424e+00,2.000034790841896948e-01,1.937811586851340981e-28,-9.949134575962520824e-20,-1.906021124798690143e-15,-6.443950308271567416e-13
2.892645089850827276e+02,3.409609914746665282e+01,1.001384755994223719e+00,1.002771429537820502e+00,2.000034254244095200e-01,1.001384758269499464e+00,1.002771434095624636e+00,2.000037535931787069e-01,1.001382862536798202e+00,1.002765712039582535e+00,2.000065263504138269e-01,1.001382841374840016e+00,1.002765682463861330e+00,2.000034656486715245e-01,7.933508035841417224e-29,-9.912979511595066754e-20,-1.851055900518677717e-15,-6.255559024109121731e-13
2.895244052195706672e+02,3.412673355820112420e+01,1.001383511648497704e+00,1.002768937402270133e+00,2.000034864196191808e-01,1.001383513660830893e+00,1.002768941433076044e+00,2.000037769250087583e-01,1.001381622975378693e+00,1.002763231732880289e+00,2.000067850920904944e-01,1.001381600697561103e+00,1.002763200674546828e+00,2.000035601061619650e-01,-9.006130858763582944e-29,-9.877169173529248409e-20,-1.797591681348741701e-15,-6.072386514942056226e-13
2.897843014540586069e+02,3.415736796893559557e+01,1.001382269042484952e+00,1.002766448753365847e+00,2.000034758359918174e-01,1.001382270929697782e+00,1.002766452533392139e+00,2.000037485239525292e-01,1.001380378957898776e+00,1.002760746970117633e+00,2.000060760282801886e-01,1.001380361819208087e+00,1.002760722768266666e+00,2.000035927665418933e-01,-2.131991955175966032e-28,-9.841066413355707548e-20,-1.745423222353221465e-15,-5.893717848511414599e-13
2.900441976885465465e+02,3.418800237967006694e+01,1.001381028302381182e+00,1.002763963844020445e+00,2.000034126012800173e-01,1.001381030444830289e+00,1.002763968135556905e+00,2.000037224473506237e-01,1.001379130484358670e+00,1.002758257751294790e+00,2.000043974218130016e-01,1.001379124737997950e+00,1.002758248738588431e+00,2.000035640725163488e-01,-2.675445044889739247e-28,-9.804529160406253282e-20,-1.694774640319587943e-15,-5.720330183134818495e-13
2.903040939230344861e+02,3.421863679040453832e+01,1.001379790704915118e+00,1.002761485232969152e+00,2.000034822511463084e-01,1.001379792702141280e+00,1.002761489233438885e+00,2.000037713542531237e-01,1.001377901057906250e+00,1.002755795408944550e+00,2.000051590655281819e-01,1.001377889452131908e+00,1.002755778579074386e+00,2.000034744636315920e-01,-1.612998646164129434e-28,-9.768653132001681848e-20,-1.645914303736800159e-15,-5.553152425173564755e-13
2.905639901575224826e+02,3.424927120113900969e+01,1.001378554832677681e+00,1.002759010079514512e+00,2.000034806520796238e-01,1.001378556820545773e+00,1.002759014061210818e+00,2.000037686589001551e-01,1.001376677430330098e+00,1.002753342264540493e+00,2.000064436582670580e-01,1.001376656956629363e+00,1.002753313612428920e+00,2.000034691981738000e-01,-2.741177323695133628e-29,-9.732391180221341999e-20,-1.598232438791200325e-15,-5.390064590372382031e-13
2.908238863920104222e+02,3.427990561187348106e+01,1.001377320684906813e+00,1.002756538382127305e+00,2.000034083649617767e-01,1.001377322797716962e+00,1.002756542614205992e+00,2.000037147482355560e-01,1.001375449407046370e+00,1.002750884724428859e+00,2.000067710464114856e-01,1.001375427329978418e+00,1.002750853939527342e+00,2.000035607770465074e-01,1.261046544937002043e-28,-9.695702607689894407e-20,-1.551713187328883588e-15,-5.231010733250056846e-13
2.910837826264983619e+02,3.431054002260795244e+01,1.001376089714972162e+00,1.002754073053544026e+00,2.000034770060987455e-01,1.001376091617603548e+00,1.002754076864379007e+00,2.000037531581257411e-01,1.001374216988055066e+00,1.002748422788609650e+00,2.000061395163196809e-01,1.001374199478360483e+00,1.002748398097989879e+00,2.000035911222661500e-01,1.677888894815749974e-28,-9.659088917138665434e-20,-1.506915854072827715e-15,-5.077928695128817998e-13
2.913436788609863015e+02,3.434117443334242381e+01,1.001374860521966559e+00,1.002751611286150979e+00,2.000034843004231400e-01,1.001374862529532450e+00,1.002751615307271305e+00,2.000037759437438278e-01,1.001372980173355964e+00,1.002745956457082643e+00,2.000045473543498598e-01,1.001372973400023403e+00,1.002745946081497808e+00,2.000035606705633795e-01,1.303471055744132497e-28,-9.622391153153371592e-20,-1.463339797258977224e-15,-4.929079208940090087e-13
2.916035750954742412e+02,3.437180884407689518e+01,1.001373633039114530e+00,1.002749152946121214e+00,2.000034212301864123e-01,1.001373635284008357e+00,1.002749157442857975e+00,2.000037476423627558e-01,1.001371759683160612e+00,1.002743513352866822e+00,2.000050138907233932e-01,1.001371749093200147e+00,1.002743497883727519e+00,2.000034698555663015e-01,2.586497796471629903e-29,-9.585679306548926063e-20,-1.420821241036182658e-15,-4.783893907736057394e-13
2.918634713299621808e+02,3.440244325481136656e+01,1.001372408518653501e+00,1.002746700543081904e+00,2.000034707015582447e-01,1.001372410249023792e+00,1.002746704008635970e+00,2.000037225258162188e-01,1.001370547374222486e+00,1.002741082603819889e+00,2.000063571313742961e-01,1.001370527608019811e+00,1.002741054900938122e+00,2.000034726150977105e-01,-1.050837645317031223e-28,-9.549600680217383810e-20,-1.379546338398995326e-15,-4.643016716295741456e-13
2.921233675644501204e+02,3.443307766554583793e+01,1.001371185950923115e+00,1.002744252053540785e+00,2.000034867991337673e-01,1.001371187899068760e+00,1.002744255955526853e+00,2.000037705698209101e-01,1.001369330728844265e+00,1.002738647518332860e+00,2.000067519097454560e-01,1.001369308885013742e+00,1.002738617050129788e+00,2.000035613630710696e-01,-1.718295891660743436e-28,-9.513522053910212997e-20,-1.339727231246491230e-15,-4.507177943714587754e-13
2.923832637989380601e+02,3.446371207628030930e+01,1.001369965079190960e+00,1.002741806962974547e+00,2.000034328534828210e-01,1.001369967375625558e+00,1.002741811562953833e+00,2.000037676550378563e-01,1.001368109747025947e+00,1.002736208096405734e+00,2.000061965353001070e-01,1.001368091913569458e+00,1.002736182979929058e+00,2.000035894331798902e-01,-1.804975912851117407e-28,-9.478016047253894589e-20,-1.300869780817735596e-15,-4.374665906434601063e-13
2.926431600334259997e+02,3.449434648701478068e+01,1.001368746957649325e+00,1.002739367384093416e+00,2.000034633543350815e-01,1.001368748676424447e+00,1.002739370826364773e+00,2.000037141611786251e-01,1.001366884428767534e+00,1.002733764338038736e+00,2.000046893175016216e-01,1.001366876691964558e+00,1.002733752684127344e+00,2.000035572562871566e-01,-8.436557480068470193e-29,-9.446065058620859997e-20,-1.262961025163345019e-15,-4.245435194514169367e-13
2.929030562679139393e+02,3.452498089774925205e+01,1.001367530961816632e+00,1.002736932065356301e+00,2.000034881660098796e-01,1.001367532773225877e+00,1.002736935693263387e+00,2.000037527255826286e-01,1.001365672783719019e+00,1.002731340253092629e+00,2.000048661066045619e-01,1.001365663218462654e+00,1.002731326156511615e+00,2.000034652602088459e-01,2.224035403822997411e-29,-9.411713074893651346e-20,-1.226460153713174579e-15,-4.121072189579598480e-13
2.931629525024018790e+02,3.455561530848372342e+01,1.001366316647982702e+00,1.002734500117517635e+00,2.000034432537259599e-01,1.001366318917233933e+00,1.002734504662971649e+00,2.000037749768190931e-01,1.001364471637200326e+00,1.002728931594170314e+00,2.000062668837202795e-01,1.001364452596723797e+00,1.002728904864790049e+00,2.000034759025504927e-01,1.148401987021651200e-28,-9.375972846172788957e-20,-1.190952673352784343e-15,-4.000141277249295721e-13
2.934228487368898755e+02,3.458624971921819480e+01,1.001365104875333589e+00,1.002732073262466717e+00,2.000034549810288942e-01,1.001365106869664290e+00,1.002732077256937693e+00,2.000037467749150033e-01,1.001363266212448311e+00,1.002726518657014454e+00,2.000067278216696165e-01,1.001363244632974991e+00,1.002726488546955119e+00,2.000035618664119108e-01,1.296121496266100602e-28,-9.339435593597006027e-20,-1.156308002267398853e-15,-3.882190322068554432e-13
2.936827449713778151e+02,3.461688412995266617e+01,1.001363895398592607e+00,1.002729651008632983e+00,2.000034884186934203e-01,1.001363896997714553e+00,1.002729654211056198e+00,2.000037225967271348e-01,1.001362056509462972e+00,1.002724101441625493e+00,2.000062472526075164e-01,1.001362038397728638e+00,1.002724075959863903e+00,2.000035877006665908e-01,7.020682449043059481e-29,-9.303454432458593940e-20,-1.122680668305382621e-15,-3.767751623012449378e-13
2.939426412058657547e+02,3.464751854068713754e+01,1.001362687590003686e+00,1.002727232097928800e+00,2.000034524494555266e-01,1.001362689755130209e+00,1.002727236434663327e+00,2.000037697954848148e-01,1.001360842528244310e+00,1.002721679948003208e+00,2.000048235086887283e-01,1.001360833889291646e+00,1.002721667097415281e+00,2.000035538304149041e-01,-1.809233865221615840e-29,-9.267268858106770746e-20,-1.090238146541455982e-15,-3.657401159189214759e-13
2.942025374403536944e+02,3.467815295142160892e+01,1.001361482116739809e+00,1.002724817867423734e+00,2.000034455977926506e-01,1.001361484305327343e+00,1.002724822251161108e+00,2.000037666669322589e-01,1.001359639638333743e+00,1.002719274666651561e+00,2.000047158011474813e-01,1.001359631105957382e+00,1.002719261953504581e+00,2.000034606777637280e-01,-1.096002460355362728e-28,-9.229890790548082170e-20,-1.058580137959554974e-15,-3.549756315643800493e-13
2.944624336748416340e+02,3.470878736215608029e+01,1.001360279106848772e+00,1.002722408573723856e+00,2.000034875744167162e-01,1.001360280646091949e+00,1.002722411656109536e+00,2.000037135837685331e-01,1.001358449500875603e+00,1.002716887798141832e+00,2.000061730261031845e-01,1.001358431203380084e+00,1.002716862065238912e+00,2.000034790635608906e-01,-1.308306710768651830e-28,-9.194316721333260563e-20,-1.027696051554097632e-15,-3.444779998156091215e-13
2.947223299093295736e+02,3.473942177289055167e+01,1.001359077751414084e+00,1.002720002595687721e+00,2.000034604590281984e-01,1.001359079737221158e+00,1.002720006573011524e+00,2.000037522960829706e-01,1.001357255142353742e+00,1.002714496708568381e+00,2.000066989179614119e-01,1.001357233857039120e+00,1.002714466996342590e+00,2.000035622891883358e-01,-1.061414417973783575e-28,-9.158724079781365193e-20,-9.979627652078812611e-16,-3.343769523536022215e-13
2.949822261438175133e+02,3.477005618362502304e+01,1.001357878528542189e+00,1.002717600891474437e+00,2.000034352208110988e-01,1.001357880831896363e+00,1.002717605505173415e+00,2.000037740243432449e-01,1.001356056562768382e+00,1.002712101397931210e+00,2.000062918311643900e-01,1.001356038216543620e+00,1.002712075609198283e+00,2.000035859260718418e-01,-2.337992091424386189e-29,-9.122033951907650243e-20,-9.690372787422221879e-16,-3.245541533564108342e-13
2.952421223783054529e+02,3.480069059435949441e+01,1.001356681933814885e+00,1.002715204454255327e+00,2.000034856502186653e-01,1.001356683701707162e+00,1.002715207994837820e+00,2.000037459216654490e-01,1.001354853762119301e+00,1.002709701866230541e+00,2.000049501201543733e-01,1.001354844280230250e+00,1.002709687897811452e+00,2.000035503936512249e-01,5.490372794254089622e-29,-9.084373962849459457e-20,-9.408155610236308235e-16,-3.149736732122060914e-13
2.955020186127933925e+02,3.483132500509396579e+01,1.001355486979997655e+00,1.002712811305533469e+00,2.000034673004586760e-01,1.001355488713001396e+00,1.002712814776187455e+00,2.000037226607676299e-01,1.001353659538426699e+00,1.002707315175932701e+00,2.000045630597896973e-01,1.001353652046421461e+00,1.002707303856183563e+00,2.000034561084255147e-01,1.012537886248848525e-28,-9.047053880111810169e-20,-9.134258132256278846e-16,-3.056795145009124781e-13
2.957619148472813322e+02,3.486195941582843716e+01,1.001354293959030750e+00,1.002710422030375081e+00,2.000034238657995289e-01,1.001354296299434843e+00,1.002710426718286474e+00,2.000037690314458161e-01,1.001352480259464883e+00,1.002704949803519874e+00,2.000060756662345451e-01,1.001352462721269321e+00,1.002704925088823362e+00,2.000034821010810981e-01,9.584638480993056500e-29,-9.010593065517137922e-20,-8.870000640606596417e-16,-2.967169673581060902e-13
2.960218110817692718e+02,3.489259382656290853e+01,1.001353103728330307e+00,1.002708038347084996e+00,2.000034826628501183e-01,1.001353105645744979e+00,1.002708042187287596e+00,2.000037656946703213e-01,1.001351296815594871e+00,1.002702580266199073e+00,2.000066653307148445e-01,1.001351275852969014e+00,1.002702550989804431e+00,2.000035626334644434e-01,2.583297565807906843e-29,-8.975930971305785436e-20,-8.612141392097098660e-16,-2.879743940133744743e-13
2.962817073162572683e+02,3.492322823729737991e+01,1.001351915125140657e+00,1.002705657925421212e+00,2.000034729914541287e-01,1.001351916749771753e+00,1.002705661178858731e+00,2.000037130162677923e-01,1.001350109206816885e+00,1.002700206563970298e+00,2.000063304295646438e-01,1.001350090668251758e+00,1.002700180524399576e+00,2.000035841107037637e-01,-4.575820304643689304e-29,-8.940593694261826088e-20,-8.360593875954414539e-16,-2.794487733212125973e-13
2.965416035507452079e+02,3.495386264803185128e+01,1.001350728258092238e+00,1.002703280983084033e+00,2.000034115483007302e-01,1.001350730559567248e+00,1.002703285592943416e+00,2.000037518698530026e-01,1.001348917433131147e+00,1.002697828696833771e+00,2.000050693391182688e-01,1.001348907165482860e+00,1.002697813686719064e+00,2.000035469466784899e-01,-1.105880752200763030e-28,-8.904132879745229838e-20,-8.118450350068426533e-16,-2.712462465850534394e-13
2.968014997852331476e+02,3.498449705876632265e+01,1.001349544340823350e+00,1.002700909952258801e+00,2.000034786287931410e-01,1.001349546330388307e+00,1.002700913937023097e+00,2.000037730864217544e-01,1.001347731787812556e+00,1.002695460388129289e+00,2.000044079655101947e-01,1.001347725343012751e+00,1.002695450470866945e+00,2.000034515523787249e-01,-1.015984710475859319e-28,-8.866640185632244210e-20,-7.882873813047414388e-16,-2.632692100973353649e-13
2.970613960197210872e+02,3.501513146950079403e+01,1.001348362037810968e+00,1.002698542156479578e+00,2.000034775494986539e-01,1.001348363843869604e+00,1.002698545773478944e+00,2.000037450827066854e-01,1.001346563219514207e+00,1.002693116222773906e+00,2.000059749088350103e-01,1.001346546456037823e+00,1.002693092546814713e+00,2.000034850179893964e-01,-6.006354233999919111e-29,-8.829713225161343022e-20,-7.653036171941294103e-16,-2.554891889818054023e-13
2.973212922542090269e+02,3.504576588023526540e+01,1.001347181348357429e+00,1.002696177594347038e+00,2.000034088352093398e-01,1.001347183465458368e+00,1.002696181834679567e+00,2.000037227185105793e-01,1.001345390541471536e+00,1.002690767947674200e+00,2.000066271884531899e-01,1.001345369928839490e+00,1.002690739143476284e+00,2.000035629012507643e-01,1.165226187193692417e-29,-8.793396325741739774e-20,-7.430000433680293448e-16,-2.479426160527414834e-13
2.975811884886969665e+02,3.507640029096973677e+01,1.001346003623290404e+00,1.002693818972969053e+00,2.000034735643300421e-01,1.001346005609353051e+00,1.002693822950685432e+00,2.000037682778648962e-01,1.001344213753684986e+00,1.002688415562830615e+00,2.000063632022040794e-01,1.001344195063347708e+00,1.002688389326450435e+00,2.000035822558346998e-01,6.793836791537096552e-29,-8.756706198149997819e-20,-7.214805921323729041e-16,-2.406648994259317150e-13
2.978410847231849061e+02,3.510703470170420815e+01,1.001344827570537666e+00,1.002691463702969799e+00,2.000034809918574130e-01,1.001344829481019882e+00,1.002691467529210900e+00,2.000037647382063577e-01,1.001343032856154336e+00,1.002686059068243152e+00,2.000051813479273022e-01,1.001343021857955096e+00,1.002686043089948242e+00,2.000035434901578923e-01,8.560096113008212709e-29,-8.720058343603961631e-20,-7.004828203270293685e-16,-2.335659893387147011e-13
2.981009809576728458e+02,3.513766911243867952e+01,1.001343653118243360e+00,1.002689111640346242e+00,2.000034210871879659e-01,1.001343655078350769e+00,1.002689115566028688e+00,2.000037124586309112e-01,1.001341855702429173e+00,1.002683708934700046e+00,2.000042505989080011e-01,1.001341850311040726e+00,1.002683700428175673e+00,2.000034470097986072e-01,6.783521445249941667e-29,-8.683533080995187023e-20,-6.799996631976233900e-16,-2.266434321734305976e-13
2.983608771921607854e+02,3.516830352317315089e+01,1.001342481429274844e+00,1.002686765115513801e+00,2.000034674854167527e-01,1.001342483337868350e+00,1.002686768937952388e+00,2.000037514473046452e-01,1.001340697699631077e+00,1.002681385692520077e+00,2.000058708557271858e-01,1.001340681725428006e+00,1.002681363074676701e+00,2.000034878170917629e-01,3.296024631787813634e-30,-8.647989519485232748e-20,-6.602847597301963407e-16,-2.199839840886422702e-13
2.986207734266487250e+02,3.519893793390762227e+01,1.001341311577389703e+00,1.002684422272244635e+00,2.000034833353996067e-01,1.001341313516993070e+00,1.002684426156819075e+00,2.000037721629990828e-01,1.001339535641282863e+00,1.002679058394789768e+00,2.000065846162376593e-01,1.001339515404768843e+00,1.002679030097582080e+00,2.000035630945056209e-01,-5.069297127054928321e-29,-8.612165175003639954e-20,-6.411035699143900069e-16,-2.135072507706176134e-13
2.988806696611366647e+02,3.522957234464209364e+01,1.001340143313003361e+00,1.002682082610362402e+00,2.000034321539981286e-01,1.001340145407090043e+00,1.002682086804515871e+00,2.000037442579201130e-01,1.001338369527384753e+00,1.002676727041509785e+00,2.000063902994060339e-01,1.001338350724317205e+00,1.002676700660315889e+00,2.000035803627018272e-01,-8.918335153864498227e-29,-8.575935339426794594e-20,-6.223902347148597170e-16,-2.071906266927575274e-13
2.991405658956246612e+02,3.526020675537656501e+01,1.001338977613847492e+00,1.002679748089255307e+00,2.000034604077716716e-01,1.001338979372657700e+00,1.002679751611499803e+00,2.000037227704461462e-01,1.001337199357936525e+00,1.002674391632679685e+00,2.000052863241991163e-01,1.001337187682492580e+00,1.002674374757188236e+00,2.000035400247301420e-01,-7.432446503230592263e-29,-8.538327959185765762e-20,-6.042328483732978540e-16,-2.010641711147659746e-13
2.994004621301126008e+02,3.529084116611103639e+01,1.001337813913956598e+00,1.002677417574706853e+00,2.000034845968205466e-01,1.001337815809047127e+00,1.002677421370052446e+00,2.000037675347680899e-01,1.001336030610075367e+00,1.002672059470842258e+00,2.000040910382764048e-01,1.001336026277701130e+00,1.002672052382504342e+00,2.000034424808512790e-01,-3.130250372229337204e-29,-8.502465503249370750e-20,-5.867131010762253377e-16,-1.951557327402515582e-13
2.996603583646005404e+02,3.532147557684550776e+01,1.001336651788744314e+00,1.002675090215836340e+00,2.000034420533269852e-01,1.001336653941880428e+00,1.002675094528299171e+00,2.000037637973948734e-01,1.001334883030224443e+00,1.002669756872999418e+00,2.000057636059242860e-01,1.001334867859016375e+00,1.002669735331541911e+00,2.000034905011242869e-01,2.193311360603048972e-29,-8.467518464022361456e-20,-5.696185918650323793e-16,-1.893926358447759218e-13
2.999202545990884801e+02,3.535210998757997913e+01,1.001335492033587293e+00,1.002672767606581417e+00,2.000034523469858272e-01,1.001335493769099916e+00,1.002672771082115499e+00,2.000037119109191741e-01,1.001333731448068587e+00,1.002667450272851646e+00,2.000065377357717611e-01,1.001333711612658384e+00,1.002667422515911344e+00,2.000035632151366816e-01,6.098117637181323113e-29,-8.432815717744453531e-20,-5.529435527504549747e-16,-1.837728878002413029e-13
3.001801508335764197e+02,3.538274439831445051e+01,1.001334334437328666e+00,1.002670449323771695e+00,2.000034847925368509e-01,1.001334336215907506e+00,1.002670452885604080e+00,2.000037510285940789e-01,1.001332575863608243e+00,1.002665139670399386e+00,2.000064118675428937e-01,1.001332556985377709e+00,1.002665113194424640e+00,2.000035784325084609e-01,6.042632675254390361e-29,-8.396716835507756873e-20,-5.368959639978110336e-16,-1.783674899420855546e-13
3.004400470680643593e+02,3.541337880904892188e+01,1.001333178403066126e+00,1.002668134171206260e+00,2.000034508025103630e-01,1.001333180541972068e+00,1.002668138455127034e+00,2.000037712540084778e-01,1.001331416276843189e+00,1.002662825065642416e+00,2.000053844409617476e-01,1.001331403975620482e+00,1.002662807361488939e+00,2.000035365510156316e-01,3.667454204607742092e-29,-8.361057800709697073e-20,-5.212820165165017611e-16,-1.731100702230565743e-13
3.006999433025522990e+02,3.544401321978339325e+01,1.001332024546560229e+00,1.002665823382865806e+00,2.000034433182384386e-01,1.001332026548084508e+00,1.002665827391465925e+00,2.000037434472665965e-01,1.001330255850154449e+00,1.002660510674980188e+00,2.000039293596749812e-01,1.001330252581820179e+00,1.002660505011507164e+00,2.000034379656940586e-01,-1.151205963120338033e-29,-8.328113122381182334e-20,-5.060493790794853314e-16,-1.679827353358252068e-13
3.009598395370402386e+02,3.547464763051786463e+01,1.001330873006077926e+00,1.002663517235826474e+00,2.000034839388020458e-01,1.001330874597748499e+00,1.002663520423075827e+00,2.000037228170070125e-01,1.001329118553248687e+00,1.002658228447567801e+00,2.000056532557159261e-01,1.001329104197958175e+00,1.002658207999700846e+00,2.000034930727548343e-01,-4.514869523574914878e-29,-8.294564748319579344e-20,-4.912710191533830452e-16,-1.630103242117270068e-13
3.012197357715281782e+02,3.550528204125233600e+01,1.001329723015044193e+00,1.002661214193869776e+00,2.000034584187153630e-01,1.001329725068057952e+00,1.002661218305640478e+00,2.000037668021770187e-01,1.001327977306355477e+00,1.002655942270168188e+00,2.000064866655019424e-01,1.001327957895937537e+00,1.002655915085311156e+00,2.000035632650028483e-01,-5.996497136767822634e-29,-8.260391849835683397e-20,-4.770110419273810981e-16,-1.582146014144060139e-13
3.014796320060161179e+02,3.553591645198680737e+01,1.001328575012301325e+00,1.002658915136428686e+00,2.000034333365980910e-01,1.001328577204235515e+00,1.002658919526585590e+00,2.000037628721349214e-01,1.001326832109475040e+00,1.002653652142781127e+00,2.000064280491526403e-01,1.001326813192225496e+00,1.002653625620163469e+00,2.000035764664250260e-01,-4.292689934194660533e-29,-8.225230477049530724e-20,-4.630976007726173811e-16,-1.535369547729429045e-13
3.017395282405040575e+02,3.556655086272127875e+01,1.001327429480237674e+00,1.002656621030191930e+00,2.000034820514934863e-01,1.001327431004273238e+00,1.002656624081884607e+00,2.000037113731686911e-01,1.001325682962607155e+00,1.002651358065406839e+00,2.000054758667878518e-01,1.001325670085294162e+00,1.002651339598759739e+00,2.000035330696155467e-01,-5.004509420847263226e-30,-8.191237191147073238e-20,-4.495259877904855666e-16,-1.489757590222844999e-13
3.019994244749920540e+02,3.559718527345575012e+01,1.001326285485208523e+00,1.002654330004144390e+00,2.000034649187456826e-01,1.001326287382255043e+00,1.002654333803339126e+00,2.000037506138895582e-01,1.001324530773425758e+00,1.002649061248265028e+00,2.000037656369987316e-01,1.001324528573603434e+00,1.002649057015598588e+00,2.000034334644758827e-01,2.913390004234658058e-29,-8.157972562199423918e-20,-4.364666927758629570e-16,-1.445889743394115452e-13
3.022593207094799936e+02,3.562781968419022149e+01,1.001325143291795561e+00,1.002652042588500381e+00,2.000034224168815433e-01,1.001325145600178823e+00,1.002652047211996189e+00,2.000037703592951188e-01,1.001323403621958041e+00,1.002646799122200560e+00,2.000055398987508892e-01,1.001323390094738031e+00,1.002646779784104103e+00,2.000034955345852128e-01,5.096228388735282266e-29,-8.125562948158677523e-20,-4.237596351122774127e-16,-1.403220482307685090e-13
3.025192169439679333e+02,3.565845409492469287e+01,1.001324003721284717e+00,1.002649760429086045e+00,2.000034791463220218e-01,1.001324005467967293e+00,1.002649763926942050e+00,2.000037426506174054e-01,1.001322272571912420e+00,1.002644533097557966e+00,2.000064315207149557e-01,1.001322253609316704e+00,1.002644506515190548e+00,2.000035632459149504e-01,3.564886132638870233e-29,-8.091834394978021767e-20,-4.113632707620261702e-16,-1.361608235940086588e-13
3.027791131784558729e+02,3.568908850565916424e+01,1.001322865675526419e+00,1.002647481325232182e+00,2.000034703191859720e-01,1.001322867348085399e+00,1.002647484674542344e+00,2.000037228585581361e-01,1.001321137623288893e+00,1.002642263174337689e+00,2.000064389830524259e-01,1.001321118701789192e+00,1.002642236651383634e+00,2.000035744655898895e-01,8.826249529149877884e-30,-8.058909373530072028e-20,-3.993380058987261659e-16,-1.321258194426016722e-13
3.030390094129438125e+02,3.571972291639363561e+01,1.001321729247458769e+00,1.002645205463181810e+00,2.000034105736679668e-01,1.001321731599939868e+00,1.002645210175026502e+00,2.000037660800529637e-01,1.001319998776087461e+00,1.002639989352539285e+00,2.000055607659247114e-01,1.001319985370652921e+00,1.002639970187277907e+00,2.000035295811122549e-01,-2.795444045111103991e-29,-8.027187699172780182e-20,-3.877340598303466863e-16,-1.282340037714377495e-13
3.032989056474317522e+02,3.575035732712810699e+01,1.001320595592120721e+00,1.002642935157584736e+00,2.000034752387146730e-01,1.001320597487817210e+00,1.002642938954042329e+00,2.000037619622571650e-01,1.001318856030308124e+00,1.002637711632162976e+00,2.000037953494932241e-01,1.001318853614393323e+00,1.002637707117465027e+00,2.000034289773374163e-01,-4.407089804610043402e-29,-7.994061127076584128e-20,-3.764124413826870857e-16,-1.244381139011773589e-13
3.035588018819196918e+02,3.578099173786257836e+01,1.001319463449383607e+00,1.002640667883180292e+00,2.000034746364041938e-01,1.001319465009756993e+00,1.002640671007659190e+00,2.000037108451891144e-01,1.001317737600663671e+00,1.002635467625007548e+00,2.000054236261167573e-01,1.001317724912927698e+00,1.002635449411876767e+00,2.000034978891530035e-01,-4.133626589836377093e-29,-7.961418928499620648e-20,-3.653693092637928335e-16,-1.207368317847390575e-13
3.038186981164076315e+02,3.581162614859704973e+01,1.001318332818607937e+00,1.002638403638685505e+00,2.000034092585414869e-01,1.001318335068925647e+00,1.002638408145777538e+00,2.000037502032940839e-01,1.001316616611509502e+00,1.002633221487868820e+00,2.000063724136317556e-01,1.001316598118546342e+00,1.002633195537039112e+00,2.000035631596375485e-01,-1.988071671466814997e-29,-7.929282611286025027e-20,-3.547443808721516223e-16,-1.171775536910351015e-13
3.040785943508955711e+02,3.584226055933152111e+01,1.001317204957053786e+00,1.002636144943586327e+00,2.000034703439059758e-01,1.001317206929724035e+00,1.002636148894278545e+00,2.000037694787497322e-01,1.001315491774298572e+00,1.002630971502673107e+00,2.000064448044470145e-01,1.001315472881989965e+00,1.002630945023921916e+00,2.000035724311105267e-01,1.419217528192727295e-29,-7.895955744631478217e-20,-3.444054920043783482e-16,-1.137153558170704738e-13
3.043384905853835107e+02,3.587289497006599248e+01,1.001316078671566023e+00,1.002633889406845613e+00,2.000034778865278084e-01,1.001316080410922238e+00,1.002633892889983391e+00,2.000037418677534096e-01,1.001314363089031101e+00,1.002628717669421077e+00,2.000056392984193299e-01,1.001314349201781084e+00,1.002628697867211649e+00,2.000035260860699438e-01,3.591954648684578937e-29,-7.863521573866954480e-20,-3.343196930786418821e-16,-1.103390421075303577e-13
3.045983868198714504e+02,3.590352938080046385e+01,1.001314953886025982e+00,1.002631636875923826e+00,2.000034209374389194e-01,1.001314955873906731e+00,1.002631640857087225e+00,2.000037228954197610e-01,1.001313230555706646e+00,1.002626459988112062e+00,2.000039543954055254e-01,1.001313227076430223e+00,1.002626454061590122e+00,2.000034245044116366e-01,4.495516718409831804e-29,-7.831813004713128735e-20,-3.245369653624149254e-16,-1.070655526395426981e-13
3.048582830543594469e+02,3.593416379153493523e+01,1.001313831681780453e+00,1.002629389517775138e+00,2.000034644769033143e-01,1.001313833660946617e+00,1.002629393481468512e+00,2.000037653683508221e-01,1.001312119864499417e+00,1.002624232705764395e+00,2.000053045264165441e-01,1.001312108026950254e+00,1.002624215631846560e+00,2.000035001389331435e-01,2.371931695457436678e-29,-7.800244206007438258e-20,-3.150965768466805418e-16,-1.039080828285200484e-13
3.051181792888473865e+02,3.596479820226940660e+01,1.001312711208241835e+00,1.002627145627859262e+00,2.000034800854112171e-01,1.001312713054872461e+00,1.002627149325954647e+00,2.000037610675130806e-01,1.001311008802685310e+00,1.002622006195509563e+00,2.000063094534976493e-01,1.001310990800181377e+00,1.002621980903955601e+00,2.000035630078901283e-01,-3.835678474494797698e-30,-7.769522009687875442e-20,-3.058861454925850432e-16,-1.008285048412501321e-13
3.053780755233353261e+02,3.599543261300387798e+01,1.001311592222763558e+00,1.002624904719925603e+00,2.000034314841965810e-01,1.001311594053770904e+00,1.002624908386708258e+00,2.000037103270146388e-01,1.001309893942466500e+00,1.002619775886850251e+00,2.000064456450343087e-01,1.001309875111507708e+00,1.002619749495133217e+00,2.000035703640643536e-01,-3.221910598568291941e-29,-7.738952483581992385e-20,-2.969025381311115905e-16,-9.782574081184087297e-14
3.056379717578232658e+02,3.602606702373834935e+01,1.001310475633368169e+00,1.002622668613586621e+00,2.000034576525117624e-01,1.001310477550084066e+00,1.002622672452118557e+00,2.000037497968925881e-01,1.001308775283842767e+00,1.002617541779785792e+00,2.000057116202399454e-01,1.001308760959475963e+00,1.002617521400154477e+00,2.000035225850350373e-01,-4.217935022806856074e-29,-7.706160681208016960e-20,-2.882602218871591408e-16,-9.493849937485246101e-14
3.058978679923112054e+02,3.605670143447282072e+01,1.001309360926943670e+00,1.002620436280590610e+00,2.000034812486459757e-01,1.001309362810686832e+00,1.002620440053042516e+00,2.000037686121434177e-01,1.001307652826814332e+00,1.002615303874316854e+00,2.000041058983278164e-01,1.001307648342621759e+00,1.002615296613791562e+00,2.000034200458239153e-01,-3.217089080036030197e-29,-7.673368878864721600e-20,-2.798501285161055303e-16,-9.212982895479071621e-14
3.061577642267991450e+02,3.608733584520729210e+01,1.001308247696817588e+00,1.002618206905990572e+00,2.000034409153405024e-01,1.001308249662922423e+00,1.002618210843484459e+00,2.000037410985290587e-01,1.001306549799192203e+00,1.002613093135450661e+00,2.000051826858433857e-01,1.001306538821848502e+00,1.002613077214082882e+00,2.000035022863398682e-01,-1.076254705881468650e-29,-7.640623878953474072e-20,-2.716461503987237683e-16,-8.939087432484160403e-14
3.064176604612870847e+02,3.611797025594176347e+01,1.001307136680237297e+00,1.002615981967171166e+00,2.000034498851994136e-01,1.001307138467059765e+00,1.002615985545392441e+00,2.000037229279125195e-01,1.001305448533518438e+00,1.002610885995993684e+00,2.000062427466701709e-01,1.001305431041352278e+00,1.002610861390190511e+00,2.000035627923484605e-01,1.752311466746371032e-29,-7.608061389859646353e-20,-2.636896224600012715e-16,-8.673558148043649737e-14
3.066775566957750243e+02,3.614860466667623484e+01,1.001306027696551970e+00,1.002613761102112200e+00,2.000034813916838627e-01,1.001306029548762133e+00,1.002613764811360886e+00,2.000037646669016178e-01,1.001304343518241380e+00,1.002608675106933411e+00,2.000064416331072403e-01,1.001304324779552779e+00,1.002608648843432926e+00,2.000035682654993652e-01,3.150107654308623520e-29,-7.575835391225361719e-20,-2.560111878804927358e-16,-8.417425774383002977e-14
3.069374529302629639e+02,3.617923907741070622e+01,1.001304920177526148e+00,1.002611543172110764e+00,2.000034492470939285e-01,1.001304922208902104e+00,1.002611547240387591e+00,2.000037601877393545e-01,1.001303234753360805e+00,1.002606460468269622e+00,2.000057778833928546e-01,1.001303220035021146e+00,1.002606439568672902e+00,2.000035190785371675e-01,3.359025678178110819e-29,-7.543912653044938024e-20,-2.485200070001684534e-16,-8.167618056494958326e-14
3.071973491647509036e+02,3.620987348814517759e+01,1.001303814692144467e+00,1.002609329317360354e+00,2.000034411893118202e-01,1.001303816445610728e+00,1.002609332828725552e+00,2.000037098184639373e-01,1.001302122238877157e+00,1.002604242080002539e+00,2.000042500357654407e-01,1.001302116806316755e+00,1.002604233560769664e+00,2.000034156016921860e-01,1.694432041190992767e-29,-7.512496730028564642e-20,-2.412135248211141395e-16,-7.924047511852411208e-14
3.074572453992388432e+02,3.624050789887964896e+01,1.001302711387277222e+00,1.002607119832166438e+00,2.000034805296649898e-01,1.001302713140796108e+00,1.002607123343633777e+00,2.000037493947368350e-01,1.001301026800838878e+00,1.002602047705805077e+00,2.000050581882515666e-01,1.001301016693062707e+00,1.002602032949448274e+00,2.000035043337282936e-01,-5.183117005595981258e-30,-7.480292930644594304e-20,-2.341854947001975917e-16,-7.689875369688362035e-14
3.077171416337268397e+02,3.627114230961412034e+01,1.001301609535552029e+00,1.002604913258935193e+00,2.000034564955142091e-01,1.001301611563873539e+00,1.002604917321076927e+00,2.000037677593443919e-01,1.001299935202405900e+00,1.002599859685494144e+00,2.000061723967031246e-01,1.001299918239541675e+00,1.002599835790698890e+00,2.000035625146456275e-01,-2.330421826158452449e-29,-7.448203755146911007e-20,-2.273459477245918319e-16,-7.462061423166007879e-14
3.079770378682147793e+02,3.630177672034859171e+01,1.001300509540165917e+00,1.002602710405632758e+00,2.000034315789939732e-01,1.001300511550493377e+00,1.002602714431710673e+00,2.000037403427200322e-01,1.001298839902338589e+00,1.002597667963549100e+00,2.000064328936516367e-01,1.001298821285644181e+00,1.002597641867854161e+00,2.000035661364351625e-01,-2.999934988651744586e-29,-7.416787832208167046e-20,-2.206742188512050601e-16,-7.239907910487907749e-14
3.082369341027027190e+02,3.633241113108306308e+01,1.001299411870643308e+00,1.002600512213130513e+00,2.000034786775118367e-01,1.001299413459771470e+00,1.002600515395164038e+00,2.000037229562605101e-01,1.001297740900637168e+00,1.002595472539969723e+00,2.000058382360357379e-01,1.001297725829964680e+00,1.002595451175862573e+00,2.000035155670889797e-01,-1.904911895475193401e-29,-7.385046259228258858e-20,-2.142044762976600349e-16,-7.024566242689921222e-14
3.084968303371906586e+02,3.636304554181753446e+01,1.001298315642865644e+00,1.002598316909737441e+00,2.000034626764040646e-01,1.001298317601279075e+00,1.002598320831777468e+00,2.000037639757020758e-01,1.001296638197301414e+00,1.002593273414756014e+00,2.000043869807942853e-01,1.001296631871086085e+00,1.002593263709668392e+00,2.000034111721273877e-01,-3.377415257124034170e-30,-7.352402124421707556e-20,-2.079605818615380144e-16,-6.816835233541960044e-14
3.087567265716785982e+02,3.639367995255200583e+01,1.001297221096680179e+00,1.002596124976080860e+00,2.000034210681224944e-01,1.001297223293443173e+00,1.002596129375742606e+00,2.000037593226587362e-01,1.001295550275687951e+00,1.002591095228886564e+00,2.000049311152258258e-01,1.001295541046209214e+00,1.002591081649160110e+00,2.000035062833961097e-01,1.498035118870067093e-29,-7.318387318591192348e-20,-2.018691302454290967e-16,-6.614238869453324300e-14
3.090166228061665379e+02,3.642431436328647720e+01,1.001296129019470849e+00,1.002593937989984418e+00,2.000034758499340537e-01,1.001296130534438555e+00,1.002593941023399271e+00,2.000037093194189375e-01,1.001294468217846623e+00,1.002588926080410170e+00,2.000060985044285478e-01,1.001294451802366758e+00,1.002588902920705127e+00,2.000035621763735227e-01,1.990691171940227945e-29,-7.285835249965895779e-20,-1.959280382631921543e-16,-6.416705968759008387e-14
3.092765190406544775e+02,3.645494877402094858e+01,1.001295038372728152e+00,1.002591753870381686e+00,2.000034678052344528e-01,1.001295040195824493e+00,1.002591757521248406e+00,2.000037489969025140e-01,1.001293382505525020e+00,1.002586753277453502e+00,2.000064195484418383e-01,1.001293364039392619e+00,1.002586727387613896e+00,2.000035639778639796e-01,1.634831298553282853e-29,-7.253493031309958669e-20,-1.902140713950631833e-16,-6.226817819338649543e-14
3.095364152751424172e+02,3.648558318475541995e+01,1.001293949235352088e+00,1.002589572775377968e+00,2.000034096704393638e-01,1.001293951549617978e+00,1.002589577410487154e+00,2.000037669200881718e-01,1.001292293138723588e+00,1.002584576820017004e+00,2.000058928225872945e-01,1.001292277755904125e+00,1.002584555044917947e+00,2.000035120511873821e-01,3.686565082455011567e-30,-7.221236293435769995e-20,-1.846530469403608943e-16,-6.042075074565277232e-14
3.097963115096303568e+02,3.651621759548989132e+01,1.001292862707861886e+00,1.002587396910277651e+00,2.000034720615155581e-01,1.001292864439520924e+00,1.002587400377907834e+00,2.000037396000701184e-01,1.001291200117442104e+00,1.002582396708100676e+00,2.000045169021865410e-01,1.001291192950507503e+00,1.002582385887645477e+00,2.000034067572338536e-01,-1.008209009344807185e-29,-7.189350447040347746e-20,-1.792286255532270993e-16,-5.861927629476855346e-14
3.100562077441182964e+02,3.654685200622436270e+01,1.001291777599676580e+00,1.002585223889290056e+00,2.000034718974061099e-01,1.001291779223461909e+00,1.002585227140752266e+00,2.000037229806664596e-01,1.001290119639927978e+00,1.002580234536651016e+00,2.000048015461485529e-01,1.001290111296869290e+00,1.002580222144364930e+00,2.000035081375851065e-01,-1.701379477513470554e-29,-7.157208347462074602e-20,-1.739690382943415120e-16,-5.687324503640604858e-14
3.103161039786062361e+02,3.657748641695883407e+01,1.001290693910208640e+00,1.002583053711237238e+00,2.000034096395862659e-01,1.001290696195416885e+00,1.002583058288103013e+00,2.000037632945337041e-01,1.001289046998230070e+00,1.002578084016943594e+00,2.000060211680353417e-01,1.001289031147367448e+00,1.002578061615279958e+00,2.000035617790837383e-01,-1.668974936663143017e-29,-7.124791940115219222e-20,-1.688928244112819351e-16,-5.518883315664296585e-14
3.105760002130942325e+02,3.660812082769330544e+01,1.001289612811181451e+00,1.002580888724096342e+00,2.000034673264023954e-01,1.001289614690895391e+00,1.002580892488398989e+00,2.000037584720139594e-01,1.001287970748408807e+00,1.002575929889112816e+00,2.000064017161323482e-01,1.001287952460290009e+00,1.002575904241691296e+00,2.000035617907510443e-01,-3.722586370145864891e-30,-7.092153013673648159e-20,-1.639406843267749928e-16,-5.354609702270392041e-14
3.108358964475821722e+02,3.663875523842777682e+01,1.001288533199506059e+00,1.002578726717410884e+00,2.000034749679601154e-01,1.001288534708114408e+00,1.002578729738065499e+00,2.000037088296998944e-01,1.001286890890464187e+00,1.002573772153158460e+00,2.000059417838330189e-01,1.001286875234276730e+00,1.002573750018712850e+00,2.000035085313136840e-01,8.236380783871549327e-30,-7.058317209701745099e-20,-1.591109199057320517e-16,-5.194446086893852516e-14
3.110957926820701118e+02,3.666938964916224819e+01,1.001287454995510640e+00,1.002576567531528351e+00,2.000034207822237731e-01,1.001287457108465562e+00,1.002576571763208246e+00,2.000037486032762157e-01,1.001285807424396213e+00,1.002571610809080971e+00,2.000046399645308559e-01,1.001285799484574968e+00,1.002571598963613031e+00,2.000034049420404691e-01,1.818464152944706435e-29,-7.023870679353437192e-20,-1.544663689540236496e-16,-5.040502927153686855e-14
3.113556889165580515e+02,3.670002405989671956e+01,1.001286379206044908e+00,1.002574413184032398e+00,2.000034616588130809e-01,1.001286381166626605e+00,1.002574417110372318e+00,2.000037660941983153e-01,1.001284734319480174e+00,1.002569464480536077e+00,2.000046695582637091e-01,1.001284726870380615e+00,1.002569453285722556e+00,2.000035098984826731e-01,1.565706838646002719e-29,-6.992836945394781943e-20,-1.499458895822218791e-16,-4.890722645878236556e-14
3.116155851510459911e+02,3.673065847063119094e+01,1.001285305049255614e+00,1.002572262108187395e+00,2.000034770318000199e-01,1.001285306734101432e+00,1.002572265481989522e+00,2.000037388703874430e-01,1.001283670971631290e+00,1.002567332350687623e+00,2.000059404831456278e-01,1.001283655701799002e+00,1.002567310728924133e+00,2.000035613242886756e-01,6.131159050573960000e-30,-6.960148769713791014e-20,-1.455365770629985890e-16,-4.744671227066363023e-14
3.118754813855339307e+02,3.676129288136566231e+01,1.001284232289222809e+00,1.002570113831242171e+00,2.000034308422646012e-01,1.001284234167600484e+00,1.002570117592851417e+00,2.000037230013548550e-01,1.001282604061235038e+00,1.002565196658291802e+00,2.000063795123465937e-01,1.001282585977502970e+00,1.002565171288415380e+00,2.000035595760357443e-01,-7.196735932227264136e-30,-6.926315272486298486e-20,-1.412617460112842145e-16,-4.603128976678377645e-14
3.121353776200218704e+02,3.679192729210013368e+01,1.001283161770299523e+00,1.002567970045151746e+00,2.000034550725322546e-01,1.001283163745984250e+00,1.002567974001745688e+00,2.000037626232996912e-01,1.001281533588291417e+00,1.002563057403348834e+00,2.000059852570275909e-01,1.001281517696154255e+00,1.002563034959390587e+00,2.000035050079339849e-01,-1.755211831670927420e-29,-6.891765402843163518e-20,-1.371357651677140660e-16,-4.466578473941558556e-14
3.123952738545098100e+02,3.682256170283460506e+01,1.001282093027191511e+00,1.002565829817526399e+00,2.000034781035343878e-01,1.001282094821387858e+00,1.002565833410441254e+00,2.000037576355401525e-01,1.001280459552800428e+00,1.002560914585858276e+00,2.000047563283497420e-01,1.001280450928588417e+00,1.002560901833286389e+00,2.000034092468158387e-01,-1.859566231030252347e-29,-6.860219579498976141e-20,-1.331107446930504219e-16,-4.333410925273638823e-14
3.126551700889977496e+02,3.685319611356907643e+01,1.001281025670029301e+00,1.002563692367122616e+00,2.000034398351737963e-01,1.001281027392069811e+00,1.002563695815446243e+00,2.000037083492230694e-01,1.001279393749796576e+00,1.002558783931056352e+00,2.000045352267396104e-01,1.001279387201633675e+00,1.002558773942999748e+00,2.000035115682234077e-01,-1.300074816214420151e-29,-6.830213958181670594e-20,-1.291853008084196938e-16,-4.203579110265035851e-14
3.129150663234856893e+02,3.688383052430354780e+01,1.001279960383010703e+00,1.002561559064963914e+00,2.000034475812461632e-01,1.001279962309429727e+00,1.002561562922826610e+00,2.000037482139207512e-01,1.001278339575609522e+00,1.002556669956224500e+00,2.000058565428884105e-01,1.001278324902430183e+00,1.002556649135166511e+00,2.000035608134632104e-01,1.042431042941525741e-30,-6.800632541312361069e-20,-1.254108568162651830e-16,-4.078806382092342212e-14
3.131749625579736289e+02,3.691446493503801918e+01,1.001278897012793490e+00,1.002559429603766539e+00,2.000034781977325093e-01,1.001278898850861188e+00,1.002559433284583967e+00,2.000037652813593247e-01,1.001277281883686587e+00,1.002554552463656545e+00,2.000063530497630804e-01,1.001277264029672320e+00,1.002554527405063567e+00,2.000035573346321538e-01,1.246265577669726791e-29,-6.770206353883069977e-20,-1.217370386392750374e-16,-3.957401623830346782e-14
3.134348587924616254e+02,3.694509934577249055e+01,1.001277835017821305e+00,1.002557302898335667e+00,2.000034477761893359e-01,1.001277836875430927e+00,1.002557306618309108e+00,2.000037381534166270e-01,1.001276220674027995e+00,1.002552431453352932e+00,2.000060233759942963e-01,1.001276204582043139e+00,1.002552408747963586e+00,2.000035014814997569e-01,1.947732260930669604e-29,-6.739030423755419666e-20,-1.181536657926452562e-16,-3.839024421520333879e-14
3.136947550269495650e+02,3.697573375650696192e+01,1.001276774924446222e+00,1.002555180003390500e+00,2.000034391983774307e-01,1.001276776738600383e+00,1.002555183636282932e+00,2.000037230184948944e-01,1.001275155946633744e+00,1.002550306925313883e+00,2.000048661502126512e-01,1.001275146684585726e+00,1.002550293327629793e+00,2.000034134222752336e-01,1.693945073877585039e-29,-6.706620810795483488e-20,-1.146799834982824721e-16,-3.724319549024101104e-14
3.139546512614375047e+02,3.700636816724143330e+01,1.001275716886736999e+00,1.002553061227649422e+00,2.000034773284864453e-01,1.001275718704579321e+00,1.002553064867929944e+00,2.000037619618177664e-01,1.001274097375663308e+00,1.002548191777409947e+00,2.000043986247290462e-01,1.001274091734875027e+00,1.002548183004675408e+00,2.000035131488903661e-01,6.399108731157973357e-30,-6.673663618277326077e-20,-1.113270978519045454e-16,-3.613660941092357410e-14
3.142145474959254443e+02,3.703700257797590467e+01,1.001274660213682166e+00,1.002550945186439613e+00,2.000034546803230451e-01,1.001274662141685701e+00,1.002550949047460893e+00,2.000037568129743037e-01,1.001273052257012797e+00,1.002546095726732478e+00,2.000057694379708539e-01,1.001273038195347409e+00,1.002546075726171493e+00,2.000035602480446095e-01,-5.369254485496604147e-30,-6.640441638867125391e-20,-1.080563453443166136e-16,-3.505749433992908854e-14
3.144744437304133839e+02,3.706763698871037604e+01,1.001273605276062018e+00,1.002548832622737196e+00,2.000034299372660251e-01,1.001273607048218217e+00,1.002548836171463842e+00,2.000037078777501531e-01,1.001272003664689825e+00,1.002543996202382548e+00,2.000063224381986859e-01,1.001271986064717456e+00,1.002543971487471319e+00,2.000035550674297280e-01,-1.543220711319923641e-29,-6.606961897699562922e-20,-1.048665987952148813e-16,-3.400545680656528774e-14
3.147343399649013236e+02,3.709827139944484742e+01,1.001272552530881654e+00,1.002546724452289650e+00,2.000034755099095451e-01,1.001272554265757453e+00,1.002546727926312053e+00,2.000037478288823611e-01,1.001270951598694392e+00,1.002541893204360157e+00,2.000060562712208112e-01,1.001270935341689983e+00,1.002541870283924830e+00,2.000034979524484002e-01,-1.590416001000693094e-29,-6.577861699533445007e-20,-1.017999297861277270e-16,-3.299451046744348216e-14
3.149942361993892632e+02,3.712890581017931879e+01,1.001271501139873177e+00,1.002544618995355519e+00,2.000034605624139150e-01,1.001271503074462998e+00,1.002544622869565139e+00,2.000037644813783266e-01,1.001269896059026498e+00,1.002539786732665306e+00,2.000049695828457208e-01,1.001269886204169124e+00,1.002539772349826608e+00,2.000034174711803614e-01,-1.142939280508998519e-29,-6.548385725025520323e-20,-9.881485196919665934e-17,-3.201079026202833217e-14
3.152541324338772029e+02,3.715954022091379017e+01,1.001270451320486643e+00,1.002542516687661811e+00,2.000034198109512107e-01,1.001270453340733502e+00,1.002542520733507914e+00,2.000037374489235520e-01,1.001268844651007850e+00,1.002537686927092553e+00,2.000042598234276769e-01,1.001268839923514564e+00,1.002537679377554891e+00,2.000035146425166444e-01,-1.642085280829759205e-30,-6.517122678213141128e-20,-9.590334353806563234e-17,-3.105161414050960469e-14
3.155140286683651425e+02,3.719017463164826154e+01,1.001269403828254134e+00,1.002540419043145281e+00,2.000034727557678249e-01,1.001269405418752756e+00,1.002540422227855332e+00,2.000037230322861126e-01,1.001267808471787202e+00,1.002535608573605241e+00,2.000056792567475317e-01,1.001267795035761576e+00,1.002535589412352657e+00,2.000035596294347795e-01,6.787706660460116837e-30,-6.485230617374977232e-20,-9.308128333531509149e-17,-3.012227046105323678e-14
3.157739249028530821e+02,3.722080904238273291e+01,1.001268357679818033e+00,1.002538324091337696e+00,2.000034654370254350e-01,1.001268359558528998e+00,1.002538327853567557e+00,2.000037613099815981e-01,1.001266768862224543e+00,1.002533526789775919e+00,2.000062877846888743e-01,1.001266751539645394e+00,1.002533502449648450e+00,2.000035527752942188e-01,1.117930941258026715e-29,-6.453551100216673141e-20,-9.035722949055316768e-17,-2.922559596830360331e-14
3.160338211373410218e+02,3.725144345311720429e+01,1.001267312941507281e+00,1.002536231965147850e+00,2.000034088323191517e-01,1.001267315144134029e+00,1.002536236376437628e+00,2.000037560040896500e-01,1.001265725822319652e+00,1.002531441575604365e+00,2.000060840699520726e-01,1.001265709433891704e+00,1.002531418484868153e+00,2.000034944212033816e-01,1.067211031269107862e-29,-6.422211615732081962e-20,-8.769997650256618620e-17,-2.835117988755641908e-14
3.162937173718290182e+02,3.728207786385167566e+01,1.001266270663035307e+00,1.002534144767987856e+00,2.000034690797561077e-01,1.001266272173904959e+00,1.002534147793131769e+00,2.000037074150736449e-01,1.001264679352072751e+00,1.002529352931090800e+00,2.000050667752378275e-01,1.001264668947952075e+00,1.002529337821084443e+00,2.000034213962279817e-01,4.082757045641801130e-30,-6.392658081380021192e-20,-8.510860644612791318e-17,-2.749871245094159015e-14
3.165536136063169579e+02,3.731271227458614703e+01,1.001265229718089511e+00,1.002532060242944612e+00,2.000034693185710477e-01,1.001265231479773643e+00,1.002532063770668280e+00,2.000037474480667599e-01,1.001263635038713407e+00,1.002527268305523966e+00,2.000041188921302671e-01,1.001263631229936335e+00,1.002527261986393636e+00,2.000035160510865440e-01,-1.980691802193227895e-30,-6.362499320141593988e-20,-8.261753096889011923e-17,-2.667964168479312308e-14
3.168135098408048975e+02,3.734334668532061841e+01,1.001264190106129659e+00,1.002529978388934540e+00,2.000034099823929934e-01,1.001264192344711867e+00,1.002529982872260250e+00,2.000037636940379115e-01,1.001262607684790806e+00,1.002525207426077314e+00,2.000055860852867351e-01,1.001262594887822210e+00,1.002525189122000837e+00,2.000035589590003493e-01,-7.141379586518031319e-30,-6.331662386978123261e-20,-8.019259711670221446e-17,-2.588258367272170535e-14
3.170734060752928372e+02,3.737398109605508978e+01,1.001263152920544686e+00,1.002527901396876198e+00,2.000034644952345120e-01,1.001263154642225928e+00,1.002527904844436879e+00,2.000037367566461222e-01,1.001261576943138998e+00,1.002523143158901675e+00,2.000062491935658826e-01,1.001261559920364697e+00,1.002523119223408310e+00,2.000035504590681468e-01,-5.795635205169987453e-30,-6.299864276187022477e-20,-7.782749209704479092e-17,-2.510543325014076749e-14
3.173333023097807768e+02,3.740461550678956115e+01,1.001262117140394592e+00,1.002525827221012023e+00,2.000034722211612992e-01,1.001262118725196215e+00,1.002525830394293882e+00,2.000037230428024504e-01,1.001260542813757537e+00,1.002521075503996162e+00,2.000061068962805388e-01,1.001260526326309908e+00,1.002521052286116099e+00,2.000034908881749285e-01,-2.457924265871149209e-30,-6.269097731646820515e-20,-7.553531169001999084e-17,-2.435254055774176752e-14
3.175931985442687164e+02,3.743524991752403253e+01,1.001261082683072123e+00,1.002523755695812646e+00,2.000034206225384248e-01,1.001261084829863979e+00,1.002523759995199271e+00,2.000037606675930113e-01,1.001259505296646646e+00,1.002519004461361218e+00,2.000051578727435331e-01,1.001259494385375870e+00,1.002518988680266565e+00,2.000034252000521540e-01,2.208239387554687729e-30,-6.239035774709557023e-20,-7.332262856198500822e-17,-2.362607843974392491e-14
3.178530947787566561e+02,3.746588432825850390e+01,1.001260050487227993e+00,1.002521688702126434e+00,2.000034590154753933e-01,1.001260052355638308e+00,1.002521692443693491e+00,2.000037552085535408e-01,1.001258468010434166e+00,1.002516934855680830e+00,2.000039758982857241e-01,1.001258465125316688e+00,1.002516929773530796e+00,2.000035173765370988e-01,4.680582842008323453e-30,-6.208002041317123974e-20,-7.116426353054578947e-17,-2.291766845951584312e-14
3.181129910132445957e+02,3.749651873899297527e+01,1.001259019833561137e+00,1.002519624798622777e+00,2.000034741588228304e-01,1.001259021300894281e+00,1.002519627736518260e+00,2.000037069611174667e-01,1.001257449369611585e+00,1.002514891230861238e+00,2.000054900074355879e-01,1.001257437224434277e+00,1.002514873800918416e+00,2.000035582380741417e-01,3.608235546825373645e-30,-6.176018186677559777e-20,-6.905946914714567884e-17,-2.222705904877784747e-14
3.183728872477325353e+02,3.752715314972744665e+01,1.001257990492665950e+00,1.002517563525622046e+00,2.000034302263974384e-01,1.001257992488078896e+00,1.002517567521668873e+00,2.000037470714235988e-01,1.001256427382969383e+00,1.002512844260222025e+00,2.000062067665343002e-01,1.001256410681503395e+00,1.002512820758004075e+00,2.000035481195716336e-01,1.445198471169668466e-31,-6.144171753103329775e-20,-6.703638402536200478e-17,-2.156358705500074503e-14
3.186327834822204750e+02,3.755778756046191802e+01,1.001256963250642062e+00,1.002515506458285355e+00,2.000034526534917867e-01,1.001256965203021654e+00,1.002515510368099827e+00,2.000037629190773436e-01,1.001255402050507337e+00,1.002510793943762746e+00,2.000061248712329542e-01,1.001255385495290140e+00,1.002510770640360205e+00,2.000034873537603897e-01,-4.626127735166759278e-30,-6.116348404617756379e-20,-6.506690348791703048e-17,-2.091790912680795017e-14
3.188926797167084146e+02,3.758842197119638939e+01,1.001255937685523678e+00,1.002513452751081724e+00,2.000034751452449411e-01,1.001255939326118893e+00,1.002513456036149941e+00,2.000037360763197991e-01,1.001254373372225892e+00,1.002508740281484290e+00,2.000052430171826989e-01,1.001254361994529996e+00,1.002508723883533071e+00,2.000034288852259312e-01,-6.686747641672576921e-30,-6.087692572932815992e-20,-6.314606649280992612e-17,-2.028837511186276431e-14
3.191525759511964111e+02,3.761905638193086077e+01,1.001254913423222703e+00,1.002511401654422540e+00,2.000034388085869252e-01,1.001254915208923624e+00,1.002511405230246844e+00,2.000037230502592356e-01,1.001253343046418776e+00,1.002506685537740694e+00,2.000038309075490572e-01,1.001253341089443971e+00,1.002506681698530633e+00,2.000035186207591853e-01,-6.261137790350677905e-30,-6.058501560109660766e-20,-6.128466922693135464e-17,-1.967856210202930804e-14
3.194124721856843507e+02,3.764969079266533214e+01,1.001253891099441962e+00,1.002509354442102207e+00,2.000034454221154001e-01,1.001253893074329326e+00,1.002509358397008388e+00,2.000037600344723998e-01,1.001252333008390671e+00,1.002504658951791638e+00,2.000053911048821353e-01,1.001252321527079880e+00,1.002504642412062053e+00,2.000035574679558670e-01,-1.272743454320608691e-30,-6.028767268327890489e-20,-5.948774126898581738e-17,-1.909012784820977290e-14
3.196723684201722904e+02,3.768032520339980351e+01,1.001252870585310539e+00,1.002507310855886846e+00,2.000034751940588662e-01,1.001252872336680033e+00,1.002507314362914181e+00,2.000037544261496492e-01,1.001251319665763972e+00,1.002502629061243766e+00,2.000061606027437600e-01,1.001251303306232021e+00,1.002502606019773035e+00,2.000035457576026798e-01,4.394699803545129327e-30,-5.998128107161659683e-20,-5.773497146697062869e-17,-1.851633151695867043e-14
3.199322646546602300e+02,3.771095961413427489e+01,1.001251851364142409e+00,1.002505269860457959e+00,2.000034463833620657e-01,1.001251852994387237e+00,1.002505273124779439e+00,2.000037065156257676e-01,1.001250303018538901e+00,1.002500595866097743e+00,2.000061381128550031e-01,1.001250286425686031e+00,1.002500572517307287e+00,2.000034838183444574e-01,8.938986999317085462e-30,-5.967047226440134913e-20,-5.602575124496385879e-17,-1.795696891576647677e-14
3.201921608891481696e+02,3.774159402486874626e+01,1.001250833923367889e+00,1.002503232432503388e+00,2.000034373340972838e-01,1.001250835860574950e+00,1.002503236311899526e+00,2.000037466989491586e-01,1.001249283066715456e+00,1.002498559366353126e+00,2.000053223469367980e-01,1.001249271261975160e+00,1.002498542403987614e+00,2.000034324542627751e-01,9.791155768412586677e-30,-5.935631304573547726e-20,-5.438308329996775399e-17,-1.741965332791255173e-14
3.204520571236361093e+02,3.777222843560321763e+01,1.001249818423030069e+00,1.002501198892703504e+00,2.000034743186270836e-01,1.001249820223970799e+00,1.002501202499052946e+00,2.000037621562651691e-01,1.001248259810293861e+00,1.002496519562010580e+00,2.000037120167101612e-01,1.001248258610544228e+00,1.002496516737833243e+00,2.000035197855987712e-01,5.628539688236571898e-30,-5.905375873755054295e-20,-5.278384868532014342e-17,-1.689671872356810623e-14
3.207119533581240489e+02,3.780286284633768901e+01,1.001248804205900678e+00,1.002499167924130630e+00,2.000034529648720139e-01,1.001248805971651779e+00,1.002499171459967142e+00,2.000037354077396634e-01,1.001247258091648940e+00,1.002494509569479275e+00,2.000052894572162399e-01,1.001247247285645070e+00,1.002494493935196518e+00,2.000035566499131223e-01,-3.039423325417130239e-31,-5.875487633898802812e-20,-5.122415429782829012e-17,-1.638687333996719104e-14
3.209718495926119886e+02,3.783349725707216038e+01,1.001247791613230742e+00,1.002497140210564686e+00,2.000034284018407105e-01,1.001247793453820423e+00,1.002497143896355913e+00,2.000037230547856149e-01,1.001246253283910814e+00,1.002492496546173895e+00,2.000061107988601317e-01,1.001246237286090857e+00,1.002492473991792865e+00,2.000035433739383028e-01,-7.275770587327209257e-30,-5.845753342242226408e-20,-4.971289688702152577e-17,-1.589305733415400193e-14
3.212317458270999282e+02,3.786413166780663175e+01,1.001246781089857762e+00,1.002495116643337791e+00,2.000034725321555018e-01,1.001246782880428565e+00,1.002495120228902081e+00,2.000037594104559224e-01,1.001245245212121437e+00,1.002490480258817485e+00,2.000061467362929668e-01,1.001245228610686322e+00,1.002490456903335048e+00,2.000034802822996116e-01,-1.002516673231445974e-29,-5.817003089801813828e-20,-4.825390992559330817e-17,-1.541653066374719535e-14
3.214916420615878678e+02,3.789476607854110313e+01,1.001245771840035159e+00,1.002493095627974506e+00,2.000034585669067111e-01,1.001245773680365048e+00,1.002493099313240377e+00,2.000037536565467955e-01,1.001244233876280587e+00,1.002488460707409379e+00,2.000053959970427564e-01,1.001244221682573654e+00,1.002488443231337234e+00,2.000034359096182768e-01,-9.642302046098839019e-30,-5.788889697221672336e-20,-4.683081384272573941e-17,-1.495187111837219767e-14
3.217515382960758075e+02,3.792540048927557450e+01,1.001244764060900794e+00,1.002491077559485078e+00,2.000034186376706824e-01,1.001244765852076890e+00,1.002491081146257734e+00,2.000037060784634613e-01,1.001243219276388263e+00,1.002486437891949800e+00,2.000038573086374838e-01,1.001243217185111334e+00,1.002486433884414607e+00,2.000035208728580538e-01,-5.416321119687976056e-30,-5.761524975368909225e-20,-4.544311327936598333e-17,-1.449891293859798416e-14
3.220114345305638039e+02,3.795603490001004587e+01,1.001243758478023160e+00,1.002489063891710552e+00,2.000034698476334805e-01,1.001243760199521660e+00,1.002489067338866446e+00,2.000037463305558150e-01,1.001242224118119140e+00,1.002484442080973759e+00,2.000051851419882010e-01,1.001242213998249753e+00,1.002484427366554964e+00,2.000035557851821688e-01,1.152333676933261178e-30,-5.730513662563583959e-20,-4.410960758314192736e-17,-1.406386285940623149e-14
3.222713307650517436e+02,3.798666931074451725e+01,1.001242754159134440e+00,1.002487052756629193e+00,2.000034632032894055e-01,1.001242756014364188e+00,1.002487056471744076e+00,2.000037614053357948e-01,1.001241227737970529e+00,1.002482445715582982e+00,2.000060574491338283e-01,1.001241212120820956e+00,1.002482423673542344e+00,2.000035409693346200e-01,6.300071086515368185e-30,-5.699755067778804475e-20,-4.281128560234545774e-17,-1.364043289534368079e-14
3.225312269995396832e+02,3.801730372147898862e+01,1.001241751159293480e+00,1.002485044264562974e+00,2.000034080537014813e-01,1.001241753190159178e+00,1.002485048331600792e+00,2.000037347506437024e-01,1.001240228133656984e+00,1.002480446126027491e+00,2.000061508538730493e-01,1.001240211551647885e+00,1.002480422801157456e+00,2.000034767459867580e-01,9.429362671839150012e-30,-5.669715025315530073e-20,-4.154509681322901711e-17,-1.322761340736299554e-14
3.227911232340276229e+02,3.804793813221345999e+01,1.001240750480796748e+00,1.002483040423832072e+00,2.000034662778326922e-01,1.001240752075736706e+00,1.002483043617393266e+00,2.000037230564687130e-01,1.001239225305178504e+00,1.002478443312306844e+00,2.000054640992832700e-01,1.001239212759321706e+00,1.002478425371557291e+00,2.000034392536914896e-01,7.419236971098194181e-30,-5.640048237315449420e-20,-4.031836951610620528e-17,-1.282782025625685363e-14
3.230510194685155625e+02,3.807857254294793137e+01,1.001239751056822946e+00,1.002481039096815296e+00,2.000034668874738075e-01,1.001239752868500865e+00,1.002481042724657323e+00,2.000037587954336393e-01,1.001238219252534645e+00,1.002476437274421039e+00,2.000039959284419244e-01,1.001238216317740459e+00,1.002476432147453300e+00,2.000035218842969309e-01,3.826743603055258989e-30,-5.609887360411920278e-20,-3.913401222243590007e-17,-1.244200641975616650e-14
3.233109157030035021e+02,3.810920695368240274e+01,1.001238752886874250e+00,1.002479040282514111e+00,2.000034102906470823e-01,1.001238755011505610e+00,1.002479044537423869e+00,2.000037528995613767e-01,1.001237230594580252e+00,1.002474455499432260e+00,2.000050782347652101e-01,1.001237221171082936e+00,1.002474441718508524e+00,2.000035548749687642e-01,-1.116247662955824337e-30,-5.579287824652422873e-20,-3.797881995315121441e-17,-1.206581166393437200e-14
3.235708119374914418e+02,3.813984136441687411e+01,1.001237756992478856e+00,1.002477046027776542e+00,2.000034618354382676e-01,1.001237758503233044e+00,1.002477049052648894e+00,2.000037056494707866e-01,1.001236242536512222e+00,1.002472475586077438e+00,2.000060006454663919e-01,1.001236227318199390e+00,1.002472454080573172e+00,2.000035385445279312e-01,-4.093570675072246208e-30,-5.550088597347395594e-20,-3.685238969194448393e-17,-1.169910149443859457e-14
3.238307081719793814e+02,3.817047577515134549e+01,1.001236762427750282e+00,1.002475054437308444e+00,2.000034696327714356e-01,1.001236764138628166e+00,1.002475057863170482e+00,2.000037459662287187e-01,1.001235251293518314e+00,1.002470492487796960e+00,2.000061505751780377e-01,1.001235234757931192e+00,1.002470469229495231e+00,2.000034732097550338e-01,-5.112205196940889660e-30,-5.520932588286692817e-20,-3.577008200034704947e-17,-1.134693453370909139e-14
3.240906044064673210e+02,3.820111018588581686e+01,1.001235769107681861e+00,1.002473065340779179e+00,2.000034204592898435e-01,1.001235771212328762e+00,1.002473069555636975e+00,2.000037606660825806e-01,1.001234256865598082e+00,1.002468506204589938e+00,2.000055267822748450e-01,1.001234244003186058e+00,1.002468487846564615e+00,2.000034424888264828e-01,-4.435613390448231952e-30,-5.491951396588938812e-20,-3.471626899984133307e-17,-1.100415506380513706e-14
3.243505006409552607e+02,3.823174459662028823e+01,1.001234777908385443e+00,1.002471080493657851e+00,2.000034565328820679e-01,1.001234779624170068e+00,1.002471083929346918e+00,2.000037341047800898e-01,1.001233259252752195e+00,1.002466516736457258e+00,2.000041280251314002e-01,1.001233255520965093e+00,1.002466510552005641e+00,2.000035228216335281e-01,-1.951944486621476703e-30,-5.464319142892230441e-20,-3.368856406858924035e-17,-1.066997515702966887e-14
3.246103968754432572e+02,3.826237900735475961e+01,1.001233788167578131e+00,1.002469098568915307e+00,2.000034714523366564e-01,1.001233789721590606e+00,1.002469101680459884e+00,2.000037230553994849e-01,1.001232277035697837e+00,1.002464548853798876e+00,2.000049688091870004e-01,1.001232268318239971e+00,1.002464536019241237e+00,2.000035539204494395e-01,-1.318903352485177567e-31,-5.436472048581175720e-20,-3.269300094428787990e-17,-1.034637909984108404e-14
3.248702931099311968e+02,3.829301341808923098e+01,1.001232799662158390e+00,1.002467119119521577e+00,2.000034296351271279e-01,1.001232801689826868e+00,1.002467123180128539e+00,2.000037581891646321e-01,1.001231297195953829e+00,1.002462585189979105e+00,2.000059404774746918e-01,1.001231282393878708e+00,1.002462564244187559e+00,2.000035361002348300e-01,1.024463645963290523e-30,-5.408224757127604241e-20,-3.173177453322154299e-17,-1.003408383399248425e-14
3.251301893444191364e+02,3.832364782882370235e+01,1.001231813124837000e+00,1.002465143613604059e+00,2.000034503823981125e-01,1.001231814985730662e+00,1.002465147340042106e+00,2.000037521548534702e-01,1.001230314209888617e+00,1.002460618379838353e+00,2.000061460071217712e-01,1.001230297746740883e+00,1.002460595222757878e+00,2.000034696739427520e-01,7.279992545502921597e-31,-5.378490465810773314e-20,-3.079424234085529098e-17,-9.729583919057201476e-15
3.253900855789070761e+02,3.835428223955817373e+01,1.001230828172968268e+00,1.002463171284449395e+00,2.000034723590687347e-01,1.001230829607818062e+00,1.002463174157224302e+00,2.000037052284158734e-01,1.001229328077502645e+00,1.002458648423376619e+00,2.000055841715528138e-01,1.001229314932945647e+00,1.002458629693901315e+00,2.000034456173139796e-01,2.810667634300058329e-31,-5.348860707518044659e-20,-2.988007660016047516e-17,-9.432770238908227941e-15
3.256499818133950157e+02,3.838491665029264510e+01,1.001229844447306672e+00,1.002461201412236713e+00,2.000034378319009154e-01,1.001229846342172713e+00,1.002461205206740980e+00,2.000037456059577945e-01,1.001228338798795248e+00,1.002456675320593682e+00,2.000042537441923396e-01,1.001228334315100055e+00,1.002456668138690166e+00,2.000035236865459753e-01,2.631513917494800018e-32,-5.319262982007549768e-20,-2.900182528639875670e-17,-9.147764987895545564e-15
3.259098780478829553e+02,3.841555106102711648e+01,1.001228862539146780e+00,1.002459235181734742e+00,2.000034433961764280e-01,1.001228864486436665e+00,1.002459239081276765e+00,2.000037599382341325e-01,1.001227362963865941e+00,1.002454721188489328e+00,2.000048569370184159e-01,1.001227354961566229e+00,1.002454709312438075e+00,2.000035529227715270e-01,7.366030214134345706e-31,-5.289605128488971505e-20,-2.814664640210365951e-17,-8.870342143150043964e-15
3.261697742823708950e+02,3.844618547176158785e+01,1.001227882341571229e+00,1.002457272378705966e+00,2.000034723658285774e-01,1.001227883946537167e+00,1.002457275592337105e+00,2.000037334699110991e-01,1.001226391240406022e+00,1.002452773575013056e+00,2.000058770325534030e-01,1.001226376871230395e+00,1.002452753211125813e+00,2.000035336371529249e-01,2.098742371691222945e-30,-5.260401600092686045e-20,-2.731267585812278115e-17,-8.599887765734877388e-15
3.264296705168588346e+02,3.847681988249605922e+01,1.001226903361112308e+00,1.002455312014394195e+00,2.000034450629745997e-01,1.001226905068501427e+00,1.002455315433248062e+00,2.000037230516640008e-01,1.001225416408608515e+00,1.002450822853199197e+00,2.000061372540211657e-01,1.001225400042969227e+00,1.002450799830730155e+00,2.000034661388771506e-01,3.281566127519045914e-30,-5.231876094462018164e-20,-2.650487956691567925e-17,-8.338030965032910633e-15
3.266895667513467743e+02,3.850745429323053060e+01,1.001225926049608139e+00,1.002453354994135903e+00,2.000034355861473323e-01,1.001225928025767820e+00,1.002453358951516993e+00,2.000037575915291355e-01,1.001224438468473643e+00,1.002448869023047973e+00,2.000056363896539624e-01,1.001224425075035285e+00,1.002448849966421029e+00,2.000034486413924395e-01,3.383935699673104923e-30,-5.204740686212872323e-20,-2.572490357522441234e-17,-8.085307946571297333e-15
3.269494629858347139e+02,3.853808870396500197e+01,1.001224950572012995e+00,1.002451401648439600e+00,2.000034714851222362e-01,1.001224952288629177e+00,1.002451405085776903e+00,2.000037514222470225e-01,1.001223457420000962e+00,1.002446912084559161e+00,2.000043732276839126e-01,1.001223452228085398e+00,1.002446903963376990e+00,2.000035244806730450e-01,1.684691579068638867e-30,-5.176562926817754836e-20,-2.496417289841542388e-17,-7.838901246913600846e-15
3.272093592203226535e+02,3.856872311469947334e+01,1.001223976302534124e+00,1.002449450723414737e+00,2.000034513416569515e-01,1.001223977855633995e+00,1.002449453833117898e+00,2.000037048151898089e-01,1.001222487909054770e+00,1.002444971563084541e+00,2.000047426882016199e-01,1.001222480630502787e+00,1.002444960656974526e+00,2.000035518830543535e-01,-8.652918691003528034e-31,-5.147849139393160839e-20,-2.422242098596615410e-17,-7.598722362074918864e-15
3.274692554548106500e+02,3.859935752543394472e+01,1.001223003555482771e+00,1.002447502848837102e+00,2.000034269639708873e-01,1.001223005504151997e+00,1.002447506751128925e+00,2.000037452496109536e-01,1.001221524201520330e+00,1.002443039804002067e+00,2.000058103959355404e-01,1.001221510281190774e+00,1.002443020043257915e+00,2.000035311559613949e-01,-4.233867583808352968e-30,-5.118573474656565921e-20,-2.350989564854739865e-17,-7.368129312773985400e-15
3.277291516892985896e+02,3.862999193616841609e+01,1.001222032763885217e+00,1.002445558892340216e+00,2.000034697294078012e-01,1.001222034534860583e+00,1.002445562438590843e+00,2.000037592215691273e-01,1.001220557423022850e+00,1.002441104973956776e+00,2.000061244176664366e-01,1.001220541179043355e+00,1.002441082118266991e+00,2.000034626048752817e-01,-5.737551972680668025e-30,-5.088902776470917343e-20,-2.281604816004266817e-17,-7.143659434616225388e-15
3.279890479237865293e+02,3.866062634690288746e+01,1.001221063171491066e+00,1.002443617338646398e+00,2.000034566809570924e-01,1.001221064859594501e+00,1.002443620718847406e+00,2.000037328458319774e-01,1.001219587573562331e+00,1.002439167072948223e+00,2.000056835561966617e-01,1.001219573963394893e+00,1.002439147731988722e+00,2.000034515632494458e-01,-5.666209663665025776e-30,-5.060274123581077390e-20,-2.213942526659421130e-17,-6.924835247401462987e-15
3.282489441582744689e+02,3.869126075763735884e+01,1.001220094956990492e+00,1.002441678545788584e+00,2.000034175413634985e-01,1.001220096822952765e+00,1.002441682282356972e+00,2.000037230454857484e-01,1.001218614653138994e+00,1.002437226100977075e+00,2.000044866143287081e-01,1.001218608795336529e+00,1.002437217096886490e+00,2.000035252056150958e-01,-3.608736934344486930e-30,-5.033368028660006021e-20,-2.148411262113086659e-17,-6.712993843980219339e-15
3.285088403927624086e+02,3.872189516837183021e+01,1.001219128817731896e+00,1.002439743911010428e+00,2.000034671108503748e-01,1.001219130586930905e+00,1.002439747453695684e+00,2.000037570023465994e-01,1.001217651408660814e+00,1.002435299052031326e+00,2.000046261309060824e-01,1.001217644861935874e+00,1.002435289126617501e+00,2.000035508023901010e-01,5.308264010241880686e-31,-5.005899029366949192e-20,-2.085133588732013471e-17,-6.508533440452471137e-15
3.287687366272503482e+02,3.875252957910630158e+01,1.001218163868851763e+00,1.002437811661341716e+00,2.000034610937289348e-01,1.001218165634917945e+00,1.002437815197748217e+00,2.000037507013886495e-01,1.001216695618339925e+00,1.002433382954569296e+00,2.000057406507511626e-01,1.001216682162112459e+00,1.002433363817286871e+00,2.000035286573215720e-01,4.169728635135555622e-30,-4.977521276339892723e-20,-2.023418762850949255e-17,-6.309189872463189282e-15
3.290286328617382878e+02,3.878316398984077296e+01,1.001217200155296361e+00,1.002435881886838187e+00,2.000034073296724502e-01,1.001217201965494574e+00,1.002435885511667957e+00,2.000037044095444305e-01,1.001215736793833688e+00,1.002431463822921920e+00,2.000061075973885993e-01,1.001215720694777822e+00,1.002431441164996828e+00,2.000034590722438166e-01,6.977419755119822313e-30,-4.948092736258019205e-20,-1.963245105870282711e-17,-6.114891319107248491e-15
3.292885290962262275e+02,3.881379840057524433e+01,1.001216238635040501e+00,1.002433956506942891e+00,2.000034636416142264e-01,1.001216240347460040e+00,1.002433959935856933e+00,2.000037448971144216e-01,1.001214774935142104e+00,1.002429541657089196e+00,2.000057257879584993e-01,1.001214761139320286e+00,1.002429522073181811e+00,2.000034543850232327e-01,6.413263369372701255e-30,-4.920910811802198158e-20,-1.905449315555473786e-17,-5.928373078721185444e-15
3.295484253307141671e+02,3.884443281130971570e+01,1.001215278296423872e+00,1.002432033494635943e+00,2.000034645928097932e-01,1.001215280084555070e+00,1.002432037075247528e+00,2.000037585158973008e-01,1.001213810042265395e+00,1.002427616457071347e+00,2.000045940396008304e-01,1.001213803559596549e+00,1.002427606624695100e+00,2.000035258629354606e-01,4.231473268353263965e-30,-4.892704818105010741e-20,-1.849165203160782022e-17,-5.746798675441929801e-15
3.298083215652021067e+02,3.887506722204418708e+01,1.001214319138986619e+00,1.002430112848995414e+00,2.000034105675284335e-01,1.001214321094342941e+00,1.002430116764664758e+00,2.000037322322415767e-01,1.001212853007361403e+00,1.002425702744349723e+00,2.000045073315769584e-01,1.001212847200050327e+00,1.002425693809731122e+00,2.000035496818443337e-01,5.609818672508139237e-31,-4.863510489467553396e-20,-1.794279701679283616e-17,-5.569797459471108568e-15
3.300682177996900464e+02,3.890570163277865845e+01,1.001213362118228201e+00,1.002428196484496992e+00,2.000034593335458799e-01,1.001213363719979599e+00,1.002428199691666855e+00,2.000037230368452990e-01,1.001211905037154848e+00,1.002423802118846297e+00,2.000056678780837705e-01,1.001211892059618247e+00,1.002423783624455833e+00,2.000035261418773302e-01,-3.046764578799362977e-30,-4.835381390948554913e-20,-1.741128838130957456e-17,-5.398466451417939796e-15
3.303281140341780429e+02,3.893633604351312982e+01,1.001212406356940976e+00,1.002426282643523514e+00,2.000034671906393835e-01,1.001212408112362562e+00,1.002426286158591751e+00,2.000037564214373620e-01,1.001210954068955994e+00,1.002421898495350572e+00,2.000060868901253619e-01,1.001210938137227835e+00,1.002421876065031192e+00,2.000034555412797677e-01,-5.202852825243001786e-30,-4.807469565070621335e-20,-1.689803134847637673e-17,-5.233098809275280579e-15
3.305880102686659825e+02,3.896697045424760120e+01,1.001211451768185379e+00,1.002424371151879434e+00,2.000034202932677585e-01,1.001211453767641979e+00,1.002424375155902103e+00,2.000037499921471784e-01,1.001210000102764841e+00,1.002419991873862548e+00,2.000057631989513030e-01,1.001209986151320175e+00,1.002419972087002620e+00,2.000034571088036284e-01,-5.982604012174507397e-30,-4.779595193887549040e-20,-1.639746320160305897e-17,-5.071875610823064230e-15
3.308479065031539221e+02,3.899760486498207257e+01,1.001210499170632762e+00,1.002422463649878637e+00,2.000034541983966574e-01,1.001210500684428961e+00,1.002422466680814139e+00,2.000037040113786246e-01,1.001209043138581389e+00,1.002418082254382226e+00,2.000046956358112193e-01,1.001209036070791925e+00,1.002418071646646647e+00,2.000035264541611957e-01,-4.238499995689200279e-30,-4.750548842612952346e-20,-1.590940765409047905e-17,-4.914738622557962064e-15
3.311078027376418618e+02,3.902823927571654394e+01,1.001209547954053480e+00,1.002420558914837612e+00,2.000034688996195631e-01,1.001209549623093720e+00,1.002420562256824743e+00,2.000037445485239873e-01,1.001208092256970827e+00,1.002416181743347012e+00,2.000043863549820222e-01,1.001208087196186813e+00,1.002416173808991173e+00,2.000035485224566645e-01,-1.774925681391906694e-30,-4.721406534033862166e-20,-1.544069425572548150e-17,-4.763915309923754590e-15
3.313676989721298014e+02,3.905887368645101532e+01,1.001208597901442010e+00,1.002418656511957051e+00,2.000034290670404669e-01,1.001208599890465401e+00,1.002418660495068448e+00,2.000037578209490352e-01,1.001207152011360346e+00,1.002414296403190574e+00,2.000055921570259021e-01,1.001207139526457457e+00,1.002414278570261441e+00,2.000035236102555014e-01,9.412347721770430526e-31,-4.692267416650298901e-20,-1.498421267368575964e-17,-4.617082831287937661e-15
3.316275952066177410e+02,3.908950809718548669e+01,1.001207649696501001e+00,1.002416757811117165e+00,2.000034482477463793e-01,1.001207651409664390e+00,1.002416761241506249e+00,2.000037316290026734e-01,1.001206208803377073e+00,1.002412408100661345e+00,2.000060623904849066e-01,1.001206193060548255e+00,1.002412385926679805e+00,2.000034520122705162e-01,2.724123065022006289e-30,-4.663450378636016446e-20,-1.453908507755892712e-17,-4.473954049057390219e-15
3.318874914411056807e+02,3.912014250791995806e+01,1.001206702992317066e+00,1.002414862117227301e+00,2.000034697319016674e-01,1.001206704522387803e+00,1.002414865180766945e+00,2.000037230258937537e-01,1.001205262633020787e+00,1.002410516835759324e+00,2.000057959004947206e-01,1.001205248554973837e+00,1.002410496884596380e+00,2.000034597366336375e-01,3.482285841259495203e-30,-4.635000860242824974e-20,-1.410807406314371485e-17,-4.335428660673537891e-15
3.321473876755936203e+02,3.915077691865442944e+01,1.001205757443620392e+00,1.002412968738495502e+00,2.000034369016726599e-01,1.001205759368769543e+00,1.002412972593620388e+00,2.000037558486876810e-01,1.001204313500291931e+00,1.002408622608484512e+00,2.000047915321910286e-01,1.001204305885892598e+00,1.002408611276671246e+00,2.000035269807838856e-01,3.494252995486416643e-30,-4.606751978405855987e-20,-1.369184167318022956e-17,-4.201720345133686586e-15
3.324072839100815600e+02,3.918141132938890081e+01,1.001204813600978127e+00,1.002411078778044251e+00,2.000034414929750259e-01,1.001204815457395592e+00,1.002411082495454631e+00,2.000037492941850736e-01,1.001203368716302666e+00,1.002406735166339935e+00,2.000042632642578255e-01,1.001203364408701280e+00,1.002406728241104217e+00,2.000035473252416429e-01,2.496159603650236951e-30,-4.578622880052064977e-20,-1.328590947187452366e-17,-4.071368242100032188e-15
3.326671801445694996e+02,3.921204574012337218e+01,1.001203871377182475e+00,1.002409192061137100e+00,2.000034696995144912e-01,1.001203872786907034e+00,1.002409194883546073e+00,2.000037036205120078e-01,1.001202436101317872e+00,1.002404864927906925e+00,2.000055135647324511e-01,1.001202424122368484e+00,1.002404847774178265e+00,2.000035210630664306e-01,1.494836929994343336e-30,-4.551178104965915998e-20,-1.289013418251958507e-17,-3.944325146513802015e-15
3.329270763790574392e+02,3.924268015085784356e+01,1.001202930300475469e+00,1.002407307642549705e+00,2.000034438097774980e-01,1.001202932109382493e+00,1.002407311264764012e+00,2.000037442037099766e-01,1.001201500559017799e+00,1.002402991762158635e+00,2.000060341908078687e-01,1.001201485025854598e+00,1.002402969872173921e+00,2.000034484854939509e-01,4.435140787547007319e-31,-4.523755558069165446e-20,-1.251008922360276702e-17,-3.822404618030685965e-15
3.331869726135454357e+02,3.927331456159231493e+01,1.001201990790097307e+00,1.002405426362273255e+00,2.000034339453568843e-01,1.001201992734762847e+00,1.002405430256491758e+00,2.000037571365436140e-01,1.001200562089402446e+00,1.002401115669095288e+00,2.000058240012868027e-01,1.001200547912793004e+00,1.002401095590973013e+00,2.000034622705103016e-01,-7.363096143170032727e-31,-4.495779335243591103e-20,-1.213993959237564858e-17,-3.703705046495941874e-15
3.334468688480333753e+02,3.930394897232678630e+01,1.001201053014984854e+00,1.002403548558785218e+00,2.000034688143587092e-01,1.001201054591558171e+00,1.002403551715490782e+00,2.000037310358289966e-01,1.001199620692471592e+00,1.002399236648716219e+00,2.000048818549718110e-01,1.001199612568774322e+00,1.002399224642511966e+00,2.000035274442607813e-01,-1.702258969097447635e-30,-4.466695193110544172e-20,-1.177900525072263165e-17,-3.588004510990544932e-15
3.337067650825213150e+02,3.933458338306125768e+01,1.001200116378643257e+00,1.002401673036941387e+00,2.000034498039071351e-01,1.001200118019993868e+00,1.002401676323434021e+00,2.000037230126355536e-01,1.001198681951032565e+00,1.002397362144380244e+00,2.000041381209533287e-01,1.001198678402829056e+00,1.002397356236535808e+00,2.000035460911893104e-01,-2.573563265100415439e-30,-4.438059730847532498e-20,-1.142955646278616634e-17,-3.476040692400058670e-15
3.339666613170092546e+02,3.936521779379572905e+01,1.001199181170769448e+00,1.002399800377177463e+00,2.000034256159647639e-01,1.001199183149763972e+00,1.002399804340171174e+00,2.000037552839152577e-01,1.001197756874220524e+00,1.002395506826976757e+00,2.000054321764723475e-01,1.001197745413941576e+00,1.002395490369384801e+00,2.000035185009043648e-01,-3.359610829901762797e-30,-4.410847885416478519e-20,-1.109207144179000671e-17,-3.367967229753437465e-15
3.342265575514971943e+02,3.939585220453020042e+01,1.001198247812933317e+00,1.002397931424143795e+00,2.000034670881397358e-01,1.001198249501573656e+00,1.002397934805382862e+00,2.000037486073015236e-01,1.001196828904599601e+00,1.002393648616764166e+00,2.000060023812272048e-01,1.001196813601088031e+00,1.002393627037396540e+00,2.000034449612194676e-01,-3.087096897644375691e-30,-4.382248460566959112e-20,-1.076294581747658296e-17,-3.262611185263626430e-15
3.344864537859851339e+02,3.942648661526467180e+01,1.001197315585629966e+00,1.002396064736239101e+00,2.000034548962921488e-01,1.001197317074093762e+00,1.002396067716404549e+00,2.000037032367406320e-01,1.001195898042169796e+00,1.002391787513742916e+00,2.000058476074726699e-01,1.001195883794088415e+00,1.002391767344740892e+00,2.000034647123861975e-01,-2.160344656916895083e-30,-4.353220593873046179e-20,-1.044206321029796715e-17,-3.159934310830722664e-15
3.347463500204730735e+02,3.945712102599914317e+01,1.001196384650773208e+00,1.002394200637871213e+00,2.000034165158090793e-01,1.001196386611246103e+00,1.002394204563747948e+00,2.000037438626424968e-01,1.001194964286930889e+00,1.002389923517912340e+00,2.000049667274635679e-01,1.001194955690084543e+00,1.002389910885455260e+00,2.000035278460156052e-01,-4.827477991095976641e-31,-4.323868491954658680e-20,-1.013397109202748597e-17,-3.061412681213022039e-15
3.350062462549610132e+02,3.948775543673361454e+01,1.001195455679100732e+00,1.002392340472917809e+00,2.000034645323499061e-01,1.001195457426103941e+00,1.002392343971087119e+00,2.000037564624302655e-01,1.001194031533566342e+00,1.002388061821991583e+00,2.000040109850730052e-01,1.001194028750550746e+00,1.002388056939242267e+00,2.000035448212655886e-01,1.843337045550769052e-30,-4.296704969863448044e-20,-9.833882573893585324e-18,-2.965490144371999634e-15
3.352661424894489528e+02,3.951838984746808592e+01,1.001194527829802450e+00,1.002390482556736906e+00,2.000034590991309758e-01,1.001194529452406501e+00,1.002390485805660481e+00,2.000037304525633663e-01,1.001193113903960485e+00,1.002386221247793641e+00,2.000053480656789617e-01,1.001193102974486271e+00,1.002386205502498129e+00,2.000035159243480909e-01,3.747935535164950104e-30,-4.269826365377160080e-20,-9.541272095929450433e-18,-2.871995570277926086e-15
3.355260387239368924e+02,3.954902425820255729e+01,1.001193601138743672e+00,1.002388626961187468e+00,2.000034066555824441e-01,1.001193603028893486e+00,1.002388630746159359e+00,2.000037229972070063e-01,1.001192193415511911e+00,1.002384377814752980e+00,2.000059670497263964e-01,1.001192178360882812e+00,1.002384356571616841e+00,2.000034414397072746e-01,5.079322653342367418e-30,-4.243073146458978497e-20,-9.258004603578471929e-18,-2.781533513849702174e-15
3.357859349584248321e+02,3.957965866893702866e+01,1.001192676522414171e+00,1.002386775522524864e+00,2.000034611583762223e-01,1.001192678275133918e+00,1.002386779032142794e+00,2.000037547270232530e-01,1.001191270068220618e+00,1.002382531522869602e+00,2.000058668227115699e-01,1.001191255774837252e+00,1.002382511297841727e+00,2.000034670641700763e-01,4.219046906110357997e-30,-4.216770668485520251e-20,-8.984420005596759344e-18,-2.694212941720363950e-15
3.360458311929128286e+02,3.961029307967150004e+01,1.001191753020377995e+00,1.002384926316435054e+00,2.000034624243557657e-01,1.001191754723644856e+00,1.002384929726968910e+00,2.000037479313194755e-01,1.001190343862086607e+00,1.002380682372143506e+00,2.000050462701308263e-01,1.001190334827112505e+00,1.002380669160070514e+00,2.000035281874392723e-01,2.400558775950290913e-30,-4.189066075262104260e-20,-8.717618203970045992e-18,-2.609092176391764382e-15
3.363057274274007682e+02,3.964092749040597141e+01,1.001190830632210149e+00,1.002383079342065608e+00,2.000034108159924606e-01,1.001190832373125783e+00,1.002383082828030014e+00,2.000037028599719602e-01,1.001189417042909424e+00,1.002378833356906362e+00,2.000038819151187253e-01,1.001189415030462548e+00,1.002378829506411329e+00,2.000035435164136122e-01,-2.998692387003009411e-31,-4.160055033179017248e-20,-8.457504681702552383e-18,-2.526140198566400737e-15
3.365656236618887078e+02,3.967156190114044279e+01,1.001189910252644255e+00,1.002381236392076103e+00,2.000034569774176152e-01,1.001189911959474266e+00,1.002381239809745361e+00,2.000037435252439988e-01,1.001188506771000020e+00,1.002377007350904403e+00,2.000052613039991212e-01,1.001188496383902171e+00,1.002376992333315897e+00,2.000035133339610749e-01,-3.150651249975997241e-30,-4.131849497399152314e-20,-8.207789025793695800e-18,-2.446558359987011366e-15
3.368255198963766475e+02,3.970219631187491416e+01,1.001188991067414102e+00,1.002379395835020004e+00,2.000034648837455964e-01,1.001188992798915267e+00,1.002379399302118168e+00,2.000037557984327696e-01,1.001187593673684484e+00,1.002375178519496535e+00,2.000059282821962381e-01,1.001187578886437946e+00,1.002375157637232617e+00,2.000034379212091984e-01,-4.817790439179435881e-30,-4.103906106580918164e-20,-7.964545621452030806e-18,-2.369073346828748243e-15
3.370854161308645871e+02,3.973283072260938553e+01,1.001188072988054678e+00,1.002377557493650650e+00,2.000034201251549015e-01,1.001188074830259733e+00,1.002377561182549615e+00,2.000037298789355544e-01,1.001186677750962595e+00,1.002373346862682091e+00,2.000058817482414375e-01,1.001186663437554802e+00,1.002373326615293880e+00,2.000034693277287501e-01,-5.366503265205467218e-30,-4.076143729175930640e-20,-7.727369402628596269e-18,-2.293553584929312650e-15
3.373453123653525267e+02,3.976346513334385691e+01,1.001187156780396492e+00,1.002375722902355770e+00,2.000034520006032102e-01,1.001187158390751453e+00,1.002375726126726763e+00,2.000037229796746974e-01,1.001185759002834796e+00,1.002371512380461738e+00,2.000051206006661086e-01,1.001185749563659355e+00,1.002371498633952474e+00,2.000035284698910565e-01,-3.860784682642951441e-30,-4.048243944389992983e-20,-7.497791883352257620e-18,-2.220494427738833465e-15
3.376052085998404664e+02,3.979409954407832828e+01,1.001186241881800054e+00,1.002373890933844880e+00,2.000034664890377734e-01,1.001186243590136637e+00,1.002373894354526840e+00,2.000037541777478778e-01,1.001184838064540505e+00,1.002369675919814629e+00,2.000037509681296677e-01,1.001184836827648583e+00,1.002369673108206571e+00,2.000035421775535061e-01,-1.395416415877074330e-30,-4.020729879319123201e-20,-7.276049685538649070e-18,-2.149971479922735646e-15
3.378651048343284060e+02,3.982473395481279965e+01,1.001185328081152681e+00,1.002372061165140105e+00,2.000034285207041851e-01,1.001185329972447802e+00,1.002372064952387953e+00,2.000037472659346172e-01,1.001183935062245789e+00,1.002367864309757772e+00,2.000051719613399892e-01,1.001183925228551486e+00,1.002367850034560748e+00,2.000035107302921000e-01,1.487560483339674217e-30,-3.993649985222064734e-20,-7.059809893914066848e-18,-2.081228986546650831e-15
3.381250010688163457e+02,3.985536836554727103e+01,1.001184416017100620e+00,1.002370234875802124e+00,2.000034462388266265e-01,1.001184417536411964e+00,1.002370237917758367e+00,2.000037024900324367e-01,1.001183029267461944e+00,1.002366049907211787e+00,2.000058861624893769e-01,1.001183014765389956e+00,1.002366029409518022e+00,2.000034344059689606e-01,3.615947096907764639e-30,-3.967661143838879040e-20,-6.848995724203968436e-18,-2.014241810708841456e-15
3.383848973033042853e+02,3.988600277628174240e+01,1.001183505375245586e+00,1.002368411435910600e+00,2.000034672516417256e-01,1.001183507010031004e+00,1.002368414709224220e+00,2.000037431914332142e-01,1.001182120680188969e+00,1.002364232712176673e+00,2.000058924829417883e-01,1.001182106371169445e+00,1.002364212474941896e+00,2.000034715048872314e-01,4.546271039270124837e-30,-3.942041476167502080e-20,-6.646632444389830635e-18,-1.949987425011528048e-15
3.386447935377922249e+02,3.991663718701621377e+01,1.001182595823493671e+00,1.002366590180095329e+00,2.000034360147260326e-01,1.001182597712699573e+00,1.002366593963151642e+00,2.000037551443464290e-01,1.001181209300427311e+00,1.002362412724652874e+00,2.000051898340612089e-01,1.001181199489915574e+00,1.002362398487474104e+00,2.000035286946989788e-01,4.482676970961177003e-30,-3.916487005144902612e-20,-6.449501915562508885e-18,-1.887424367608463457e-15
3.389046897722802214e+02,3.994727159775068515e+01,1.001181687875001503e+00,1.002364772136489224e+00,2.000034397028754296e-01,1.001181689588148460e+00,1.002364775566800592e+00,2.000037293147764461e-01,1.001180295128176523e+00,1.002360589944639946e+00,2.000037771272115961e-01,1.001180293733556548e+00,1.002360586927518948e+00,2.000035408055835517e-01,2.799715869276549104e-30,-3.890574601548822059e-20,-6.257292914586973885e-18,-1.826451766559038829e-15
3.391645860067681610e+02,3.997790600848515652e+01,1.001180781460272895e+00,1.002362957165846558e+00,2.000034671829294675e-01,1.001180782972114658e+00,1.002362960192833441e+00,2.000037229601245581e-01,1.001179398370924956e+00,1.002358791310455244e+00,2.000050801059153061e-01,1.001179389101136241e+00,1.002358777791634736e+00,2.000035081138754334e-01,7.527682886773880230e-31,-3.865063040628742302e-20,-6.071262794550473084e-18,-1.767475354417331880e-15
3.394244822412561007e+02,4.000854041921962789e+01,1.001179876127875401e+00,1.002361144363699719e+00,2.000034426190163972e-01,1.001179877964816223e+00,1.002361148042034467e+00,2.000037536360180501e-01,1.001178499791481213e+00,1.002356991166715394e+00,2.000058407724737419e-01,1.001178485591690759e+00,1.002356971076377112e+00,2.000034308942221506e-01,-1.292384034649490062e-30,-3.838833443670681264e-20,-5.891571824937366209e-18,-1.710546109291336734e-15
3.396843784757440403e+02,4.003917482995409927e+01,1.001178972267149803e+00,1.002359334510106725e+00,2.000034324033139743e-01,1.001178974121512022e+00,1.002359338223343110e+00,2.000037466109375051e-01,1.001177598451956419e+00,1.002355188262894714e+00,2.000058991233949757e-01,1.001177584170899415e+00,1.002355168067210922e+00,2.000034735974303424e-01,-3.017520830646210884e-30,-3.810398594906487853e-20,-5.716343762792694589e-18,-1.655057678167818819e-15
3.399442747102319800e+02,4.006980924068857064e+01,1.001178070050206648e+00,1.002357527949891969e+00,2.000034662940929076e-01,1.001178071440955941e+00,1.002357530734262703e+00,2.000037021267354886e-01,1.001176694352350349e+00,1.002353382598992537e+00,2.000052540826770253e-01,1.001176684202336631e+00,1.002353367913538573e+00,2.000035288631610286e-01,-3.617222254363682101e-30,-3.783693792632876562e-20,-5.545516218812297483e-18,-1.600989706270065724e-15
3.402041709447199196e+02,4.010044365142304201e+01,1.001177168907896320e+00,1.002355723542740273e+00,2.000034483455138679e-01,1.001177170643380743e+00,1.002355727017798293e+00,2.000037428612506663e-01,1.001175787492663227e+00,1.002351574175009308e+00,2.000039045743177701e-01,1.001175785345876257e+00,1.002351570159723648e+00,2.000035394013803536e-01,-3.554590792890493955e-30,-3.757760828510895965e-20,-5.381555676513356113e-18,-1.549137292310085936e-15
3.404640671792078592e+02,4.013107806215751339e+01,1.001176269107393102e+00,1.002353921823942784e+00,2.000034243507211040e-01,1.001176271051365418e+00,1.002353925716710448e+00,2.000037544999321848e-01,1.001174896296465944e+00,1.002349787551512605e+00,2.000049858042900752e-01,1.001174887600575714e+00,1.002349774802375526e+00,2.000035054852315475e-01,-2.717133178306681041e-30,-3.732536364621742233e-20,-5.221824767802165568e-18,-1.498648871082293903e-15
3.407239634136957989e+02,4.016171247289198476e+01,1.001175371059164876e+00,1.002352123615878332e+00,2.000034645961857871e-01,1.001175372613414272e+00,1.002352126727823478e+00,2.000037287598498137e-01,1.001174004846552279e+00,1.002348001499184571e+00,2.000057921920841975e-01,1.001173990965486427e+00,1.002347981838102253e+00,2.000034273861966694e-01,-1.216304807639889393e-30,-3.706350383841527467e-20,-5.066085184379851510e-18,-1.449447344551883027e-15
3.409838596481837385e+02,4.019234688362645613e+01,1.001174474077943577e+00,1.002350327545589170e+00,2.000034532056753911e-01,1.001174475663748620e+00,1.002350330720755966e+00,2.000037229386872617e-01,1.001173110668465593e+00,1.002346212718683294e+00,2.000059017639451986e-01,1.001173096438133125e+00,1.002346192594866459e+00,2.000034756071036313e-01,4.350762555491770369e-31,-3.680730908597306729e-20,-4.915368858255133480e-18,-1.401864891817799767e-15
3.412437558826716781e+02,4.022298129436092751e+01,1.001173578310365908e+00,1.002348533906864514e+00,2.000034155553600257e-01,1.001173580293341692e+00,1.002348537877770340e+00,2.000037531016734815e-01,1.001172213762206331e+00,1.002344421210009662e+00,2.000053134563103130e-01,1.001172203303525521e+00,1.002344406117344766e+00,2.000035289765454694e-01,2.161228393409038324e-30,-3.656194384370257409e-20,-4.769780234843735460e-18,-1.355934539301349971e-15
3.415036521171596178e+02,4.025361570509539888e+01,1.001172684402049873e+00,1.002346743993209222e+00,2.000034621000686685e-01,1.001172686068399154e+00,1.002346747329745602e+00,2.000037459660930494e-01,1.001171314127774048e+00,1.002342626973163009e+00,2.000040262056167473e-01,1.001171311268420627e+00,1.002342622012442730e+00,2.000035379657997825e-01,3.199051692413229594e-30,-3.631445353220212384e-20,-4.627810776386620639e-18,-1.311169839449049677e-15
3.417635483516476143e+02,4.028425011582987025e+01,1.001171791553186807e+00,1.002344956202185777e+00,2.000034572110363784e-01,1.001171792987701537e+00,1.002344959074237041e+00,2.000037017699821951e-01,1.001170428444379423e+00,1.002340852243622127e+00,2.000048891214235569e-01,1.001170420331890298e+00,1.002340840276821687e+00,2.000035028448672036e-01,3.680274591389209118e-30,-3.606574879276485695e-20,-4.489409814569920262e-18,-1.267554283004325557e-15
3.420234445861355539e+02,4.031488452656434163e+01,1.001170899791481661e+00,1.002343170589301113e+00,2.000034060274682446e-01,1.001170901763835053e+00,1.002343174538918191e+00,2.000037425345253805e-01,1.001169544039540282e+00,1.002339080117920833e+00,2.000057404993726695e-01,1.001169530492999504e+00,1.002339060907139645e+00,2.000034238821128130e-01,3.563159176973377492e-30,-3.581579728694499261e-20,-4.356587800224705965e-18,-1.225734657470802335e-15
3.422833408206234935e+02,4.034551893729881300e+01,1.001170009994539312e+00,1.002341388912844300e+00,2.000034588164653349e-01,1.001170011722577913e+00,1.002341392372971152e+00,2.000037538650563385e-01,1.001168656937946544e+00,1.002337305295464942e+00,2.000059004967562060e-01,1.001168642780312368e+00,1.002337285272780765e+00,2.000034775356143990e-01,1.955040666263325598e-30,-3.558167133630172255e-20,-4.227183853059353966e-18,-1.185014852858758769e-15
3.425432370551114332e+02,4.037615334803328437e+01,1.001169121249567029e+00,1.002339609344018445e+00,2.000034603727876004e-01,1.001169122817064494e+00,1.002339612482499032e+00,2.000037282139771888e-01,1.001167767139597986e+00,1.002335527776254231e+00,2.000053680622596863e-01,1.001167756402114639e+00,1.002335512316150146e+00,2.000035290360921980e-01,9.563145915111402855e-32,-3.534067921726391560e-20,-4.101016148045307170e-18,-1.145336171100949947e-15
3.428031332895993728e+02,4.040678775876775575e+01,1.001168233556171128e+00,1.002337831882034180e+00,2.000034110386307573e-01,1.001168235379992000e+00,1.002337835534059085e+00,2.000037229152741847e-01,1.001166874644495275e+00,1.002333747560289368e+00,2.000041421445684642e-01,1.001166871111009993e+00,1.002333741705312864e+00,2.000035364996772813e-01,-1.963547195745729015e-30,-3.509288299642642955e-20,-3.978931257583509612e-18,-1.106970533015335241e-15
3.430630295240873124e+02,4.043742216950222712e+01,1.001167347753078030e+00,1.002336058207281555e+00,2.000034547560181897e-01,1.001167349493366387e+00,1.002336061691946334e+00,2.000037525746073686e-01,1.001165994426144845e+00,1.002331984609423854e+00,2.000047901207115397e-01,1.001165986906083827e+00,1.002331973436979995e+00,2.000035001932759515e-01,-3.675952457945100002e-30,-3.484216711406926844e-20,-3.860993216408505693e-18,-1.069937794453738071e-15
3.433229257585752521e+02,4.046805658023669849e+01,1.001166463083789759e+00,1.002334286804107633e+00,2.000034627021645972e-01,1.001166464734066119e+00,1.002334290108432002e+00,2.000037453312792646e-01,1.001165116983252057e+00,1.002330226248123068e+00,2.000056857705569680e-01,1.001165103786414878e+00,1.002330207507859505e+00,2.000034203821836332e-01,-4.301260894386773596e-30,-3.459540467304143842e-20,-3.745989542648506500e-18,-1.033848001307377198e-15
3.435828219930631917e+02,4.049869099097116987e+01,1.001165579458670019e+00,1.002332517492925845e+00,2.000034199555406622e-01,1.001165581100897706e+00,1.002332520781122893e+00,2.000037014196325014e-01,1.001164236874542590e+00,1.002328465221005382e+00,2.000058954118672239e-01,1.001164222810817295e+00,1.002328445327703710e+00,2.000034793846322823e-01,-3.961278366409935940e-30,-3.435029293480747510e-20,-3.633879124647010898e-18,-9.986878282454436378e-16
3.438427182275511313e+02,4.052932540170564124e+01,1.001164697594868036e+00,1.002330751710537982e+00,2.000034499291521994e-01,1.001164699298922489e+00,1.002330755122603723e+00,2.000037422112719010e-01,1.001163354100016223e+00,1.002326701528071018e+00,2.000054180053887354e-01,1.001163343112653425e+00,1.002326685739046486e+00,2.000035290430126900e-01,-2.240604188974913636e-30,-3.409422641158306067e-20,-3.526300440728977499e-18,-9.649831289265926100e-16
3.441026144620390710e+02,4.055995981244011261e+01,1.001163816973315024e+00,1.002328988416987920e+00,2.000034642101338467e-01,1.001163818657129445e+00,1.002328991788501433e+00,2.000037532394490503e-01,1.001162468659673177e+00,1.002324935169319753e+00,2.000042525118678749e-01,1.001162464489358861e+00,1.002324928469759069e+00,2.000035350038283921e-01,5.881587209534850236e-32,-3.384494306952744474e-20,-3.421483471019905255e-18,-9.321649322729315597e-16
3.443625106965270106e+02,4.059059422317458399e+01,1.001162937388591967e+00,1.002327227200718429e+00,2.000034279949287341e-01,1.001162939133146024e+00,1.002327230693921711e+00,2.000037276770095795e-01,1.001161593859096310e+00,1.002323183883279123e+00,2.000046888640270304e-01,1.001161586940032544e+00,1.002323173516601162e+00,2.000034975309383789e-01,2.521701698087735474e-30,-3.360082728482819933e-20,-3.319290023298090864e-18,-9.001887682073202633e-16
3.446224069310150071e+02,4.062122863390905536e+01,1.001162059437861185e+00,1.002325469258134705e+00,2.000034443462035683e-01,1.001162061058136654e+00,1.002325472502345605e+00,2.000037228900838904e-01,1.001160723296324218e+00,1.002321439126662384e+00,2.000056280800678876e-01,1.001160710463766534e+00,1.002321420876330027e+00,2.000034168866152151e-01,4.110325550985855833e-30,-3.336310583892130609e-20,-3.220414311051085025e-18,-8.692771981633546226e-16
3.448823031655029467e+02,4.065186304464352673e+01,1.001161182836349139e+00,1.002323714018691136e+00,2.000034649075143611e-01,1.001161184505407586e+00,1.002323717360636968e+00,2.000037520546208147e-01,1.001159850098201520e+00,1.002319691734695040e+00,2.000058865972470512e-01,1.001159836148854509e+00,1.002319671998038286e+00,2.000034811557906966e-01,4.467208367010526658e-30,-3.312750341388736756e-20,-3.124891426835204985e-18,-8.394409174358164244e-16
3.451421993999908864e+02,4.068249745537799811e+01,1.001160307264397087e+00,1.002321960841954240e+00,2.000034351681663491e-01,1.001160309062246068e+00,1.002321964441928337e+00,2.000037447062023022e-01,1.001158974264728441e+00,1.002317941707377091e+00,2.000054633881879484e-01,1.001158963055495343e+00,1.002317925626734274e+00,2.000035289984913867e-01,3.874229525270852135e-30,-3.289113762441797504e-20,-3.031747152115588816e-18,-8.103673019753226801e-16
3.454020956344788260e+02,4.071313186611246948e+01,1.001159433200750071e+00,1.002320210687078550e+00,2.000034380173385806e-01,1.001159434727483699e+00,1.002320213743876698e+00,2.000037010754805722e-01,1.001158095795904979e+00,1.002316189044708983e+00,2.000043574255141732e-01,1.001158091024964225e+00,1.002316181548771334e+00,2.000035334790493391e-01,1.869548047784237077e-30,-3.264882992178087489e-20,-2.940948145385047566e-18,-7.820455672049387728e-16
3.456619918689667657e+02,4.074376627684694085e+01,1.001158560591836499e+00,1.002318463446729035e+00,2.000034648049849040e-01,1.001158562198775304e+00,1.002318466664215535e+00,2.000037418914206166e-01,1.001157226366314434e+00,1.002314449311051847e+00,2.000045854117596111e-01,1.001157220056373198e+00,1.002314439760957576e+00,2.000034948583226113e-01,-4.673077885021023381e-31,-3.239847228423829040e-20,-2.853829519405948250e-18,-7.549030482323835362e-16
3.459218881034547053e+02,4.077440068758141223e+01,1.001157689005280682e+00,1.002316718254648187e+00,2.000034414864170496e-01,1.001157690808331502e+00,1.002316721865038618e+00,2.000037526229839213e-01,1.001156362603113248e+00,1.002312718001863168e+00,2.000055675005953104e-01,1.001156350148827867e+00,1.002312700260098888e+00,2.000034133956064830e-01,-2.632798372300540371e-30,-3.214287817053954895e-20,-2.768941906262681055e-18,-7.284750977636850915e-16
3.461817843379426449e+02,4.080503509831588360e+01,1.001156818802959814e+00,1.002314975835845612e+00,2.000034309525671183e-01,1.001156820518138701e+00,1.002314979270184869e+00,2.000037271487310753e-01,1.001155496234565678e+00,1.002310984087328327e+00,2.000058741388469064e-01,1.001155482419349152e+00,1.002310964533624560e+00,2.000034828506874196e-01,-4.082830834905139387e-30,-3.188069665734997641e-20,-2.686180753337392158e-18,-7.027281065567911890e-16
3.464416805724305846e+02,4.083566950905035497e+01,1.001155950159451580e+00,1.002313236540077757e+00,2.000034639131874625e-01,1.001155951657821674e+00,1.002313239540046030e+00,2.000037228630954234e-01,1.001154627260671282e+00,1.002309247567446659e+00,2.000055043108346919e-01,1.001154615856690411e+00,1.002309231231306663e+00,2.000035289036859731e-01,-4.171970443043730802e-30,-3.162037585459138113e-20,-2.606115153216058205e-18,-6.778440355187816039e-16
3.467015768069185242e+02,4.086630391978482635e+01,1.001155082531165474e+00,1.002311499278274232e+00,2.000034469608480969e-01,1.001155084292246755e+00,1.002311502804574372e+00,2.000037515416265566e-01,1.001153755681430058e+00,1.002307508442218165e+00,2.000044570008790157e-01,1.001153750344997651e+00,1.002307500196689904e+00,2.000035319261175282e-01,-3.407890019429150611e-30,-3.136570084878902625e-20,-2.528759827431558879e-18,-6.538273767760404516e-16
3.469614730414064638e+02,4.089693833051929772e+01,1.001154216164639843e+00,1.002309764544365045e+00,2.000034231618329217e-01,1.001154218018852626e+00,1.002309768257248601e+00,2.000037440907444786e-01,1.001152891576517989e+00,1.002305780149892023e+00,2.000044798228545195e-01,1.001152885883396237e+00,1.002305771426629244e+00,2.000034921758844786e-01,-1.606215897437237205e-30,-3.112110001490676896e-20,-2.453332177931223394e-18,-6.304274035536027680e-16
3.472213692758944035e+02,4.092757274125376910e+01,1.001153351459590057e+00,1.002308033139160059e+00,2.000034622425041209e-01,1.001153352836494870e+00,1.002308035895774552e+00,2.000037007374455833e-01,1.001152034533590029e+00,1.002304062133290374e+00,2.000055041031329472e-01,1.001152022471004210e+00,1.002304044917977421e+00,2.000034099093498108e-01,4.186248580242572885e-31,-3.087317179061245803e-20,-2.379805152826324102e-18,-6.076353366079297606e-16
3.474812655103824000e+02,4.095820715198824047e+01,1.001152487762692722e+00,1.002306303753747407e+00,2.000034516023818654e-01,1.001152489435538806e+00,1.002306307103267402e+00,2.000037415749471303e-01,1.001151174914865605e+00,1.002302341540892261e+00,2.000058581206518027e-01,1.001151161252835431e+00,1.002302322195521178e+00,2.000034844708854509e-01,2.263306787467179320e-30,-3.062352542976291799e-20,-2.309266391431857637e-18,-5.857985494293107444e-16
3.477411617448703396e+02,4.098884156272271184e+01,1.001151625206656348e+00,1.002304576654002632e+00,2.000034146549511671e-01,1.001151627151424917e+00,1.002304580548305069e+00,2.000037520155042714e-01,1.001150312720344493e+00,1.002300618372697461e+00,2.000055408712513028e-01,1.001150301147877730e+00,1.002300601816035863e+00,2.000035287597282385e-01,3.788279534825883348e-30,-3.037204520017251339e-20,-2.240529551472855116e-18,-5.645375223724088989e-16
3.480010579793582792e+02,4.101947597345718322e+01,1.001150764413361038e+00,1.002302853085829559e+00,2.000034598032368605e-01,1.001150765950368671e+00,1.002302856163200806e+00,2.000037266289129145e-01,1.001149447950026916e+00,1.002298892628706195e+00,2.000045513507717199e-01,1.001149442082200025e+00,1.002298883678992114e+00,2.000035303457919911e-01,3.813895975512315945e-30,-3.011914353182505020e-20,-2.173515968389810352e-18,-5.438270344852395103e-16
3.482609542138462189e+02,4.105011038419165459e+01,1.001149904621214004e+00,1.002301131523408495e+00,2.000034554217922922e-01,1.001149906160450298e+00,1.002301134605244171e+00,2.000037228343933271e-01,1.001148589123959320e+00,1.002297175668027229e+00,2.000043721548493414e-01,1.001148584054939672e+00,1.002297167781291076e+00,2.000034894840679867e-01,3.211691105602140241e-30,-2.986648569932412333e-20,-2.108692063716645691e-18,-5.238158964879260196e-16
3.485208504483341585e+02,4.108074479492612596e+01,1.001149045850582953e+00,1.002299412007544355e+00,2.000034054415260054e-01,1.001149047838346906e+00,1.002299415987980336e+00,2.000037510354482351e-01,1.001147738723234148e+00,1.002295470791538579e+00,2.000054379570213037e-01,1.001147727065228699e+00,1.002295454119832341e+00,2.000034064280309942e-01,2.003891436430739409e-30,-2.961424109273465618e-20,-2.046058646024228399e-18,-5.045041222041358054e-16
3.487807466828220981e+02,4.111137920566059734e+01,1.001148188942579065e+00,1.002297696223355850e+00,2.000034566055000629e-01,1.001148190591399034e+00,1.002297699524733021e+00,2.000037434846579920e-01,1.001146885775817230e+00,1.002293763368357959e+00,2.000058386247299258e-01,1.001146872285354705e+00,1.002293744255801533e+00,2.000034860179138729e-01,-8.270493904391132907e-32,-2.938543127267186136e-20,-1.984987159429474983e-18,-4.856908619478648653e-16
3.490406429173100378e+02,4.114201361639506871e+01,1.001147333028783892e+00,1.002295982431007815e+00,2.000034584297645524e-01,1.001147334418485579e+00,1.002295985213255802e+00,2.000037004053917544e-01,1.001146030281708788e+00,1.002292053398486038e+00,2.000055731651617374e-01,1.001146018566182239e+00,1.002292036655165530e+00,2.000035285677245200e-01,-1.893289615621866767e-30,-2.914102666708412323e-20,-1.925455639108772838e-18,-4.673690239031771826e-16
3.493005391517979774e+02,4.117264802712954008e+01,1.001146478108832394e+00,1.002294270629768613e+00,2.000034112377595541e-01,1.001146480002795380e+00,1.002294274422273368e+00,2.000037412617426402e-01,1.001145172240908376e+00,1.002290340881921926e+00,2.000046405855034348e-01,1.001145165874776310e+00,1.002290331272085666e+00,2.000035287388138849e-01,-3.389512080863689675e-30,-2.888293379816733608e-20,-1.868349824607811146e-18,-4.498209527978620514e-16
3.495604353862859170e+02,4.120328243786401146e+01,1.001145624969756565e+00,1.002292562396406739e+00,2.000034526593453543e-01,1.001145626683007217e+00,1.002292565826863102e+00,2.000037514167466446e-01,1.001144318648321319e+00,1.002288635144555018e+00,2.000042624639105648e-01,1.001144314210286934e+00,1.002288628103508161e+00,2.000034867833056507e-01,-3.916676361616687499e-30,-2.864521243824202038e-20,-1.812698996809294237e-18,-4.327367251910564955e-16
3.498203316207738567e+02,4.123391684859848283e+01,1.001144772908151959e+00,1.002290856321689239e+00,2.000034606368205903e-01,1.001144774429440387e+00,1.002290859367560127e+00,2.000037261174504311e-01,1.001143474812932199e+00,1.002286943258027918e+00,2.000053691299901459e-01,1.001143463579843962e+00,1.002286927157026053e+00,2.000034043486646484e-01,-3.488331734848259782e-30,-2.840174983764266546e-20,-1.758444352012405562e-18,-4.160975403079562558e-16
3.500802278552617963e+02,4.126455125933295420e+01,1.001143921833520078e+00,1.002289152224307145e+00,2.000034197849950013e-01,1.001143923568623917e+00,1.002289155698542045e+00,2.000037228040948689e-01,1.001142628459519734e+00,1.002285248853477251e+00,2.000058157312813167e-01,1.001142615158351346e+00,1.002285229997344818e+00,2.000034874932691276e-01,-2.266253845185183670e-30,-2.815417364626491350e-20,-1.705968067504996869e-18,-4.000250906142530623e-16
3.503401240897497928e+02,4.129518567006742558e+01,1.001143072418095414e+00,1.002287451451033817e+00,2.000034479746555793e-01,1.001143074149289935e+00,1.002287454917435205e+00,2.000037505360189871e-01,1.001141779588083480e+00,1.002283551930902794e+00,2.000056012861467780e-01,1.001141767754112788e+00,1.002283535033707151e+00,2.000035283287566190e-01,-2.505548209263930962e-31,-2.790727976604590031e-20,-1.655261860386045405e-18,-3.845164759281638094e-16
3.506000203242377324e+02,4.132582008080189695e+01,1.001142224182754781e+00,1.002285753041974870e+00,2.000034620533421570e-01,1.001142225788438145e+00,1.002285756256921623e+00,2.000037428877300960e-01,1.001140928198623437e+00,1.002281852490304548e+00,2.000047248129492583e-01,1.001140921366296288e+00,1.002281842263105682e+00,2.000035271059067976e-01,1.732754546785477518e-30,-2.765746463206011020e-20,-1.605821022178441199e-18,-3.694107454080923751e-16
3.508599165587256721e+02,4.135645449153636832e+01,1.001141376927578763e+00,1.002284056596604023e+00,2.000034274886039742e-01,1.001141378484970534e+00,1.002284059714801501e+00,2.000037000791677066e-01,1.001140079794617277e+00,1.002280157869243293e+00,2.000041508048691075e-01,1.001140075994064293e+00,1.002280151682532594e+00,2.000034840740185227e-01,3.488908255012871826e-30,-2.740611179529958353e-20,-1.557627720863218537e-18,-3.547021360330929665e-16
3.511198127932136117e+02,4.138708890227083970e+01,1.001140531211479834e+00,1.002282363234657359e+00,2.000034425611560696e-01,1.001140532915010484e+00,1.002282366645631972e+00,2.000037409518001796e-01,1.001139242448878752e+00,1.002278478824805141e+00,2.000052976881993017e-01,1.001139231683751074e+00,1.002278463351881088e+00,2.000034077634008089e-01,4.200717013978533949e-30,-2.715539602831045296e-20,-1.511403055712531814e-18,-3.406200855502683817e-16
3.513797090277015513e+02,4.141772331300531107e+01,1.001139686776708615e+00,1.002280672439750164e+00,2.000034626895761392e-01,1.001139688420481288e+00,1.002280675731002546e+00,2.000037508265984643e-01,1.001138402613355849e+00,1.002276797290582833e+00,2.000057895186847789e-01,1.001138389518574368e+00,1.002276778713640182e+00,2.000034888984149606e-01,3.691346490813850600e-30,-2.690787296319827164e-20,-1.466352928896919387e-18,-3.269116286999764798e-16
3.516396052621894910e+02,4.144835772373978244e+01,1.001138843315356297e+00,1.002278983595008777e+00,2.000034343594097874e-01,1.001138844975683728e+00,1.002278986919426185e+00,2.000037256140956843e-01,1.001137560288048789e+00,1.002275113266576367e+00,2.000056253256972671e-01,1.001137548359461782e+00,1.002275096247239983e+00,2.000035280438821617e-01,2.405396452896669043e-30,-2.666157091120264420e-20,-1.422433698515082313e-18,-3.135628289579693180e-16
3.518995014966774306e+02,4.147899213447425382e+01,1.001138001274468614e+00,1.002277297596050554e+00,2.000034364284861976e-01,1.001138002905592295e+00,1.002277300861959208e+00,2.000037227721956912e-01,1.001136715472957350e+00,1.002273426752785523e+00,2.000048041386083275e-01,1.001136708205593528e+00,1.002273415949717306e+00,2.000035254477774693e-01,2.840744394715790106e-31,-2.641467703087725046e-20,-1.379958383815188082e-18,-3.006731024699605181e-16
3.521593977311653703e+02,4.150962654520872519e+01,1.001137160614801624e+00,1.002275614364248613e+00,2.000034625556223467e-01,1.001137162251229729e+00,1.002275617640782546e+00,2.000037500431904314e-01,1.001135872213093414e+00,1.002271743142333138e+00,2.000040372312539283e-01,1.001135869056144267e+00,1.002271737818108299e+00,2.000034813566169412e-01,-1.874259460186186810e-30,-2.617586616757297469e-20,-1.338913090220794592e-18,-2.882377796756974391e-16
3.524192939656533099e+02,4.154026095594319656e+01,1.001136320921869327e+00,1.002273933069213641e+00,2.000034404080066608e-01,1.001136322639018639e+00,1.002273936507463992e+00,2.000037422998079684e-01,1.001135041282477323e+00,1.002270076794347098e+00,2.000052236962782948e-01,1.001135030995785158e+00,1.002270061963449921e+00,2.000034110818497135e-01,-3.618776494510245792e-30,-2.593553555293495791e-20,-1.298892710270224556e-18,-2.761280434923147095e-16
3.526791902001412495e+02,4.157089536667766794e+01,1.001135482532288012e+00,1.002272254385324857e+00,2.000034295861762013e-01,1.001135484067883885e+00,1.002272257459848381e+00,2.000036997586349397e-01,1.001134207889895933e+00,1.002268407984395537e+00,2.000057600635434252e-01,1.001134195017978179e+00,1.002268389708588003e+00,2.000034902347839760e-01,-4.294651652712217684e-30,-2.568481978594283011e-20,-1.259882784964021577e-18,-2.643392564176947277e-16
3.529390864346291892e+02,4.160152977741213931e+01,1.001134645622486774e+00,1.002270578666036194e+00,2.000034616615016525e-01,1.001134647206992856e+00,1.002270581838545338e+00,2.000037406451158351e-01,1.001133372035348801e+00,1.002266736712478457e+00,2.000056453732659834e-01,1.001133360035209252e+00,1.002266719601718314e+00,2.000035277141352930e-01,-3.701152049338023480e-30,-2.544780121293329885e-20,-1.222470264831644787e-18,-2.530576708650483416e-16
3.531989826691171857e+02,4.163216418814661068e+01,1.001133809672796637e+00,1.002268904870237787e+00,2.000034456448208653e-01,1.001133811401517137e+00,1.002268908331665376e+00,2.000037502448729354e-01,1.001132533718835926e+00,1.002265062978595411e+00,2.000048786656625499e-01,1.001132526046670357e+00,1.002265051639921412e+00,2.000035237651159314e-01,-2.342790564146535927e-30,-2.521482235846252523e-20,-1.186005674593567200e-18,-2.420769621860774233e-16
3.534588789036051253e+02,4.166279859888108206e+01,1.001132974910823759e+00,1.002267233453914663e+00,2.000034220435863985e-01,1.001132976629622418e+00,1.002267236895462821e+00,2.000037251187660459e-01,1.001131695559130952e+00,1.002263390274346522e+00,2.000039217953256954e-01,1.001131693051547478e+00,1.002263385820275632e+00,2.000034786315003366e-01,-7.753861555405012922e-32,-2.498359821360861212e-20,-1.150456883881466985e-18,-2.313868598060754304e-16
3.537187751380930649e+02,4.169343300961555343e+01,1.001132141725874058e+00,1.002265565196997388e+00,2.000034600170504662e-01,1.001132143214723103e+00,1.002265568177864496e+00,2.000037227387549965e-01,1.001130870970246223e+00,1.002261736479369114e+00,2.000051472173650646e-01,1.001130861172001785e+00,1.002261722303832148e+00,2.000034143058576630e-01,1.909130714496835429e-30,-2.475003662485363423e-20,-1.116080132180497818e-18,-2.210684975716840471e-16
3.539786713725810046e+02,4.172406742035002480e+01,1.001131309494472488e+00,1.002263898850414447e+00,2.000034500802734261e-01,1.001131311190362583e+00,1.002263902246065763e+00,2.000037495567589529e-01,1.001130043946801607e+00,1.002260080249831820e+00,2.000057274407291141e-01,1.001130031313628210e+00,1.002260062296310483e+00,2.000034915037778582e-01,3.439923447506790610e-30,-2.451089651628012263e-20,-1.082858329243106317e-18,-2.111162773044373107e-16
3.542385676070689442e+02,4.175470183108449618e+01,1.001130478336614393e+00,1.002262234654563322e+00,2.000034138099860137e-01,1.001130480192157668e+00,1.002262238370060343e+00,2.000037417206699530e-01,1.001129214488797103e+00,1.002258421585734860e+00,2.000056615163185170e-01,1.001129202439427157e+00,1.002258404413280735e+00,2.000035273405272873e-01,4.355805727743814706e-30,-2.426400263598576946e-20,-1.050466453927718113e-18,-2.014270753601656731e-16
3.544984638415568838e+02,4.178533624181896755e+01,1.001129648851723841e+00,1.002260573810320521e+00,2.000034576319935919e-01,1.001129650219054756e+00,1.002260576547737037e+00,2.000036994437154325e-01,1.001128382596232713e+00,1.002256760487077791e+00,2.000049484950338630e-01,1.001128374548601707e+00,1.002256748651865426e+00,2.000035220585961726e-01,3.545082055774422856e-30,-2.400569943610754412e-20,-1.018892795420937965e-18,-1.919971375941443975e-16
3.547583600760448235e+02,4.181597065255343892e+01,1.001128820313877732e+00,1.002258914863375816e+00,2.000034537244755051e-01,1.001128821933371382e+00,1.002258918105971119e+00,2.000037403415027282e-01,1.001127549493154856e+00,1.002255098585899118e+00,2.000038045481092597e-01,1.001127547640349835e+00,1.002255095009185304e+00,2.000034758990579531e-01,2.164651175368212901e-30,-2.375399932268719400e-20,-9.886150405820437708e-19,-1.829776029033875787e-16
3.550182563105327631e+02,4.184660506328791030e+01,1.001127992736843275e+00,1.002257257841309146e+00,2.000034048944586418e-01,1.001127994683532973e+00,1.002257261739401883e+00,2.000037496714017204e-01,1.001126731173724194e+00,1.002253457202638920e+00,2.000050683131435747e-01,1.001126721873493164e+00,1.002253443695199753e+00,2.000034174372326001e-01,2.664432650163737272e-31,-2.351092732910183700e-20,-9.591021706631417453e-19,-1.742002352585906831e-16
3.552781525450207027e+02,4.187723947402238167e+01,1.001127166927439083e+00,1.002255604360484220e+00,2.000034545159029564e-01,1.001127168451453997e+00,1.002255607411795868e+00,2.000037246312359185e-01,1.001125910446734268e+00,1.002251813411819681e+00,2.000056917234256659e-01,1.001125898067607212e+00,1.002251795800964462e+00,2.000034927067685930e-01,-1.787293737664833670e-30,-2.325610131588372161e-20,-9.303307595805885654e-19,-1.656575617858326696e-16
3.555380487795086424e+02,4.190787388475685304e+01,1.001126342058634489e+00,1.002253952764038170e+00,2.000034565875735137e-01,1.001126343558986331e+00,1.002253955767943294e+00,2.000037227038501397e-01,1.001125087312184858e+00,1.002250167213440735e+00,2.000056738403820089e-01,1.001125075235185680e+00,1.002250150008062501e+00,2.000035269240471036e-01,-3.253995704503125292e-30,-2.300855845695038138e-20,-9.025104688179518695e-19,-1.574158067455482387e-16
3.557979450139965820e+02,4.193850829549132442e+01,1.001125518130090875e+00,1.002252303051292204e+00,2.000034114155311293e-01,1.001125520032416061e+00,1.002252306860500042e+00,2.000037490767243853e-01,1.001124261770076185e+00,1.002248518607502747e+00,2.000050137254392457e-01,1.001124253375443196e+00,1.002248506313657694e+00,2.000035203288763330e-01,-4.104499808564228390e-30,-2.276809309833790427e-20,-8.756226740640016391e-19,-1.494690285915315441e-16
3.560578412484845785e+02,4.196914270622579579e+01,1.001124695881059123e+00,1.002250656703240983e+00,2.000034506783167354e-01,1.001124697516330819e+00,1.002250659977438341e+00,2.000037411502185447e-01,1.001123433820408026e+00,1.002246867594005053e+00,2.000037104400239907e-01,1.001123432487589060e+00,1.002246864714912089e+00,2.000034731596685988e-01,-3.533715158685472841e-30,-2.253342925540237490e-20,-8.494066957492462638e-19,-1.417346528467643588e-16
3.563177374829725181e+02,4.199977711696026716e+01,1.001123874656998147e+00,1.002249012408588769e+00,2.000034586794892100e-01,1.001123876009698321e+00,1.002249015116689845e+00,2.000036991342475090e-01,1.001122621559379589e+00,1.002245238296792573e+00,2.000049870438802002e-01,1.001122612766294218e+00,1.002245225469611922e+00,2.000034204777446645e-01,-2.272431951690322446e-30,-2.230586936826844448e-20,-8.238530455889319511e-19,-1.342096239928612173e-16
3.565776337174604578e+02,4.203041152769473854e+01,1.001123054366815923e+00,1.002247369984843539e+00,2.000034196138680276e-01,1.001123056168091496e+00,1.002247373591605761e+00,2.000037400410319965e-01,1.001121807057262947e+00,1.002243606805114151e+00,2.000056529831706065e-01,1.001121794946923549e+00,1.002243589556559122e+00,2.000034938450986899e-01,-4.773465910948945205e-31,-2.208200026554935708e-20,-7.993503753336778755e-19,-1.270166638794881406e-16
3.568375299519483974e+02,4.206104593842920991e+01,1.001122235641251690e+00,1.002245730695605852e+00,2.000034461285266907e-01,1.001122237343190946e+00,1.002245734103359265e+00,2.000037491060260020e-01,1.001120990174189540e+00,1.002241972932479186e+00,2.000056824290930846e-01,1.001120978090463742e+00,1.002241955722015909e+00,2.000035264656616907e-01,1.604049976981731962e-30,-2.184657204528793485e-20,-7.754647279732591203e-19,-1.200185439547742312e-16
3.570974261864363370e+02,4.209168034916368129e+01,1.001121418037850486e+00,1.002244093654471424e+00,2.000034600100363824e-01,1.001121419520549782e+00,1.002244096623005731e+00,2.000037241513238362e-01,1.001120170910159590e+00,1.002240336678887678e+00,2.000050744534451475e-01,1.001120162196140750e+00,1.002240323963186963e+00,2.000035185765992318e-01,3.071390985731954986e-30,-2.160527296176637802e-20,-7.521792402016552345e-19,-1.132099053408482707e-16
3.573573224209242767e+02,4.212231475989815266e+01,1.001120601362003315e+00,1.002242458471565678e+00,2.000034270006647574e-01,1.001120603020454691e+00,1.002242461792194561e+00,2.000037226675137336e-01,1.001119349265173097e+00,1.002238698044339404e+00,2.000038281280243080e-01,1.001119347263174975e+00,1.002238694277275410e+00,2.000034704137015340e-01,3.964887419599524950e-30,-2.136300628469932073e-20,-7.296654094859863422e-19,-1.066448068559635199e-16
3.576172186554122163e+02,4.215294917063262403e+01,1.001119786137306900e+00,1.002240826195841317e+00,2.000034408757838111e-01,1.001119787862149169e+00,1.002240829649473142e+00,2.000037486028610756e-01,1.001118541798521111e+00,1.002237079104156159e+00,2.000049034684593108e-01,1.001118533521294651e+00,1.002237066968836299e+00,2.000034234291274693e-01,3.739876624190886513e-30,-2.113216432846960674e-20,-7.079042516178642088e-19,-1.003171935729015857e-16
3.578771148899001560e+02,4.218358358136709541e+01,1.001118972130693230e+00,1.002239196360372731e+00,2.000034605889038641e-01,1.001118973698975845e+00,1.002239199500358335e+00,2.000037405881562869e-01,1.001117733450776370e+00,1.002235459774121873e+00,2.000056112898962180e-01,1.001117721623421497e+00,1.002235442906775242e+00,2.000034949200823198e-01,2.430608833384574271e-30,-2.090800337196664616e-20,-6.866867387250841697e-19,-9.416106499298392405e-17
3.581370111243880956e+02,4.221421799210156678e+01,1.001118159045365497e+00,1.002237568370569099e+00,2.000034335860899348e-01,1.001118160529923529e+00,1.002237571342823319e+00,2.000036988301627794e-01,1.001116922748287452e+00,1.002233838089343632e+00,2.000056873642441502e-01,1.001116910678057970e+00,1.002233820900729544e+00,2.000035259663168197e-01,5.983993780148032962e-31,-2.068374262851532712e-20,-6.660051711714145666e-19,-8.817396853296455599e-17
3.583969073588760352e+02,4.224485240283603815e+01,1.001117347299130822e+00,1.002235943063443990e+00,2.000034349293109692e-01,1.001117349003921575e+00,1.002235946476901285e+00,2.000037397436139897e-01,1.001116109691054135e+00,1.002232214049820991e+00,2.000051307735193629e-01,1.001116100684441124e+00,1.002232200947944518e+00,2.000035168023927001e-01,-1.424445357031238748e-30,-2.044946097423359902e-20,-6.461755973602235702e-19,-8.245548120115998239e-17
3.586568035933640317e+02,4.227548681357050953e+01,1.001116536865641171e+00,1.002234320386208966e+00,2.000034604256822057e-01,1.001116538475908646e+00,1.002234323610301514e+00,2.000037485486227395e-01,1.001115294279076418e+00,1.002230587655553729e+00,2.000039405997380282e-01,1.001115291641801797e+00,1.002230583045662371e+00,2.000034676615163876e-01,-3.060740154149254876e-30,-2.021083140988678140e-20,-6.268435691503735360e-19,-7.689382644780911969e-17
3.589166998278519713e+02,4.230612122430498090e+01,1.001115727347225981e+00,1.002232699542187744e+00,2.000034393801619625e-01,1.001115728934967697e+00,1.002232702721152391e+00,2.000037236789155015e-01,1.001114491567209663e+00,1.002228978976570151e+00,2.000048176444173542e-01,1.001114483814149692e+00,1.002228967544172900e+00,2.000034262930784068e-01,-4.067503419515354010e-30,-1.997004638886579996e-20,-6.079971493074179940e-19,-7.148518595880749843e-17
3.591765960623399110e+02,4.233675563503945227e+01,1.001114919057236818e+00,1.002231081159131509e+00,2.000034282979615829e-01,1.001114920699818889e+00,1.002231084447958720e+00,2.000037226297919080e-01,1.001113689304395926e+00,1.002227371672725242e+00,2.000055667119687575e-01,1.001113677773694866e+00,1.002227355204792669e+00,2.000034959330057038e-01,-3.822421022727923325e-30,-1.972735658393797874e-20,-5.897765741282104471e-19,-6.627360435563050108e-17
3.594364922968278506e+02,4.236739004577392365e+01,1.001114112173415283e+00,1.002229465593112989e+00,2.000034595297950357e-01,1.001114113782872517e+00,1.002229468815578395e+00,2.000037481351906454e-01,1.001112884712666684e+00,1.002225762039964829e+00,2.000056887258285787e-01,1.001112872675497645e+00,1.002225744899257087e+00,2.000035254269376950e-01,-2.532528021371084003e-30,-1.947997955850133208e-20,-5.721633354111618362e-19,-6.125319526855034120e-17
3.596963885313157903e+02,4.239802445650839502e+01,1.001113306198512243e+00,1.002227851847968587e+00,2.000034443928343508e-01,1.001113307846014377e+00,1.002227855146650137e+00,2.000037400344615857e-01,1.001112077792021937e+00,1.002224150078288911e+00,2.000051827780823244e-01,1.001112068518805520e+00,1.002224136624850326e+00,2.000035150068701084e-01,-7.470279079531587478e-31,-1.923381277875003758e-20,-5.549898734132921531e-19,-5.637107741097964287e-17
3.599562847658037299e+02,4.242865886724286639e+01,1.001112501342741545e+00,1.002226240344828101e+00,2.000034209906970950e-01,1.001112502888254152e+00,1.002226243439188202e+00,2.000036985313144167e-01,1.001111268542461685e+00,1.002222535787697710e+00,2.000040479608154731e-01,1.001111265302860875e+00,1.002222530378855003e+00,2.000034649034632128e-01,1.532076592713081887e-30,-1.899188735111747790e-20,-5.382499342884482981e-19,-5.162521618883071343e-17
3.602161810002916695e+02,4.245929327797733777e+01,1.001111697985336724e+00,1.002224631843419589e+00,2.000034579106342580e-01,1.001111699551978651e+00,1.002224634980108275e+00,2.000037394492051035e-01,1.001110470546173525e+00,1.002220937275218438e+00,2.000047296279769959e-01,1.001110463325194599e+00,1.002220926556281588e+00,2.000034290712601470e-01,3.091786201043152909e-30,-1.875599376043730616e-20,-5.222003606559858831e-19,-4.709648050176932257e-17
3.604760772347796092e+02,4.248992768871180914e+01,1.001110895530748834e+00,1.002223025150655644e+00,2.000034486337668171e-01,1.001110897195384597e+00,1.002223028483657519e+00,2.000037479989643929e-01,1.001109674299889507e+00,1.002219341864111213e+00,2.000055193162274259e-01,1.001109663079000178e+00,1.002219325813117123e+00,2.000034968851278350e-01,3.967814607470445341e-30,-1.851566691496302645e-20,-5.065517759609488443e-19,-4.269370911606212189e-17
3.607359734692675488e+02,4.252056209944628051e+01,1.001110094087356517e+00,1.002221420483653480e+00,2.000034130162748058e-01,1.001110095810981093e+00,1.002221423934827715e+00,2.000037232138937859e-01,1.001108875750142735e+00,1.002217744149541456e+00,2.000056865920847304e-01,1.001108863764957890e+00,1.002217727081943899e+00,2.000035248484289263e-01,3.992854382552734228e-30,-1.826762646855020084e-20,-4.912959078306424472e-19,-3.841429017936836621e-17
3.609958697037554884e+02,4.255119651018075189e+01,1.001109294233319291e+00,1.002219819000654377e+00,2.000034555773208544e-01,1.001109295715918890e+00,1.002219821968975078e+00,2.000037225907643212e-01,1.001108074896932765e+00,1.002216144131508280e+00,2.000052305575568401e-01,1.001108065382325663e+00,1.002216130360084945e+00,2.000035131906303387e-01,2.542851515032883898e-30,-1.805571601838082104e-20,-4.765473590979965703e-19,-3.429418573715093429e-17
3.612557659382434281e+02,4.258183092091522326e+01,1.001108495276052279e+00,1.002218219314179315e+00,2.000034521127396214e-01,1.001108496915978474e+00,1.002218222597675457e+00,2.000037476735200548e-01,1.001107271740259819e+00,1.002214541810012349e+00,2.000041503146517685e-01,1.001107267930356537e+00,1.002214535644861515e+00,2.000034621398830148e-01,6.970869018518082590e-31,-1.783488854812736387e-20,-4.622886445218976847e-19,-3.032780245941338921e-17
3.615156621727314246e+02,4.261246533164969463e+01,1.001107697223382553e+00,1.002216621439908417e+00,2.000034043833176511e-01,1.001107699081384306e+00,1.002216625160278873e+00,2.000037394888820319e-01,1.001106478420724866e+00,1.002212953370460680e+00,2.000046394740793432e-01,1.001106471739361181e+00,1.002212943375015985e+00,2.000034317653009153e-01,-1.487158655971978725e-30,-1.760098908255193067e-20,-4.483855254766020993e-19,-2.647300045588400600e-17
3.617755584072193642e+02,4.264309974238416601e+01,1.001106900849864312e+00,1.002215026929520025e+00,2.000034525389497442e-01,1.001106902211166050e+00,1.002215029654839107e+00,2.000036982375801853e-01,1.001105688123590021e+00,1.002211369720606760e+00,2.000054691680216712e-01,1.001105677225173629e+00,1.002211354103413887e+00,2.000034977776812828e-01,-3.042761548411366721e-30,-1.736632893013436477e-20,-4.348329277170183201e-19,-2.272818081130389886e-17
3.620354546417073038e+02,4.267373415311863738e+01,1.001106105367123078e+00,1.002213434203642839e+00,2.000034548391742550e-01,1.001106106941266782e+00,1.002213437355351955e+00,2.000037391577724755e-01,1.001104895548075469e+00,1.002209783792373132e+00,2.000056810395384188e-01,1.001104883633176845e+00,1.002209766822262260e+00,2.000035242316755280e-01,-3.878764889060977091e-30,-1.713286844379379146e-20,-4.218394508418297579e-19,-1.915866553452830958e-17
3.622953508761952435e+02,4.270436856385310875e+01,1.001105310774843993e+00,1.002211843261645141e+00,2.000034115738446583e-01,1.001105312633140176e+00,1.002211846982600463e+00,2.000037474569623108e-01,1.001104100694180765e+00,1.002208195585759354e+00,2.000052742004159168e-01,1.001104090962638971e+00,1.002208181528921438e+00,2.000035113542585896e-01,-3.976519687555162383e-30,-1.690031075396508319e-20,-4.091689437514711999e-19,-1.569037331165506232e-17
3.625552471106831831e+02,4.273500297458758013e+01,1.001104517768053759e+00,1.002210255495883606e+00,2.000034488045610015e-01,1.001104519282620009e+00,1.002210258528237308e+00,2.000037227560249598e-01,1.001103303561905911e+00,1.002206605100765424e+00,2.000042477624406068e-01,1.001103299212823483e+00,1.002206598220750644e+00,2.000034593711082775e-01,-2.520242587008565885e-30,-1.666450034505990160e-20,-3.968158267452342538e-19,-1.232152500609101730e-17
3.628151433451711227e+02,4.276563738532205150e+01,1.001103725737241046e+00,1.002208669685309417e+00,2.000034568225996234e-01,1.001103727205287397e+00,1.002208672624468777e+00,2.000037225504152083e-01,1.001102514880676475e+00,1.002205026641667329e+00,2.000045472364155030e-01,1.001102508746094522e+00,1.002205017379255825e+00,2.000034343767956857e-01,-7.418344767242721322e-31,-1.643203763787891093e-20,-3.848736570951442574e-19,-9.081352474273102085e-18
3.630750395796590624e+02,4.279627179605652287e+01,1.001102934590954119e+00,1.002207085646716234e+00,2.000034194425986678e-01,1.001102936400489085e+00,1.002207089269981921e+00,2.000037472176753039e-01,1.001101730466312345e+00,1.002203454623513235e+00,2.000054163312474931e-01,1.001101719902549148e+00,1.002203439456343714e+00,2.000034986118726099e-01,1.239202005198795655e-30,-1.619992044122308251e-20,-3.733262640638362552e-19,-5.964774422863961343e-18
3.633349358141470020e+02,4.282690620679099425e+01,1.001102144921543813e+00,1.002205504566763938e+00,2.000034443829956099e-01,1.001102146546589688e+00,1.002205507820439045e+00,2.000037389512767105e-01,1.001100943798288290e+00,1.002201880351698993e+00,2.000056721430445161e-01,1.001100931971374397e+00,1.002201863502647061e+00,2.000035235775431686e-01,3.010391086780855811e-30,-1.595187999493475925e-20,-3.620661996048524549e-19,-2.938095182133308511e-18
3.635948320486349417e+02,4.285754061752546562e+01,1.001101356320257540e+00,1.002203925626589553e+00,2.000034580722420963e-01,1.001101357642637524e+00,1.002203928273932121e+00,2.000036979488378774e-01,1.001100154876604309e+00,1.002200303826225047e+00,2.000053137932299441e-01,1.001100144951848847e+00,1.002200289515564169e+00,2.000035094983263206e-01,3.780413206541522256e-30,-1.570580595499834895e-20,-3.510893539029873421e-19,-3.157062034201447398e-32
