# x,rho,A0_kg,C0_kg,M0_kg,A0_proca,C0_proca,M0_proca,A0_proca_sp,C0_proca_sp,M0_proca_sp,A0_kg_sp,C0_kg_sp,M0_kg_sp,A2_kg,C2_kg,A2_proca,C2_proca
1.000000000000000048e-04,0.000000000000000000e+00,1.000000000000000000e+00,1.000002523995535242e+00,0.000000000000000000e+00,1.000000000000000000e+00,1.000000734286418558e+00,0.000000000000000000e+00,1.000000000000000000e+00,1.000000734284931303e+00,3.163543440728697208e-37,1.000000000000000000e+00,1.000002523987611358e+00,2.948775990690445046e-25,-5.793807785930331119e-37,-2.523994725072621348e-06,8.440219459047976709e-29,-7.342860628191745115e-07
2.615036876528973409e+01,3.015967396653614074e-02,1.000000000602058403e+00,1.000002524296485618e+00,7.872024630070034097e-09,1.000000000000001332e+00,1.000000734286419446e+00,1.741964490339791491e-14,1.000000000000000888e+00,1.000000734284931969e+00,1.095033246496457476e-14,1.000000000403213907e+00,1.000002524170572116e+00,5.272097600688989837e-09,-3.308986729955696242e-16,-2.523091558940846621e-06,8.081937607677120312e-18,-7.342860610126353471e-07
5.230073753057946817e+01,6.031934793307228149e-02,1.000000001812609618e+00,1.000002524901303147e+00,4.740040993709042553e-08,1.000000000000015099e+00,1.000000734286429660e+00,3.948452844770193625e-13,1.000000000000010658e+00,1.000000734284938853e+00,2.815468319048265816e-13,1.000000001612063594e+00,1.000002524780252644e+00,4.215605536728761228e-08,-1.060300515511989461e-15,-2.521275274020718629e-06,2.584941371747071465e-17,-7.342860440441371819e-07
7.845110629586919515e+01,9.047902189960842223e-02,1.000000003631553724e+00,1.000002525809911225e+00,1.424497036261733312e-07,1.000000000000051070e+00,1.000000734286456749e+00,2.003259163890760019e-12,1.000000000000048184e+00,1.000000734284965942e+00,1.886970141351745989e-12,1.000000003624141209e+00,1.000002525786843677e+00,1.421589461297665446e-07,-2.187233636219364765e-15,-2.518545994907505472e-06,5.329621503245979156e-17,-7.342859989685933264e-07
1.046014750611589363e+02,1.206386958661445630e-01,1.000000006628637195e+00,1.000002527304852062e+00,3.466826141051494368e-07,1.000000000000145217e+00,1.000000734286527138e+00,7.594965177881490874e-12,1.000000000000140776e+00,1.000000734285035220e+00,7.361882910644944275e-12,1.000000006435259658e+00,1.000002527181826251e+00,3.365688225767413098e-07,-4.016336073213199301e-15,-2.514046769856135291e-06,9.365362706128219696e-17,-7.342858816017042867e-07
1.307518438264486633e+02,1.507983698326806898e-01,1.000000010238628168e+00,1.000002529103069415e+00,6.693597483197328010e-07,1.000000000000365930e+00,1.000000734286692783e+00,2.392297900066646578e-11,1.000000000000330624e+00,1.000000734285178883e+00,2.161401736114711270e-11,1.000000010040411613e+00,1.000002528994667461e+00,6.564011675678295792e-07,-6.211092418406811068e-15,-2.508625005954088565e-06,1.468475536844986422e-16,-7.342856057444219844e-07
1.569022125917383903e+02,1.809580437992168445e-01,1.000000014445833862e+00,1.000002531196676481e+00,1.133291630456132049e-06,1.000000000000730083e+00,1.000000734286965676e+00,5.727579244237233578e-11,1.000000000000697220e+00,1.000000734285450443e+00,5.469737278801634811e-11,1.000000014431157158e+00,1.000002531163541653e+00,1.132140247442414541e-06,-8.761916901578538242e-15,-2.502304202623486926e-06,2.096478786648137232e-16,-7.342851506587915498e-07
1.830525813570281457e+02,2.111177177657529991e-01,1.000000019784699434e+00,1.000002533845655961e+00,1.810820110765937576e-06,1.000000000001262546e+00,1.000000734287364690e+00,1.155561177408406251e-10,1.000000000001291856e+00,1.000000734285892534e+00,1.182350302208726658e-10,1.000000019600040035e+00,1.000002533732863297e+00,1.793918969169317417e-06,-1.197943466507146748e-14,-2.494275452880132756e-06,2.820720038071881758e-16,-7.342844852094164537e-07
2.092029501223178727e+02,2.412773917322891259e-01,1.000000025729253172e+00,1.000002536788653140e+00,2.691317764382460816e-06,1.000000000002228884e+00,1.000000734288089221e+00,2.331445273870776860e-10,1.000000000002188250e+00,1.000000734286562665e+00,2.288827291979674630e-10,1.000000025536532000e+00,1.000002536677960130e+00,2.671158925610920729e-06,-1.554697694135889397e-14,-2.485329344177943712e-06,3.703674204254986175e-16,-7.342832771491319133e-07
2.353533188876075997e+02,2.714370656988252528e-01,1.000000032249046766e+00,1.000002540010599628e+00,3.794959976128793221e-06,1.000000000003569145e+00,1.000000734289093751e+00,4.200050582658270616e-10,1.000000000003469447e+00,1.000000734287526116e+00,4.082610427581785125e-10,1.000000032227615909e+00,1.000002539972832949e+00,3.792438172912036244e-06,-1.944632963739870263e-14,-2.475511705091788997e-06,4.681301132314339570e-16,-7.342816017705316500e-07
2.615036876528973266e+02,3.015967396653613797e-01,1.000000039835443832e+00,1.000002543743151007e+00,5.208557527509736987e-06,1.000000000005327294e+00,1.000000734290411808e+00,6.965535342038711981e-10,1.000000000005262457e+00,1.000000734288873261e+00,6.880847477790927752e-10,1.000000039663143436e+00,1.000002543648097486e+00,5.186029127348011401e-06,-2.394670842367016358e-14,-2.464071463969502663e-06,5.753332987971504337e-16,-7.342794036637230924e-07
2.876540564181871105e+02,3.317564136318975621e-01,1.000000048008607312e+00,1.000002547751781545e+00,6.904934982785422951e-06,1.000000000007765122e+00,1.000000734292239013e+00,1.116834403514002328e-09,1.000000000007736478e+00,1.000000734290717119e+00,1.112719646196223138e-09,1.000000047824086913e+00,1.000002547640471695e+00,6.878396303459408548e-06,-2.876742995732675445e-14,-2.451733769439630175e-06,6.951038493126632169e-16,-7.342763555755508350e-07
3.138044251834767806e+02,3.619160875984336889e-01,1.000000056724961839e+00,1.000002552015459401e+00,8.900271516526030068e-06,1.000000000011081580e+00,1.000000734294724358e+00,1.738724436387759235e-09,1.000000000010955237e+00,1.000000734293121418e+00,1.718901226578396377e-09,1.000000056698218565e+00,1.000002551979051191e+00,8.896075944861799511e-06,-3.388358678617453837e-14,-2.438564740188682765e-06,8.272241994087183732e-16,-7.342722087283927339e-07
3.399547939487665076e+02,3.920757615649698158e-01,1.000000066426549372e+00,1.000002556732964010e+00,1.129101119742005194e-05,1.000000000015173418e+00,1.000000734297790572e+00,2.579138108026341998e-09,1.000000000015046409e+00,1.000000734296186522e+00,2.557532186510429390e-09,1.000000066268330379e+00,1.000002556645336327e+00,1.126411828676225418e-05,-3.951707664716343230e-14,-2.423879071908548068e-06,9.685686260278284980e-16,-7.342670918123453126e-07
3.661051627140562914e+02,4.222354355315059982e-01,1.000000076684552930e+00,1.000002561700223058e+00,1.403730428690620152e-05,1.000000000020105029e+00,1.000000734301485616e+00,3.680277411482382801e-09,1.000000000020146329e+00,1.000000734300019234e+00,3.687851368980960573e-09,1.000000076511307290e+00,1.000002561595596529e+00,1.400559230161015862e-05,-4.542913967074828872e-14,-2.408330325673188839e-06,1.119162996136856717e-15,-7.342609244244605202e-07
3.922555314793460184e+02,4.523951094980421250e-01,1.000000087444606445e+00,1.000002566891978972e+00,1.715031378554354217e-05,1.000000000026741942e+00,1.000000734306457639e+00,5.244837334851819355e-09,1.000000000026515901e+00,1.000000734304791417e+00,5.200521559412610019e-09,1.000000087415284122e+00,1.000002566863582798e+00,1.714456436449243959e-05,-5.159081672883422828e-14,-2.392001976692305544e-06,1.284826408951376734e-15,-7.342526234186936660e-07
4.184059002446357454e+02,4.825547834645782519e-01,1.000000099094881190e+00,1.000002572470921169e+00,2.073093944298890900e-05,1.000000000034615422e+00,1.000000734312355366e+00,7.241648326854171245e-09,1.000000000034362735e+00,1.000000734310648509e+00,7.188778565844291032e-09,1.000000098950980076e+00,1.000002572385208399e+00,2.070083696637859379e-05,-5.817293806474857438e-14,-2.374280371258984478e-06,1.459433927303580354e-15,-7.342427748392928063e-07
4.445562690099255292e+02,5.127144574311144343e-01,1.000000111260429092e+00,1.000002578265496656e+00,2.473075788356153058e-05,1.000000000043801851e+00,1.000000734319235418e+00,9.736193735955464178e-09,1.000000000043757442e+00,1.000000734317673112e+00,9.726334705104852200e-09,1.000000111102105960e+00,1.000002578174993939e+00,2.469556887641023214e-05,-6.498152765925986927e-14,-2.355743852360422677e-06,1.642939097375839205e-15,-7.342312830418027431e-07
4.707066377752151993e+02,5.428741313976505056e-01,1.000000123879020819e+00,1.000002584248384840e+00,2.915533508445987195e-05,1.000000000054958704e+00,1.000000734327590290e+00,1.293471344798947316e-08,1.000000000054879212e+00,1.000000734326005114e+00,1.291600058695533180e-08,1.000000123848175937e+00,1.000002584222704272e+00,2.914807925189010445e-05,-7.198674563675144880e-14,-2.336489558610314361e-06,1.838260285018982325e-15,-7.342173245885597317e-07
4.968570065405049831e+02,5.730338053641866880e-01,1.000000137282143875e+00,1.000002590544339709e+00,3.410479283980593740e-05,1.000000000068390849e+00,1.000000734337646691e+00,1.699023614015840387e-08,1.000000000067915229e+00,1.000000734335791952e+00,1.687206950061535401e-08,1.000000137154186453e+00,1.000002590466678720e+00,3.407300923025294558e-05,-7.930708962469052466e-14,-2.315979268516627108e-06,2.045049682783143900e-15,-7.342005174260345629e-07
5.230073753057946533e+02,6.031934793307227594e-01,1.000000151149588845e+00,1.000002597014885808e+00,3.952616888946836304e-05,1.000000000083714591e+00,1.000000734349117293e+00,2.189167420848123548e-08,1.000000000083328233e+00,1.000000734347317177e+00,2.179061128780404893e-08,1.000000151010659755e+00,1.000002596946131028e+00,3.948984439141129196e-05,-8.679362866229587717e-14,-2.294714925296486582e-06,2.260383875004549709e-15,-7.341813415420103158e-07
5.491577440710843803e+02,6.333531532972589417e-01,1.000000165414637987e+00,1.000002603633106224e+00,4.541935721748827570e-05,1.000000000101040731e+00,1.000000734362084920e+00,2.774365004024778403e-08,1.000000000101264552e+00,1.000000734360708687e+00,2.780511138392911049e-08,1.000000165379896888e+00,1.000002603597762496e+00,4.540982554431646556e-05,-9.441909853576531077e-14,-2.272803048591700069e-06,2.484292296473540072e-15,-7.341596577759440966e-07
5.753081128363742209e+02,6.635128272637951241e-01,1.000000180350973267e+00,1.000002610485299925e+00,5.187867968189341611e-05,1.000000000122123422e+00,1.000000734377859635e+00,3.512929786169590332e-08,1.000000000121821664e+00,1.000000734376077061e+00,3.504247179954250152e-08,1.000000180241218173e+00,1.000002610421920846e+00,5.184711754199216476e-05,-1.022507394567890797e-13,-2.249782571989004591e-06,2.721985917511706130e-15,-7.341332678714136946e-07
6.014584816016638342e+02,6.936725012303311955e-01,1.000000195692138272e+00,1.000002617465220789e+00,5.885033665441535090e-05,1.000000000145769841e+00,1.000000734395549040e+00,4.383725350811603524e-08,1.000000000145225387e+00,1.000000734393598600e+00,4.367354596980835636e-08,1.000000195575583950e+00,1.000002617419330830e+00,5.881529687239379965e-05,-1.101826467747267334e-13,-2.226080162905566727e-06,2.967812663211834864e-15,-7.341036656279332072e-07
6.276088503669535612e+02,7.238321751968673778e-01,1.000000211370589698e+00,1.000002624548998797e+00,6.632901239540959029e-05,1.000000000172084569e+00,1.000000734415230852e+00,5.400089920053352743e-08,1.000000000171710424e+00,1.000000734413457382e+00,5.388350600105654388e-08,1.000000211334208355e+00,1.000002624510535787e+00,6.631760976123192636e-05,-1.181936112940594883e-13,-2.201807037941333806e-06,3.221707927946989121e-15,-7.340707190186581992e-07
6.537592191322434019e+02,7.539918491634035602e-01,1.000000227602681369e+00,1.000002631785201102e+00,7.439865867409642744e-05,1.000000000202278860e+00,1.000000734437808569e+00,6.612083488763393002e-08,1.000000000202027284e+00,1.000000734436086836e+00,6.603858108959263563e-08,1.000000227514215023e+00,1.000002631742441750e+00,7.436975780995601435e-05,-1.263027493885415674e-13,-2.176579055851850009e-06,3.486282399173098529e-15,-7.340329092675088138e-07
6.799095878975330152e+02,7.841515231299396316e-01,1.000000244173083308e+00,1.000002639097738788e+00,8.300778995606334493e-05,1.000000000236724640e+00,1.000000734463557750e+00,8.047567617655045348e-08,1.000000000236117792e+00,1.000000734461527818e+00,8.026939491552803047e-08,1.000000244072430267e+00,1.000002639054752951e+00,8.297359270714058999e-05,-1.344432839361939968e-13,-2.150750788111342916e-06,3.761079421768615180e-15,-7.339897679917739623e-07
7.060599566628228558e+02,8.143111970964758140e-01,1.000000261017205405e+00,1.000002646468463041e+00,9.214687430307237214e-05,1.000000000274613665e+00,1.000000734491874654e+00,9.694685625424817050e-08,1.000000000274147371e+00,1.000000734489937315e+00,9.678221638905212117e-08,1.000000260982738753e+00,1.000002646433914899e+00,9.213473059545195724e-05,-1.426033070411821085e-13,-2.124433266113275530e-06,4.043467256628543297e-15,-7.339423080125547496e-07
7.322103254281125828e+02,8.444708710630119963e-01,1.000000278295985368e+00,1.000002653910034400e+00,1.018855686348602588e-04,1.000000000316113580e+00,1.000000734522883405e+00,1.157308135530285019e-07,1.000000000316384696e+00,1.000000734521524492e+00,1.158300666238876364e-07,1.000000278232745288e+00,1.000002653894229043e+00,1.018624444692985869e-04,-1.507586270461613198e-13,-2.097317275222975816e-06,4.333472051715407437e-15,-7.338903183717054845e-07
7.583606941934023098e+02,8.746305450295480677e-01,1.000000295841199982e+00,1.000002661373426527e+00,1.121771357218877827e-04,1.000000000364107855e+00,1.000000734558730731e+00,1.380625428310593780e-07,1.000000000363106212e+00,1.000000734556505400e+00,1.376827320160185147e-07,1.000000295758440849e+00,1.000002661339396637e+00,1.121457882682506859e-04,-1.588762873654228571e-13,-2.069690235284677296e-06,4.635540695379321653e-15,-7.338301786042179938e-07
7.845110629586920368e+02,9.047902189960842501e-01,1.000000313594944235e+00,1.000002668848791521e+00,1.230093129354466132e-04,1.000000000416398471e+00,1.000000734597777052e+00,1.633346036509143952e-07,1.000000000415448786e+00,1.000000734595503982e+00,1.629620476860275867e-07,1.000000313567202204e+00,1.000002668825520136e+00,1.229984695416098885e-04,-1.669564664770924177e-13,-2.041658108618935814e-06,4.944670375859961601e-15,-7.337646445597070221e-07
8.106614317239817638e+02,9.349498929626203214e-01,1.000000331665894526e+00,1.000002676315647099e+00,1.344343298595969199e-04,1.000000000473115103e+00,1.000000734640117628e+00,1.917680832424333335e-07,1.000000000472970996e+00,1.000000734638391231e+00,1.917096619990971213e-07,1.000000331613954963e+00,1.000002676297804927e+00,1.344133217420695394e-04,-1.749377296683731264e-13,-2.012983059631556337e-06,5.260780471803580751e-15,-7.336935531646857291e-07
8.368118004892714907e+02,9.651095669291565038e-01,1.000000349927829379e+00,1.000002683748167476e+00,1.464118172351911047e-04,1.000000000536159783e+00,1.000000734687165993e+00,2.243324167805059740e-07,1.000000000535967271e+00,1.000000734685396520e+00,2.242518988581349444e-07,1.000000349865816318e+00,1.000002683729210862e+00,1.463859218469809272e-04,-1.828147313285925438e-13,-1.983891705665095832e-06,5.586083292327320757e-15,-7.336145137015279090e-07
8.629621692545612177e+02,9.952692408956926862e-01,1.000000368333051393e+00,1.000002691147158895e+00,1.589286859802429262e-04,1.000000000605921313e+00,1.000000734739207697e+00,2.614435853854253740e-07,1.000000000604744033e+00,1.000000734736758323e+00,2.609356265205342192e-07,1.000000368317901511e+00,1.000002691142585443e+00,1.589222076045960651e-04,-1.906018766741835580e-13,-1.954480248091802293e-06,5.920041930388022041e-15,-7.335270333795133917e-07
8.891125380198510584e+02,1.025428914862228869e+00,1.000000386942139885e+00,1.000002698462497452e+00,1.720174874492034003e-04,1.000000000681045886e+00,1.000000734795233770e+00,3.027632182614914779e-07,1.000000000679782231e+00,1.000000734792798163e+00,3.022014882993476283e-07,1.000000386902285987e+00,1.000002698447649108e+00,1.719998367417981274e-04,-1.982073473220778720e-13,-1.924577403964735423e-06,6.260394310334455688e-15,-7.334328120691677113e-07
9.152629067851405580e+02,1.055588588828764829e+00,1.000000405664985603e+00,1.000002705687174975e+00,1.856449816556707863e-04,1.000000000761769314e+00,1.000000734855418738e+00,3.486095984505564855e-07,1.000000000762203856e+00,1.000000734854132656e+00,3.488084970273601819e-07,1.000000405632355038e+00,1.000002705697604632e+00,1.856301241475738907e-04,-2.056467965891271638e-13,-1.894356383688205679e-06,6.607154928288305141e-15,-7.333315514673900581e-07
9.414132755504303987e+02,1.085748262795301011e+00,1.000000424467278659e+00,1.000002712834676677e+00,1.997994807669597334e-04,1.000000000852287352e+00,1.000000734922872336e+00,4.011773137863078750e-07,1.000000000851486437e+00,1.000000734920609702e+00,4.008003398561331528e-07,1.000000424456613191e+00,1.000002712832279705e+00,1.997945452999524280e-04,-2.129502250326881442e-13,-1.863899292475699454e-06,6.963879490495676768e-15,-7.332179706558418270e-07
9.675636443157201256e+02,1.115907936761837194e+00,1.000000443366438008e+00,1.000002719829279796e+00,2.144925281415757396e-04,1.000000000949165635e+00,1.000000734995042162e+00,4.591890804193004951e-07,1.000000000947961709e+00,1.000000734992485762e+00,4.586066478194729982e-07,1.000000443351872104e+00,1.000002719840501264e+00,2.144855765230911388e-04,-2.200026425637898649e-13,-1.833095569222881887e-06,7.326367639900246565e-15,-7.330963850555681497e-07
9.937140130810099663e+02,1.146067610728373376e+00,1.000000462302118587e+00,1.000002726678153264e+00,2.296979405711075512e-04,1.000000001052552268e+00,1.000000735072036129e+00,5.229679688904611383e-07,1.000000001051966736e+00,1.000000735070021518e+00,5.226769951380472831e-07,1.000000462290399739e+00,1.000002726703003164e+00,2.296922241467295068e-04,-2.268341448318231687e-13,-1.802073072871938908e-06,7.694525442627112758e-15,-7.329666071720158796e-07
1.019864381846299693e+03,1.176227284694909558e+00,1.000000481256117402e+00,1.000002733409068867e+00,2.454078682453272008e-04,1.000000001165151753e+00,1.000000735155854414e+00,5.941483860926733767e-07,1.000000001164280672e+00,1.000000735153681264e+00,5.937042156651121535e-07,1.000000481257431684e+00,1.000002733419862011e+00,2.454086565140476263e-04,-2.334908591671078521e-13,-1.770895982070793206e-06,8.070088043462508230e-15,-7.328252282141572781e-07
1.046014750611589307e+03,1.206386958661445519e+00,1.000000500208149790e+00,1.000002739925076822e+00,2.616124206484129002e-04,1.000000001287310925e+00,1.000000735246747041e+00,6.732731078382080691e-07,1.000000001285816786e+00,1.000000735243980809e+00,6.724917055790731209e-07,1.000000500205308063e+00,1.000002739941246999e+00,2.616110652382360098e-04,-2.398417856409350880e-13,-1.739507916424751184e-06,8.452472745835115137e-15,-7.326718043010094514e-07
1.072165119376879147e+03,1.236546632627981701e+00,1.000000519121115428e+00,1.000002746242853346e+00,2.782916318987076849e-04,1.000000001417036266e+00,1.000000735343234970e+00,7.596484287048033219e-07,1.000000001416053275e+00,1.000000735340785374e+00,7.591214269380061605e-07,1.000000519132486332e+00,1.000002746285722610e+00,2.782978721477790676e-04,-2.459253501884811450e-13,-1.707999751537315606e-06,8.839851250063244588e-15,-7.325088434295456255e-07
1.098315488142168761e+03,1.266706306594517883e+00,1.000000537995095140e+00,1.000002752405590778e+00,2.954440138228825214e-04,1.000000001554645079e+00,1.000000735445550681e+00,8.537453846004690308e-07,1.000000001555346296e+00,1.000000735444368072e+00,8.541304582534937269e-07,1.000000537999421679e+00,1.000002752415624085e+00,2.954465487584629767e-04,-2.518034977510607027e-13,-1.676414519516940815e-06,9.232217089618576774e-15,-7.323359431793127512e-07
1.124465856907458601e+03,1.296865980561054066e+00,1.000000556777848049e+00,1.000002758299628702e+00,3.130386657288114537e-04,1.000000001705762420e+00,1.000000735557841969e+00,9.590358007559516017e-07,1.000000001704056674e+00,1.000000735555006237e+00,9.580768130817973829e-07,1.000000556788056993e+00,1.000002758324057606e+00,3.130445798318772887e-04,-2.573359893636305471e-13,-1.644743040786713361e-06,9.632140718130653895e-15,-7.321460015832396241e-07
1.150616225672748442e+03,1.327025654527590248e+00,1.000000575449111029e+00,1.000002763946673312e+00,3.310603515690803715e-04,1.000000001865543720e+00,1.000000735676524144e+00,1.073262436681394237e-06,1.000000001863354360e+00,1.000000735673338692e+00,1.072002922231776248e-06,1.000000575481174714e+00,1.000002764004388922e+00,3.310789886061012827e-04,-2.625642150813230257e-13,-1.613047548013909294e-06,1.003634902075222784e-14,-7.319451226702928787e-07
1.176766594438038055e+03,1.357185328494126431e+00,1.000000594028821688e+00,1.000002769405958114e+00,3.495164291491116115e-04,1.000000002034149071e+00,1.000000735801712226e+00,1.196859337668854818e-06,1.000000002033745172e+00,1.000000735799692286e+00,1.196621649813118996e-06,1.000000594039456514e+00,1.000002769420047954e+00,3.495228940837778850e-04,-2.675648400610692542e-13,-1.581347399766788325e-06,1.044473794963497332e-14,-7.317331021809846079e-07
1.202916963203327668e+03,1.387345002460662391e+00,1.000000612438599834e+00,1.000002774551590035e+00,3.683561647634634199e-04,1.000000002215164496e+00,1.000000735936043439e+00,1.332329474429019558e-06,1.000000002214787020e+00,1.000000735933983087e+00,1.332102372014949336e-06,1.000000612463565197e+00,1.000002774587310128e+00,3.683714060187045385e-04,-2.721944977817865938e-13,-1.549673463442512611e-06,1.085850181593321269e-14,-7.315054044561121223e-07
1.229067331968617509e+03,1.417504676427198573e+00,1.000000630668943291e+00,1.000002779406190312e+00,3.875670532860025206e-04,1.000000002408830024e+00,1.000000736079683206e+00,1.480307145588482299e-06,1.000000002406853605e+00,1.000000736076496644e+00,1.479092592237841317e-06,1.000000630712959637e+00,1.000002779468043057e+00,3.875943472387380915e-04,-2.764931287100032475e-13,-1.518067364102965438e-06,1.127705078680590807e-14,-7.312617149363014536e-07
1.255217700733907122e+03,1.447664350393734756e+00,1.000000648760597466e+00,1.000002784045137316e+00,4.071676285874439231e-04,1.000000002612451588e+00,1.000000736230642895e+00,1.639597738029234486e-06,1.000000002610321959e+00,1.000000736227520504e+00,1.638261146053074378e-06,1.000000648781072199e+00,1.000002784067679285e+00,4.071807428133047773e-04,-2.805503317844337404e-13,-1.486522989778883789e-06,1.169903850917168772e-14,-7.310054332731723433e-07
1.281368069499196963e+03,1.477824024360270938e+00,1.000000666614740963e+00,1.000002788334600101e+00,4.270891371293839282e-04,1.000000002826439971e+00,1.000000736389220934e+00,1.810854964572115063e-06,1.000000002826842094e+00,1.000000736387888667e+00,1.811112660886843374e-06,1.000000666647801628e+00,1.000002788373798301e+00,4.271106033091526038e-04,-2.842248766413079996e-13,-1.455104152471424948e-06,1.212442795191368273e-14,-7.307360363922935796e-07
1.307518438264486804e+03,1.507983698326807120e+00,1.000000684227087655e+00,1.000002792294507614e+00,4.473194604568051761e-04,1.000000003057895936e+00,1.000000736560618497e+00,1.999127659610796848e-06,1.000000003056305875e+00,1.000000736557659087e+00,1.998088189472249894e-06,1.000000684284500618e+00,1.000002792363494430e+00,4.473573007517604163e-04,-2.875519029985412394e-13,-1.423839353290141983e-06,1.255474637440279975e-14,-7.304445239342433178e-07
1.333668807029776417e+03,1.538143372293343081e+00,1.000000701659516267e+00,1.000002796015982298e+00,4.678903767357999940e-04,1.000000003300457463e+00,1.000000736740155549e+00,2.200858583589023506e-06,1.000000003298439966e+00,1.000000736736834872e+00,2.199513232092376147e-06,1.000000701693321670e+00,1.000002796050722065e+00,4.679132475614580181e-04,-2.906316020890290459e-13,-1.392695957000482248e-06,1.298773991574230935e-14,-7.301389400164988435e-07
1.359819175795066030e+03,1.568303046259879263e+00,1.000000718798179644e+00,1.000002799361236594e+00,4.887174227955679278e-04,1.000000003554288863e+00,1.000000736927948219e+00,2.416595076266031243e-06,1.000000003553627170e+00,1.000000736925705569e+00,2.416145226929057063e-06,1.000000718833825575e+00,1.000002799398376219e+00,4.887420101605544900e-04,-2.933291850164614064e-13,-1.361763870340473624e-06,1.342329801220329539e-14,-7.298190720120790357e-07
1.385969544560355871e+03,1.598462720226415446e+00,1.000000735639127836e+00,1.000002802344502006e+00,5.097863384938163380e-04,1.000000003823900974e+00,1.000000737127289652e+00,2.649905145441900219e-06,1.000000003822252514e+00,1.000000737124562944e+00,2.648762725366896710e-06,1.000000735711467748e+00,1.000002802423102688e+00,5.098368440106921216e-04,-2.956727256238986538e-13,-1.331065225227653879e-06,1.386202840047732992e-14,-7.294791915030174722e-07
1.412119913325645712e+03,1.628622394192951628e+00,1.000000752265105319e+00,1.000002805071775969e+00,5.311438681150407702e-04,1.000000004109360630e+00,1.000000737338211598e+00,2.901454988016315833e-06,1.000000004106528229e+00,1.000000737334447720e+00,2.899455078203749789e-06,1.000000752303251250e+00,1.000002805107974346e+00,5.311712010139844160e-04,-2.977702657839041061e-13,-1.300540530102246129e-06,1.430337498669065221e-14,-7.291191959209328644e-07
1.438270282090935325e+03,1.658782068159487810e+00,1.000000768552250285e+00,1.000002807404895444e+00,5.526925061607810673e-04,1.000000004407245902e+00,1.000000737558203845e+00,3.169405403041086501e-06,1.000000004405529275e+00,1.000000737555081454e+00,3.168170841518832250e-06,1.000000768592280709e+00,1.000002807443074238e+00,5.527217181688253485e-04,-2.994967648677676330e-13,-1.270299345264603768e-06,1.474650403747384193e-14,-7.287434196875049464e-07
1.464420650856225166e+03,1.688941742126023993e+00,1.000000784492830919e+00,1.000002809350050370e+00,5.744133004231953988e-04,1.000000004718071045e+00,1.000000737787636540e+00,3.454620335224842882e-06,1.000000004719242330e+00,1.000000737786586269e+00,3.455477943353254587e-06,1.000000784581373425e+00,1.000002809439932694e+00,5.744785827820770565e-04,-3.008720014448410841e-13,-1.240363324312501965e-06,1.519133877352673508e-14,-7.283512043123613000e-07
1.490571019621514779e+03,1.719101416092559953e+00,1.000000800189644101e+00,1.000002811026829974e+00,5.963692696685811076e-04,1.000000005050388774e+00,1.000000738032724712e+00,3.763981572063475323e-06,1.000000005048051532e+00,1.000000738029249492e+00,3.762239738294904368e-06,1.000000800231669151e+00,1.000002811064297559e+00,5.964010674647223778e-04,-3.020088899070527256e-13,-1.210646463227438073e-06,1.563834328185194428e-14,-7.279316590539453216e-07
1.516721388386804620e+03,1.749261090059096135e+00,1.000000815513322650e+00,1.000002812299805699e+00,6.184527451606964057e-04,1.000000005396280756e+00,1.000000738287683877e+00,4.092327219861339686e-06,1.000000005392341462e+00,1.000000738283358892e+00,4.089339852904618589e-06,1.000000815559600742e+00,1.000002812341585390e+00,6.184883450431416735e-04,-3.027944678842636731e-13,-1.181272067134652638e-06,1.608633885340328361e-14,-7.274948361527807400e-07
1.542871757152094233e+03,1.779420764025632318e+00,1.000000830449045974e+00,1.000002813165462801e+00,6.406376573572159687e-04,1.000000005755909527e+00,1.000000738552626167e+00,4.440315122798390471e-06,1.000000005754953181e+00,1.000000738550156143e+00,4.439577399019465335e-06,1.000000830539844010e+00,1.000002813252098388e+00,6.407082342376555634e-04,-3.032399160312408289e-13,-1.152266263423442018e-06,1.653521228542552530e-14,-7.270405234207901081e-07
1.569022125917384074e+03,1.809580437992168500e+00,1.000000845118369508e+00,1.000002813755349163e+00,6.630041500857263145e-04,1.000000006134712294e+00,1.000000738831486657e+00,4.812749662488097274e-06,1.000000006133960673e+00,1.000000738828987323e+00,4.812160024249660526e-06,1.000000845167126506e+00,1.000002813797271628e+00,6.630429608375188952e-04,-3.034599663567260517e-13,-1.123517488273086848e-06,1.698495918243059794e-14,-7.265617806233491357e-07
1.595172494682673914e+03,1.839740111958704682e+00,1.000000859390370866e+00,1.000002813939376178e+00,6.854373518669835789e-04,1.000000006532520969e+00,1.000000739124118354e+00,5.210248885028358541e-06,1.000000006529698560e+00,1.000000739120114446e+00,5.207997770576674542e-06,1.000000859441067647e+00,1.000002813983097427e+00,6.854783760087537542e-04,-3.033551566756590579e-13,-1.095157498483858569e-06,1.743509809751095294e-14,-7.260587969984376029e-07
1.621322863447963528e+03,1.869899785925240643e+00,1.000000873240650900e+00,1.000002813703329441e+00,7.079018981682412082e-04,1.000000006945192643e+00,1.000000739427505891e+00,5.630199811747648196e-06,1.000000006942543651e+00,1.000000739423816176e+00,5.628052397106372476e-06,1.000000873335317841e+00,1.000002813789276912e+00,7.079792591621194642e-04,-3.029285464320982699e-13,-1.067220877712339199e-06,1.788532013811061509e-14,-7.255368432392507094e-07
1.647473232213253141e+03,1.900059459891776825e+00,1.000000886807829614e+00,1.000002813188806128e+00,7.304954328492952028e-04,1.000000007373352817e+00,1.000000739742094247e+00,6.073700698998190810e-06,1.000000007373268440e+00,1.000000739740517286e+00,6.073631113283774949e-06,1.000000886865741734e+00,1.000002813237462540e+00,7.305437850784954334e-04,-3.022937000752866963e-13,-1.039571983067809941e-06,1.833550073354676726e-14,-7.249951139769001455e-07
1.673623600978542981e+03,1.930219133858313008e+00,1.000000899962786516e+00,1.000002812273146358e+00,7.530988020173349281e-04,1.000000007826910675e+00,1.000000740075013939e+00,6.549651121423619161e-06,1.000000007824197734e+00,1.000000740071189664e+00,6.547381082742518368e-06,1.000000900008839233e+00,1.000002812310293310e+00,7.531380171697379467e-04,-3.013652732206218212e-13,-1.012346395975718092e-06,1.878505918517799241e-14,-7.244209200491979763e-07
1.699773969743832822e+03,1.960378807824849190e+00,1.000000912669850139e+00,1.000002810931069464e+00,7.756655191623184221e-04,1.000000008296427545e+00,1.000000740419429324e+00,7.051025697040191988e-06,1.000000008293442599e+00,1.000000740415240896e+00,7.048488933015676807e-06,1.000000912769795747e+00,1.000002811018174675e+00,7.757511695812802045e-04,-3.001392900174952289e-13,-9.855901783596549377e-07,1.923390963012276436e-14,-7.238263038337091982e-07
1.725924338509122435e+03,1.990538481791385372e+00,1.000000925082690673e+00,1.000002809312112939e+00,7.983106269942438424e-04,1.000000008782055527e+00,1.000000740775441654e+00,7.578581592488189016e-06,1.000000008781366301e+00,1.000000740772935437e+00,7.577986883718797320e-06,1.000000925145216657e+00,1.000002809362944056e+00,7.983653229610374611e-04,-2.987253575436698113e-13,-9.591455277945663859e-07,1.968194023773037031e-14,-7.232110624416428892e-07
1.752074707274412276e+03,2.020698155757921555e+00,1.000000937076748642e+00,1.000002807302623697e+00,8.209134658081296363e-04,1.000000009290120673e+00,1.000000741147580641e+00,8.138492631861889205e-06,1.000000009288330327e+00,1.000000741144535521e+00,8.136924224527316725e-06,1.000000937120547162e+00,1.000002807336137778e+00,8.209526041361769671e-04,-2.970521875977573418e-13,-9.331479097109142760e-07,2.012853063501572239e-14,-7.225670736768850594e-07
1.778225076039702117e+03,2.050857829724457737e+00,1.000000948604125250e+00,1.000002804866454875e+00,8.434150213222623435e-04,1.000000009820164015e+00,1.000000741535482129e+00,8.731230852698883542e-06,1.000000009815598556e+00,1.000000741530611359e+00,8.727171812895732984e-06,1.000000948710374260e+00,1.000002804955748337e+00,8.435102887036519202e-04,-2.951102872148459487e-13,-9.076569754859992367e-07,2.057331265389078439e-14,-7.218948904410051807e-07
1.804375444804991730e+03,2.081017503690993919e+00,1.000000959831294001e+00,1.000002802158852067e+00,8.659471778728860657e-04,1.000000010367364078e+00,1.000000741935669568e+00,9.353308484986790579e-06,1.000000010364661795e+00,1.000000741931768689e+00,9.350870640766814612e-06,1.000000959893644792e+00,1.000002802207630825e+00,8.660042610537455401e-04,-2.930028121129990989e-13,-8.824950232436607462e-07,2.101649573965846563e-14,-7.212006800983004013e-07
1.830525813570281116e+03,2.111177177657529658e+00,1.000000970640437581e+00,1.000002799076268767e+00,8.883903260420242948e-04,1.000000010932459604e+00,1.000000742348661431e+00,1.000607465409391009e-05,1.000000010933896011e+00,1.000000742347558536e+00,1.000738935021141160e-05,1.000000970684057133e+00,1.000002799108306251e+00,8.884311118018762068e-04,-2.906719243650898699e-13,-8.577941406748691495e-07,2.145790131458882757e-14,-7.204834836528734465e-07
1.856676182335570957e+03,2.141336851624065840e+00,1.000000980971142983e+00,1.000002795572383363e+00,9.106719849895307441e-04,1.000000011526557708e+00,1.000000742782356289e+00,1.070054247759965285e-05,1.000000011523642485e+00,1.000000742778224261e+00,1.069783617654585199e-05,1.000000981075841677e+00,1.000002795657092491e+00,9.107700742435996403e-04,-2.881043939537816955e-13,-8.336288334907204212e-07,2.189595948975703737e-14,-7.197289845250541979e-07
1.882826551100860797e+03,2.171496525590602023e+00,1.000000991000290496e+00,1.000002791805866931e+00,9.329399049818101189e-04,1.000000012138804406e+00,1.000000743228975031e+00,1.142763151268735076e-05,1.000000012134239169e+00,1.000000743224005451e+00,1.142333393062383681e-05,1.000000991064677658e+00,1.000002791854696760e+00,9.330014445652318840e-04,-2.853947999353503147e-13,-8.098040114298325899e-07,2.233165609274620270e-14,-7.189511121686456622e-07
1.908976919866150638e+03,2.201656199557138205e+00,1.000001000618435665e+00,1.000002787683933025e+00,9.550777940053195320e-04,1.000000012769334701e+00,1.000000743688602478e+00,1.218818250690517192e-05,1.000000012767480628e+00,1.000000743685587778e+00,1.218641292414412837e-05,1.000001000663467421e+00,1.000002787715779773e+00,9.551217318690087207e-04,-2.824977394519728875e-13,-7.864457766304656095e-07,2.276488464659872997e-14,-7.181496815476012577e-07
1.935127288631440251e+03,2.231815873523674387e+00,1.000001009752937930e+00,1.000002783151178631e+00,9.769992459267434759e-04,1.000000013425282885e+00,1.000000744166282374e+00,1.298981541971815588e-05,1.000000013423868683e+00,1.000000744163200395e+00,1.298844724509983658e-05,1.000001009854184941e+00,1.000002783230166337e+00,9.770981954308826604e-04,-2.793981326683353878e-13,-7.636440082181738311e-07,2.319442731942393411e-14,-7.173154673592297314e-07
1.961277657396730092e+03,2.261975547490210570e+00,1.000001018588621671e+00,1.000002778367438561e+00,9.988665354645040635e-04,1.000000014105856705e+00,1.000000744661405649e+00,1.383275057914995905e-05,1.000000014102132573e+00,1.000000744656556861e+00,1.382909879056316376e-05,1.000001018656610841e+00,1.000002778417445226e+00,9.989342256168452349e-04,-2.761802707943126585e-13,-7.411888908849140922e-07,2.362006327474820514e-14,-7.164494452425391344e-07
1.987428026162019933e+03,2.292135221456746752e+00,1.000001027025547051e+00,1.000002773250948662e+00,1.020568629704726856e-03,1.000000014805629167e+00,1.000000745170103844e+00,1.471256095519318905e-05,1.000000014802584269e+00,1.000000745165872562e+00,1.470953548206293805e-05,1.000001027063574410e+00,1.000002773276173151e+00,1.020607466206863026e-03,-2.728098888293063675e-13,-7.191985412858486680e-07,2.404249554137610445e-14,-7.155586007134749496e-07
2.013578394927309546e+03,2.322294895423282934e+00,1.000001034979620895e+00,1.000002767738638276e+00,1.042005223497010974e-03,1.000000015525450703e+00,1.000000745692963822e+00,1.563085582980623168e-05,1.000000015525530861e+00,1.000000745691359105e+00,1.563093682415669632e-05,1.000001035078864176e+00,1.000002767813291893e+00,1.042106218909153500e-03,-2.692719195637630803e-13,-6.977780753018987391e-07,2.446148774930666328e-14,-7.146418203146378891e-07
2.039728763692599387e+03,2.352454569389819117e+00,1.000001042641146087e+00,1.000002761989315259e+00,1.063351459216302928e-03,1.000000016277408310e+00,1.000000746238458582e+00,1.660074873780183465e-05,1.000000016273306258e+00,1.000000746233760562e+00,1.659656553663049403e-05,1.000001042712037380e+00,1.000002762039609916e+00,1.063424867394843548e-03,-2.656390892956016032e-13,-6.767056938930209297e-07,2.487457085684487475e-14,-7.136834019503706204e-07
2.065879132457889227e+03,2.382614243356355299e+00,1.000001049920369089e+00,1.000002755932159593e+00,1.084503151971146504e-03,1.000000017049405443e+00,1.000000746798026752e+00,1.761100511871966859e-05,1.000000017045320044e+00,1.000000746792968576e+00,1.760678550993234482e-05,1.000001049953218368e+00,1.000002755952627886e+00,1.084538221996302109e-03,-2.618868060504504341e-13,-6.560900848688767434e-07,2.528374332067840965e-14,-7.126989784303982667e-07
2.092029501223178613e+03,2.412773917322891037e+00,1.000001056722895187e+00,1.000002749498065446e+00,1.105346567629784211e-03,1.000000017841553346e+00,1.000000747371731835e+00,1.866252762517096956e-05,1.000000017840723565e+00,1.000000747368856358e+00,1.866166000450047085e-05,1.000001056821017809e+00,1.000002749568912996e+00,1.105450373359153499e-03,-2.580017471932684540e-13,-6.360509318878561470e-07,2.568890779383864288e-14,-7.116883904635990506e-07
2.118179869988468454e+03,2.442933591289427220e+00,1.000001063242111243e+00,1.000002742842755810e+00,1.126067821253746992e-03,1.000000018661676204e+00,1.000000747965020587e+00,1.976439308539609064e-05,1.000000018659791934e+00,1.000000747961606429e+00,1.976239781457748821e-05,1.000001063309577054e+00,1.000002742889043006e+00,1.126140470922498563e-03,-2.540442284595753860e-13,-6.163571837230289585e-07,2.608828952403357620e-14,-7.106414355104547511e-07
2.144330238753758294e+03,2.473093265255963402e+00,1.000001069398746889e+00,1.000002735905996420e+00,1.146570808948074944e-03,1.000000019508619609e+00,1.000000748577023257e+00,2.091646111447675223e-05,1.000000019502794490e+00,1.000000748571395537e+00,2.091021589359567262e-05,1.000001069428380296e+00,1.000002735923239072e+00,1.146603806994622114e-03,-2.499977963087551732e-13,-5.971071468494499042e-07,2.648184233060407101e-14,-7.095595539741685449e-07
2.170480607519047680e+03,2.503252939222499585e+00,1.000001075089553160e+00,1.000002728614429515e+00,1.166729258861270557e-03,1.000000020376454302e+00,1.000000749203572292e+00,2.211334897391086131e-05,1.000000020372582288e+00,1.000000749198943772e+00,2.210914744947837569e-05,1.000001075183925892e+00,1.000002728679676212e+00,1.166832930433008659e-03,-2.458523959142558484e-13,-5.784339622503049041e-07,2.687072106473933702e-14,-7.084504358642049097e-07
2.196630976284337521e+03,2.533412613189035767e+00,1.000001080508715168e+00,1.000002721118793847e+00,1.186738174646421572e-03,1.000000021266133743e+00,1.000000749845312065e+00,2.335692357494673985e-05,1.000000021267427153e+00,1.000000749843895642e+00,2.335834474150335529e-05,1.000001080574388634e+00,1.000002721162245312e+00,1.186811587222801707e-03,-2.416554970546573058e-13,-5.600999982661743188e-07,2.725463067926210263e-14,-7.073128192537757370e-07
2.222781345049627362e+03,2.563572287155571949e+00,1.000001085587413074e+00,1.000002713368852936e+00,1.206510415325395867e-03,1.000000022190459692e+00,1.000000750511060632e+00,2.466226942715247220e-05,1.000000022186947612e+00,1.000000750506259806e+00,2.465836655661824968e-05,1.000001085615120466e+00,1.000002713383491448e+00,1.206542518745137241e-03,-2.373972602710567891e-13,-5.421926570029440911e-07,2.763032312650609552e-14,-7.061299182886380220e-07
2.248931713814917202e+03,2.593731961122108132e+00,1.000001090215177246e+00,1.000002705288837168e+00,1.225908406950272254e-03,1.000000023136324634e+00,1.000000751191682191e+00,2.601600648095483422e-05,1.000000023131375260e+00,1.000000751186179482e+00,2.601044172625671110e-05,1.000001090302643725e+00,1.000002705347060372e+00,1.226008096474152454e-03,-2.330721611146249670e-13,-5.248571096639872193e-07,2.800071513124176452e-14,-7.049188124886293458e-07
2.275082082580207043e+03,2.623891635088644314e+00,1.000001094584872963e+00,1.000002697022806863e+00,1.245133853222479044e-03,1.000000024103810947e+00,1.000000751887215156e+00,2.741907357247080806e-05,1.000000024100935692e+00,1.000000751883793226e+00,2.741580346437553801e-05,1.000001094649679345e+00,1.000002697063687940e+00,1.245208935985599391e-03,-2.287147627687290540e-13,-5.078516847729375810e-07,2.836572187036444922e-14,-7.036793752107917404e-07
2.301232451345496884e+03,2.654051309055180496e+00,1.000001098637835151e+00,1.000002688529765482e+00,1.264109130428974501e-03,1.000000025101279277e+00,1.000000752603369181e+00,2.888193845519862227e-05,1.000000025098939149e+00,1.000000752599684795e+00,2.887924651191172958e-05,1.000001098660863619e+00,1.000002688540677198e+00,1.264137016238252526e-03,-2.243203876435198691e-13,-4.912527161984213462e-07,2.872307282749361873e-14,-7.024005955504962192e-07
2.327382820110786270e+03,2.684210983021716679e+00,1.000001102258130770e+00,1.000002679733378752e+00,1.282686904651737748e-03,1.000000026127201735e+00,1.000000753339016279e+00,3.040399945315167248e-05,1.000000026122541907e+00,1.000000753333398329e+00,3.039857757541067489e-05,1.000001102340003500e+00,1.000002679785419568e+00,1.282783592996999825e-03,-2.198890155501244251e-13,-4.752157364175521775e-07,2.907291522878877347e-14,-7.010844002268757647e-07
2.353533188876076110e+03,2.714370656988252861e+00,1.000001105635369036e+00,1.000002670769540858e+00,1.301073329353390077e-03,1.000000027175273587e+00,1.000000754089797939e+00,3.197895323733730168e-05,1.000000027171844996e+00,1.000000754085027088e+00,3.197491951281897742e-05,1.000001105699532156e+00,1.000002670807280891e+00,1.301150272945895319e-03,-2.154425717705331917e-13,-4.594974208250171481e-07,2.941679898400745251e-14,-6.997390401215757005e-07
2.379683557641365496e+03,2.744530330954788599e+00,1.000001108720530052e+00,1.000002661605613685e+00,1.319200545092189024e-03,1.000000028246537553e+00,1.000000754856401386e+00,3.360890956337013165e-05,1.000000028247032047e+00,1.000000754854673213e+00,3.360949885936674836e-05,1.000001108738636679e+00,1.000002661613322408e+00,1.319223551753846398e-03,-2.109802053481894538e-13,-4.441631705618409636e-07,2.975437268033603055e-14,-6.983631181989345775e-07
2.405833926406655337e+03,2.774690004921324782e+00,1.000001111394004161e+00,1.000002652166473105e+00,1.336913214523296816e-03,1.000000029354208175e+00,1.000000755647735273e+00,3.531067388705538959e-05,1.000000029348705910e+00,1.000000755642468153e+00,3.530405625166209378e-05,1.000001111470962156e+00,1.000002652212372389e+00,1.337007274423376467e-03,-2.065080781378308636e-13,-4.293770811401864906e-07,3.008175377052120461e-14,-6.969391130815717652e-07
2.431984295171945178e+03,2.804849678887860964e+00,1.000001113840431000e+00,1.000002642578598833e+00,1.354419709109169973e-03,1.000000030484449409e+00,1.000000756454334505e+00,3.706885002508673405e-05,1.000000030479258450e+00,1.000000756448605754e+00,3.706253902265270998e-05,1.000001113900521599e+00,1.000002642612479287e+00,1.354494287333132038e-03,-2.020360238823279531e-13,-4.148963532621064525e-07,3.040265182945016945e-14,-6.954852321361395341e-07
2.458134663937235018e+03,2.835009352854397147e+00,1.000001116019772818e+00,1.000002632816754167e+00,1.371661913861617820e-03,1.000000031637309883e+00,1.000000757276207963e+00,3.888438282045537155e-05,1.000000031636109510e+00,1.000000757272850871e+00,3.888290881992196565e-05,1.000001116034414883e+00,1.000002632821932913e+00,1.371681440773055236e-03,-1.975658293813248327e-13,-4.007758255532557843e-07,3.071699740227210721e-14,-6.940013869947195927e-07
2.484285032702524859e+03,2.865169026820933329e+00,1.000001117810523033e+00,1.000002622808706887e+00,1.388478423894767876e-03,1.000000032821503071e+00,1.000000758119169220e+00,4.076898303590598648e-05,1.000000032819398088e+00,1.000000758115266342e+00,4.076636978006015791e-05,1.000001117882394430e+00,1.000002622847935729e+00,1.388569250444145111e-03,-1.931102295320098897e-13,-3.871862790672130337e-07,3.102210352576334510e-14,-6.924759643528496677e-07
2.510435401467814245e+03,2.895328700787469511e+00,1.000001119390849791e+00,1.000002612670492619e+00,1.405077635912141973e-03,1.000000034035137819e+00,1.000000758981847593e+00,4.272150604399161555e-05,1.000000034029254747e+00,1.000000758975908122e+00,4.271412288217529227e-05,1.000001119447283093e+00,1.000002612700773952e+00,1.405150044815230061e-03,-1.886677365096022985e-13,-3.738874128727523124e-07,3.131831962390754570e-14,-6.909113759446807010e-07
2.536585770233104085e+03,2.925488374754005694e+00,1.000001120728921888e+00,1.000002602383278871e+00,1.421410924805507252e-03,1.000000035271678689e+00,1.000000759859817512e+00,4.473481757833479473e-05,1.000000035266696896e+00,1.000000759854810850e+00,4.472850069952093681e-05,1.000001120740856564e+00,1.000002602385789530e+00,1.421427654461701910e-03,-1.842417485913288662e-13,-3.609240567933241509e-07,3.160752159285551576e-14,-6.893162662853937113e-07
2.562736138998393926e+03,2.955648048720541876e+00,1.000001121703028906e+00,1.000002591879248559e+00,1.437312832462788207e-03,1.000000036532236569e+00,1.000000760753788853e+00,4.681123974002151860e-05,1.000000036532939784e+00,1.000000760751872164e+00,4.681214243015691394e-05,1.000001121767931878e+00,1.000002591913031758e+00,1.437397609413023063e-03,-1.798516996965110057e-13,-3.484718144963195498e-07,3.188930725206111723e-14,-6.876891240925647508e-07
2.588886507763683767e+03,2.985807722687078058e+00,1.000001122483611837e+00,1.000002581263208068e+00,1.452989707947443089e-03,1.000000037830115041e+00,1.000000761672491301e+00,4.896893533955589171e-05,1.000000037825964805e+00,1.000000761667080296e+00,4.896356510353190626e-05,1.000001122536786635e+00,1.000002581289481052e+00,1.453060170652359590e-03,-1.754857202709156159e-13,-3.362946112556319493e-07,3.215932152146639878e-14,-6.860120720888385479e-07
2.615036876528973607e+03,3.015967396653614241e+00,1.000001123046202700e+00,1.000002570521727474e+00,1.468401967993573356e-03,1.000000039151069275e+00,1.000000762606403137e+00,5.119074292310799089e-05,1.000000039145855668e+00,1.000000762600451232e+00,5.118392796173877596e-05,1.000001123055216601e+00,1.000002570521804302e+00,1.468415402964546972e-03,-1.711479617222172443e-13,-3.244279518650793343e-07,3.242191608501218671e-14,-6.843040776097135051e-07
2.641187245294263448e+03,3.046127070620150423e+00,1.000001123270486403e+00,1.000002559592776175e+00,1.483382174567909710e-03,1.000000040495111708e+00,1.000000763555502603e+00,5.347758407118488670e-05,1.000000040492685871e+00,1.000000763551991634e+00,5.347438284293125620e-05,1.000001123329335995e+00,1.000002559621274045e+00,1.483461557388382349e-03,-1.668644486107867410e-13,-3.130504373251880296e-07,3.267703900787263221e-14,-6.825650946865716028e-07
2.667337614059552834e+03,3.076286744586686162e+00,1.000001123318130292e+00,1.000002548569349115e+00,1.498132667811670872e-03,1.000000041871101697e+00,1.000000764525528885e+00,5.584217988012910760e-05,1.000000041867797673e+00,1.000000764521504548e+00,5.583777584467097306e-05,1.000001123367850742e+00,1.000002548590564588e+00,1.498200661443414459e-03,-1.626139883331957266e-13,-3.019317260344610776e-07,3.292168093405635943e-14,-6.807831431358771655e-07
2.693487982824842675e+03,3.106446418553222344e+00,1.000001123171154305e+00,1.000002537442438610e+00,1.512622304407562233e-03,1.000000043276814354e+00,1.000000765514903245e+00,5.828278715736536712e-05,1.000000043271317862e+00,1.000000765508792133e+00,5.827538740976727783e-05,1.000001123177254758e+00,1.000002537442067352e+00,1.512632219193718597e-03,-1.584007918507154275e-13,-2.910987719357913540e-07,3.315639151113117180e-14,-6.789610943864036036e-07
2.719638351590132061e+03,3.136606092519758526e+00,1.000001122712078638e+00,1.000002526156970051e+00,1.526683699463843649e-03,1.000000044705641633e+00,1.000000766519263617e+00,6.079158604139023536e-05,1.000000044701782720e+00,1.000000766513996053e+00,6.078634125110707434e-05,1.000001122765199257e+00,1.000002526179685880e+00,1.526757647741563192e-03,-1.542571676331368872e-13,-2.807314597571742378e-07,3.338329450770933779e-14,-6.771078029306338025e-07
2.745788720355421901e+03,3.166765766486294709e+00,1.000001122092990746e+00,1.000002514793767450e+00,1.540513409973823201e-03,1.000000046158735723e+00,1.000000767539318103e+00,6.337106505041569719e-05,1.000000046159216893e+00,1.000000767537081670e+00,6.337172840034347332e-05,1.000001122138779674e+00,1.000002514811002330e+00,1.540578001800068037e-03,-1.501537308310630136e-13,-2.706064375853624519e-07,3.360194572822085205e-14,-6.752216713010472162e-07
2.771939089120711742e+03,3.196925440452830891e+00,1.000001121301517859e+00,1.000002503347311222e+00,1.554088011404219493e-03,1.000000047649156176e+00,1.000000768583346966e+00,6.604027620684940942e-05,1.000000047643635925e+00,1.000000768578006571e+00,6.603262825848110805e-05,1.000001121305430063e+00,1.000002503346240967e+00,1.554095176130995334e-03,-1.460942136846901986e-13,-2.607429329082227520e-07,3.380768930482666068e-14,-6.732848612955167809e-07
2.798089457886001583e+03,3.227085114419367073e+00,1.000001120224312867e+00,1.000002491770473290e+00,1.567242164510259305e-03,1.000000049162594662e+00,1.000000769642058529e+00,6.878066550577002834e-05,1.000000049156579029e+00,1.000000769636180564e+00,6.877225273778236078e-05,1.000001120271517552e+00,1.000002491786373460e+00,1.567309961561373513e-03,-1.421167418985118431e-13,-2.513205106834503449e-07,3.400534993040305218e-14,-6.713166983912189402e-07
2.824239826651291423e+03,3.257244788385903256e+00,1.000001119003268046e+00,1.000002480131721994e+00,1.580165029599180874e-03,1.000000050699024978e+00,1.000000770715399945e+00,7.159309915208511934e-05,1.000000050697250842e+00,1.000000770711569675e+00,7.159059756494591423e-05,1.000001119045381914e+00,1.000002480146291894e+00,1.580226267774033745e-03,-1.381849000498850385e-13,-2.421238552737659271e-07,3.419489454164234189e-14,-6.693171814825735748e-07
2.850390195416581264e+03,3.287404462352439438e+00,1.000001117630755720e+00,1.000002468428149882e+00,1.592840093872471092e-03,1.000000052267232320e+00,1.000000771808850608e+00,7.449099931752090455e-05,1.000000052264698347e+00,1.000000771804368638e+00,7.448739193387217763e-05,1.000001117632601355e+00,1.000002468425507329e+00,1.592844504435727507e-03,-1.343015448950072952e-13,-2.331653143425919893e-07,3.437309595211822002e-14,-6.672742197440143885e-07
2.876540564181870650e+03,3.317564136318975621e+00,1.000001115998669698e+00,1.000002456621353231e+00,1.605105930189209195e-03,1.000000053864707583e+00,1.000000772920674130e+00,7.747200401871436341e-05,1.000000053858886684e+00,1.000000772914493519e+00,7.746363614389450590e-05,1.000001116040657223e+00,1.000002456633679593e+00,1.605168110862386461e-03,-1.305100311205548009e-13,-2.246226961670965401e-07,3.454069116160013708e-14,-6.651910951103568433e-07
2.902690932947160491e+03,3.347723810285511803e+00,1.000001114238302069e+00,1.000002444767449816e+00,1.617142906343127734e-03,1.000000055484931316e+00,1.000000774046704510e+00,8.052779901157502604e-05,1.000000055479771444e+00,1.000000774041850837e+00,8.052031475776020165e-05,1.000001114276667158e+00,1.000002444778395727e+00,1.617200389246373476e-03,-1.267680701244360104e-13,-2.162895346937386617e-07,3.469996832225215923e-14,-6.630766796848642039e-07
2.928841301712450331e+03,3.377883484252047985e+00,1.000001112345948684e+00,1.000002432865340518e+00,1.628940566157533994e-03,1.000000057129067255e+00,1.000000775187618762e+00,8.366098113692500924e-05,1.000000057128927811e+00,1.000000775185273083e+00,8.366078163871656958e-05,1.000001112345402454e+00,1.000002432859899093e+00,1.628941578160459248e-03,-1.230773715029227243e-13,-2.081721393047436816e-07,3.485045277776944374e-14,-6.609293243494569544e-07
2.954991670477739717e+03,3.408043158218583724e+00,1.000001110219692402e+00,1.000002420885950816e+00,1.640343150607341538e-03,1.000000058809602965e+00,1.000000776350987941e+00,8.689093836808867968e-05,1.000000058804880076e+00,1.000000776345204567e+00,8.688396533540511933e-05,1.000001110257021875e+00,1.000002420895273358e+00,1.640400125778792738e-03,-1.194858456776627069e-13,-2.004452697837617721e-07,3.498736137600343143e-14,-6.587316241022742368e-07
2.981142039243029558e+03,3.438202832185119906e+00,1.000001107979977988e+00,1.000002408873185367e+00,1.651521015723925829e-03,1.000000060512520994e+00,1.000000777528040841e+00,9.019820465689324513e-05,1.000000060507104882e+00,1.000000777521766082e+00,9.019013690269924864e-05,1.000001108014069384e+00,1.000002408879112847e+00,1.651573661140978916e-03,-1.159464550431682752e-13,-1.929119408115258766e-07,3.511581218593448005e-14,-6.565028429889426453e-07
3.007292408008319399e+03,3.468362506151656088e+00,1.000001105626252773e+00,1.000002396827028628e+00,1.662468880039342243e-03,1.000000062237757170e+00,1.000000778718693750e+00,9.358356147183525425e-05,1.000000062235507636e+00,1.000000778714823291e+00,9.358018476374612728e-05,1.000001105625255349e+00,1.000002396823903128e+00,1.662469218312147409e-03,-1.124595977679559252e-13,-1.855732420699435020e-07,3.523579150528038909e-14,-6.542430254960898616e-07
3.033442776773609239e+03,3.498522180118192271e+00,1.000001103063542729e+00,1.000002384728138960e+00,1.673038222621771884e-03,1.000000063993795152e+00,1.000000779927979533e+00,9.706075160046355715e-05,1.000000063989984200e+00,1.000000779924233862e+00,9.705497771734020434e-05,1.000001103096094468e+00,1.000002384733433392e+00,1.673089439941270263e-03,-1.090770152259074370e-13,-1.785997809063020335e-07,3.534396459291582406e-14,-6.519402374177835554e-07
3.059593145538899080e+03,3.528681854084728453e+00,1.000001100401375576e+00,1.000002372608496337e+00,1.683388400564601742e-03,1.000000065777910008e+00,1.000000781154069207e+00,1.006268146699349007e-04,1.000000065771952329e+00,1.000000781148047357e+00,1.006177073815506088e-04,1.000001100431107348e+00,1.000002372609525958e+00,1.683435736670415260e-03,-1.057479889476749885e-13,-1.718044808492950432e-07,3.544123260663590795e-14,-6.495980995925596657e-07
3.085743514304188466e+03,3.558841528051264635e+00,1.000001097639920955e+00,1.000002360468251084e+00,1.693515774690620718e-03,1.000000067583832308e+00,1.000000782393120513e+00,1.042731790855831237e-04,1.000000067579570162e+00,1.000000782387550968e+00,1.042666101338942752e-04,1.000001097640170533e+00,1.000002360466659690e+00,1.693518018547477983e-03,-1.024725288467992711e-13,-1.651871534075675658e-07,3.552996308084541418e-14,-6.472253084920774703e-07
3.111893883069478306e+03,3.589001202017800818e+00,1.000001094696906012e+00,1.000002348298874688e+00,1.703288438209662418e-03,1.000000069412700032e+00,1.000000783645749181e+00,1.080024708908134708e-04,1.000000069412627202e+00,1.000000783642637447e+00,1.080023649834126203e-04,1.000001094724179529e+00,1.000002348298765442e+00,1.703332739026584830e-03,-9.930246677885491904e-14,-1.589038152339273608e-07,3.560966470140928387e-14,-6.448202032378972184e-07
3.138044251834768147e+03,3.619160875984337000e+00,1.000001091665834396e+00,1.000002336119974355e+00,1.712845978451076620e-03,1.000000071276121894e+00,1.000000784918577246e+00,1.118338042874560644e-04,1.000000071270970237e+00,1.000000784913125162e+00,1.118257292536342532e-04,1.000001091693035304e+00,1.000002336120159319e+00,1.712890527152368314e-03,-9.618739208472874235e-14,-1.527870673198633926e-07,3.567559442148839786e-14,-6.423661897523192520e-07
3.164194620600057988e+03,3.649320549950873183e+00,1.000001088548576833e+00,1.000002323931955761e+00,1.722187900846467107e-03,1.000000073160721703e+00,1.000000786203635306e+00,1.157473725948918175e-04,1.000000073154589497e+00,1.000000786198533609e+00,1.157376793909586048e-04,1.000001088549701267e+00,1.000002323930061054e+00,1.722191554562050014e-03,-9.312630069970374497e-14,-1.468335723215674680e-07,3.573298175611820084e-14,-6.398820498735276128e-07
3.190344989365347828e+03,3.679480223917409365e+00,1.000001085276269297e+00,1.000002311736065241e+00,1.731200975063433654e-03,1.000000075066398875e+00,1.000000787500810118e+00,1.197438457276629996e-04,1.000000075064065186e+00,1.000000787496778676e+00,1.197401321483465347e-04,1.000001085299366155e+00,1.000002311732753224e+00,1.731239697420118269e-03,-9.016924769373071615e-14,-1.411823057579492426e-07,3.578183198191721749e-14,-6.373678726835967281e-07
3.216495358130637214e+03,3.709639897883945103e+00,1.000001081926294555e+00,1.000002299541145723e+00,1.740003569670742168e-03,1.000000077001110821e+00,1.000000788814508601e+00,1.238368482998990466e-04,1.000000076998027732e+00,1.000000788809526364e+00,1.238318993339083431e-04,1.000001081950474546e+00,1.000002299539095363e+00,1.740044339651862461e-03,-8.726816374123483491e-14,-1.356873450461725039e-07,3.581881372135433974e-14,-6.348121488019485213e-07
3.242645726895927055e+03,3.739799571850481286e+00,1.000001078502319452e+00,1.000002287347485641e+00,1.748598582916976486e-03,1.000000078962000716e+00,1.000000790142884455e+00,1.280228870239150823e-04,1.000000078956276406e+00,1.000000790136556406e+00,1.280136160693951604e-04,1.000001078502949614e+00,1.000002287343074503e+00,1.748601490461753911e-03,-8.442066011523651333e-14,-1.303416441259185638e-07,3.584496003388408622e-14,-6.322187466592772782e-07
3.268796095661216441e+03,3.769959245817017468e+00,1.000001074947457047e+00,1.000002275164634913e+00,1.756890136738355982e-03,1.000000080943202141e+00,1.000000791482539286e+00,1.322934008584465226e-04,1.000000080938601155e+00,1.000000791477640982e+00,1.322858917597079589e-04,1.000001074967813874e+00,1.000002275160579268e+00,1.756925296511034369e-03,-8.167444568065832821e-14,-1.252685276445652190e-07,3.586263514800314554e-14,-6.295960005534829543e-07
3.294946464426506282e+03,3.800118919783553650e+00,1.000001071324960522e+00,1.000002262992645496e+00,1.764977304577030302e-03,1.000000082945790236e+00,1.000000792833994678e+00,1.366509577988352130e-04,1.000000082944972446e+00,1.000000792831700958e+00,1.366496218227912821e-04,1.000001071348969317e+00,1.000002262993496815e+00,1.765018749267697074e-03,-7.898445940325557855e-14,-1.203415405912865215e-07,3.587134642673339805e-14,-6.269422816457532924e-07
3.321096833191796122e+03,3.830278593750089833e+00,1.000001067639718633e+00,1.000002250831212969e+00,1.772865551467710677e-03,1.000000084980215531e+00,1.000000794202715815e+00,1.411137503589830668e-04,1.000000084975239956e+00,1.000000794197080545e+00,1.411055000082248045e-04,1.000001067642378505e+00,1.000002250829454820e+00,1.772871860956557648e-03,-7.634698157209653677e-14,-1.155506013477445015e-07,3.586654496885029353e-14,-6.242421539392716702e-07
3.347247201957085963e+03,3.860438267716626015e+00,1.000001063845446181e+00,1.000002238696816370e+00,1.780474952379357224e-03,1.000000087034076834e+00,1.000000795581794000e+00,1.456622724444052951e-04,1.000000087028591444e+00,1.000000795575468393e+00,1.456531046724903031e-04,1.000001063864976336e+00,1.000002238695017587e+00,1.780509532553419113e-03,-7.380697235931203667e-14,-1.110047591516595482e-07,3.585339565118792905e-14,-6.215135111684009386e-07
3.373397570722375804e+03,3.890597941683162198e+00,1.000001059993151697e+00,1.000002226582527687e+00,1.787887266376129644e-03,1.000000089107239365e+00,1.000000796971090455e+00,1.502970589209437274e-04,1.000000089104772671e+00,1.000000796966602268e+00,1.502929117940309607e-04,1.000001060013668397e+00,1.000002226579783215e+00,1.787923767048692431e-03,-7.132282303495931985e-14,-1.065950693787237118e-07,3.583192151953366803e-14,-6.187564843817520524e-07
3.399547939487665644e+03,3.920757615649698380e+00,1.000001056088440921e+00,1.000002214487053731e+00,1.795109745815081813e-03,1.000000091206922681e+00,1.000000798374219402e+00,1.550311388802308292e-04,1.000000091203519847e+00,1.000000798370211497e+00,1.550253688553346364e-04,1.000001056090601415e+00,1.000002214483512786e+00,1.795115313887743393e-03,-6.888957858285324735e-14,-1.023090266280574155e-07,3.579890109397514286e-14,-6.159602482206458534e-07
3.425698308252955485e+03,3.950917289616234562e+00,1.000001052094356968e+00,1.000002202432563214e+00,1.802077033454363647e-03,1.000000093330233319e+00,1.000000799789402040e+00,1.598605963628660766e-04,1.000000093324577399e+00,1.000000799784410255e+00,1.598509234089446414e-04,1.000001052112167388e+00,1.000002202430885889e+00,1.802109436116168441e-03,-6.654918917635854421e-14,-9.824271388402869229e-08,3.575545988500717847e-14,-6.131288114627815461e-07
3.451848677018244871e+03,3.981076963582770745e+00,1.000001048051389674e+00,1.000002190406757752e+00,1.808855505596664850e-03,1.000000095471846429e+00,1.000000801213788648e+00,1.647771676809234385e-04,1.000000095467433736e+00,1.000000801208369872e+00,1.647695675959969712e-04,1.000001048066930132e+00,1.000002190397891955e+00,1.808884223150416300e-03,-6.426375696523999374e-14,-9.430285281015169005e-08,3.570388199587557359e-14,-6.102699733520925703e-07
3.477999045783534712e+03,4.011236637549306927e+00,1.000001043965426328e+00,1.000002178407032760e+00,1.815453482954571159e-03,1.000000097632735008e+00,1.000000802647774023e+00,1.697832629932455187e-04,1.000000097631686513e+00,1.000000802643626896e+00,1.697814562116595747e-04,1.000001043970715875e+00,1.000002178408176290e+00,1.815464576965135747e-03,-6.202721673979683475e-14,-9.047506433287079451e-08,3.564368950589283047e-14,-6.073821831117559994e-07
3.504149414548824552e+03,4.041396311515843109e+00,1.000001039807638659e+00,1.000002166460110420e+00,1.821818769700390668e-03,1.000000099821955590e+00,1.000000804095498186e+00,1.748955061137419788e-04,1.000000099817030641e+00,1.000000804089879125e+00,1.748868947211544437e-04,1.000001039822520088e+00,1.000002166456196884e+00,1.821846737335498009e-03,-5.987836452068219800e-14,-8.684372699054135079e-08,3.557066218157472182e-14,-6.044514672941177026e-07
3.530299783314114393e+03,4.071555985482379292e+00,1.000001035609598077e+00,1.000002154549769262e+00,1.828004276764367761e-03,1.000000102028383742e+00,1.000000805551341188e+00,1.800953720862009781e-04,1.000000102023153259e+00,1.000000805546817917e+00,1.800861578216054310e-04,1.000001035620159628e+00,1.000002154534934684e+00,1.828024812453712088e-03,-5.778312109672727868e-14,-8.332947675198024410e-08,3.548973758042120947e-14,-6.014944553577073957e-07
3.556450152079404234e+03,4.101715659448915474e+00,1.000001031377102612e+00,1.000002142671839289e+00,1.834018735210759653e-03,1.000000104251854482e+00,1.000000807015141602e+00,1.853832425169768885e-04,1.000000104249348265e+00,1.000000807011537374e+00,1.853788052279315465e-04,1.000001031383958017e+00,1.000002142674948802e+00,1.834032817314119358e-03,-5.573445488377181435e-14,-7.991654762129820166e-08,3.540095457572482932e-14,-5.985113162263029967e-07
3.582600520844694074e+03,4.131875333415451657e+00,1.000001027088363914e+00,1.000002130856592952e+00,1.839821764052642717e-03,1.000000106498655894e+00,1.000000808489576620e+00,1.907710497525040713e-04,1.000000106495163132e+00,1.000000808484460713e+00,1.907648132735307190e-04,1.000001027098895934e+00,1.000002130847976511e+00,1.839842519914791511e-03,-5.376795883535019108e-14,-7.667878846057912138e-08,3.530129907719699864e-14,-5.954921494098565395e-07
3.608750889609983460e+03,4.162035007381987839e+00,1.000001022767468495e+00,1.000002119085139807e+00,1.845454618426657385e-03,1.000000108765962237e+00,1.000000809973023985e+00,1.962546100556973464e-04,1.000000108760426887e+00,1.000000809966778093e+00,1.962446436188028799e-04,1.000001022779134274e+00,1.000002119074331342e+00,1.845477555229455826e-03,-5.185336051994032627e-14,-7.354913614356226033e-08,3.519194472726730498e-14,-5.924409854773033332e-07
3.634901258375272846e+03,4.192194681348523133e+00,1.000001018419815590e+00,1.000002107351552816e+00,1.850925849616164107e-03,1.000000111049110352e+00,1.000000811463268580e+00,2.018262530822204385e-04,1.000000111044789808e+00,1.000000811458153338e+00,2.018184231741572670e-04,1.000001018426468935e+00,1.000002107353813896e+00,1.850939826872849935e-03,-4.998281558955195691e-14,-7.051086499165678026e-08,3.507502763044431284e-14,-5.893649354294219736e-07
3.661051627140562232e+03,4.222354355315059316e+00,1.000001014029649138e+00,1.000002095688750092e+00,1.856205566163745321e-03,1.000000113348931796e+00,1.000000812960547769e+00,2.074881220188898139e-04,1.000000113347894182e+00,1.000000812958243834e+00,2.074862463609073403e-04,1.000001014034282543e+00,1.000002095672941627e+00,1.856215929849610539e-03,-4.818874067510372382e-14,-6.762840515823876630e-08,3.495010045027832077e-14,-5.862625729675204948e-07
3.687201995905852073e+03,4.252514029281595498e+00,1.000001009614874814e+00,1.000002084076276665e+00,1.861325111580513971e-03,1.000000115672901480e+00,1.000000814467552512e+00,2.132546518373609854e-04,1.000000115668346679e+00,1.000000814462908894e+00,2.132462794674834408e-04,1.000001009626316550e+00,1.000002084067017183e+00,1.861348084622556874e-03,-4.644456616034756617e-14,-6.484549016440860537e-08,3.481338187828735354e-14,-5.831216394009259058e-07
3.713352364671141913e+03,4.282673703248131680e+00,1.000001005180241931e+00,1.000002072506314121e+00,1.866292338135770983e-03,1.000000118011431738e+00,1.000000815980138791e+00,2.191089887844116112e-04,1.000000118006212135e+00,1.000000815974263491e+00,2.190993235072822936e-04,1.000001005184833147e+00,1.000002072504930117e+00,1.866302738353034117e-03,-4.474179113143136428e-14,-6.214480270186046147e-08,3.466943938508498051e-14,-5.799571663900015005e-07
3.739502733436431754e+03,4.312833377214667863e+00,1.000001000715127430e+00,1.000002061013643306e+00,1.871086604800165348e-03,1.000000120364332945e+00,1.000000817498128303e+00,2.250513490421898017e-04,1.000000120361351108e+00,1.000000817492946670e+00,2.250458006657283497e-04,1.000001000721755240e+00,1.000002061003119058e+00,1.871100869657971394e-03,-4.310974112592574136e-14,-5.958237099953468070e-08,3.451832513549601705e-14,-5.767693554154011952e-07
3.765653102201721595e+03,4.342993051181204045e+00,1.000000996232401018e+00,1.000002049577175312e+00,1.875730947133565953e-03,1.000000122736795172e+00,1.000000819023141752e+00,2.310920683174789146e-04,1.000000122733373686e+00,1.000000819018592946e+00,2.310856547329773213e-04,1.000000996242123907e+00,1.000002049566926177e+00,1.875751122116889671e-03,-4.152537707329843732e-14,-5.711136550370961724e-08,3.435731687518805744e-14,-5.735494450789131851e-07
3.791803470967011435e+03,4.373152725147740227e+00,1.000000991735961797e+00,1.000002038187114417e+00,1.880232066405140194e-03,1.000000125126166983e+00,1.000000820553802239e+00,2.372268874591960237e-04,1.000000125121883299e+00,1.000000820550831282e+00,2.372187958691333778e-04,1.000000991736586631e+00,1.000002038179354180e+00,1.880235115731264915e-03,-3.997969463670301124e-14,-5.471419248494952115e-08,3.418758980808428666e-14,-5.703013630623511929e-07
3.817953839732301276e+03,4.403312399114276410e+00,1.000000987219497706e+00,1.000002026879410089e+00,1.884577375561261254e-03,1.000000127528543725e+00,1.000000822088594754e+00,2.434490156524891176e-04,1.000000127524557136e+00,1.000000822084077479e+00,2.434414363570157086e-04,1.000000987226922655e+00,1.000002026871945393e+00,1.884593409984431332e-03,-3.849905715602241756e-14,-5.243942587574797007e-08,3.401107553131400134e-14,-5.670314034610081865e-07
3.844104208497590662e+03,4.433472073080812592e+00,1.000000982691869877e+00,1.000002015633143060e+00,1.888783120254219341e-03,1.000000129944579319e+00,1.000000823627571034e+00,2.497602196804875807e-04,1.000000129942461013e+00,1.000000823622578583e+00,2.497561805433139810e-04,1.000000982698299401e+00,1.000002015619392504e+00,1.888797334418179565e-03,-3.706373573269831117e-14,-5.024842392212131311e-08,3.382737212962266346e-14,-5.637383093988692421e-07
3.870254577262880503e+03,4.463631747047348775e+00,1.000000978155973996e+00,1.000002004436497671e+00,1.892854466307291629e-03,1.000000132380033158e+00,1.000000825171898367e+00,2.561721806881848864e-04,1.000000132375268302e+00,1.000000825166212248e+00,2.561629940542219032e-04,1.000000978158420262e+00,1.000002004431473468e+00,1.892861051670464154e-03,-3.566436844410639851e-14,-4.812357997453764676e-08,3.363322011871005331e-14,-5.604117302046881081e-07
3.896404946028170343e+03,4.493791421013884957e+00,1.000000973609087573e+00,1.000001993326004257e+00,1.896785785441919845e-03,1.000000134827064180e+00,1.000000826719048330e+00,2.626703843922823314e-04,1.000000134822555786e+00,1.000000826714589897e+00,2.626616365179898710e-04,1.000000973615791988e+00,1.000001993319040938e+00,1.896800693903885875e-03,-3.432451643200362636e-14,-4.610686891826708948e-08,3.343269911825429112e-14,-5.570648193302905427e-07
3.922555314793460184e+03,4.523951094980421139e+00,1.000000969056945355e+00,1.000001982281567114e+00,1.900587893977244685e-03,1.000000137285463664e+00,1.000000828268831743e+00,2.692548755525575057e-04,1.000000137283597157e+00,1.000000828266627728e+00,2.692512519922356999e-04,1.000000969058478351e+00,1.000001982261879752e+00,1.900592742488110051e-03,-3.302750930791646793e-14,-4.416672574019492408e-08,3.322587162460884348e-14,-5.536978045527575711e-07
3.948705683558750025e+03,4.554110768946957322e+00,1.000000964501326806e+00,1.000001971289345537e+00,1.904264098825267327e-03,1.000000139759189999e+00,1.000000829821723558e+00,2.759339153601206708e-04,1.000000139755789830e+00,1.000000829817170978e+00,2.759272407643696798e-04,1.000000964505993295e+00,1.000001971287628688e+00,1.904275148701726908e-03,-3.176376305041420039e-14,-4.228575028965429698e-08,3.301037551498257150e-14,-5.503032443292069380e-07
3.974856052324039865e+03,4.584270442913493504e+00,1.000000959942449530e+00,1.000001960385937583e+00,1.907814696313018827e-03,1.000000142245871304e+00,1.000000831376678612e+00,2.827033910774559892e-04,1.000000142240804024e+00,1.000000831370957410e+00,2.826933603418424500e-04,1.000000959946861556e+00,1.000001960376970755e+00,1.907825296501551972e-03,-3.055421722639703187e-14,-4.050010625413939738e-08,3.278734142587572687e-14,-5.468848380749847144e-07
4.001006421089329251e+03,4.614430116880029686e+00,1.000000955383700818e+00,1.000001949552621339e+00,1.911246334900560968e-03,1.000000144742432040e+00,1.000000832932923522e+00,2.895576580210543855e-04,1.000000144738194319e+00,1.000000832927584016e+00,2.895492225323709505e-04,1.000000955384443557e+00,1.000001949533183776e+00,1.911249646718184711e-03,-2.938499073650774208e-14,-3.878429692011393099e-08,3.255845295204602575e-14,-5.434479623269859302e-07
4.027156789854619092e+03,4.644589790846565869e+00,1.000000950825668866e+00,1.000001938773556809e+00,1.914560203786405982e-03,1.000000147249316074e+00,1.000000834490300194e+00,2.964979979211296865e-04,1.000000147247510185e+00,1.000000834486645118e+00,2.964944052335772825e-04,1.000000950830760127e+00,1.000001938772431043e+00,1.914572275619298887e-03,-2.824640057518463597e-14,-3.712130512381948132e-08,3.232336662863127851e-14,-5.399915713182614476e-07
4.053307158619908932e+03,4.674749464813102051e+00,1.000000946270948265e+00,1.000001928084987224e+00,1.917761589644069280e-03,1.000000149770488900e+00,1.000000836048426711e+00,3.035328519529183352e-04,1.000000149767373614e+00,1.000000836045880526e+00,3.035265838905343186e-04,1.000000946271498270e+00,1.000001928071618362e+00,1.917764519084954244e-03,-2.715695739538261400e-14,-3.554218600389041699e-08,3.207939898001631835e-14,-5.365073530699931493e-07
4.079457527385198773e+03,4.704909138779638234e+00,1.000000941721234771e+00,1.000001917469992341e+00,1.920854081016208550e-03,1.000000152300011047e+00,1.000000837606480175e+00,3.106506659141857070e-04,1.000000152295658529e+00,1.000000837601795922e+00,3.106418353490866791e-04,1.000000941723741432e+00,1.000001917454474532e+00,1.920861003021983975e-03,-2.610529356703429200e-14,-3.402662727646667141e-08,3.183005244049964413e-14,-5.330063631278113640e-07
4.105607896150488159e+03,4.735068812746174416e+00,1.000000937175880233e+00,1.000001906910783056e+00,1.923836544011684824e-03,1.000000154837660915e+00,1.000000839164265187e+00,3.178513124092621593e-04,1.000000154834140398e+00,1.000000839158613264e+00,3.178441347317899216e-04,1.000000937179611249e+00,1.000001906907646898e+00,1.923846005805518932e-03,-2.508173666647212272e-14,-3.255813638930598727e-08,3.157539664074086513e-14,-5.294888486773262586e-07
4.131758264915778454e+03,4.765228486712710598e+00,1.000000932639353968e+00,1.000001896442886729e+00,1.926718382445796610e-03,1.000000157386066402e+00,1.000000840721056772e+00,3.251405391719210526e-04,1.000000157382352262e+00,1.000000840715917771e+00,3.251329173538993356e-04,1.000000932638171580e+00,1.000001896428230008e+00,1.926717736683018290e-03,-2.410256622587251545e-14,-3.116330103477379864e-08,3.131347967841312052e-14,-5.259488302099737623e-07
4.157908633681067840e+03,4.795388160679246781e+00,1.000000928112231513e+00,1.000001886051531397e+00,1.929501139359398503e-03,1.000000159943233768e+00,1.000000842276218771e+00,3.325146232059750608e-04,1.000000159939822941e+00,1.000000842273291113e+00,3.325075851424644366e-04,1.000000928114871623e+00,1.000001886037375609e+00,1.929508418844694305e-03,-2.315865420735849627e-14,-2.982619920608377030e-08,3.104534450633883154e-14,-5.223896581424157106e-07
4.184059002446357226e+03,4.825547834645782075e+00,1.000000923592610169e+00,1.000001875717051236e+00,1.932181203117190214e-03,1.000000162506961887e+00,1.000000843829736974e+00,3.399693031436914342e-04,1.000000162504295131e+00,1.000000843827110630e+00,3.399637795947776605e-04,1.000000923593267199e+00,1.000001875709472854e+00,1.932184361893577807e-03,-2.224043429283056624e-14,-2.853097042429454573e-08,3.077239705194380395e-14,-5.188157208412563630e-07
4.210209371211646612e+03,4.855707508612318257e+00,1.000000919086408757e+00,1.000001865473969742e+00,1.934771327224763622e-03,1.000000165077456593e+00,1.000000845381225467e+00,3.475052701022235879e-04,1.000000165074608871e+00,1.000000845375970115e+00,3.474993326684412166e-04,1.000000919087951079e+00,1.000001865464433815e+00,1.934776352510103169e-03,-2.136215238881074071e-14,-2.730030078262565642e-08,3.049436287826140879e-14,-5.152262204624412255e-07
4.236359739976936908e+03,4.885867182578854440e+00,1.000000914593548451e+00,1.000001855309912147e+00,1.937271871815857745e-03,1.000000167656866390e+00,1.000000846928775333e+00,3.551273399557957765e-04,1.000000167652408845e+00,1.000000846923358333e+00,3.551179574267143073e-04,1.000000914594713297e+00,1.000001855294684550e+00,1.937276111009368943e-03,-2.051665456371981697e-14,-2.612197227734289108e-08,3.020916033410595429e-14,-5.116149511521987180e-07
4.262510108742226294e+03,4.916026856545390622e+00,1.000000910110875774e+00,1.000001845203424056e+00,1.939676638632422540e-03,1.000000170241249098e+00,1.000000848473305171e+00,3.628274608451703210e-04,1.000000170237213215e+00,1.000000848468853842e+00,3.628189210098681922e-04,1.000000910108494789e+00,1.000001845191560435e+00,1.939673329313445702e-03,-1.969456212835293406e-14,-2.498083776931597182e-08,2.991965540425650960e-14,-5.079907161217720385e-07
4.288660477507516589e+03,4.946186530511926804e+00,1.000000905645382687e+00,1.000001835187785071e+00,1.942001020834004717e-03,1.000000172830377343e+00,1.000000850014619802e+00,3.706053402712832434e-04,1.000000172828537037e+00,1.000000850012032760e+00,3.706014582341531213e-04,1.000000905647989713e+00,1.000001835180798437e+00,1.942008370093897861e-03,-1.890828039602888563e-14,-2.389619388469734889e-08,2.962592160886394851e-14,-5.043537747760626160e-07
4.314810846272805975e+03,4.976346204478462987e+00,1.000000901196737013e+00,1.000001825253207244e+00,1.944244975655375421e-03,1.000000175425487470e+00,1.000000851550774561e+00,3.784638316764874963e-04,1.000000175423028326e+00,1.000000851547742764e+00,3.784585926579101347e-04,1.000000901194885383e+00,1.000001825234636543e+00,1.944242732813607644e-03,-1.815237713357777122e-14,-2.285891532954197228e-08,2.932644821788410330e-14,-5.006997099869734112e-07
4.340961215038095361e+03,5.006505878444999169e+00,1.000000896760557811e+00,1.000001815376548642e+00,1.946399654959199855e-03,1.000000178025052922e+00,1.000000853081607355e+00,3.863998563417756459e-04,1.000000178020971076e+00,1.000000853077063434e+00,3.863910652390463506e-04,1.000000896761306768e+00,1.000001815369336855e+00,1.946403025788243264e-03,-1.741772925248554300e-14,-2.185462340376417658e-08,2.902215265613091452e-14,-4.970314120405003356e-07
4.367111583803385656e+03,5.036665552411535351e+00,1.000000892344594661e+00,1.000001805589663340e+00,1.948482469382973106e-03,1.000000180627763635e+00,1.000000854607857814e+00,3.944107281912912692e-04,1.000000180623642265e+00,1.000000854602541400e+00,3.944018004238996396e-04,1.000000892346655901e+00,1.000001805582803938e+00,1.948488709049526731e-03,-1.671508695485851520e-14,-2.089967306174174380e-08,2.871414734605878571e-14,-4.933522411533155941e-07
4.393261952568675042e+03,5.066825226378071534e+00,1.000000887948580219e+00,1.000001795885464562e+00,1.950493624657056307e-03,1.000000183233566098e+00,1.000000856128899329e+00,4.024964535353006407e-04,1.000000183230552953e+00,1.000000856123755888e+00,4.024899083330272988e-04,1.000000887942252170e+00,1.000001795861450660e+00,1.950481456063405360e-03,-1.604050359024619676e-14,-1.998751095941155727e-08,2.840223453628359661e-14,-4.896616779913034639e-07
4.419412321333965338e+03,5.096984900344607716e+00,1.000000883566941390e+00,1.000001786239231416e+00,1.952421588613614421e-03,1.000000185842822686e+00,1.000000857641363483e+00,4.106579539093101932e-04,1.000000185841210865e+00,1.000000857640283236e+00,4.106544683284352117e-04,1.000000883569060584e+00,1.000001786234109735e+00,1.952427996543486255e-03,-1.538516683573361980e-14,-1.910456331828973041e-08,2.808493371488637672e-14,-4.859556291653081856e-07
4.445562690099254723e+03,5.127144574311143899e+00,1.000000879207912252e+00,1.000001776681247900e+00,1.954285227456799105e-03,1.000000188453624705e+00,1.000000859147895493e+00,4.188911224331595424e-04,1.000000188450970162e+00,1.000000859145298904e+00,4.188853009081927570e-04,1.000000879207892934e+00,1.000001776672262199e+00,1.954286902808468132e-03,-1.475834752280961582e-14,-1.826464589861896544e-08,2.776444511179995916e-14,-4.822405578724623234e-07
4.471713058864544109e+03,5.157304248277680081e+00,1.000000874871556755e+00,1.000001767207200132e+00,1.956085571288602130e-03,1.000000191065744337e+00,1.000000860648305290e+00,4.271955103593763473e-04,1.000000191062013544e+00,1.000000860642723755e+00,4.271872507267817720e-04,1.000000874868245848e+00,1.000001767188390289e+00,1.956079879823518185e-03,-1.415736677634131570e-14,-1.746331691890797142e-08,2.744084302116267749e-14,-4.785167285634345262e-07
4.497863427629834405e+03,5.187463922244216263e+00,1.000000870551159382e+00,1.000001757790905055e+00,1.957808406506215525e-03,1.000000193679005722e+00,1.000000862139442948e+00,4.355707738764293341e-04,1.000000193675020466e+00,1.000000862133971768e+00,4.355618958332517087e-04,1.000000870552985699e+00,1.000001757785500933e+00,1.957814218150587433e-03,-1.357376634476076092e-14,-1.668782468895321036e-08,2.711306987031536315e-14,-4.747813436742231068e-07
4.524013796395123791e+03,5.217623596210752446e+00,1.000000866255213339e+00,1.000001748460975559e+00,1.959473570762387210e-03,1.000000196292423871e+00,1.000000863621671732e+00,4.440147297163505040e-04,1.000000196289499987e+00,1.000000863618627056e+00,4.440082029682543676e-04,1.000000866251675280e+00,1.000001748447794547e+00,1.959467265011334385e-03,-1.301550223668932726e-14,-1.594979466362502336e-08,2.678188677963373978e-14,-4.710367361314794515e-07
4.550164165160414086e+03,5.247783270177288628e+00,1.000000861984315703e+00,1.000001739215888419e+00,1.961083381823615010e-03,1.000000198905571125e+00,1.000000865096457581e+00,4.525264110714282773e-04,1.000000198904959836e+00,1.000000865096272396e+00,4.525251101292421599e-04,1.000000861982607958e+00,1.000001739200167661e+00,1.961081186887952965e-03,-1.248096490648747285e-14,-1.524651032302899467e-08,2.644810990793668200e-14,-4.672852278898777213e-07
4.576314533925703472e+03,5.277942944143824811e+00,1.000000857730664494e+00,1.000001730028114988e+00,1.962620969559306094e-03,1.000000201518119081e+00,1.000000866562927637e+00,4.611050556217104819e-04,1.000000201515286236e+00,1.000000866558298895e+00,4.610986665833557963e-04,1.000000857730635850e+00,1.000001730020241952e+00,1.962622587410680665e-03,-1.196208269420494813e-14,-1.456604688988186348e-08,2.611162265979306600e-14,-4.635266014542770846e-07
4.602464902690993767e+03,5.308102618110360993e+00,1.000000853502820863e+00,1.000001720924524662e+00,1.964106712428150079e-03,1.000000204128723258e+00,1.000000868016360123e+00,4.697475464048111679e-04,1.000000204124976255e+00,1.000000868011772237e+00,4.697390195440009084e-04,1.000000853501197717e+00,1.000001720914778458e+00,1.964104653219861819e-03,-1.146564928621853035e-14,-1.391815117847671862e-08,2.577152159171916067e-14,-4.597588257120893308e-07
4.628615271456283153e+03,5.338262292076897175e+00,1.000000849302077999e+00,1.000001711906373103e+00,1.965544614814567371e-03,1.000000206737486685e+00,1.000000869461062925e+00,4.784540451055192107e-04,1.000000206733893782e+00,1.000000869456802555e+00,4.784458287056773539e-04,1.000000849300412664e+00,1.000001711891465472e+00,1.965542429892637357e-03,-1.099094568196258894e-14,-1.330149265233985424e-08,2.542934012356100721e-14,-4.559860015056782406e-07
4.654765640221572539e+03,5.368421966043433358e+00,1.000000845119612958e+00,1.000001702944907533e+00,1.966915205904661446e-03,1.000000209344188207e+00,1.000000870896855965e+00,4.872239650577754534e-04,1.000000209341552537e+00,1.000000870892983729e+00,4.872179331520308737e-04,1.000000845116293169e+00,1.000001702932584946e+00,1.966909141531607806e-03,-1.053030968608762992e-14,-1.270496455249318331e-08,2.508515049063025657e-14,-4.522083914652337304e-07
4.680916008986862835e+03,5.398581640009969540e+00,1.000000840963900073e+00,1.000001694065213442e+00,1.968239036215308196e-03,1.000000211947255524e+00,1.000000872319431133e+00,4.960535454850861260e-04,1.000000211946792117e+00,1.000000872318962841e+00,4.960525659049074346e-04,1.000000840964567761e+00,1.000001694059339474e+00,1.968242253880942566e-03,-1.008951273697036592e-14,-1.213670303762422186e-08,2.473834247135948889e-14,-4.484248321312787179e-07
4.707066377752152221e+03,5.428741313976505722e+00,1.000000836837044105e+00,1.000001685271274754e+00,1.969522108734691850e-03,1.000000214546302502e+00,1.000000873729711914e+00,5.049417350509123516e-04,1.000000214543909305e+00,1.000000873727113548e+00,5.049362109137679961e-04,1.000000836833960793e+00,1.000001685255087480e+00,1.969516500564253824e-03,-9.668566979167261661e-15,-1.159648365439480189e-08,2.438949839998379946e-14,-4.446370191852163295e-07
4.733216746517442516e+03,5.458900987943041905e+00,1.000000832729267763e+00,1.000001676533232686e+00,1.970742416633139166e-03,1.000000217141750802e+00,1.000000875129843481e+00,5.138893739656968549e-04,1.000000217138057312e+00,1.000000875125042210e+00,5.138807444460308411e-04,1.000000832726141375e+00,1.000001676521369065e+00,1.970736658987650748e-03,-9.260234061617930305e-15,-1.107400138583857284e-08,2.403914711747184582e-14,-4.408462541111745539e-07
4.759367115282730992e+03,5.489060661909577199e+00,1.000000828648829110e+00,1.000001667874367062e+00,1.971920359627110913e-03,1.000000219732991136e+00,1.000000876518707171e+00,5.228948711510097123e-04,1.000000219728760742e+00,1.000000876512358028e+00,5.228849192012978040e-04,1.000000828650229101e+00,1.000001667870112021e+00,1.971925324985021773e-03,-8.869390812284104345e-15,-1.057601980372570046e-08,2.368725440459957034e-14,-4.370526366533136461e-07
4.785517484048021288e+03,5.519220335876113381e+00,1.000000824598733074e+00,1.000001659301324564e+00,1.973064200119835267e-03,1.000000222317090959e+00,1.000000877890367956e+00,5.319510446788738986e-04,1.000000222315545084e+00,1.000000877888671980e+00,5.319474639777179619e-04,1.000000824592890636e+00,1.000001659281960054e+00,1.973051847746263784e-03,-8.496639803028388882e-15,-1.010317611560038094e-08,2.333345045929900918e-14,-4.332560978124637655e-07
4.811667852813310674e+03,5.549380009842649564e+00,1.000000820568320181e+00,1.000001650783257201e+00,1.974149483657493525e-03,1.000000224896092194e+00,1.000000879250687813e+00,5.410625267173897876e-04,1.000000224896057555e+00,1.000000879251064179e+00,5.410625652033179906e-04,1.000000820567429338e+00,1.000001650774685613e+00,1.974148960206915503e-03,-8.135173546356235867e-15,-9.645941442401414186e-09,2.297862604402757821e-14,-4.294584150618385964e-07
4.837818221578600969e+03,5.579539683809185746e+00,1.000000816565532080e+00,1.000001642341642905e+00,1.975196192176848897e-03,1.000000227469785008e+00,1.000000880599501318e+00,5.502286102394617637e-04,1.000000227466478986e+00,1.000000880594751562e+00,5.502207382919361862e-04,1.000000816566218864e+00,1.000001642336945773e+00,1.975199466538540838e-03,-7.789089730798286778e-15,-9.209909895465050599e-09,2.262284890409267407e-14,-4.256598429030167665e-07
4.863968590343890355e+03,5.609699357775721928e+00,1.000000812594325383e+00,1.000001633985695859e+00,1.976215031691495698e-03,1.000000230035251958e+00,1.000000881931419228e+00,5.594419913055642592e-04,1.000000230031339976e+00,1.000000881926151441e+00,5.594326063995662011e-04,1.000000812587473531e+00,1.000001633965565073e+00,1.976199973857067135e-03,-7.459458314560909996e-15,-8.796382676930418487e-09,2.226593457584343121e-14,-4.218608260779384915e-07
4.890118959109179741e+03,5.639859031742258111e+00,1.000000808643229488e+00,1.000001625683692552e+00,1.977179194961825679e-03,1.000000232592744398e+00,1.000000883247941452e+00,5.687029623668575680e-04,1.000000232590181337e+00,1.000000883244893446e+00,5.686968275948123871e-04,1.000000808643038530e+00,1.000001625676264494e+00,1.977180327012860624e-03,-7.139903417316560349e-15,-8.396577818778315218e-09,2.190827304814135374e-14,-4.180623629260207461e-07
4.916269327874470036e+03,5.670018705708794293e+00,1.000000804719787473e+00,1.000001617455323677e+00,1.978108012471980169e-03,1.000000235143480909e+00,1.000000884551828895e+00,5.780142055130028413e-04,1.000000235142544325e+00,1.000000884550607649e+00,5.780120389582804304e-04,1.000000804718433889e+00,1.000001617448315283e+00,1.978106277037130958e-03,-6.833847367989785281e-15,-8.015099489909138929e-09,2.155012464682798868e-14,-4.142647772074964129e-07
4.942419696639759422e+03,5.700178379675330476e+00,1.000000800828943159e+00,1.000001609312270112e+00,1.979014786180715007e-03,1.000000237686571092e+00,1.000000885841724863e+00,5.873732556465003632e-04,1.000000237684740556e+00,1.000000885838729481e+00,5.873688717153553946e-04,1.000000800824695668e+00,1.000001609296330196e+00,1.979005874700546196e-03,-6.542720942255484844e-15,-7.653741123748951390e-09,2.119153562942572070e-14,-4.104684930846483252e-07
4.968570065405049718e+03,5.730338053641866658e+00,1.000000796958486537e+00,1.000001601222042291e+00,1.979870461875361635e-03,1.000000240217647107e+00,1.000000887110645831e+00,5.967689618777994318e-04,1.000000240215206393e+00,1.000000887107567182e+00,5.967630417877723987e-04,1.000000796957590143e+00,1.000001601213811764e+00,1.979869812737366109e-03,-6.260575351995646619e-15,-7.304432429984327040e-09,2.083261161984741341e-14,-4.066752614989593697e-07
4.994720434170339104e+03,5.760497727608402840e+00,1.000000793115503273e+00,1.000001593202576533e+00,1.980693534455985495e-03,1.000000242740570533e+00,1.000000888365862206e+00,6.062104966951201851e-04,1.000000242737641099e+00,1.000000888362194917e+00,6.062033280931476307e-04,1.000000793112202357e+00,1.000001593193365679e+00,1.980686862028041562e-03,-5.990250274760296540e-15,-6.970939666317674291e-09,2.047364604060294218e-14,-4.028846307245240098e-07
5.020870802935628490e+03,5.790657401574939023e+00,1.000000789305931725e+00,1.000001585267900728e+00,1.981499989447319497e-03,1.000000245255147746e+00,1.000000889607227883e+00,6.156970542308502900e-04,1.000000245251605691e+00,1.000000889602265408e+00,6.156883131867070145e-04,1.000000789302821991e+00,1.000001585254071568e+00,1.981493746853615814e-03,-5.733445882861053415e-15,-6.655412997127764216e-09,2.011470019909946638e-14,-3.990968415849387676e-07
5.047021171700918785e+03,5.820817075541475205e+00,1.000000785516893309e+00,1.000001577384862506e+00,1.982258638467447077e-03,1.000000247757198757e+00,1.000000890828373290e+00,6.252177588519576860e-04,1.000000247756662963e+00,1.000000890827433819e+00,6.252165617409271561e-04,1.000000785514006951e+00,1.000001577374070028e+00,1.982252911934044223e-03,-5.484631644249981661e-15,-6.350457676977785218e-09,1.975598064110330115e-14,-3.953138843028334078e-07
5.073171540466208171e+03,5.850976749508011387e+00,1.000000781754968093e+00,1.000001569569684223e+00,1.982986977569640638e-03,1.000000250247631062e+00,1.000000892031374766e+00,6.347744211534302227e-04,1.000000250247676803e+00,1.000000892031444710e+00,6.347746961290935555e-04,1.000000781754696755e+00,1.000001569565086124e+00,1.982987839543686598e-03,-5.246146935507729042e-15,-6.059135736185235203e-09,1.939768038468010587e-14,-3.915360209513873924e-07
5.099321909231498466e+03,5.881136423474547570e+00,1.000000778027088089e+00,1.000001561838619546e+00,1.983703744839467736e-03,1.000000252728388883e+00,1.000000893219531450e+00,6.443715424934487370e-04,1.000000252725649519e+00,1.000000893215877706e+00,6.443647207706793868e-04,1.000000778023773629e+00,1.000001561825014873e+00,1.983696837361171358e-03,-5.019883674416780108e-15,-5.783836799713084100e-09,1.903981776230579450e-14,-3.877626615803017864e-07
5.125472277996787852e+03,5.911296097441083752e+00,1.000000774319775632e+00,1.000001554157953665e+00,1.984375735739503203e-03,1.000000255198308485e+00,1.000000894391263495e+00,6.540057607528025879e-04,1.000000255193266296e+00,1.000000894384341255e+00,6.539930059181724847e-04,1.000000774313744678e+00,1.000001554143029381e+00,1.984361816692711746e-03,-4.800717278288145147e-15,-5.517801952200014135e-09,1.868251479099186545e-14,-3.839945537986289697e-07
5.151622646762078148e+03,5.941455771407619935e+00,1.000000770639074776e+00,1.000001546542245823e+00,1.985019325381935998e-03,1.000000257651766811e+00,1.000000895538719847e+00,6.636621674285641528e-04,1.000000257650112800e+00,1.000000895536514722e+00,6.636580780986768525e-04,1.000000770640387726e+00,1.000001546540225217e+00,1.985024236703005450e-03,-4.590559583647387012e-15,-5.263501395189426822e-09,1.832628425733836052e-14,-3.802350931716053907e-07
5.177773015527367534e+03,5.971615445374156117e+00,1.000000766992890311e+00,1.000001539009844453e+00,1.985656022216043814e-03,1.000000260094285665e+00,1.000000896670405703e+00,6.733544118620489460e-04,1.000000260095777582e+00,1.000000896672080808e+00,6.733584491834393448e-04,1.000000766988145884e+00,1.000001538994758965e+00,1.985645262272451445e-03,-4.391428988246724918e-15,-5.023474695067759070e-09,1.797088406395663907e-14,-3.764817403347766491e-07
5.203923384292656920e+03,6.001775119340692299e+00,1.000000763367210110e+00,1.000001531526564014e+00,1.986250721438889266e-03,1.000000262525691630e+00,1.000000897786195608e+00,6.830816134335931889e-04,1.000000262523599082e+00,1.000000897783084763e+00,6.830763482731450412e-04,1.000000763363809941e+00,1.000001531515423814e+00,1.986243390452714381e-03,-4.198591842483764767e-15,-4.791560030540694750e-09,1.761636765666370446e-14,-3.727347177871008544e-07
5.230073753057947215e+03,6.031934793307228482e+00,1.000000759767522007e+00,1.000001524105356143e+00,1.986818578225733791e-03,1.000000264940650974e+00,1.000000898878863564e+00,6.928293889006286637e-04,1.000000264937389138e+00,1.000000898874485289e+00,6.928210426466684634e-04,1.000000759769096526e+00,1.000001524104066286e+00,1.986824204832102984e-03,-4.013596405730579305e-15,-4.569734097667306172e-09,1.726328769931901597e-14,-3.689974664435746390e-07
5.256224121823236601e+03,6.062094467273764664e+00,1.000000756202676699e+00,1.000001516766535481e+00,1.987383872173450767e-03,1.000000267340726445e+00,1.000000899951043465e+00,7.026011996380507373e-04,1.000000267338666093e+00,1.000000899948335187e+00,7.025959729161876952e-04,1.000000756195399187e+00,1.000001516748443064e+00,1.987366248972544797e-03,-3.838533323841748536e-15,-4.360609153952926201e-09,1.691164402694566595e-14,-3.652694946992122566e-07
5.282374490588526896e+03,6.092254141240300847e+00,1.000000752658193326e+00,1.000001509475533901e+00,1.987909723922457947e-03,1.000000269728505087e+00,1.000000901006486531e+00,7.124032952613771046e-04,1.000000269727044255e+00,1.000000901004344023e+00,7.123996290108685183e-04,1.000000752656264869e+00,1.000001509466575733e+00,1.987906126897111530e-03,-3.669042826256962724e-15,-4.158579853987140708e-09,1.656124495284658484e-14,-3.615493800072701689e-07
5.308524859353815373e+03,6.122413815206836141e+00,1.000000749138992395e+00,1.000001502243758056e+00,1.988409992501593074e-03,1.000000272102563814e+00,1.000000902043409301e+00,7.222314155975720264e-04,1.000000272102140819e+00,1.000000902042224471e+00,7.222304894844971263e-04,1.000000749139626999e+00,1.000001502241533613e+00,1.988413166344762256e-03,-3.506365550774196209e-15,-3.965211476874755491e-09,1.621228114949400472e-14,-3.578381847085698050e-07
5.334675228119105668e+03,6.152573489173372323e+00,1.000000745654832324e+00,1.000001495093354231e+00,1.988911698323370808e-03,1.000000274456219085e+00,1.000000903053285484e+00,7.320671957987354974e-04,1.000000274455728144e+00,1.000000903052350898e+00,7.320660870699345624e-04,1.000000745649148870e+00,1.000001495077864844e+00,1.988898021561224822e-03,-3.352619899399510849e-15,-3.783132709650492017e-09,1.586559885215840695e-14,-3.541407497291029693e-07
5.360825596884395054e+03,6.182733163139908505e+00,1.000000742190822134e+00,1.000001487989452320e+00,1.989376301914272394e-03,1.000000276796465526e+00,1.000000904045657668e+00,7.419285834251740461e-04,1.000000276794598353e+00,1.000000904043091943e+00,7.419237839940949226e-04,1.000000742189102620e+00,1.000001487980946235e+00,1.989373169347730293e-03,-3.203801474277209593e-15,-3.607256257657145846e-09,1.552049383968001197e-14,-3.504526281444190865e-07
5.386975965649685349e+03,6.212892837106444688e+00,1.000000738751311680e+00,1.000001480941977494e+00,1.989816310238205072e-03,1.000000279123152147e+00,1.000000905020423714e+00,7.518146461121689300e-04,1.000000279118983926e+00,1.000000905014893027e+00,7.518036288328106909e-04,1.000000738749922569e+00,1.000001480937325438e+00,1.989814038738201788e-03,-3.060892011805547560e-15,-3.438807388592329049e-09,1.517701080084314077e-14,-3.467740204715908330e-07
5.413126334414974735e+03,6.243052511072980870e+00,1.000000735346927794e+00,1.000001473974779564e+00,1.990261446204456743e-03,1.000000281429921367e+00,1.000000905969639309e+00,7.617076450738572086e-04,1.000000281428530258e+00,1.000000905967495246e+00,7.617040939018602293e-04,1.000000735343104408e+00,1.000001473962220722e+00,1.990252561901381841e-03,-2.926001701086965433e-15,-3.280382724129225975e-09,1.483599665331812202e-14,-3.431096970002626523e-07
5.439276703180264121e+03,6.273212185039517053e+00,1.000000731962426226e+00,1.000001467052762605e+00,1.990671629121909796e-03,1.000000283718972538e+00,1.000000906896461261e+00,7.716127798811749094e-04,1.000000283722072947e+00,1.000000906899692676e+00,7.716214308371423334e-04,1.000000731959776124e+00,1.000001467043156289e+00,1.990665878870950811e-03,-2.795462061972564338e-15,-3.127373851822549495e-09,1.449726927887226094e-14,-3.394584159046106649e-07
5.465427071945554417e+03,6.303371859006053235e+00,1.000000728601590616e+00,1.000001460184437807e+00,1.991057978186524472e-03,1.000000285993442040e+00,1.000000907805000727e+00,7.815379266610787169e-04,1.000000285992253213e+00,1.000000907803103800e+00,7.815349015503426965e-04,1.000000728600784372e+00,1.000001460180885093e+00,1.991057225824307674e-03,-2.670038154306422282e-15,-2.980725239617161163e-09,1.416046216993401194e-14,-3.358180158724875029e-07
5.491577440710843803e+03,6.333531532972589417e+00,1.000000725275866698e+00,1.000001453395228390e+00,1.991452849574339157e-03,1.000000288251667868e+00,1.000000908693295720e+00,7.914779502328980754e-04,1.000000288246501112e+00,1.000000908686614176e+00,7.914639914020679245e-04,1.000000725272687241e+00,1.000001453383918104e+00,1.991445564083450196e-03,-2.551803379879990545e-15,-2.842968661794787111e-09,1.382582568601830511e-14,-3.321898582115773156e-07
5.517727809476134098e+03,6.363691206939125600e+00,1.000000721969710238e+00,1.000001446649880332e+00,1.991814735832416004e-03,1.000000290486110055e+00,1.000000909552337891e+00,8.014114110739859690e-04,1.000000290484491572e+00,1.000000909549994432e+00,8.014071787467030600e-04,1.000000721965102146e+00,1.000001446637782010e+00,1.991803460916739127e-03,-2.437405199987552146e-15,-2.709938323377264924e-09,1.349446452238543842e-14,-3.285800150564606715e-07
5.543878178241423484e+03,6.393850880905661782e+00,1.000000718686345991e+00,1.000001439955558125e+00,1.992153343629642949e-03,1.000000292705027105e+00,1.000000910392498277e+00,8.113602686340342989e-04,1.000000292705903737e+00,1.000000910393019415e+00,8.113629364758103519e-04,1.000000718687648282e+00,1.000001439955148896e+00,1.992158385271766696e-03,-2.327428426785413428e-15,-2.582349063812392964e-09,1.316529247065754174e-14,-3.249823411022906740e-07
5.570028547006713779e+03,6.424010554872197964e+00,1.000000715437992183e+00,1.000001433339136270e+00,1.992503594628974167e-03,1.000000294908291565e+00,1.000000911213699162e+00,8.213235592800616040e-04,1.000000294908152565e+00,1.000000911212876709e+00,8.213234141263509383e-04,1.000000715434358867e+00,1.000001433327563305e+00,1.992494901257167890e-03,-2.223887460962367703e-15,-2.462639487591195556e-09,1.283834506616725002e-14,-3.213970122463565348e-07
5.596178915772003165e+03,6.454170228838734147e+00,1.000000712208854781e+00,1.000001426765267265e+00,1.992822669013358597e-03,1.000000297088667001e+00,1.000000912007424914e+00,8.312804202248305152e-04,1.000000297086701684e+00,1.000000912004593179e+00,8.312751683071642386e-04,1.000000712203559461e+00,1.000001426752401112e+00,1.992809271717830427e-03,-2.123725565571806526e-15,-2.347050130309203873e-09,1.251470774771549175e-14,-3.178299862843662022e-07
5.622329284537292551e+03,6.484329902805270329e+00,1.000000709001612753e+00,1.000001420239837069e+00,1.993118851885272279e-03,1.000000299248954061e+00,1.000000912777307294e+00,8.412378270257855244e-04,1.000000299247719715e+00,1.000000912775390161e+00,8.412346087517382030e-04,1.000000709003838528e+00,1.000001420240940631e+00,1.993126521841739971e-03,-2.027378590815622300e-15,-2.236108364578474241e-09,1.219403381736744728e-14,-3.142792940147378033e-07
5.648479653302582847e+03,6.514489576771806512e+00,1.000000705829203529e+00,1.000001413791048677e+00,1.993429540504859307e-03,1.000000301392739877e+00,1.000000913527723689e+00,8.512051229359262564e-04,1.000000301390916002e+00,1.000000913525071811e+00,8.512002284173549992e-04,1.000000705824124925e+00,1.000001413777855008e+00,1.993416604097004215e-03,-1.936785146466619576e-15,-2.132142964353253034e-09,1.187581831045912580e-14,-3.107421375383335480e-07
5.674630022067872233e+03,6.544649250738342694e+00,1.000000702675628350e+00,1.000001407383518393e+00,1.993710707377217232e-03,1.000000303518149947e+00,1.000000914256562234e+00,8.611763415105788862e-04,1.000000303516005218e+00,1.000000914253446727e+00,8.611705178626733945e-04,1.000000702672329655e+00,1.000001407373511952e+00,1.993702748538997253e-03,-1.849164288665933532e-15,-2.031767752657424850e-09,1.156036100935729114e-14,-3.072201552334753151e-07
5.700780390833162528e+03,6.574808924704878876e+00,1.000000699543036164e+00,1.000001401021921144e+00,1.993969216613257229e-03,1.000000305616991714e+00,1.000000914954521258e+00,8.711274105932591228e-04,1.000000305618967023e+00,1.000000914956149511e+00,8.711333074072661557e-04,1.000000699545113614e+00,1.000001401023068670e+00,1.993976533263943154e-03,-1.764829651374149340e-15,-1.935358779513010410e-09,1.124895237399674037e-14,-3.037204299035732868e-07
5.726930759598451914e+03,6.604968598671415059e+00,1.000000696445034531e+00,1.000001394735674953e+00,1.994244856371644222e-03,1.000000307698565294e+00,1.000000915632585974e+00,8.810839179569790458e-04,1.000000307698198254e+00,1.000000915631586107e+00,8.810831380799091133e-04,1.000000696438557712e+00,1.000001394720910985e+00,1.994227699249713145e-03,-1.685631847011155718e-15,-1.845120433590273210e-09,1.094020661553001686e-14,-3.002353466874377514e-07
5.753081128363741300e+03,6.635128272637951241e+00,1.000000693365462601e+00,1.000001388489413223e+00,1.994492496144109790e-03,1.000000309762768769e+00,1.000000916290702424e+00,8.910448937092982054e-04,1.000000309758512174e+00,1.000000916285289421e+00,8.910329251768608384e-04,1.000000693363041204e+00,1.000001388480743936e+00,1.994486913814509481e-03,-1.609046085414363883e-15,-1.758007179825174408e-09,1.063415016432189617e-14,-2.967650552255582417e-07
5.779231497129031595e+03,6.665287946604487423e+00,1.000000690305957951e+00,1.000001382286666018e+00,1.994717590499061558e-03,1.000000311801640951e+00,1.000000916919936644e+00,9.009866510888593638e-04,1.000000311799654540e+00,1.000000916917098026e+00,9.009811921594553658e-04,1.000000690306921625e+00,1.000001382286540341e+00,1.994721751971612663e-03,-1.535286542271921554e-15,-1.674273355237401874e-09,1.033205024846763324e-14,-2.933165445100383933e-07
5.805381865894320981e+03,6.695447620571023606e+00,1.000000687280744316e+00,1.000001376157954480e+00,1.994962213684038210e-03,1.000000313818532938e+00,1.000000917524335398e+00,9.109179243012616341e-04,1.000000313821376219e+00,1.000000917526855382e+00,9.109264629959685491e-04,1.000000687276559441e+00,1.000001376146585352e+00,1.994951437271500275e-03,-1.466107461903431175e-15,-1.595992999763903950e-09,1.003341760895699580e-14,-2.898871580226120452e-07
5.831532234659611277e+03,6.725607294537559788e+00,1.000000684273537610e+00,1.000001370067975959e+00,1.995180230842272858e-03,1.000000315817384688e+00,1.000000918108449044e+00,9.208493388421464584e-04,1.000000315818241337e+00,1.000000918108726156e+00,9.208521273233141085e-04,1.000000684270981210e+00,1.000001370059272476e+00,1.995174142299553817e-03,-1.399221126218427104e-15,-1.520431900595687580e-09,9.737644563265427563e-15,-2.864735676541925221e-07
5.857682603424900663e+03,6.755766968504095971e+00,1.000000681285484472e+00,1.000001364019181160e+00,1.995375705656108820e-03,1.000000317796136518e+00,1.000000918670047811e+00,9.307741542554032535e-04,1.000000317791616578e+00,1.000000918664396998e+00,9.307612122468655923e-04,1.000000681284469950e+00,1.000001364016605665e+00,1.995374093800824592e-03,-1.334761524539198282e-15,-1.447747799673062252e-09,9.445069329607445048e-15,-2.830776619055018878e-07
5.883832972190190048e+03,6.785926642470631265e+00,1.000000678331375514e+00,1.000001358043090427e+00,1.995592902828108306e-03,1.000000319746143784e+00,1.000000919199716565e+00,9.406661509487893253e-04,1.000000319744904553e+00,1.000000919197725269e+00,9.406628061334852556e-04,1.000000678328401671e+00,1.000001358033637100e+00,1.995585507975018626e-03,-1.274381338781444358e-15,-1.379878915290366059e-09,9.157100572976375680e-15,-2.797073149432465251e-07
5.909983340955479434e+03,6.816086316437167447e+00,1.000000675394839389e+00,1.000001352104508801e+00,1.995784776638433698e-03,1.000000321677521731e+00,1.000000919708839975e+00,9.505540915330217694e-04,1.000000321677887216e+00,1.000000919708583069e+00,9.505554773422510758e-04,1.000000675391239158e+00,1.000001352094544105e+00,1.995775486160682004e-03,-1.216011543972971466e-15,-1.314373643102463893e-09,8.872133707442046124e-15,-2.763536817677271798e-07
5.936133709720769730e+03,6.846245990403703630e+00,1.000000672476552666e+00,1.000001346204871133e+00,1.995954024495872649e-03,1.000000323590193529e+00,1.000000920197387622e+00,9.604370172337486824e-04,1.000000323590351625e+00,1.000000920196848275e+00,9.604377974475076249e-04,1.000000672477749930e+00,1.000001346205479313e+00,1.995958920377848955e-03,-1.159722181425506800e-15,-1.251313611824225707e-09,8.590186479936385374e-15,-2.730168850640798112e-07
5.962284078486059116e+03,6.876405664370239812e+00,1.000000669591822877e+00,1.000001340376596159e+00,1.996146995842538064e-03,1.000000325475632001e+00,1.000000920656160863e+00,9.702887735602946278e-04,1.000000325475498775e+00,1.000000920655330194e+00,9.702886920372456826e-04,1.000000669589081070e+00,1.000001340367723701e+00,1.996140158402551906e-03,-1.107061776054346484e-15,-1.192502039339106427e-09,8.312652673669318861e-15,-2.697047802054247214e-07
5.988434447251348502e+03,6.906565338336775994e+00,1.000000666724222276e+00,1.000001334584633916e+00,1.996315818717254824e-03,1.000000327337677852e+00,1.000000921089550854e+00,9.801197921770086682e-04,1.000000327337632999e+00,1.000000921088831873e+00,9.801199784964804550e-04,1.000000666718763309e+00,1.000001334572310441e+00,1.996300804276934879e-03,-1.056162427277294651e-15,-1.135744451261207678e-09,8.038925568552896854e-15,-2.664140779624756307e-07
6.014584816016638797e+03,6.936725012303312177e+00,1.000000663873980233e+00,1.000001328829465130e+00,1.996461855140283393e-03,1.000000329180524172e+00,1.000000921502193219e+00,9.899417653440696283e-04,1.000000329178724279e+00,1.000000921499580642e+00,9.899366785471226411e-04,1.000000663876533302e+00,1.000001328832087255e+00,1.996470858701207118e-03,-1.007043838784601993e-15,-1.081063488109773624e-09,7.768328417948397654e-15,-2.631410268267464836e-07
6.040735184781928183e+03,6.966884686269848359e+00,1.000000661056874574e+00,1.000001323144314114e+00,1.996633440837456645e-03,1.000000331001959841e+00,1.000000921891773142e+00,9.997472615535371240e-04,1.000000330998591203e+00,1.000000921887482574e+00,9.997374181810582492e-04,1.000000661053485285e+00,1.000001323134825038e+00,1.996624523557298438e-03,-9.611498828861322966e-16,-1.030127621867392891e-09,7.501226704856312551e-15,-2.598877345940512237e-07
6.066885553547218478e+03,6.997044360236384541e+00,1.000000658256451347e+00,1.000001317494311204e+00,1.996781963151234105e-03,1.000000332793075541e+00,1.000000922248926116e+00,1.009508415055273677e-03,1.000000332797057023e+00,1.000000922252448632e+00,1.009520829085608839e-03,1.000000658252119479e+00,1.000001317483643071e+00,1.996770137203782332e-03,-9.167971003322307002e-16,-9.809747031381896790e-10,7.239086948145031066e-15,-2.566626552416928768e-07
6.093035922312507864e+03,7.027204034202920724e+00,1.000000655472705446e+00,1.000001311879442190e+00,1.996908061234515218e-03,1.000000334564577820e+00,1.000000922585231766e+00,1.019256654556971410e-03,1.000000334566039095e+00,1.000000922586070873e+00,1.019261447303537564e-03,1.000000655475475897e+00,1.000001311882390276e+00,1.996917810733589167e-03,-8.739828925270345847e-16,-9.336015509515383667e-10,6.980161752614417459e-15,-2.534559553469512453e-07
6.119186291077798160e+03,7.057363708169456906e+00,1.000000652721265482e+00,1.000001306332446438e+00,1.997060206451200040e-03,1.000000336316415384e+00,1.000000922900682765e+00,1.028991053102711615e-03,1.000000336312684368e+00,1.000000922896048250e+00,1.028979983525954217e-03,1.000000652716437344e+00,1.000001306321266936e+00,1.997046737902770722e-03,-8.339975767614586442e-16,-8.894890197753439228e-10,6.724460894500698627e-15,-2.502677307857306861e-07
6.145336659843087546e+03,7.087523382135993089e+00,1.000000649986250156e+00,1.000001300819866046e+00,1.997190867722239797e-03,1.000000338039651826e+00,1.000000923185961677e+00,1.038683381395818671e-03,1.000000338037541958e+00,1.000000923183054669e+00,1.038677249562130513e-03,1.000000649983249446e+00,1.000001300811122151e+00,1.997182945636524504e-03,-7.953764607628347720e-16,-8.469432371928755639e-10,6.473453010923194210e-15,-2.471065355303644102e-07
6.171487028608376932e+03,7.117683056102529271e+00,1.000000647267462739e+00,1.000001295341286678e+00,1.997300082245834305e-03,1.000000339738546407e+00,1.000000923445729883e+00,1.048345659843386750e-03,1.000000339740466204e+00,1.000000923447029288e+00,1.048351940014233654e-03,1.000000647269385201e+00,1.000001295342964225e+00,1.997307307114349825e-03,-7.581007063555834151e-16,-8.059423636507815664e-10,6.226440573238443775e-15,-2.439685138105889702e-07
6.197637397373667227e+03,7.147842730069065453e+00,1.000000644579705167e+00,1.000001289927564097e+00,1.997434355774927502e-03,1.000000341417453864e+00,1.000000923684626342e+00,1.057990428852136934e-03,1.000000341420603567e+00,1.000000923687176524e+00,1.058000550449356364e-03,1.000000644575316011e+00,1.000001289917205716e+00,1.997422042175727754e-03,-7.232694768219951658e-16,-7.677382748039731318e-10,5.982708245838672011e-15,-2.408495946945312816e-07
6.223787766138956613e+03,7.178002404035601636e+00,1.000000641908327603e+00,1.000001284547996860e+00,1.997549316047907836e-03,1.000000343074044062e+00,1.000000923900284944e+00,1.067609652938749472e-03,1.000000343070830189e+00,1.000000923896245952e+00,1.067600017888428949e-03,1.000000641905765875e+00,1.000001284539973057e+00,1.997542626039018089e-03,-6.896621283433402905e-16,-7.309292544345309252e-10,5.742637904035106510e-15,-2.377520717668705861e-07
6.249938134904246908e+03,7.208162078002137818e+00,1.000000639252731638e+00,1.000001279201331750e+00,1.997643735561916399e-03,1.000000344699315979e+00,1.000000924083537912e+00,1.077174328780595818e-03,1.000000344698845245e+00,1.000000924082345533e+00,1.077173228972360015e-03,1.000000639253061374e+00,1.000001279200754434e+00,1.997646043059356918e-03,-6.572301600021816965e-16,-6.954597557363092799e-10,5.507702096926701606e-15,-2.346847803039065105e-07
6.276088503669536294e+03,7.238321751968674000e+00,1.000000636626915629e+00,1.000001273916624411e+00,1.997762161169858424e-03,1.000000346304353638e+00,1.000000924245969092e+00,1.086718010054139568e-03,1.000000346304532162e+00,1.000000924245439515e+00,1.086718946702158262e-03,1.000000636624095440e+00,1.000001273908591282e+00,1.997754583427390190e-03,-6.269084385393687640e-16,-6.623876573514349319e-10,5.276079417476925860e-15,-2.316371351983699132e-07
6.302238872434826590e+03,7.268481425935210183e+00,1.000000634017415901e+00,1.000001268665791088e+00,1.997863335360214321e-03,1.000000347889128616e+00,1.000000924387591139e+00,1.096239813499189173e-03,1.000000347887779473e+00,1.000000924385497925e+00,1.096235943460540253e-03,1.000000634014486689e+00,1.000001268657402242e+00,1.997855372163940928e-03,-5.976831477829553411e-16,-6.305570621254687864e-10,5.047772590766984122e-15,-2.286092063904340521e-07
6.328389241200115976e+03,7.298641099901746365e+00,1.000000631423253461e+00,1.000001263446793631e+00,1.997944800418510747e-03,1.000000349444449599e+00,1.000000924499108157e+00,1.105709861193391414e-03,1.000000349446427350e+00,1.000000924500407562e+00,1.105716505349414085e-03,1.000000631422895525e+00,1.000001263445189581e+00,1.997944929484259287e-03,-5.694838656650170703e-16,-5.998878859798992172e-10,4.824278475313580738e-15,-2.256100806521386523e-07
6.354539609965405361e+03,7.328800773868282548e+00,1.000000628857651952e+00,1.000001258286971728e+00,1.998049172691635303e-03,1.000000350974916907e+00,1.000000924585373374e+00,1.115141614245733536e-03,1.000000350961666840e+00,1.000000924571259775e+00,1.115099906423309062e-03,1.000000628855537865e+00,1.000001258280093897e+00,1.998043711885113486e-03,-5.431044704206210030e-16,-5.712720100556003850e-10,4.604835550197148282e-15,-2.226354102960838208e-07
6.380689978730695657e+03,7.358960447834818730e+00,1.000000626308287011e+00,1.000001253160725412e+00,1.998138253875623646e-03,1.000000352484960775e+00,1.000000924650954914e+00,1.124548232085986234e-03,1.000000352474401000e+00,1.000000924639561584e+00,1.124514939460832114e-03,1.000000626304267781e+00,1.000001253150999858e+00,1.998126682841487589e-03,-5.177059860289732223e-16,-5.437590149802495618e-10,4.388716448848307942e-15,-2.196809034129225125e-07
6.406840347495985043e+03,7.389120121801354912e+00,1.000000623773821040e+00,1.000001248065283121e+00,1.998208395618917416e-03,1.000000353972166689e+00,1.000000924693468463e+00,1.133921178186680012e-03,1.000000353961904009e+00,1.000000924682473258e+00,1.133888703902337456e-03,1.000000623774752295e+00,1.000001248065314652e+00,1.998212625580966448e-03,-4.932023937213674753e-16,-5.172518573842290424e-10,4.176309263643914527e-15,-2.167490043638913020e-07
6.432990716261274429e+03,7.419279795767890207e+00,1.000000621266730061e+00,1.000001243026348297e+00,1.998300311755756790e-03,1.000000355427594689e+00,1.000000924704069316e+00,1.143230802086829968e-03,1.000000355413039443e+00,1.000000924688791315e+00,1.143184391344000388e-03,1.000000621264540701e+00,1.000001243019569053e+00,1.998294511634472921e-03,-4.702667744998200178e-16,-4.925022471201219959e-10,3.969049914535918741e-15,-2.138487482707500685e-07
6.459141085026563815e+03,7.449439469734426389e+00,1.000000618775779726e+00,1.000001238020674421e+00,1.998378793969868023e-03,1.000000356862507545e+00,1.000000924694171678e+00,1.152512230831356701e-03,1.000000356864226836e+00,1.000000924695161553e+00,1.152518194368766470e-03,1.000000618770680250e+00,1.000001238009623483e+00,1.998363561267672492e-03,-4.482075672610809360e-16,-4.687320090153499999e-10,3.765102972443024759e-15,-2.109690240129517383e-07
6.485291453791854110e+03,7.479599143700962571e+00,1.000000616299296485e+00,1.000001233044805593e+00,1.998439048656591201e-03,1.000000358276898149e+00,1.000000924663806634e+00,1.161764636661961024e-03,1.000000358260723088e+00,1.000000924647061806e+00,1.161712602898347423e-03,1.000000616300705136e+00,1.000001233045393567e+00,1.998444848142740329e-03,-4.269282802192904943e-16,-4.458329288211775920e-10,3.564465157451814601e-15,-2.081098770649963644e-07
6.511441822557143496e+03,7.509758817667498754e+00,1.000000613849037157e+00,1.000001228122887831e+00,1.998519919851611797e-03,1.000000359661462834e+00,1.000000924603827057e+00,1.170956924432471884e-03,1.000000359650182080e+00,1.000000924591951446e+00,1.170920618366538086e-03,1.000000613846071307e+00,1.000001228115258378e+00,1.998511490680275181e-03,-4.069986578419507433e-16,-4.244369604835771658e-10,3.368621025180329374e-15,-2.052807674170481583e-07
6.537592191322432882e+03,7.539918491634034936e+00,1.000000611414810558e+00,1.000001223233903946e+00,1.998589123667513130e-03,1.000000361021064599e+00,1.000000924519199197e+00,1.180103820356491343e-03,1.000000361016948558e+00,1.000000924514468315e+00,1.180090791582536673e-03,1.000000611411335338e+00,1.000001223225147395e+00,1.998578985855901241e-03,-3.878510954771444723e-16,-4.039091198537867409e-10,3.176770848452821298e-15,-2.024769354659158158e-07
6.563742560087723177e+03,7.570078165600571118e+00,1.000000608994627616e+00,1.000001218373760770e+00,1.998640760742675330e-03,1.000000362360130568e+00,1.000000924414355730e+00,1.189218874505133805e-03,1.000000362345155658e+00,1.000000924398968927e+00,1.189170159809370625e-03,1.000000608995781137e+00,1.000001218373933298e+00,1.998645763472010721e-03,-3.693827393883820873e-16,-3.841349056438144489e-10,2.988197469572371109e-15,-1.996939591458466574e-07
6.589892928853012563e+03,7.600237839567107301e+00,1.000000606599553254e+00,1.000001213565119951e+00,1.998711841015790233e-03,1.000000363676196269e+00,1.000000924286926995e+00,1.198293161409453092e-03,1.000000363672439718e+00,1.000000924282546277e+00,1.198281219276071735e-03,1.000000606595179864e+00,1.000001213555787638e+00,1.998698642926029830e-03,-3.520750711769626167e-16,-3.656455009718171612e-10,2.803286029751780741e-15,-1.969343981733190044e-07
6.616043297618302859e+03,7.630397513533643483e+00,1.000000604220391942e+00,1.000001208789074614e+00,1.998772929631722518e-03,1.000000364960516253e+00,1.000000924128495505e+00,1.207296848007036400e-03,1.000000364948812281e+00,1.000000924116451140e+00,1.207258571651294559e-03,1.000000604217753608e+00,1.000001208781553519e+00,1.998765409739890458e-03,-3.354644243554598406e-16,-3.479254809704391269e-10,2.623402373705538771e-15,-1.942073258926552015e-07
6.642193666383592245e+03,7.660557187500179666e+00,1.000000601854859061e+00,1.000001204040937841e+00,1.998817063350167081e-03,1.000000366224349735e+00,1.000000923950152165e+00,1.216266082733521992e-03,1.000000366214947478e+00,1.000000923940338460e+00,1.216235302583340951e-03,1.000000601855098425e+00,1.000001204039821623e+00,1.998819061772312295e-03,-3.194448445881190916e-16,-3.308575139729867964e-10,2.446747343160963532e-15,-1.915013149523830832e-07
6.668344035148882540e+03,7.690716861466715848e+00,1.000000599513357180e+00,1.000001199341960634e+00,1.998879461440000640e-03,1.000000367467709150e+00,1.000000923751944937e+00,1.225200103087503668e-03,1.000000367460889050e+00,1.000000923744699399e+00,1.225177813911682012e-03,1.000000599510609822e+00,1.000001199334977997e+00,1.998871499795153769e-03,-3.044225419293114565e-16,-3.148868112107206795e-10,2.273312753496712494e-15,-1.888163882927942422e-07
6.694494403914171926e+03,7.720876535433252030e+00,1.000000597187639118e+00,1.000001194675231631e+00,1.998933460439008148e-03,1.000000368681310370e+00,1.000000923524989149e+00,1.234067029687493499e-03,1.000000368666545292e+00,1.000000923510143913e+00,1.234018062410662930e-03,1.000000597185126239e+00,1.000001194667990534e+00,1.998926242620571465e-03,-2.900207458498939801e-16,-2.995967145017125270e-10,2.104537010705276578e-15,-1.861622292113072777e-07
6.720644772679461312e+03,7.751036209399788213e+00,1.000000594875144255e+00,1.000001190035512355e+00,1.998971075341646111e-03,1.000000369870199357e+00,1.000000923274287024e+00,1.242882651316400177e-03,1.000000369870362782e+00,1.000000923273749898e+00,1.242883660294461217e-03,1.000000594873877935e+00,1.000001190032324905e+00,1.998968009135238411e-03,-2.761329534915676617e-16,-2.848701106110353650e-10,1.939605983524830807e-15,-1.835337486623590852e-07
6.746795141444751607e+03,7.781195883366324395e+00,1.000000592585640113e+00,1.000001185442711327e+00,1.999025774189404185e-03,1.000000371038732627e+00,1.000000923004081832e+00,1.251660694880863062e-03,1.000000371027125023e+00,1.000000922992391406e+00,1.251622001867688056e-03,1.000000592583915937e+00,1.000001185437263462e+00,1.999021142488227511e-03,-2.631012817372333725e-16,-2.710801367694549187e-10,1.777830534009973096e-15,-1.809264761179930340e-07
6.772945510210040993e+03,7.811355557332860577e+00,1.000000590311781457e+00,1.000001180881803453e+00,1.999073584737622554e-03,1.000000372184427500e+00,1.000000922712048101e+00,1.260391954385974575e-03,1.000000372170779084e+00,1.000000922698427885e+00,1.260346203478273589e-03,1.000000590308750770e+00,1.000001180873979489e+00,1.999064501807190034e-03,-2.506213821680941850e-16,-2.578922549280816511e-10,1.619584905545775868e-15,-1.783430518024789057e-07
6.799095878975331289e+03,7.841515231299396760e+00,1.000000588050750538e+00,1.000001176347038223e+00,1.999105541626368041e-03,1.000000373298844947e+00,1.000000922390278824e+00,1.269046845482656996e-03,1.000000373296647371e+00,1.000000922387569879e+00,1.269039848083983483e-03,1.000000588050141692e+00,1.000001176344680109e+00,1.999104647586421798e-03,-2.385881667725178298e-16,-2.451914502668991874e-10,1.466140223834551054e-15,-1.757924471160166969e-07
6.825246247740620674e+03,7.871674905265932942e+00,1.000000585811707587e+00,1.000001171857047844e+00,1.999153408437136150e-03,1.000000374393079872e+00,1.000000922049411489e+00,1.277662003264974601e-03,1.000000374380979329e+00,1.000000922037416640e+00,1.277621187080279922e-03,1.000000585810318254e+00,1.000001171852206161e+00,1.999149838403515862e-03,-2.272892622761188357e-16,-2.332894522004796777e-10,1.315773938257783100e-15,-1.732631088154680287e-07
6.851396616505910970e+03,7.901834579232469125e+00,1.000000583588165348e+00,1.000001167398590463e+00,1.999195823900679070e-03,1.000000375467162250e+00,1.000000921689507383e+00,1.286236739507435386e-03,1.000000375462618329e+00,1.000000921684570443e+00,1.286221656672731101e-03,1.000000583584039093e+00,1.000001167389408030e+00,1.999182855632329701e-03,-2.164804797361373244e-16,-2.219190550432519027e-10,1.168474051954233971e-15,-1.707550395670699551e-07
6.877546985271200356e+03,7.931994253199005307e+00,1.000000581377066489e+00,1.000001162965440171e+00,1.999222883327390118e-03,1.000000376511945621e+00,1.000000921302043322e+00,1.294738810728940717e-03,1.000000376501064547e+00,1.000000921291317679e+00,1.294701880648151506e-03,1.000000581377289421e+00,1.000001162964150758e+00,1.999224812126322755e-03,-2.060596237218382655e-16,-2.109691657903551252e-10,1.025605808867067235e-15,-1.682780083823225572e-07
6.903697354036489742e+03,7.962153927165541489e+00,1.000000579186990146e+00,1.000001158575016369e+00,1.999264687554464480e-03,1.000000377532580753e+00,1.000000920891984890e+00,1.303184847333832422e-03,1.000000377523888817e+00,1.000000920883307831e+00,1.303155336495883743e-03,1.000000579185311933e+00,1.000001158569939985e+00,1.999260052760581160e-03,-1.962680674503006390e-16,-2.007002373229024795e-10,8.863617966485970603e-16,-1.658266790898891680e-07
6.929847722801780037e+03,7.992313601132077672e+00,1.000000577012263081e+00,1.000001154215760080e+00,1.999302405003648784e-03,1.000000378533296264e+00,1.000000920463341769e+00,1.311588553931604612e-03,1.000000378531201051e+00,1.000000920460788700e+00,1.311581790598999927e-03,1.000000577008395508e+00,1.000001154207027509e+00,1.999290157655742549e-03,-1.869114180674724961e-16,-1.909007930734848065e-10,7.500944075468031391e-16,-1.633966043250478977e-07
6.955998091567069423e+03,8.022473275098613854e+00,1.000000574849605028e+00,1.000001149881004858e+00,1.999325228618698339e-03,1.000000379511621684e+00,1.000000920013860650e+00,1.319940557263919170e-03,1.000000379496201575e+00,1.000000919999105120e+00,1.319887427035710886e-03,1.000000574850012924e+00,1.000001149879925499e+00,1.999327796322842698e-03,-1.778914525623309838e-16,-1.814645013057737950e-10,6.171603878300315789e-16,-1.609904713918335526e-07
6.982148460332358809e+03,8.052632949065149148e+00,1.000000572707041568e+00,1.000001145587019025e+00,1.999361649321934609e-03,1.000000380459514115e+00,1.000000919536206068e+00,1.328211899936493096e-03,1.000000380457717775e+00,1.000000919533937438e+00,1.328206134457321540e-03,1.000000572704512258e+00,1.000001145580950990e+00,1.999353964274548819e-03,-1.694103443141876129e-16,-1.726081807630648563e-10,4.887195392560385583e-16,-1.586170316418029291e-07
7.008298829097649104e+03,8.082792623031686219e+00,1.000000570579670844e+00,1.000001141323832776e+00,1.999395278881275009e-03,1.000000381387766701e+00,1.000000919040454628e+00,1.336439209761979517e-03,1.000000381379847481e+00,1.000000919032716595e+00,1.336411969025606957e-03,1.000000570576909942e+00,1.000001141316680719e+00,1.999386744824247983e-03,-1.613147606863991229e-16,-1.641656320378363259e-10,3.631565653974755500e-16,-1.562647744885223653e-07
7.034449197862938490e+03,8.112952296998221513e+00,1.000000568464006534e+00,1.000001137084372216e+00,1.999414450670999790e-03,1.000000382296423629e+00,1.000000918526679161e+00,1.344621871385615411e-03,1.000000382284217615e+00,1.000000918515031811e+00,1.344579453592265137e-03,1.000000568464014084e+00,1.000001137082725977e+00,1.999415613596542112e-03,-1.535112073896421392e-16,-1.560363100455880569e-10,2.404566942498226839e-16,-1.539336847892355737e-07
7.060599566628228786e+03,8.143111970964758584e+00,1.000000566367544641e+00,1.000001132883810762e+00,1.999446087801840227e-03,1.000000383176579355e+00,1.000000917986800575e+00,1.352727676920443493e-03,1.000000383175178253e+00,1.000000917984948057e+00,1.352723249024888504e-03,1.000000566364793730e+00,1.000001132877585741e+00,1.999437508453973111e-03,-1.461686892102196586e-16,-1.484007550781789357e-10,1.218916543058688082e-16,-1.516334938599257221e-07
7.086749935393517262e+03,8.173271644931293878e+00,1.000000564286114724e+00,1.000001128713678078e+00,1.999476165277838755e-03,1.000000384033416401e+00,1.000000917425679869e+00,1.360773872006533838e-03,1.000000384023520983e+00,1.000000917416324020e+00,1.360739331526920849e-03,1.000000564283830995e+00,1.000001128707262099e+00,1.999469201332997829e-03,-1.391675892850949194e-16,-1.411300555348247864e-10,6.678743564280790861e-18,-1.493586982839257588e-07
7.112900304158808467e+03,8.203431318897830948e+00,1.000000562216039057e+00,1.000001124566523902e+00,1.999492193482153759e-03,1.000000384870987968e+00,1.000000916847060273e+00,1.368773956967398548e-03,1.000000384867651082e+00,1.000000916843487575e+00,1.368762616148291389e-03,1.000000562215118238e+00,1.000001124563610233e+00,1.999490042610159793e-03,-1.324196375524654440e-16,-1.341296270175848817e-10,-1.057785975759600291e-16,-1.471049349756000994e-07
7.139050672924096943e+03,8.233590992864366243e+00,1.000000560164309604e+00,1.000001120456482484e+00,1.999519575779079746e-03,1.000000385686863558e+00,1.000000916248783955e+00,1.376718500371795079e-03,1.000000385676089953e+00,1.000000916238702464e+00,1.376680574505728932e-03,1.000000560162791041e+00,1.000001120452037151e+00,1.999515275417105675e-03,-1.260658192906194280e-16,-1.275491736591227887e-10,-2.151463286561882921e-16,-1.448749070019971833e-07
7.165201041689388148e+03,8.263750666830903313e+00,1.000000558127448480e+00,1.000001116376498356e+00,1.999546571539892719e-03,1.000000386473465008e+00,1.000000915624129627e+00,1.384579502059606277e-03,1.000000386465018654e+00,1.000000915616191977e+00,1.384549777331383399e-03,1.000000558125071493e+00,1.000001116370054177e+00,1.999539171744917597e-03,-1.200140757942016489e-16,-1.212897302898548283e-10,-3.203855174486101830e-16,-1.426770493704284919e-07
7.191351410454676625e+03,8.293910340797438607e+00,1.000000556101600546e+00,1.000001112318773755e+00,1.999559902949461874e-03,1.000000387241169353e+00,1.000000914982529077e+00,1.392393125386395293e-03,1.000000387242441668e+00,1.000000914983101286e+00,1.392398239924303284e-03,1.000000556099745364e+00,1.000001112314589546e+00,1.999554343918614682e-03,-1.141816486233172587e-16,-1.152631950647398341e-10,-4.229825899133831705e-16,-1.405000396578964491e-07
7.217501779219966920e+03,8.324070014763975678e+00,1.000000554093277483e+00,1.000001108296455721e+00,1.999583500240620284e-03,1.000000387990032324e+00,1.000000914324063572e+00,1.400158831026892354e-03,1.000000387977394656e+00,1.000000914312562106e+00,1.400113767980452808e-03,1.000000554092382421e+00,1.000001108292971619e+00,1.999581377675256361e-03,-1.086858927515670495e-16,-1.095937550720369067e-10,-5.229541476995718401e-16,-1.383438474714958728e-07
7.243652147985256306e+03,8.354229688730510972e+00,1.000000552099655771e+00,1.000001104303823052e+00,1.999607824536303417e-03,1.000000388711477006e+00,1.000000913641164280e+00,1.407844815418613600e-03,1.000000388707469101e+00,1.000000913637144606e+00,1.407830847072979790e-03,1.000000552096668383e+00,1.000001104296657672e+00,1.999598108579534253e-03,-1.034571599722994229e-16,-1.042069690153728250e-10,-6.191361170934935143e-16,-1.362180583418532938e-07
7.269802516750545692e+03,8.384389362697046266e+00,1.000000550116717069e+00,1.000001100332757353e+00,1.999618847034361369e-03,1.000000389410649504e+00,1.000000912938528330e+00,1.415468708650289729e-03,1.000000389405390822e+00,1.000000912933598940e+00,1.415450144948296593e-03,1.000000550115938580e+00,1.000001100329993342e+00,1.999617117684983694e-03,-9.841832677404071639e-17,-9.902098524746204449e-11,-7.122718463637951560e-16,-1.341170771694206157e-07
7.295952885515835987e+03,8.414549036663583337e+00,1.000000548150515201e+00,1.000001096395468858e+00,1.999639070588857780e-03,1.000000390091389635e+00,1.000000912219607851e+00,1.423043644646427956e-03,1.000000390082442792e+00,1.000000912211505888e+00,1.423011561693742367e-03,1.000000548149690749e+00,1.000001096392202360e+00,1.999637159285477025e-03,-9.366685354007758137e-17,-9.413832492070640827e-11,-8.029008884571870875e-16,-1.320366757433165343e-07
7.322103254281124464e+03,8.444708710630118631e+00,1.000000546198846152e+00,1.000001092487494248e+00,1.999661082293129142e-03,1.000000390751332180e+00,1.000000911482361365e+00,1.430560241604354136e-03,1.000000390749670842e+00,1.000000911480346311e+00,1.430554718232363454e-03,1.000000546194781625e+00,1.000001092478982390e+00,1.999647294351073259e-03,-8.915121231536453660e-17,-8.950394629062444534e-11,-8.907157518136314352e-16,-1.299795442216587451e-07
7.348253623046415669e+03,8.474868384596655702e+00,1.000000544257541035e+00,1.000001088600420696e+00,1.999670135587429572e-03,1.000000391383413456e+00,1.000000910720706182e+00,1.437991730048798983e-03,1.000000391375010844e+00,1.000000910713268576e+00,1.437961420981034508e-03,1.000000544257267476e+00,1.000001088598316379e+00,1.999670218460942745e-03,-8.479991032625967802e-17,-8.504246543856407074e-11,-9.748019660004728675e-16,-1.279537258342363346e-07
7.374403991811704145e+03,8.505028058563190996e+00,1.000000542332217579e+00,1.000001084745568036e+00,1.999687350702475299e-03,1.000000391997502236e+00,1.000000909943366878e+00,1.445373406077981151e-03,1.000000391994869231e+00,1.000000909940709226e+00,1.445364264058603739e-03,1.000000542330962583e+00,1.000001084741844792e+00,1.999683807409146849e-03,-8.069368797737937391e-17,-8.083856770542779037e-11,-1.056503558212316411e-15,-1.259482084935089740e-07
7.400554360576995350e+03,8.535187732529728066e+00,1.000000540421257078e+00,1.000001080919659113e+00,1.999707364459123778e-03,1.000000392593663356e+00,1.000000909150430273e+00,1.452704803434783087e-03,1.000000392585916886e+00,1.000000909143529348e+00,1.452676709502302580e-03,1.000000540418344741e+00,1.000001080912774398e+00,1.999697669143759432e-03,-7.679557349538917090e-17,-7.685299709567591307e-11,-1.135838128883133960e-15,-1.239629491140030478e-07
7.426704729342283827e+03,8.565347406496263361e+00,1.000000538520351645e+00,1.000001077114009318e+00,1.999714744368623256e-03,1.000000393163719803e+00,1.000000908334889527e+00,1.459954854760270012e-03,1.000000393155122902e+00,1.000000908327406401e+00,1.459923505374966825e-03,1.000000538520062099e+00,1.000001077111873249e+00,1.999714745943365762e-03,-7.303960339500763462e-17,-7.301637385197779774e-11,-1.211757812115554349e-15,-1.220072951585835201e-07
7.452855098107574122e+03,8.595507080462800431e+00,1.000000536634704229e+00,1.000001073339094715e+00,1.999729272436667846e-03,1.000000393712719760e+00,1.000000907501224390e+00,1.467141347776442775e-03,1.000000393715950286e+00,1.000000907503421743e+00,1.467153963956951924e-03,1.000000536632564163e+00,1.000001073334303658e+00,1.999722370438053714e-03,-6.949249169746244418e-17,-6.939825544962966884e-11,-1.284955328648212421e-15,-1.200756296154932355e-07
7.479005466872863508e+03,8.625666754429335725e+00,1.000000534763249016e+00,1.000001069592755254e+00,1.999747561963475390e-03,1.000000394244263235e+00,1.000000906652581234e+00,1.474276918775005787e-03,1.000000394235880830e+00,1.000000906645454046e+00,1.474246153955695651e-03,1.000000534761062987e+00,1.000001069586927249e+00,1.999740456418681346e-03,-6.612887224774474789e-17,-6.597161524121103761e-11,-1.355910320199328900e-15,-1.181638995664888086e-07
7.505155835638153803e+03,8.655826428395872796e+00,1.000000532901550665e+00,1.000001065866058081e+00,1.999753525683425990e-03,1.000000394756070499e+00,1.000000905787052918e+00,1.481352328144040602e-03,1.000000394749786636e+00,1.000000905781461613e+00,1.481329332252152636e-03,1.000000532900772621e+00,1.000001065863262539e+00,1.999751671772012716e-03,-6.288813697485419830e-17,-6.267312257794551797e-11,-1.424344401951494938e-15,-1.162747566125046142e-07
7.531306204403443189e+03,8.685986102362408090e+00,1.000000531054417552e+00,1.000001062168676791e+00,1.999765652990526370e-03,1.000000395241625206e+00,1.000000904899202236e+00,1.488342263850448571e-03,1.000000395237997886e+00,1.000000904896024778e+00,1.488329192442776165e-03,1.000000531052969155e+00,1.000001062164918242e+00,1.999761261096754967e-03,-5.982525538803474486e-17,-5.955995264498822494e-11,-1.489466340130591575e-15,-1.144157961688408490e-07
7.557456573168733485e+03,8.716145776328945161e+00,1.000000529221304557e+00,1.000001058499504047e+00,1.999782454936272977e-03,1.000000395710216816e+00,1.000000903997005475e+00,1.495280798046101298e-03,1.000000395703773748e+00,1.000000903991656642e+00,1.495257043341454394e-03,1.000000529219337242e+00,1.000001058494052852e+00,1.999776079317846112e-03,-5.692403341338357010e-17,-5.661495556820747149e-11,-1.552471215364891496e-15,-1.125764158202690073e-07
7.583606941934022871e+03,8.746305450295480455e+00,1.000000527397660655e+00,1.000001054849379623e+00,1.999787225708133439e-03,1.000000396161917271e+00,1.000000903080553449e+00,1.502167537714776784e-03,1.000000396162370686e+00,1.000000903080323855e+00,1.502169851932471430e-03,1.000000527395966010e+00,1.000001054845355730e+00,1.999781854402678336e-03,-5.412899234322687476e-17,-5.378027124603131074e-11,-1.613376923099423611e-15,-1.107565622666467028e-07
7.609757310699313166e+03,8.776465124262017525e+00,1.000000525587918521e+00,1.000001051227215720e+00,1.999797201691991440e-03,1.000000396589005414e+00,1.000000902143435955e+00,1.508972443066426781e-03,1.000000396581440798e+00,1.000000902137309300e+00,1.508944259152472612e-03,1.000000525587296352e+00,1.000001051224664872e+00,1.999795885601745107e-03,-5.148528717283975714e-17,-5.110258369700715579e-11,-1.671255515418866290e-15,-1.089652683586606062e-07
7.635907679464602552e+03,8.806624798228552820e+00,1.000000523792025309e+00,1.000001047632896878e+00,1.999812726845993666e-03,1.000000396996378438e+00,1.000000901189872282e+00,1.515713245509693651e-03,1.000000396994002339e+00,1.000000901187785951e+00,1.515704775529280214e-03,1.000000523789814855e+00,1.000001047627204098e+00,1.999805334702509530e-03,-4.898389695043383565e-17,-4.857216589251829987e-11,-1.726741042338426437e-15,-1.071969580866727093e-07
7.662058048229892847e+03,8.836784472195089890e+00,1.000000522005322745e+00,1.000001044057054367e+00,1.999816498419763975e-03,1.000000397387376783e+00,1.000000900222695721e+00,1.522401969452384088e-03,1.000000397383735695e+00,1.000000900219650379e+00,1.522388625237323673e-03,1.000000522003709813e+00,1.000001044053137722e+00,1.999811363143627358e-03,-4.657421048883016262e-17,-4.613658567601863671e-11,-1.780252848809924405e-15,-1.054477846788592834e-07
7.688208416995181324e+03,8.866944146161625184e+00,1.000000520231886902e+00,1.000001040507878081e+00,1.999824545343435213e-03,1.000000397759825077e+00,1.000000899240146568e+00,1.529029609386638264e-03,1.000000397750804515e+00,1.000000899232980744e+00,1.528995541768477309e-03,1.000000520231599577e+00,1.000001040505875460e+00,1.999824481246828285e-03,-4.429319800709033920e-17,-4.383399491141872541e-11,-1.831543050215608722e-15,-1.037203387871560561e-07
7.714358785760472529e+03,8.897103820128162255e+00,1.000000518472128563e+00,1.000001036986186476e+00,1.999838973325458735e-03,1.000000398107770083e+00,1.000000898237427771e+00,1.535572475393788810e-03,1.000000398111144273e+00,1.000000898239582048e+00,1.535586101626504330e-03,1.000000518469255306e+00,1.000001036979689895e+00,1.999828927155935295e-03,-4.213737700735362512e-17,-4.166060621550642708e-11,-1.879938706575739572e-15,-1.020217295398917281e-07
7.740509154525761005e+03,8.927263494094697549e+00,1.000000516721292199e+00,1.000001033482420532e+00,1.999841912909406955e-03,1.000000398439872207e+00,1.000000897221744678e+00,1.542063124723384165e-03,1.000000398434673921e+00,1.000000897217847351e+00,1.542043620644634964e-03,1.000000516720412680e+00,1.000001033479482881e+00,1.999839542399143612e-03,-4.006071932098480577e-17,-3.956879644667776514e-11,-1.926485203654398093e-15,-1.003418418292701817e-07
7.766659523291051300e+03,8.957423168061234620e+00,1.000000514983114819e+00,1.000001030004084468e+00,1.999848226536313396e-03,1.000000398756208497e+00,1.000000896193189881e+00,1.548501234711342246e-03,1.000000398750767960e+00,1.000000896188818489e+00,1.548480724963067741e-03,1.000000514982714916e+00,1.000001030002028557e+00,1.999847703335696451e-03,-3.809338429917155973e-17,-3.758949671309470191e-11,-1.971200158282436160e-15,-9.868061447751760140e-08
7.792809892056340686e+03,8.987582842027769914e+00,1.000000513258444412e+00,1.000001026552875594e+00,1.999861714867850592e-03,1.000000399049554733e+00,1.000000895145972235e+00,1.554858038442841466e-03,1.000000399046634625e+00,1.000000895143659863e+00,1.554847281105811415e-03,1.000000513255366874e+00,1.000001026546184946e+00,1.999850749957814665e-03,-3.623609773449075738e-17,-3.572317458180585644e-11,-2.013275203199270292e-15,-9.704670438963366715e-08
7.818960260821630072e+03,9.017742515994305208e+00,1.000000511542437298e+00,1.000001023119063248e+00,1.999863971447845504e-03,1.000000399324611600e+00,1.000000894084014158e+00,1.561151011352101539e-03,1.000000399319952660e+00,1.000000894080722347e+00,1.561133420323664251e-03,1.000000511541826897e+00,1.000001023116487753e+00,1.999862607859001235e-03,-3.444711773428403960e-17,-3.392693848536747180e-11,-2.053280647730607698e-15,-9.543463192974640815e-08
7.845110629586920368e+03,9.047902189960842279e+00,1.000000509838506746e+00,1.000001019709499284e+00,1.999868724837803625e-03,1.000000399584449307e+00,1.000000893009836300e+00,1.567391479099971077e-03,1.000000399586141731e+00,1.000000893010655867e+00,1.567398743552450308e-03,1.000000509837585927e+00,1.000001019706842298e+00,1.999866131938447464e-03,-3.275094905132355812e-17,-3.222588926352297978e-11,-2.091577144194620821e-15,-9.384077857406504089e-08
7.871260998352208844e+03,9.078061863927377573e+00,1.000000508147913525e+00,1.000001016326709014e+00,1.999881410232583808e-03,1.000000399827011055e+00,1.000000891921836388e+00,1.573570749904942877e-03,1.000000399819752861e+00,1.000000891916573265e+00,1.573542813753065405e-03,1.000000508145735045e+00,1.000001016321294900e+00,1.999873852909997071e-03,-3.115144937633155030e-17,-3.062385769192017795e-11,-2.127947684204523529e-15,-9.226765499339884258e-08
7.897411367117500049e+03,9.108221537893914643e+00,1.000000506465733130e+00,1.000001012960805014e+00,1.999883106246954419e-03,1.000000400046910265e+00,1.000000890815840648e+00,1.579666876527046010e-03,1.000000400044453785e+00,1.000000890814121135e+00,1.579657808399417438e-03,1.000000506464968630e+00,1.000001012958028790e+00,1.999881100290879996e-03,-2.961086226546603911e-17,-2.908207068178806573e-11,-2.161829976464852254e-15,-9.072186106709336928e-08
7.923561735882788525e+03,9.138381211860449937e+00,1.000000504795072853e+00,1.000001009618020964e+00,1.999886452414124591e-03,1.000000400252145649e+00,1.000000889698277273e+00,1.585710658287684937e-03,1.000000400251252586e+00,1.000000889697673090e+00,1.585707754838187617e-03,1.000000504793602474e+00,1.000001009614721159e+00,1.999881636925442737e-03,-2.814900927576845802e-17,-2.762070163715064440e-11,-2.194123585751608517e-15,-8.919382653115234030e-08
7.949712104648079730e+03,9.168540885826987008e+00,1.000000503137581154e+00,1.000001006301661333e+00,1.999898453441864305e-03,1.000000400442797366e+00,1.000000888569238855e+00,1.591701839485345008e-03,1.000000400435941073e+00,1.000000888564529511e+00,1.591675224185778743e-03,1.000000503135850316e+00,1.000001006296919348e+00,1.999892579679995487e-03,-2.677201442350649879e-17,-2.624579254917852811e-11,-2.224845403302729368e-15,-8.768348448194631560e-08
7.975862473413368207e+03,9.198700559793522302e+00,1.000000501488261362e+00,1.000001003001696809e+00,1.999899699499548423e-03,1.000000400612167217e+00,1.000000887423562634e+00,1.597613135235204443e-03,1.000000400613154206e+00,1.000000887423910356e+00,1.597617711514476204e-03,1.000000501486956628e+00,1.000001002998206934e+00,1.999895499097559086e-03,-2.544580808809815527e-17,-2.492260754809918819e-11,-2.253303060090409764e-15,-8.619906887576545459e-08
8.002012842178658502e+03,9.228860233760059373e+00,1.000000499849928337e+00,1.000000999723773987e+00,1.999901773405534169e-03,1.000000400764721631e+00,1.000000886264846844e+00,1.603461581832397401e-03,1.000000400761706931e+00,1.000000886263178845e+00,1.603450162572692041e-03,1.000000499849423408e+00,1.000000999721848638e+00,1.999900752618954339e-03,-2.418634324690271309e-17,-2.366737365562089102e-11,-2.280000683885556326e-15,-8.473524393535915288e-08
8.028163210943947888e+03,9.259019907726594667e+00,1.000000498224596690e+00,1.000000996471929637e+00,1.999913192487937780e-03,1.000000400903256148e+00,1.000000885095305714e+00,1.609257740772788601e-03,1.000000400900221020e+00,1.000000885093384140e+00,1.609246202416139346e-03,1.000000498222900047e+00,1.000000996467306669e+00,1.999907378429258403e-03,-2.300131921446176200e-17,-2.248784823437607521e-11,-2.305243331439873254e-15,-8.328863367264874655e-08
8.054313579709238184e+03,9.289179581693131738e+00,1.000000496607204026e+00,1.000000993236007441e+00,1.999914080564661051e-03,1.000000401025843866e+00,1.000000883913501060e+00,1.614993302177360939e-03,1.000000401022878682e+00,1.000000883911384753e+00,1.614982008809984692e-03,1.000000496605008005e+00,1.000000993231337176e+00,1.999906229503407244e-03,-2.186006151601708963e-17,-2.135275228676634934e-11,-2.328844390853525205e-15,-8.186165309460088197e-08
8.080463948474527569e+03,9.319339255659667032e+00,1.000000495000288314e+00,1.000000990021096881e+00,1.999915002140813247e-03,1.000000401127655980e+00,1.000000882715855077e+00,1.620648131484228593e-03,1.000000401124162330e+00,1.000000882714069395e+00,1.620634666310622699e-03,1.000000495000311851e+00,1.000000990019960234e+00,1.999916087129973395e-03,-2.077533640111311989e-17,-2.027498348775176149e-11,-2.350342770521769308e-15,-8.046038322915042404e-08
8.106614317239817865e+03,9.349498929626204102e+00,1.000000493406208335e+00,1.000000986831923511e+00,1.999925929485512916e-03,1.000000401216015078e+00,1.000000881508028128e+00,1.626251093557424827e-03,1.000000401217674195e+00,1.000000881508982253e+00,1.626258471039078186e-03,1.000000493404168189e+00,1.000000986826913740e+00,1.999918647219495714e-03,-1.975587143904348123e-17,-1.926322861376930270e-11,-2.370499595823257841e-15,-7.907583801650239297e-08
8.132764686005107251e+03,9.379658603592739397e+00,1.000000491819842630e+00,1.000000983658216658e+00,1.999926540277780374e-03,1.000000401291002428e+00,1.000000880290111693e+00,1.631801992061583271e-03,1.000000401286115670e+00,1.000000880287269522e+00,1.631782775316573987e-03,1.000000491818430870e+00,1.000000983654602882e+00,1.999921783340365220e-03,-1.877410606102481234e-17,-1.828959721481885902e-11,-2.389330702390163728e-15,-7.770794676377467691e-08
8.158915054770397546e+03,9.409818277559276467e+00,1.000000490243466045e+00,1.000000980504536674e+00,1.999926417255893426e-03,1.000000401346460954e+00,1.000000879057568737e+00,1.637275184055676184e-03,1.000000401343721590e+00,1.000000879056157865e+00,1.637264665928483617e-03,1.000000490243617035e+00,1.000000980503651160e+00,1.999928013774641359e-03,-1.784018939653427609e-17,-1.736434489068451762e-11,-2.406253651656297224e-15,-7.636448666342809789e-08
8.185065423535686932e+03,9.439977951525811761e+00,1.000000488679760657e+00,1.000000977376256817e+00,1.999936928735603515e-03,1.000000401386594406e+00,1.000000877813654432e+00,1.642687108393275138e-03,1.000000401387238558e+00,1.000000877814301248e+00,1.642690404082363742e-03,1.000000488677032173e+00,1.000000977370399058e+00,1.999926739867091165e-03,-1.696344852957895171e-17,-1.649685157161086375e-11,-2.421706195102735284e-15,-7.504030534724950486e-08
8.211215792300976318e+03,9.470137625492348832e+00,1.000000487123552606e+00,1.000000974263004716e+00,1.999937329905670733e-03,1.000000401413924989e+00,1.000000876560286800e+00,1.648047518671793155e-03,1.000000401410388040e+00,1.000000876558771790e+00,1.648033658370459415e-03,1.000000487122620241e+00,1.000000974260041753e+00,1.999934475864958202e-03,-1.611916846314981773e-17,-1.566208188762939492e-11,-2.435941935725853346e-15,-7.373227684240208252e-08
8.237366161066265704e+03,9.500297299458884126e+00,1.000000485576866938e+00,1.000000971168837571e+00,1.999936254921963648e-03,1.000000401426663910e+00,1.000000875296195968e+00,1.653348545226961900e-03,1.000000401425516605e+00,1.000000875295221192e+00,1.653344483613303001e-03,1.000000485576779230e+00,1.000000971167711805e+00,1.999936864906156145e-03,-1.531535607173617661e-17,-1.486806809714993849e-11,-2.448803487078954600e-15,-7.244270805518239174e-08
8.263516529831556909e+03,9.530456973425421197e+00,1.000000484042690152e+00,1.000000968099738818e+00,1.999946417714094059e-03,1.000000401420522156e+00,1.000000874018367014e+00,1.658571894525455838e-03,1.000000401418831508e+00,1.000000874018119879e+00,1.658565575047515981e-03,1.000000484040460158e+00,1.000000968094613807e+00,1.999938171567299146e-03,-1.456160599423239579e-17,-1.412434681954386162e-11,-2.459920465761104696e-15,-7.117716276826564095e-08
8.289666898596846295e+03,9.560616647391956491e+00,1.000000482515801759e+00,1.000000965045244827e+00,1.999946669969423531e-03,1.000000401402145078e+00,1.000000872731712454e+00,1.663744369835203898e-03,1.000000401400826577e+00,1.000000872731616974e+00,1.663739572537048820e-03,1.000000482514968425e+00,1.000000965042427303e+00,1.999944180580992895e-03,-1.383579502374290529e-17,-1.340869002378730748e-11,-2.469925437054397241e-15,-6.992726242506316792e-08
8.315817267362135681e+03,9.590776321358493561e+00,1.000000480997988550e+00,1.000000962008935623e+00,1.999944727358204943e-03,1.000000401371613279e+00,1.000000871436321104e+00,1.668865826355408208e-03,1.000000401370227276e+00,1.000000871435510419e+00,1.668860733283968143e-03,1.000000480997326413e+00,1.000000962007118854e+00,1.999942936680989495e-03,-1.314418280628445992e-17,-1.272738389403379955e-11,-2.478832955804982412e-15,-6.869293424859680205e-08
8.341967636127425067e+03,9.620935995325028856e+00,1.000000479492523464e+00,1.000000958997366629e+00,1.999954597228844038e-03,1.000000401323316801e+00,1.000000870128270547e+00,1.673912388270756965e-03,1.000000401320508381e+00,1.000000870127603081e+00,1.673901346588606764e-03,1.000000479490907423e+00,1.000000958993127131e+00,1.999948815658959735e-03,-1.249637836966931131e-17,-1.209005105988117402e-11,-2.486162661848529937e-15,-6.748147672684647630e-08
8.368118004892714453e+03,9.651095669291564150e+00,1.000000477994144932e+00,1.000000955999994945e+00,1.999954749228310437e-03,1.000000401261174288e+00,1.000000868810461130e+00,1.678899755050735233e-03,1.000000401262564509e+00,1.000000868811470989e+00,1.678906245793683341e-03,1.000000477993062686e+00,1.000000955996859675e+00,1.999951176755470749e-03,-1.187261206038380463e-17,-1.147679012428615412e-11,-2.492287573871668738e-15,-6.628795271510695921e-08
8.394268373658003839e+03,9.681255343258101220e+00,1.000000476504413927e+00,1.000000953019947181e+00,1.999952012946133902e-03,1.000000401187441046e+00,1.000000867484529987e+00,1.683836848475679443e-03,1.000000401185729748e+00,1.000000867484460709e+00,1.683830341135712002e-03,1.000000476503919655e+00,1.000000953018426841e+00,1.999950891653992299e-03,-1.127772415757448696e-17,-1.089242356046904399e-11,-2.497414640491983399e-15,-6.510948794783042115e-08
8.420418742423293224e+03,9.711415017224636514e+00,1.000000475026872504e+00,1.000000950064316996e+00,1.999961640381768633e-03,1.000000401100471725e+00,1.000000866149375556e+00,1.688716287553167954e-03,1.000000401097381975e+00,1.000000866148349710e+00,1.688703956475826008e-03,1.000000475025500046e+00,1.000000950060466964e+00,1.999956811846459633e-03,-1.072114871555994564e-17,-1.034629220359758498e-11,-2.501413998459111904e-15,-6.394827186147687234e-08
8.446569111188584429e+03,9.741574691191173585e+00,1.000000473556223124e+00,1.000000947122490880e+00,1.999961736189815893e-03,1.000000400996492900e+00,1.000000864802507161e+00,1.693521616374345793e-03,1.000000400997670846e+00,1.000000864803477052e+00,1.693527269724636949e-03,1.000000473554572888e+00,1.000000947118613537e+00,1.999955713973141768e-03,-1.018524741962707100e-17,-9.820796202892145473e-12,-2.503995066540377691e-15,-6.280936173751234428e-08
8.472719479953873815e+03,9.771734365157708879e+00,1.000000472093811599e+00,1.000000944197165564e+00,1.999958272996019051e-03,1.000000400881482010e+00,1.000000863448119670e+00,1.698277489851045567e-03,1.000000400880300733e+00,1.000000863448871735e+00,1.698273166443556130e-03,1.000000472093986126e+00,1.000000944196607122e+00,1.999959955884085365e-03,-9.673712638745036717e-18,-9.319622064790796942e-12,-2.505673340302421403e-15,-6.168499594860051694e-08
8.498869848719163201e+03,9.801894039124245950e+00,1.000000470643432893e+00,1.000000941295938972e+00,1.999967699449597264e-03,1.000000400755518770e+00,1.000000862086297904e+00,1.702983814923169671e-03,1.000000400754542662e+00,1.000000862085878461e+00,1.702980349818194149e-03,1.000000470641963402e+00,1.000000941292023215e+00,1.999962396486046779e-03,-9.195665444227874703e-18,-8.851859711334866876e-12,-2.506461958675080647e-15,-6.057510110185303239e-08
8.525020217484452587e+03,9.832053713090781244e+00,1.000000469199758157e+00,1.000000938408138085e+00,1.999967773742930902e-03,1.000000400613535678e+00,1.000000860713716300e+00,1.707618561231458599e-03,1.000000400612486740e+00,1.000000860714292061e+00,1.707614774534140477e-03,1.000000469197882325e+00,1.000000938403975859e+00,1.999960716662463594e-03,-8.735392743638783415e-18,-8.401783648847120513e-12,-2.505973620957644907e-15,-5.948648550532723671e-08
8.551170586249743792e+03,9.862213387057318315e+00,1.000000467763929368e+00,1.000000935536049962e+00,1.999963641456219306e-03,1.000000400459151617e+00,1.000000859332914382e+00,1.712196573705845881e-03,1.000000400458993965e+00,1.000000859334182479e+00,1.712196584778358580e-03,1.000000467764413647e+00,1.000000935535972024e+00,1.999966647996086200e-03,-8.295663169027687773e-18,-7.972133923634884734e-12,-2.504519696854520456e-15,-5.841445170818807846e-08
8.577320955015033178e+03,9.892373061023853609e+00,1.000000466339979077e+00,1.000000932687747035e+00,1.999972904597723151e-03,1.000000400294365877e+00,1.000000857945265276e+00,1.716725939237926258e-03,1.000000400295116387e+00,1.000000857945871235e+00,1.716729844953881557e-03,1.000000466338100580e+00,1.000000932683347665e+00,1.999965781520114498e-03,-7.885187842435648290e-18,-7.571494821878545546e-12,-2.502265614269827914e-15,-5.735637405452242653e-08
8.603471323780322564e+03,9.922532734990390679e+00,1.000000464922551124e+00,1.000000929852504328e+00,1.999972988323794366e-03,1.000000400117678989e+00,1.000000856549835060e+00,1.721199799977699398e-03,1.000000400115224064e+00,1.000000856550058659e+00,1.721189927992170660e-03,1.000000464921307897e+00,1.000000929849202747e+00,1.999968570107034469e-03,-7.489988646198440285e-18,-7.186011628193578466e-12,-2.499106948615757620e-15,-5.631431797656960556e-08
8.629621692545611950e+03,9.952692408956925973e+00,1.000000463512594084e+00,1.000000927032220766e+00,1.999968241396524703e-03,1.000000399925801808e+00,1.000000855144614897e+00,1.725603497050104016e-03,1.000000399926819217e+00,1.000000855145733558e+00,1.725608577002290134e-03,1.000000463513057936e+00,1.000000927032181020e+00,1.999971169626780197e-03,-7.112095085872917756e-18,-6.817699669926279034e-12,-2.494822088456717291e-15,-5.529285220325389037e-08
8.655772061310903155e+03,9.982852082923463044e+00,1.000000462114362776e+00,1.000000924235413757e+00,1.999977371237099660e-03,1.000000399724065847e+00,1.000000853733119754e+00,1.729959509268641895e-03,1.000000399724388700e+00,1.000000853734730244e+00,1.729961597761572141e-03,1.000000462112043964e+00,1.000000924230487476e+00,1.999968259201697837e-03,-6.759743906213190208e-18,-6.474727087538055310e-12,-2.489821817209290917e-15,-5.428482976631142318e-08
8.681922430076190722e+03,1.001301175688999834e+01,1.000000460722478612e+00,1.000000921451314362e+00,1.999977489076642037e-03,1.000000399512547045e+00,1.000000852315430233e+00,1.734267778607023096e-03,1.000000399510841076e+00,1.000000852316026423e+00,1.734261066096248879e-03,1.000000460721526263e+00,1.000000921448418456e+00,1.999974275970864499e-03,-6.420517128153742024e-18,-6.144733999567614859e-12,-2.484117797794571534e-15,-5.329017789181114176e-08
8.708072798841481927e+03,1.004317143085653541e+01,1.000000459337706316e+00,1.000000918681452688e+00,1.999972174473630022e-03,1.000000399286710140e+00,1.000000850888790760e+00,1.738508175598610025e-03,1.000000399287650721e+00,1.000000850889422699e+00,1.738512964805576577e-03,1.000000459337846204e+00,1.000000918681044126e+00,1.999973702257521174e-03,-6.095856702727296841e-18,-5.829137991018190177e-12,-2.477406129885048831e-15,-5.231521225711701362e-08
8.734223167606771312e+03,1.007333110482307070e+01,1.000000457964509204e+00,1.000000915934763590e+00,1.999981197240002177e-03,1.000000399049865596e+00,1.000000849455382035e+00,1.742694595288808409e-03,1.000000399050243516e+00,1.000000849457679086e+00,1.742696941412331512e-03,1.000000457962924250e+00,1.000000915930874923e+00,1.999975191869225125e-03,-5.793486117831774317e-18,-5.535522823402362685e-12,-2.469940683116206797e-15,-5.135549276817572532e-08
8.760373536372060698e+03,1.010349077878960777e+01,1.000000456597490262e+00,1.000000913200441932e+00,1.999981371961943952e-03,1.000000398803769563e+00,1.000000848016332489e+00,1.746834297678993061e-03,1.000000398804234969e+00,1.000000848017334132e+00,1.746837033074156043e-03,1.000000456596513709e+00,1.000000913197532704e+00,1.999978007757256988e-03,-5.502387486184155912e-18,-5.253056418848302810e-12,-2.461850573612308721e-15,-5.040863543418594984e-08
8.786523905137350084e+03,1.013365045275614307e+01,1.000000455237238794e+00,1.000000910479667438e+00,1.999975529958858671e-03,1.000000398547068015e+00,1.000000846570871849e+00,1.750920972245857601e-03,1.000000398546163849e+00,1.000000846571876156e+00,1.750917698374741555e-03,1.000000455236776498e+00,1.000000910478516802e+00,1.999974409484035938e-03,-5.223539242649337538e-18,-4.982711936582142730e-12,-2.453054482381510602e-15,-4.947657771288740742e-08
8.812674273902641289e+03,1.016381012672268014e+01,1.000000453888414187e+00,1.000000907781765980e+00,1.999984467505425221e-03,1.000000398276924329e+00,1.000000845117429371e+00,1.754941703394015222e-03,1.000000398277514746e+00,1.000000845119756177e+00,1.754945004522749522e-03,1.000000453887230689e+00,1.000000907778470172e+00,1.999980160556322304e-03,-4.964132567842664120e-18,-4.731645840938560684e-12,-2.443389377054078785e-15,-4.856342317653240169e-08
8.838824642667930675e+03,1.019396980068921543e+01,1.000000452545604546e+00,1.000000905095904002e+00,1.999984715439231085e-03,1.000000397998049184e+00,1.000000843658883420e+00,1.758916782269086439e-03,1.000000397999743829e+00,1.000000843659802019e+00,1.758924971908666212e-03,1.000000452544315133e+00,1.000000905092596648e+00,1.999979922255441106e-03,-4.714403672103700559e-18,-4.490142196245000026e-12,-2.433173945668622463e-15,-4.766262763882657593e-08
8.864975011433220061e+03,1.022412947465575250e+01,1.000000451209232866e+00,1.000000902422927940e+00,1.999978384620587028e-03,1.000000397710516076e+00,1.000000842195309270e+00,1.762846192148212476e-03,1.000000397709680744e+00,1.000000842197169337e+00,1.762843190333525031e-03,1.000000451209448693e+00,1.000000902422740090e+00,1.999980243341934871e-03,-4.474968615727945181e-18,-4.258805510716763328e-12,-2.422418375176332425e-15,-4.677411995677914896e-08
8.891125380198509447e+03,1.025428914862228780e+01,1.000000449884142162e+00,1.000000899772530705e+00,1.999987257508334480e-03,1.000000397410303110e+00,1.000000840724491580e+00,1.766711713836402334e-03,1.000000397410959252e+00,1.000000840725878248e+00,1.766715332603149098e-03,1.000000449883053033e+00,1.000000899769416973e+00,1.999983315922691102e-03,-4.252482392152102742e-18,-4.044139890451498876e-12,-2.410892301906104484e-15,-4.590372833233311013e-08
8.917275748963800652e+03,1.028444882258882487e+01,1.000000448564908329e+00,1.000000897133855648e+00,1.999987592482299712e-03,1.000000397100409888e+00,1.000000839248258000e+00,1.770526224586953766e-03,1.000000397101844296e+00,1.000000839250713147e+00,1.770533322733830245e-03,1.000000448563040489e+00,1.000000897129796451e+00,1.999980161391713956e-03,-4.038302558532758725e-18,-3.837612347508584084e-12,-2.398796971021421836e-15,-4.504728151984974236e-08
8.943426117729088219e+03,1.031460849655536016e+01,1.000000447251797153e+00,1.000000894507433902e+00,1.999980807309960796e-03,1.000000396782364742e+00,1.000000837767513140e+00,1.774296177964585853e-03,1.000000396782884104e+00,1.000000837770110840e+00,1.774299204829868359e-03,1.000000447252460845e+00,1.000000894507899751e+00,1.999984669447744424e-03,-3.832764944743450840e-18,-3.639549116067218077e-12,-2.386230271236977755e-15,-4.420262726929588695e-08
8.969576486494377605e+03,1.034476817052189546e+01,1.000000445949823069e+00,1.000000891903300992e+00,1.999989631818999223e-03,1.000000396454957530e+00,1.000000836281644601e+00,1.778015827463611280e-03,1.000000396455119844e+00,1.000000836281526473e+00,1.778017260725095819e-03,1.000000445948545647e+00,1.000000891899990751e+00,1.999984794695419937e-03,-3.641995873100707830e-18,-3.455886365049779038e-12,-2.373131522820712673e-15,-4.337157336467038070e-08
8.995726855259668810e+03,1.037492784448843253e+01,1.000000444653553755e+00,1.000000889310584506e+00,1.999990068034489168e-03,1.000000396115767076e+00,1.000000834789475546e+00,1.781673916239489121e-03,1.000000396117086909e+00,1.000000834792795779e+00,1.781680558640356309e-03,1.000000444652019871e+00,1.000000889306990715e+00,1.999984058236103663e-03,-3.458353889641586204e-18,-3.279142748513817026e-12,-2.359386580595876035e-15,-4.255778550664136607e-08
9.021877224024958196e+03,1.040508751845496782e+01,1.000000443363104452e+00,1.000000886729514926e+00,1.999982860071400793e-03,1.000000395768918082e+00,1.000000833293294367e+00,1.785288587361909870e-03,1.000000395770368700e+00,1.000000833295380032e+00,1.785295837827805508e-03,1.000000443363917579e+00,1.000000886730235017e+00,1.999987414547136581e-03,-3.281961013807608951e-18,-3.109435110910702237e-12,-2.345234440609103603e-15,-4.175530275835605818e-08
9.048027592790247581e+03,1.043524719242150489e+01,1.000000442083650798e+00,1.000000884170449078e+00,1.999991651381499529e-03,1.000000395414479604e+00,1.000000831793171008e+00,1.788859853830283885e-03,1.000000395414648580e+00,1.000000831795025746e+00,1.788861325046010821e-03,1.000000442081923513e+00,1.000000884166592607e+00,1.999984721181377427e-03,-3.118430768906547575e-18,-2.952190142062433256e-12,-2.330683860125824827e-15,-4.096405641232440898e-08
9.074177961555536967e+03,1.046540686638804019e+01,1.000000440809754476e+00,1.000000881622503890e+00,1.999992198146410220e-03,1.000000395048921353e+00,1.000000830287396170e+00,1.792371399712764041e-03,1.000000395049984947e+00,1.000000830290617371e+00,1.792376933745459030e-03,1.000000440808655355e+00,1.000000881619510951e+00,1.999988093271146301e-03,-2.961013858606224163e-18,-2.800919919516750684e-12,-2.315568287946330192e-15,-4.018939860003672161e-08
9.100328330320828172e+03,1.049556654035457726e+01,1.000000439541413710e+00,1.000000879085676031e+00,1.999984710773669312e-03,1.000000394674933624e+00,1.000000828777454887e+00,1.795835031108360211e-03,1.000000394676650028e+00,1.000000828777889206e+00,1.795843549423863268e-03,1.000000439542074959e+00,1.000000879086230032e+00,1.999988599018364711e-03,-2.809698213106254135e-18,-2.655613988532443089e-12,-2.300041651191551418e-15,-3.942743293962365894e-08
9.126478699086117558e+03,1.052572621432111255e+01,1.000000438283877857e+00,1.000000876570468877e+00,1.999993361253197318e-03,1.000000394293834027e+00,1.000000827264049041e+00,1.799256429445870087e-03,1.000000394295143646e+00,1.000000827267590875e+00,1.799263114720091880e-03,1.000000438282269810e+00,1.000000876566823793e+00,1.999986900089020716e-03,-2.669527505323753763e-18,-2.521271435520085690e-12,-2.284175426374515982e-15,-3.867622679574705538e-08
9.152629067851406944e+03,1.055588588828764962e+01,1.000000437031782319e+00,1.000000874066147905e+00,1.999994023327447776e-03,1.000000393904552309e+00,1.000000825746717448e+00,1.802630417426825471e-03,1.000000393904951768e+00,1.000000825748607047e+00,1.802632955515143546e-03,1.000000437030833966e+00,1.000000874063376788e+00,1.999990556921196760e-03,-2.534625276887344020e-18,-2.392086380201032686e-12,-2.267927070841600487e-15,-3.793745854869442172e-08
9.178779436616696330e+03,1.058604556225418492e+01,1.000000435785100450e+00,1.000000871572658712e+00,1.999986787600348693e-03,1.000000393505046548e+00,1.000000824224632989e+00,1.805947303940983080e-03,1.000000393506889962e+00,1.000000824227341933e+00,1.805956475028266560e-03,1.000000435785247221e+00,1.000000871572487293e+00,1.999988332794899563e-03,-2.404955615429853239e-18,-2.268022940377894579e-12,-2.251222498710633148e-15,-3.721438585143381799e-08
9.204929805381987535e+03,1.061620523622072199e+01,1.000000434548815154e+00,1.000000869099972212e+00,1.999994801079753911e-03,1.000000393098892104e+00,1.000000822699543157e+00,1.809223142917118672e-03,1.000000393100931362e+00,1.000000822703536851e+00,1.809233240293011769e-03,1.000000434547726913e+00,1.000000869097071199e+00,1.999990661550044013e-03,-2.284736800499246346e-18,-2.153164356146748610e-12,-2.234232850494811326e-15,-3.650160560832545199e-08
9.231080174147275102e+03,1.064636491018725728e+01,1.000000433317968396e+00,1.000000866638167230e+00,1.999995587064292649e-03,1.000000392686153372e+00,1.000000821171512344e+00,1.812457970765191930e-03,1.000000392686296369e+00,1.000000821171055154e+00,1.812459342943449452e-03,1.000000433316907245e+00,1.000000866635267327e+00,1.999991556192409845e-03,-2.169158197176079925e-18,-2.042801273202801150e-12,-2.216965533829065977e-15,-3.579905216340074718e-08
9.257230542912566307e+03,1.067652458415379435e+01,1.000000432092397640e+00,1.000000864186918470e+00,1.999988606050144817e-03,1.000000392263765026e+00,1.000000819639301097e+00,1.815637340999163522e-03,1.000000392265580240e+00,1.000000819643303229e+00,1.815646455594006935e-03,1.000000432092291058e+00,1.000000864186372906e+00,1.999988976838255536e-03,-2.058065833108997007e-18,-1.936783278130785344e-12,-2.199308488171707283e-15,-3.511161796728219536e-08
9.283380911677855693e+03,1.070668425812032964e+01,1.000000430876830659e+00,1.000000861755685477e+00,1.999996010879898523e-03,1.000000391834115376e+00,1.000000818104065825e+00,1.818771960911519251e-03,1.000000391836231017e+00,1.000000818107037448e+00,1.818782493992417626e-03,1.000000430875984225e+00,1.000000861753156611e+00,1.999992943136814656e-03,-1.954984118198114874e-18,-1.838483193110360461e-12,-2.181373811395457361e-15,-3.443568276235521174e-08
9.309531280443145079e+03,1.073684393208686672e+01,1.000000429666698221e+00,1.000000859335325121e+00,1.999996924215106768e-03,1.000000391398327304e+00,1.000000816566326778e+00,1.821866772414873058e-03,1.000000391399904265e+00,1.000000816568894946e+00,1.821874826072764249e-03,1.000000429665281576e+00,1.000000859331972913e+00,1.999991189245611811e-03,-1.855985640167463168e-18,-1.744094414332245866e-12,-2.163211014819734353e-15,-3.376951988126573700e-08
9.335681649208434465e+03,1.076700360605340201e+01,1.000000428461708779e+00,1.000000856925254311e+00,1.999990198858925521e-03,1.000000390955466667e+00,1.000000815025765544e+00,1.824917174301639647e-03,1.000000390956848229e+00,1.000000815029830292e+00,1.824924336799688086e-03,1.000000428462030078e+00,1.000000856925245651e+00,1.999992555419959073e-03,-1.760832420213916855e-18,-1.653388520171925128e-12,-2.144793232542284226e-15,-3.311468023937107378e-08
9.361832017973725669e+03,1.079716328001993908e+01,1.000000427266345859e+00,1.000000854534443429e+00,1.999997024070318541e-03,1.000000390503833270e+00,1.000000813481862538e+00,1.827914930674033210e-03,1.000000390505150660e+00,1.000000813482124107e+00,1.827921811672040707e-03,1.000000427265483216e+00,1.000000854531941874e+00,1.999993840869236910e-03,-1.672466065965958478e-18,-1.569172895961190619e-12,-2.126078563166057242e-15,-3.247404466453673840e-08
9.387982386739015055e+03,1.082732295398647437e+01,1.000000426076410820e+00,1.000000852154491415e+00,1.999998068031088802e-03,1.000000390046492660e+00,1.000000811935874756e+00,1.830874087591265100e-03,1.000000390049115229e+00,1.000000811940372936e+00,1.830887112028944724e-03,1.000000426074606930e+00,1.000000852150644937e+00,1.999990452419537698e-03,-1.587689764719999692e-18,-1.488435209360724095e-12,-2.107181314657844811e-15,-3.184273820289162018e-08
9.414132755504304441e+03,1.085748262795301144e+01,1.000000424891489992e+00,1.000000849784571377e+00,1.999991597003174769e-03,1.000000389583505234e+00,1.000000810387859929e+00,1.833794704432550188e-03,1.000000389584708271e+00,1.000000810390836659e+00,1.833801081190096017e-03,1.000000424891975381e+00,1.000000849784750345e+00,1.999994731175013495e-03,-1.506208396596290900e-18,-1.410892491338379446e-12,-2.088107648049461296e-15,-3.122069869808926608e-08
9.440283124269593827e+03,1.088764230191954674e+01,1.000000423715832643e+00,1.000000847433183848e+00,1.999997864816414547e-03,1.000000389112240873e+00,1.000000808837011368e+00,1.836664145687164377e-03,1.000000389113995913e+00,1.000000808839599298e+00,1.836673144528796087e-03,1.000000423714716424e+00,1.000000847430391859e+00,1.999993443219077148e-03,-1.430474486277070394e-18,-1.338969212497606759e-12,-2.068791262326402881e-15,-3.061237914059623428e-08
9.466433493034885032e+03,1.091780197588608381e+01,1.000000422545594736e+00,1.000000845092638313e+00,1.999999040179373851e-03,1.000000388634795234e+00,1.000000807284173288e+00,1.839492006411978017e-03,1.000000388637820592e+00,1.000000807289138871e+00,1.839507040949188692e-03,1.000000422544333967e+00,1.000000845089538126e+00,1.999993917738739860e-03,-1.357894424923629539e-18,-1.270110586988473067e-12,-2.049307895096852544e-15,-3.001443261886245317e-08
9.492583861800172599e+03,1.094796164985261910e+01,1.000000421380246918e+00,1.000000842761875397e+00,1.999992823202463577e-03,1.000000388152115782e+00,1.000000805729704956e+00,1.842282540035719259e-03,1.000000388153059472e+00,1.000000805730092646e+00,1.842287733878552290e-03,1.000000421380652593e+00,1.000000842761919584e+00,1.999995591049544014e-03,-1.288136956870366938e-18,-1.203992540802328616e-12,-2.029689112143534479e-15,-2.942532385080821695e-08
9.518734230565461985e+03,1.097812132381915440e+01,1.000000420223813302e+00,1.000000840448945549e+00,1.999998557411334331e-03,1.000000387663396717e+00,1.000000804173422297e+00,1.845031706685796701e-03,1.000000387665412216e+00,1.000000804177916702e+00,1.845042014569687116e-03,1.000000420222223463e+00,1.000000840445568695e+00,1.999991831853856639e-03,-1.223244542070723226e-18,-1.142571423106897670e-12,-2.009921366661050253e-15,-2.884647960549673730e-08
9.544884599330753190e+03,1.100828099778569147e+01,1.000000419072788915e+00,1.000000838146837046e+00,1.999999866239257542e-03,1.000000387167244043e+00,1.000000802615072626e+00,1.847732617219269118e-03,1.000000387169823535e+00,1.000000802618846274e+00,1.847745643419001918e-03,1.000000419071812807e+00,1.000000838144138982e+00,1.999996045716189927e-03,-1.161120585882127472e-18,-1.083804952780142443e-12,-1.989988048831166663e-15,-2.828043556329437880e-08
9.571034968096042576e+03,1.103844067175222676e+01,1.000000417926534046e+00,1.000000835854270020e+00,1.999993899993458488e-03,1.000000386666255237e+00,1.000000801055471289e+00,1.850397409265827327e-03,1.000000386668402186e+00,1.000000801058047895e+00,1.850408399632021486e-03,1.000000417926634411e+00,1.000000835853880776e+00,1.999995215495943210e-03,-1.101413943644989951e-18,-1.027353982954766065e-12,-1.969956686731779612e-15,-2.772281230380443281e-08
9.597185336861331962e+03,1.106860034571876383e+01,1.000000416788857427e+00,1.000000833578863269e+00,1.999999121777344853e-03,1.000000386160485366e+00,1.000000799494670689e+00,1.853026158431085330e-03,1.000000386162861910e+00,1.000000799499782822e+00,1.853038278211692610e-03,1.000000416787795832e+00,1.000000833576236037e+00,1.999994861115192771e-03,-1.045823580308226024e-18,-9.748219335435821933e-13,-1.949832311747369455e-15,-2.717355147193449963e-08
9.623335705626621348e+03,1.109876001968529913e+01,1.000000415656578268e+00,1.000000831314254102e+00,2.000000564241525506e-03,1.000000385647709988e+00,1.000000797932257601e+00,1.855607972830934085e-03,1.000000385648809331e+00,1.000000797933005225e+00,1.855613978252152558e-03,1.000000415655647235e+00,1.000000831311638416e+00,1.999996915757969868e-03,-9.926615310026022375e-19,-9.245844652827454764e-13,-1.929586366814160510e-15,-2.663668961994591782e-08
9.649486074391912553e+03,1.112891969365183620e+01,1.000000414528952497e+00,1.000000829058953045e+00,1.999994848083762235e-03,1.000000385129744318e+00,1.000000796368783140e+00,1.858151336681649734e-03,1.000000385133053671e+00,1.000000796373732292e+00,1.858168019459001787e-03,1.000000414528538384e+00,1.000000829057853480e+00,1.999993679089888746e-03,-9.415691618764642671e-19,-8.763021744401929547e-13,-1.909263520884150119e-15,-2.610914706011795128e-08
9.675636443157201938e+03,1.115907936761837149e+01,1.000000413409581235e+00,1.000000826820164557e+00,1.999999578466723875e-03,1.000000384607377057e+00,1.000000794804466020e+00,1.860659861457400607e-03,1.000000384609933235e+00,1.000000794808592053e+00,1.860672943668955108e-03,1.000000413408874245e+00,1.000000826818054911e+00,1.999996985131647243e-03,-8.939579794730437529e-19,-8.313042525079677255e-13,-1.888880958239291907e-15,-2.558956486511905233e-08
9.701786811922491324e+03,1.118923904158490856e+01,1.000000412295594110e+00,1.000000824592146564e+00,2.000001154243446957e-03,1.000000384079924753e+00,1.000000793239246510e+00,1.863130058605742172e-03,1.000000384081272564e+00,1.000000793241517361e+00,1.863137312707516301e-03,1.000000412294485663e+00,1.000000824589317494e+00,1.999996601635914244e-03,-8.484751965897868397e-19,-7.883521884450080266e-13,-1.868436240325814870e-15,-2.507925008322493708e-08
9.727937180687780710e+03,1.121939871555144386e+01,1.000000411186147575e+00,1.000000822373211307e+00,1.999995684157038819e-03,1.000000383546264748e+00,1.000000791673100631e+00,1.865556269167766186e-03,1.000000383549895178e+00,1.000000791678769207e+00,1.865574643115676867e-03,1.000000411185935301e+00,1.000000822372358655e+00,1.999995474276441108e-03,-8.047639952927093370e-19,-7.471074036365009952e-13,-1.847932122464385737e-15,-2.458042462270493530e-08
9.754087549453071915e+03,1.124955838951798093e+01,1.000000410084644020e+00,1.000000820170164895e+00,1.999999939917097846e-03,1.000000383008567084e+00,1.000000790106450710e+00,1.867948832495317608e-03,1.000000383010094973e+00,1.000000790107598014e+00,1.867956999546250283e-03,1.000000410084057823e+00,1.000000820168259752e+00,1.999997901129810414e-03,-7.639955547000610398e-19,-7.087285677763585701e-13,-1.827398351309992649e-15,-2.408917026128169835e-08
9.780237918218359482e+03,1.127971806348451622e+01,1.000000408988509948e+00,1.000000817977859446e+00,2.000001648385062170e-03,1.000000382466882609e+00,1.000000788539343377e+00,1.870307838319888857e-03,1.000000382469528493e+00,1.000000788544312069e+00,1.870321492611453458e-03,1.000000408987018252e+00,1.000000817974541878e+00,1.999995172002092328e-03,-7.250913208895449730e-19,-6.721507850768787713e-13,-1.806838952052536186e-15,-2.360543262162473877e-08
9.806388286983650687e+03,1.130987773745105329e+01,1.000000407896807220e+00,1.000000815794417797e+00,1.999996420306877389e-03,1.000000381919359915e+00,1.000000786971722011e+00,1.872624053528542309e-03,1.000000381922298454e+00,1.000000786976298794e+00,1.872639177451102368e-03,1.000000407896886934e+00,1.000000815793934184e+00,1.999997627024989975e-03,-6.877031214384531768e-19,-6.370349550618770231e-13,-1.786255883103362542e-15,-2.313285673828506375e-08
9.832538655748940073e+03,1.134003741141758859e+01,1.000000406812747711e+00,1.000000813626265028e+00,2.000000219948050700e-03,1.000000381367549096e+00,1.000000785403864612e+00,1.874904869249028163e-03,1.000000381369660296e+00,1.000000785405988024e+00,1.874915963537527111e-03,1.000000406812064924e+00,1.000000813624273732e+00,1.999997677275566245e-03,-6.528014152257527313e-19,-6.043011105020219666e-13,-1.765667742768762116e-15,-2.266862133157466131e-08
9.858689024514229459e+03,1.137019708538412566e+01,1.000000405734041697e+00,1.000000811468820805e+00,2.000002060279823957e-03,1.000000380812097189e+00,1.000000783835867546e+00,1.877153306750365454e-03,1.000000380815747825e+00,1.000000783841815011e+00,1.877172017124831152e-03,1.000000405732612618e+00,1.000000811465609818e+00,1.999995827111579385e-03,-6.195314008779070062e-19,-5.731164397225068248e-13,-1.745080438525047112e-15,-2.221152875037193197e-08
9.884839393279518845e+03,1.140035675935066095e+01,1.000000404659661113e+00,1.000000809320028994e+00,1.999997070159794960e-03,1.000000380252435317e+00,1.000000782267785882e+00,1.879366411573680021e-03,1.000000380253516230e+00,1.000000782269322874e+00,1.879372468085960864e-03,1.000000404659809883e+00,1.000000809319619099e+00,1.999998615232516635e-03,-5.875584136562943657e-19,-5.431603646075509727e-13,-1.724500606302323376e-15,-2.176277160431158403e-08
9.910989762044810050e+03,1.143051643331719802e+01,1.000000403592635090e+00,1.000000807185948304e+00,2.000000430105905360e-03,1.000000379687678853e+00,1.000000780699789482e+00,1.881539634272410633e-03,1.000000379691230457e+00,1.000000780704868530e+00,1.881557949167423542e-03,1.000000403591654319e+00,1.000000807183601070e+00,1.999996377235109014e-03,-5.576854479169930993e-19,-5.151793330540655171e-13,-1.703945357788330689e-15,-2.132428851341360768e-08
9.937140130810099436e+03,1.146067610728373332e+01,1.000000402530945243e+00,1.000000805062541076e+00,2.000002400115321807e-03,1.000000379119611704e+00,1.000000779131954065e+00,1.883681639570999140e-03,1.000000379123087590e+00,1.000000779136918538e+00,1.883699623599130197e-03,1.000000402529904298e+00,1.000000805059870324e+00,1.999998032619011018e-03,-5.292397164793588883e-19,-4.885272543072441232e-13,-1.683414577135566416e-15,-2.089258737663990801e-08
9.963290499575388822e+03,1.149083578125027039e+01,1.000000401473478684e+00,1.000000802947581313e+00,1.999997644938398579e-03,1.000000378548280056e+00,1.000000777564320709e+00,1.885792527135944337e-03,1.000000378549526614e+00,1.000000777566172561e+00,1.885799451205165747e-03,1.000000401473489564e+00,1.000000802946970690e+00,1.999998502322769978e-03,-5.019033726119567352e-19,-4.629077913855932099e-13,-1.662911407592688967e-15,-2.046761786601798181e-08
9.989440868340678207e+03,1.152099545521680568e+01,1.000000400423088465e+00,1.000000800846776228e+00,2.000000581533426490e-03,1.000000377972174892e+00,1.000000775997151425e+00,1.887864631806705643e-03,1.000000377976158150e+00,1.000000776003377556e+00,1.887885240334600265e-03,1.000000400422005775e+00,1.000000800844333737e+00,1.999995974662142732e-03,-4.763398442719472090e-19,-4.389368240668785542e-13,-1.642461911126808248e-15,-2.005265954225479770e-08
1.001559123710596941e+04,1.155115512918334275e+01,1.000000399378015992e+00,1.000000798756607523e+00,2.000002679690461322e-03,1.000000377392596507e+00,1.000000774430473083e+00,1.889904277942142585e-03,1.000000377394585582e+00,1.000000774432378225e+00,1.889914952420081520e-03,1.000000399377144022e+00,1.000000798754185238e+00,1.999999111880726172e-03,-4.520239144629408671e-19,-4.161572078833096892e-13,-1.622063237940273509e-15,-1.964513862492756692e-08
1.004174160587125698e+04,1.158131480314987805e+01,1.000000398337067331e+00,1.000000796674687775e+00,1.999998154523980644e-03,1.000000376810066038e+00,1.000000772864277243e+00,1.891913945873232878e-03,1.000000376813469094e+00,1.000000772869368726e+00,1.891931745661348764e-03,1.000000398336748031e+00,1.000000796673621517e+00,1.999997347730049068e-03,-4.286566516283823153e-19,-3.942884280015879550e-13,-1.601712678405964604e-15,-1.924400392940872557e-08
1.006789197463654637e+04,1.161147447711641334e+01,1.000000397302927446e+00,1.000000794606386467e+00,2.000000682639948516e-03,1.000000376224121634e+00,1.000000771298723778e+00,1.893891194860948318e-03,1.000000376227387466e+00,1.000000771304164982e+00,1.893908346981548665e-03,1.000000397302286403e+00,1.000000794604572585e+00,1.999998250224772987e-03,-4.067852998023953184e-19,-3.738746187471977559e-13,-1.581424104314829357e-15,-1.885033953909491891e-08
1.009404234340183757e+04,1.164163415108295041e+01,1.000000396274085324e+00,1.000000792548682016e+00,2.000002906115360551e-03,1.000000375634086947e+00,1.000000769734144201e+00,1.895832477449766861e-03,1.000000375635754502e+00,1.000000769735552852e+00,1.895841606287206309e-03,1.000000396273178938e+00,1.000000792546236861e+00,1.999999124274091152e-03,-3.860038457811270387e-19,-3.545096765038162067e-13,-1.561224822865141304e-15,-1.846582993411385003e-08
1.012019271216712696e+04,1.167179382504948570e+01,1.000000395249271090e+00,1.000000790499034009e+00,1.999998605958433397e-03,1.000000375041398382e+00,1.000000768170311138e+00,1.897744901551593616e-03,1.000000375045789758e+00,1.000000768176691146e+00,1.897767833792465266e-03,1.000000395248592078e+00,1.000000790497474812e+00,1.999995960275845891e-03,-3.660334321404763771e-19,-3.359224489023327883e-13,-1.541091713907615443e-15,-1.808737412293447607e-08
1.014634308093241634e+04,1.170195349901602277e+01,1.000000394231007173e+00,1.000000788462488410e+00,2.000000737427635056e-03,1.000000374446097462e+00,1.000000766607260783e+00,1.899628573716590722e-03,1.000000374447746587e+00,1.000000766609750791e+00,1.899637651853967098e-03,1.000000394230594836e+00,1.000000788461018031e+00,1.999999433651774346e-03,-3.473246984972263897e-19,-3.185357671659550893e-13,-1.521027159443106903e-15,-1.771492581282712249e-08
1.017249344969770573e+04,1.173211317298255807e+01,1.000000393218020811e+00,1.000000786436498368e+00,2.000003083892997781e-03,1.000000373846986923e+00,1.000000765045538476e+00,1.901477301891005191e-03,1.000000373850488344e+00,1.000000765050574669e+00,1.901495821478315284e-03,1.000000393216891270e+00,1.000000786433778321e+00,1.999998125609085426e-03,-3.295675255102175019e-19,-3.020437363640606732e-13,-1.501075724785187958e-15,-1.735142560561716947e-08
1.019864381846299693e+04,1.176227284694909514e+01,1.000000392208969080e+00,1.000000784418378474e+00,1.999999004358776929e-03,1.000000373245133689e+00,1.000000763484940824e+00,1.903296377231008217e-03,1.000000373249224861e+00,1.000000763490556999e+00,1.903317949743388391e-03,1.000000392208680644e+00,1.000000784417327093e+00,1.999998317982026787e-03,-3.125035728445543560e-19,-2.862006311949460847e-13,-1.481217309111439430e-15,-1.699453475770203823e-08
1.022479418722828632e+04,1.179243252091563043e+01,1.000000391206219419e+00,1.000000782412863165e+00,2.000000757021832415e-03,1.000000372640949209e+00,1.000000761925370796e+00,1.905087795641769669e-03,1.000000372642170898e+00,1.000000761926424619e+00,1.905094750957534626e-03,1.000000391205836392e+00,1.000000782411469835e+00,1.999999580835981443e-03,-2.965032550657942114e-19,-2.713448805329168276e-13,-1.461442827218368790e-15,-1.664333425401988970e-08
1.025094455599357570e+04,1.182259219488216750e+01,1.000000390208725332e+00,1.000000780417860113e+00,2.000003224163236781e-03,1.000000372034069995e+00,1.000000760367083519e+00,1.906849602636228203e-03,1.000000372038256202e+00,1.000000760373813913e+00,1.906871768958798416e-03,1.000000390207196554e+00,1.000000780414630475e+00,1.999996168407209597e-03,-2.813332371205799443e-19,-2.572495205177782331e-13,-1.441771751329384293e-15,-1.629880599434421900e-08
1.027709492475886509e+04,1.185275186884870280e+01,1.000000389215075725e+00,1.000000778430546466e+00,1.999999361531175791e-03,1.000000371423998669e+00,1.000000758810542845e+00,1.908579136701678280e-03,1.000000371426398083e+00,1.000000758813259782e+00,1.908592175336845274e-03,1.000000389214973584e+00,1.000000778429732895e+00,1.999999614266927822e-03,-2.667556014347743663e-19,-2.436964630761847011e-13,-1.422238188416004126e-15,-1.596240781897735154e-08
1.030324529352415630e+04,1.188291154281523987e+01,1.000000388227488157e+00,1.000000776455357787e+00,2.000000743385154257e-03,1.000000370811863437e+00,1.000000757255259609e+00,1.910282084730880858e-03,1.000000370815491868e+00,1.000000757260089967e+00,1.910301486030277756e-03,1.000000388226949477e+00,1.000000776453794371e+00,1.999998744454024695e-03,-2.530742262655827549e-19,-2.309633711798941759e-13,-1.402801861928032551e-15,-1.563139553831706217e-08
1.032939566228944386e+04,1.191307121678177516e+01,1.000000387245133959e+00,1.000000774490636735e+00,2.000003328821914773e-03,1.000000370197700938e+00,1.000000755701265343e+00,1.911958555560324584e-03,1.000000370201593602e+00,1.000000755707466826e+00,1.911979367475507121e-03,1.000000387244003752e+00,1.000000774487961319e+00,1.999998266021918263e-03,-2.401169348449937623e-19,-2.189181543693183789e-13,-1.383464506655883509e-15,-1.530572681223646673e-08
1.035554603105473507e+04,1.194323089074831223e+01,1.000000386266536756e+00,1.000000772533429672e+00,1.999999678220320317e-03,1.000000369580594350e+00,1.000000754149354742e+00,1.913603721426878571e-03,1.000000369581574455e+00,1.000000754149944271e+00,1.913609503362328958e-03,1.000000386266430841e+00,1.000000772532601667e+00,1.999999901994014336e-03,-2.276657436580420803e-19,-2.073586186576814862e-13,-1.364284373583808459e-15,-1.498802973254103663e-08
1.038169639982002445e+04,1.197339056471484753e+01,1.000000385293770222e+00,1.000000770587885279e+00,2.000000703080450672e-03,1.000000368961396324e+00,1.000000752599115250e+00,1.915221893402328400e-03,1.000000368966150965e+00,1.000000752605677556e+00,1.915247280645626443e-03,1.000000385292903360e+00,1.000000770585920407e+00,1.999996974206132844e-03,-2.159694230793828171e-19,-1.965347440409592241e-13,-1.345227856994133242e-15,-1.467618705270912678e-08
1.040784676858531384e+04,1.200355023868138460e+01,1.000000384326214187e+00,1.000000768652762106e+00,2.000003404793341405e-03,1.000000368340421719e+00,1.000000751050376779e+00,1.916814627952269368e-03,1.000000368342925494e+00,1.000000751053608861e+00,1.916828363018619700e-03,1.000000384325350877e+00,1.000000768650465499e+00,1.999999680470039825e-03,-2.049042127767623665e-19,-1.863172102051363922e-13,-1.326281354465796490e-15,-1.436939832247244326e-08
1.043399713735060323e+04,1.203370991264791989e+01,1.000000383362329881e+00,1.000000766724983059e+00,1.999999959408228344e-03,1.000000367717397642e+00,1.000000749503479724e+00,1.918380431707963343e-03,1.000000367720677463e+00,1.000000749508412667e+00,1.918398247942227491e-03,1.000000383362043221e+00,1.000000766723905476e+00,1.999999231104720998e-03,-1.942712937726713361e-19,-1.765123711199770656e-13,-1.307468506500775131e-15,-1.406854985667706284e-08
1.046014750611589443e+04,1.206386958661445696e+01,1.000000382404053534e+00,1.000000764808420373e+00,2.000000638727927361e-03,1.000000367091980369e+00,1.000000747958993630e+00,1.919917426570395694e-03,1.000000367096487874e+00,1.000000747965170467e+00,1.919941706588092168e-03,1.000000382403425370e+00,1.000000764806809439e+00,1.999998118172200117e-03,-1.842738597985717525e-19,-1.673088359072502569e-13,-1.288827500744808483e-15,-1.377489850009272530e-08
1.048629787488118382e+04,1.209402926058099226e+01,1.000000381450963705e+00,1.000000762902231610e+00,2.000003451891706543e-03,1.000000366465024326e+00,1.000000746416206399e+00,1.921429998556470689e-03,1.000000366465771950e+00,1.000000746416183528e+00,1.921434622523438039e-03,1.000000381450180997e+00,1.000000762900064899e+00,2.000000111645074737e-03,-1.748262086719556142e-19,-1.586171006290234250e-13,-1.270305814110050801e-15,-1.348602375628822627e-08
1.051244824364647320e+04,1.212418893454752933e+01,1.000000380501463448e+00,1.000000761003221772e+00,2.000000209606588204e-03,1.000000365836562377e+00,1.000000744875145120e+00,1.922918260623876019e-03,1.000000365841081873e+00,1.000000744882138415e+00,1.922942719683837448e-03,1.000000380500831509e+00,1.000000761001676564e+00,1.999997648826260400e-03,-1.657477251548939244e-19,-1.502663949080866468e-13,-1.251904639486964550e-15,-1.320188710218471480e-08
1.053859861241176259e+04,1.215434860851406462e+01,1.000000379557356212e+00,1.000000759114998861e+00,2.000000554408136195e-03,1.000000365205929276e+00,1.000000743336821429e+00,1.924378647158561141e-03,1.000000365208737474e+00,1.000000743340438980e+00,1.924394146722247694e-03,1.000000379557041130e+00,1.000000759113839788e+00,1.999999653508477068e-03,-1.572039665993439382e-19,-1.424048742053435204e-13,-1.233691831083147045e-15,-1.292483006926811806e-08
1.056474898117705379e+04,1.218450828248060169e+01,1.000000378618411068e+00,1.000000757237100357e+00,2.000003479169418751e-03,1.000000364573780054e+00,1.000000741800635362e+00,1.925814533700121508e-03,1.000000364577272149e+00,1.000000741804987658e+00,1.925833682484588433e-03,1.000000378617534658e+00,1.000000757234831283e+00,1.999999607077487807e-03,-1.491388967302468172e-19,-1.349731970040551269e-13,-1.215623568389457995e-15,-1.265294270527841069e-08
1.059089934994234318e+04,1.221466795644713699e+01,1.000000377682975339e+00,1.000000755366220906e+00,2.000000433531768686e-03,1.000000363940346970e+00,1.000000740266356436e+00,1.927227090691917407e-03,1.000000363944940851e+00,1.000000740272904087e+00,1.927252119127206972e-03,1.000000377682352948e+00,1.000000755364681915e+00,1.999997893300576625e-03,-1.413890219569750849e-19,-1.278244994213566443e-13,-1.197683246489722972e-15,-1.238553033668358084e-08
1.061704971870763075e+04,1.224482763041367228e+01,1.000000376752725240e+00,1.000000753505713602e+00,2.000000453966463421e-03,1.000000363305439732e+00,1.000000738734400985e+00,1.928615257602740631e-03,1.000000363305615148e+00,1.000000738734183825e+00,1.928616890003188519e-03,1.000000376752540943e+00,1.000000753504762807e+00,2.000000228883827731e-03,-1.340888705339054532e-19,-1.210794740365993659e-13,-1.179897439290416037e-15,-1.212339040016908975e-08
1.064320008747292195e+04,1.227498730438020935e+01,1.000000375827612142e+00,1.000000751655480302e+00,2.000003485695978859e-03,1.000000362668844289e+00,1.000000737205421819e+00,1.929977837514274767e-03,1.000000362673711951e+00,1.000000737212035640e+00,1.930004441560925115e-03,1.000000375826479937e+00,1.000000751652892372e+00,1.999998211805477030e-03,-1.272052981704568435e-19,-1.147288244098124997e-13,-1.162306283277627552e-15,-1.186760241662257304e-08
1.066935045623821134e+04,1.230514697834674465e+01,1.000000374905930967e+00,1.000000749812110845e+00,2.000000632991057615e-03,1.000000362031174816e+00,1.000000735678518327e+00,1.931318040631909089e-03,1.000000362034306312e+00,1.000000735682385011e+00,1.931335445584075883e-03,1.000000374905587464e+00,1.000000749810938672e+00,1.999999550299624580e-03,-1.205907836534310578e-19,-1.086373985164423253e-13,-1.144849065856821298e-15,-1.161603803644618010e-08
1.069550082500350072e+04,1.233530665231328172e+01,1.000000373989235358e+00,1.000000747978713411e+00,2.000000339571655558e-03,1.000000361392460180e+00,1.000000734153713156e+00,1.932635979787039084e-03,1.000000361395574577e+00,1.000000734158264626e+00,1.932653333507049773e-03,1.000000373989011315e+00,1.000000747977743076e+00,1.999999889683110304e-03,-1.143543176513737818e-19,-1.029166796461797626e-13,-1.127526533402974403e-15,-1.136866237848114850e-08
1.072165119376879011e+04,1.236546632627981701e+01,1.000000373077651217e+00,1.000000746155538911e+00,2.000003475923558139e-03,1.000000360752260287e+00,1.000000732632206013e+00,1.933929253537902508e-03,1.000000360757065554e+00,1.000000732638920642e+00,1.933955711305489341e-03,1.000000373076417093e+00,1.000000746152837516e+00,1.999997606372176748e-03,-1.084802030794171400e-19,-9.754448628854414637e-14,-1.110412737847127131e-15,-1.112755552590325290e-08
1.074780156253408131e+04,1.239562600024635408e+01,1.000000372169423279e+00,1.000000744339077485e+00,2.000000809939810574e-03,1.000000360111049647e+00,1.000000731113228847e+00,1.935200354182774890e-03,1.000000360111131581e+00,1.000000731112151486e+00,1.935201490855061133e-03,1.000000372169184137e+00,1.000000744338039871e+00,2.000000269016072047e-03,-1.028357159338034483e-19,-9.239079875187340683e-14,-1.093456488113541760e-15,-1.089100030608125631e-08
1.077395193129937070e+04,1.242578567421288938e+01,1.000000371265988175e+00,1.000000742532201725e+00,2.000000212353085678e-03,1.000000359468989242e+00,1.000000729596503213e+00,1.936450109282532176e-03,1.000000359473801170e+00,1.000000729603247596e+00,1.936476727327704917e-03,1.000000371265565624e+00,1.000000742530999132e+00,1.999998678988327162e-03,-9.750886774247030658e-20,-8.753635101622538497e-14,-1.076639389096927999e-15,-1.065839592991748562e-08
1.080010230006466008e+04,1.245594534817942645e+01,1.000000370367638336e+00,1.000000740735496718e+00,2.000003450316679976e-03,1.000000358825963609e+00,1.000000728082512946e+00,1.937677861997527890e-03,1.000000358829211011e+00,1.000000728087134139e+00,1.937696093182836483e-03,1.000000370366748159e+00,1.000000740733275828e+00,1.999999384349123409e-03,-9.249705288424984985e-20,-8.297212696265254884e-14,-1.059989900029960061e-15,-1.043045764760408051e-08
1.082625266882994947e+04,1.248610502214596174e+01,1.000000369472571649e+00,1.000000738945358458e+00,2.000000968232123859e-03,1.000000358181867943e+00,1.000000726571973031e+00,1.938883007143168621e-03,1.000000358184998106e+00,1.000000726575756449e+00,1.938900646207706614e-03,1.000000369472273443e+00,1.000000738944238465e+00,2.000000092907606997e-03,-8.768117447878847481e-20,-7.858606685049610752e-14,-1.043548475008750681e-15,-1.020810930936693991e-08
1.085240303759524068e+04,1.251626469611249881e+01,1.000000368582111721e+00,1.000000737164433273e+00,2.000000077045993759e-03,1.000000357537106810e+00,1.000000725063826090e+00,1.940067698601932776e-03,1.000000357542099261e+00,1.000000725070546936e+00,1.940095482107450937e-03,1.000000368581458465e+00,1.000000737162954900e+00,1.999997269281376597e-03,-8.313204386395625622e-20,-7.443990229307646890e-14,-1.027249508453467351e-15,-9.989484983553050486e-09
1.087855340636052824e+04,1.254642437007903411e+01,1.000000367696709969e+00,1.000000735393625551e+00,2.000003412841217139e-03,1.000000356891705522e+00,1.000000723558091442e+00,1.941232046751948217e-03,1.000000356891932451e+00,1.000000723558069460e+00,1.941233974085695242e-03,1.000000367695992320e+00,1.000000735391656681e+00,2.000000244356496884e-03,-7.885668112761394203e-20,-7.053364387631336637e-14,-1.011093385148421822e-15,-9.774553228110824570e-09
1.090470377512581945e+04,1.257658404404557118e+01,1.000000366814520536e+00,1.000000733629242244e+00,2.000001109766738616e-03,1.000000356245422717e+00,1.000000722056128666e+00,1.942374711090571809e-03,1.000000356250251965e+00,1.000000722062750480e+00,1.942401733181208087e-03,1.000000366814010722e+00,1.000000733627837812e+00,1.999999063292088285e-03,-7.474847423903554491e-20,-6.677392297542470735e-14,-9.951575602680971678e-16,-9.565156699132727872e-09
1.093085414389110883e+04,1.260674371801210647e+01,1.000000365936758007e+00,1.000000731873712967e+00,1.999999932047772863e-03,1.000000355598569257e+00,1.000000720557021161e+00,1.943497356035840543e-03,1.000000355602182145e+00,1.000000720561482925e+00,1.943517792596171929e-03,1.000000365936484004e+00,1.000000731872771054e+00,1.999999166473234637e-03,-7.086416276121613420e-20,-6.321053756093716742e-14,-9.793858927605497870e-16,-9.359756468454053761e-09
1.095700451265639822e+04,1.263690339197864354e+01,1.000000365064026786e+00,1.000000730128246751e+00,2.000003364568478034e-03,1.000000354951246839e+00,1.000000719060453847e+00,1.944600516347626869e-03,1.000000354954116322e+00,1.000000719064095822e+00,1.944616927197904098e-03,1.000000365063321128e+00,1.000000730126315629e+00,2.000000228105817696e-03,-6.721765200574919730e-20,-5.987197743951897031e-14,-9.637591479913602190e-16,-9.157834675051711863e-09
1.098315488142168761e+04,1.266706306594517883e+01,1.000000364194438829e+00,1.000000728389066840e+00,2.000001235728190822e-03,1.000000354303406391e+00,1.000000717566968733e+00,1.945683904148879382e-03,1.000000354308449468e+00,1.000000717574243803e+00,1.945712288464620512e-03,1.000000364193574853e+00,1.000000728387188120e+00,1.999997219478089235e-03,-6.371371651609180905e-20,-5.667217976859787573e-14,-9.483067955661366844e-16,-8.960030957689674065e-09
1.100930525018697881e+04,1.269722273991171591e+01,1.000000363329104136e+00,1.000000726658393679e+00,1.999999780210889953e-03,1.000000353655033702e+00,1.000000716077325658e+00,1.946747420893763609e-03,1.000000353655674079e+00,1.000000716077283469e+00,1.946751634757951750e-03,1.000000363329041964e+00,1.000000726657764849e+00,2.000000164856431933e-03,-6.039761016573871745e-20,-5.365871563589311396e-14,-9.330683962081358289e-16,-8.767133143130688808e-09
1.103545561895226820e+04,1.272738241387825120e+01,1.000000362468773440e+00,1.000000724937728958e+00,2.000003306584286801e-03,1.000000353006352372e+00,1.000000714590339124e+00,1.947792280075388936e-03,1.000000353011154752e+00,1.000000714596676277e+00,1.947819465280803408e-03,1.000000362467929671e+00,1.000000724935635521e+00,1.999999375310322885e-03,-5.728797220704876389e-20,-5.084478133995551612e-14,-9.179760801898765469e-16,-8.577509967883061754e-09
1.106160598771755758e+04,1.275754208784478827e+01,1.000000361611518729e+00,1.000000723223216426e+00,2.000001347057141655e-03,1.000000352357384159e+00,1.000000713106025119e+00,1.948818588715699185e-03,1.000000352361148703e+00,1.000000713111396822e+00,1.948840095980527423e-03,1.000000361610946520e+00,1.000000723221725618e+00,1.999998905366843355e-03,-5.429992050541331737e-20,-4.814629609200478401e-14,-9.030299451354669544e-16,-8.391133208163329599e-09
1.108775635648284697e+04,1.278770176181132356e+01,1.000000360758349860e+00,1.000000721516875357e+00,1.999999622047771933e-03,1.000000351708062007e+00,1.000000711625878003e+00,1.949825964414294167e-03,1.000000351710709667e+00,1.000000711629094985e+00,1.949841328486642952e-03,1.000000360758342755e+00,1.000000721516349556e+00,2.000000304547423779e-03,-5.146935770834347810e-20,-4.559574209963474089e-14,-8.883085986222202003e-16,-8.209630839576665020e-09
1.111390672524813817e+04,1.281786143577786063e+01,1.000000359910157233e+00,1.000000719820487216e+00,2.000003238501056341e-03,1.000000351058550452e+00,1.000000710148851724e+00,1.950815307601329231e-03,1.000000351063740522e+00,1.000000710155662942e+00,1.950844833665386479e-03,1.000000359909035241e+00,1.000000719818044281e+00,1.999997723802176067e-03,-4.881798275458580185e-20,-4.320838421602091959e-14,-8.737529757434320871e-16,-8.031627861999593207e-09
1.114005709401342756e+04,1.284802110974439593e+01,1.000000359064975752e+00,1.000000718130120925e+00,2.000001447211389831e-03,1.000000350408900340e+00,1.000000708674602556e+00,1.951786894073331705e-03,1.000000350409823380e+00,1.000000708675283123e+00,1.951792719136287348e-03,1.000000359064594058e+00,1.000000718128883914e+00,2.000000038597665470e-03,-4.627027559337474700e-20,-4.091341922167890964e-14,-8.593437303151028917e-16,-7.856679333034069037e-09
1.116620746277871513e+04,1.287818078371093122e+01,1.000000358223718022e+00,1.000000716447602578e+00,1.999999460216367320e-03,1.000000349759122997e+00,1.000000707203723804e+00,1.952740781619973507e-03,1.000000349763835672e+00,1.000000707210371154e+00,1.952767776535533793e-03,1.000000358223618990e+00,1.000000716446983517e+00,1.999999623788357474e-03,-4.385454645892920303e-20,-3.873468523830074152e-14,-8.451106249709548576e-16,-7.685355658970307916e-09
1.119235783154400633e+04,1.290834045767746829e+01,1.000000357387408334e+00,1.000000714774981203e+00,2.000003164785474092e-03,1.000000349109278153e+00,1.000000705737004392e+00,1.953677299510287249e-03,1.000000349113285170e+00,1.000000705742066787e+00,1.953700405456336095e-03,1.000000357386466421e+00,1.000000714772799393e+00,1.999998608049915333e-03,-4.159426445817777830e-20,-3.668793657886544935e-14,-8.310914628205186176e-16,-7.518326338556041119e-09
1.121850820030929572e+04,1.293850013164400359e+01,1.000000356554046510e+00,1.000000713108254669e+00,2.000001534261710342e-03,1.000000348459433086e+00,1.000000704273156682e+00,1.954596822484382102e-03,1.000000348461812738e+00,1.000000704275802565e+00,1.954610852199370821e-03,1.000000356553704561e+00,1.000000713107070949e+00,2.000000329846753685e-03,-3.942235627723056405e-20,-3.471635267388005781e-14,-8.172181620555601346e-16,-7.354169091665614531e-09
1.124465856907458510e+04,1.296865980561054066e+01,1.000000355724452117e+00,1.000000711449063884e+00,1.999999292770031009e-03,1.000000347809607337e+00,1.000000702812193554e+00,1.955499460393443287e-03,1.000000347814860469e+00,1.000000702819704212e+00,1.955529675859605382e-03,1.000000355724123935e+00,1.000000711448167268e+00,1.999998159053046568e-03,-3.736098646750131432e-20,-3.283886301044129822e-14,-8.034905973990916321e-16,-7.192858682133106303e-09
1.127080893783987449e+04,1.299881947957707595e+01,1.000000354899778010e+00,1.000000709799712784e+00,2.000003085523186386e-03,1.000000347159885727e+00,1.000000701355721056e+00,1.956385691996087323e-03,1.000000347161121184e+00,1.000000701356818622e+00,1.956393333658932795e-03,1.000000354899081900e+00,1.000000709797880027e+00,1.999999872180818154e-03,-3.543441376867773101e-20,-3.108900000711686338e-14,-7.899867536200958458e-16,-7.035829756092193911e-09
1.129695930660516569e+04,1.302897915354361302e+01,1.000000354077989595e+00,1.000000708156133955e+00,2.000001611905422548e-03,1.000000346510302007e+00,1.000000699902581003e+00,1.957255712644922867e-03,1.000000346514903660e+00,1.000000699908452084e+00,1.957282382303814332e-03,1.000000354077546394e+00,1.000000708154815898e+00,1.999999815997881812e-03,-3.358316364340603419e-20,-2.941383326815129219e-14,-7.766463084527067063e-16,-6.881857332442433928e-09
1.132310967537045508e+04,1.305913882751014832e+01,1.000000353259817842e+00,1.000000706519788451e+00,1.999999124165287995e-03,1.000000345860864837e+00,1.000000698452409464e+00,1.958109575523576257e-03,1.000000345865057927e+00,1.000000698457966131e+00,1.958133992286947411e-03,1.000000353259544061e+00,1.000000706518992200e+00,1.999998280218317527e-03,-3.182444274723762024e-20,-2.783219464761590526e-14,-7.634503455974381344e-16,-6.730560311257942677e-09
1.134926004413574447e+04,1.308929850147668539e+01,1.000000352446537732e+00,1.000000704893225789e+00,2.000002999208845729e-03,1.000000345211639052e+00,1.000000697005843042e+00,1.958947654932313622e-03,1.000000345213761133e+00,1.000000697008559980e+00,1.958960373055924735e-03,1.000000352445939544e+00,1.000000704891544689e+00,2.000000310301098660e-03,-3.018256586102565269e-20,-2.636453705054061544e-14,-7.504283445278854347e-16,-6.582445987053475822e-09
1.137541041290103385e+04,1.311945817544322068e+01,1.000000351636083362e+00,1.000000703272315494e+00,2.000001678666211719e-03,1.000000344562743670e+00,1.000000695563686870e+00,1.959770636090285914e-03,1.000000344568008126e+00,1.000000695570571363e+00,1.959801253730705014e-03,1.000000351637307050e+00,1.000000703273221214e+00,2.000009341540327345e-03,-2.860487636713215215e-20,-2.495775166263723085e-14,-7.376157676633495419e-16,-6.438081360927905177e-09
1.140156078166632506e+04,1.314961784940975775e+01,1.000000350829099993e+00,1.000000701658346980e+00,1.999998951873387196e-03,1.000000343914113410e+00,1.000000694124574485e+00,1.960578159804415941e-03,1.000000343915629086e+00,1.000000694125956713e+00,1.960587473792421275e-03,1.000000350830659412e+00,1.000000701660022306e+00,2.000008543566096815e-03,-2.710459624590163118e-20,-2.362359129508608594e-14,-7.249458823004608172e-16,-6.296229540735220772e-09
1.142771115043161262e+04,1.317977752337629305e+01,1.000000350026979401e+00,1.000000700054103797e+00,2.000002907386993958e-03,1.000000343265765146e+00,1.000000692688515880e+00,1.961370332897772323e-03,1.000000343270295522e+00,1.000000692694860582e+00,1.961396892164410724e-03,1.000000350027049789e+00,1.000000700053334635e+00,2.000004010223553879e-03,-2.570555900438971624e-20,-2.238043145359740257e-14,-7.124183949732581487e-16,-6.156868044128160253e-09
1.145386151919690383e+04,1.320993719734283012e+01,1.000000349227626595e+00,1.000000698455396186e+00,2.000001738084620281e-03,1.000000342617916038e+00,1.000000691257207253e+00,1.962148410089958449e-03,1.000000342622272553e+00,1.000000691262905361e+00,1.962174031559465667e-03,1.000000349226963126e+00,1.000000698453787917e+00,1.999998637666481911e-03,-2.436121059717742036e-20,-2.118471747920476873e-14,-7.001093029466867470e-16,-6.021258073489174210e-09
1.148001188796219321e+04,1.324009687130936541e+01,1.000000348431603792e+00,1.000000696863348804e+00,1.999998779662777275e-03,1.000000341970483264e+00,1.000000689829394718e+00,1.962911935558221948e-03,1.000000341974496054e+00,1.000000689834358969e+00,1.962935640125638981e-03,1.000000348432689146e+00,1.000000696864418614e+00,2.000005706970593190e-03,-2.308158400410888904e-20,-2.004449383973010005e-14,-6.879583704487764001e-16,-5.888311308806048487e-09
1.150616225672748260e+04,1.327025654527590248e+01,1.000000347640414677e+00,1.000000695280969021e+00,2.000002813570593563e-03,1.000000341323441289e+00,1.000000688404701021e+00,1.963660778727808684e-03,1.000000341339773335e+00,1.000000688427956863e+00,1.963755408007283095e-03,1.000000347641366583e+00,1.000000695281395569e+00,2.000008985754911893e-03,-2.188964915590832927e-20,-1.897562901774973289e-14,-6.759474986829943771e-16,-5.757702319453189026e-09
1.153231262549277199e+04,1.330041621924243778e+01,1.000000346851936506e+00,1.000000693704011345e+00,2.000001789324505879e-03,1.000000340676901578e+00,1.000000686983799847e+00,1.964395597660643488e-03,1.000000340698624646e+00,1.000000687015128786e+00,1.964521524648586617e-03,1.000000346852987221e+00,1.000000693704691246e+00,2.000008541884923819e-03,-2.074430221750078918e-20,-1.794484634747008873e-14,-6.641054322986813083e-16,-5.629881105914449679e-09
1.155846299425806319e+04,1.333057589320897485e+01,1.000000346066652224e+00,1.000000692133441449e+00,1.999998604325341732e-03,1.000000340031029999e+00,1.000000685567501657e+00,1.965117370643984854e-03,1.000000340051049763e+00,1.000000685595874295e+00,1.965233737988289660e-03,1.000000346067542623e+00,1.000000692134277447e+00,2.000004442014677135e-03,-1.965303614796023009e-20,-1.695832664482422780e-14,-6.524649338420525290e-16,-5.505326246447811925e-09
1.158461336302335258e+04,1.336073556717551014e+01,1.000000345286172765e+00,1.000000690572480755e+00,2.000002714876691987e-03,1.000000339385650250e+00,1.000000684154380037e+00,1.965825102682231679e-03,1.000000339397049132e+00,1.000000684170194276e+00,1.965891795965131039e-03,1.000000345285208425e+00,1.000000690570372663e+00,1.999997819158065484e-03,-1.863769651203013082e-20,-1.604406676659487105e-14,-6.409617690420080494e-16,-5.382964706320047455e-09
1.161076373178864196e+04,1.339089524114204721e+01,1.000000344508349182e+00,1.000000689016832034e+00,2.000001833988475450e-03,1.000000338740775874e+00,1.000000682744442759e+00,1.966518891055391363e-03,1.000000338744202910e+00,1.000000682749110803e+00,1.966539453275622119e-03,1.000000344508787498e+00,1.000000689016698141e+00,2.000005067307349810e-03,-1.766203715003927727e-20,-1.517038334031658604e-14,-6.295955221572444061e-16,-5.262776525211755782e-09
1.163691410055393135e+04,1.342105491510858251e+01,1.000000343733587815e+00,1.000000687467307969e+00,1.999998430120182753e-03,1.000000338096738162e+00,1.000000681339457964e+00,1.967200684474460729e-03,1.000000338112687182e+00,1.000000681361918220e+00,1.967294148968633510e-03,1.000000343735218511e+00,1.000000687469156713e+00,2.000008606157553572e-03,-1.673153896541847773e-20,-1.434364437618862376e-14,-6.184391874772147344e-16,-5.145867853971015642e-09
1.166306446931922255e+04,1.345121458907511958e+01,1.000000342963601740e+00,1.000000685927334709e+00,2.000002613235967504e-03,1.000000337453351484e+00,1.000000679938090942e+00,1.967869432611790270e-03,1.000000337474904244e+00,1.000000679968458428e+00,1.967995782883527264e-03,1.000000342964493916e+00,1.000000685927722177e+00,2.000008501366245129e-03,-1.586675677819316674e-20,-1.358201006097482538e-14,-6.074336749283317114e-16,-5.031274334129330898e-09
1.168921483808451194e+04,1.348137426304165487e+01,1.000000342196218028e+00,1.000000684392566175e+00,2.000001870086334527e-03,1.000000336810562551e+00,1.000000678539957111e+00,1.968524849541326751e-03,1.000000336830854097e+00,1.000000678568731427e+00,1.968644109185715887e-03,1.000000342196605274e+00,1.000000684392367889e+00,2.000004817432065284e-03,-1.503576583673190899e-20,-1.285239841743615851e-14,-5.965619660080073678e-16,-4.918718889850993304e-09
1.171536520684980133e+04,1.351153393700819194e+01,1.000000341431769524e+00,1.000000682863667834e+00,1.999998253746278123e-03,1.000000336168524129e+00,1.000000677145760575e+00,1.969167853568685317e-03,1.000000336180536742e+00,1.000000677162737217e+00,1.969238882040612315e-03,1.000000341431544371e+00,1.000000682863066981e+00,1.999997617717328563e-03,-1.424246329132273842e-20,-1.215818037998568199e-14,-5.858517270671590507e-16,-4.808599710754781496e-09
1.174151557561509071e+04,1.354169361097472724e+01,1.000000340672066779e+00,1.000000681344261233e+00,2.000002508014053857e-03,1.000000335527438056e+00,1.000000675756307578e+00,1.969799659078280175e-03,1.000000335530019990e+00,1.000000675759229019e+00,1.969815477571858556e-03,1.000000340672276167e+00,1.000000681343757858e+00,2.000004418827941617e-03,-1.350601940825266397e-20,-1.151426283340792383e-14,-5.753328363204493266e-16,-4.701319393466371936e-09
1.176766594438038010e+04,1.357185328494126253e+01,1.000000339914914438e+00,1.000000679829955219e+00,2.000001901289273631e-03,1.000000334887034548e+00,1.000000674370130405e+00,1.970418716061398366e-03,1.000000334902516164e+00,1.000000674391652744e+00,1.970510466914301463e-03,1.000000339915870340e+00,1.000000679830518768e+00,2.000008205875013385e-03,-1.279834706147479556e-20,-1.089437631985125792e-14,-5.649443668622698244e-16,-4.595949234310851885e-09
1.179381631314566948e+04,1.360201295890779960e+01,1.000000339160574292e+00,1.000000678321273373e+00,1.999998078673040098e-03,1.000000334247325373e+00,1.000000672987234385e+00,1.971025120688996504e-03,1.000000334268902114e+00,1.000000673017966246e+00,1.971153015730539495e-03,1.000000339162213869e+00,1.000000678323183845e+00,2.000008425797629094e-03,-1.212210601902638424e-20,-1.030049195020815427e-14,-5.546858186629644932e-16,-4.492471569339100125e-09
1.181996668191095887e+04,1.363217263287433489e+01,1.000000338410950373e+00,1.000000676822024648e+00,2.000002401967610529e-03,1.000000333608738634e+00,1.000000671609442948e+00,1.971621430272366571e-03,1.000000333629178062e+00,1.000000671638169747e+00,1.971742884346047199e-03,1.000000338411299206e+00,1.000000676821727774e+00,2.000005141031312942e-03,-1.149504322895249141e-20,-9.744321331204732104e-15,-5.446264605625017878e-16,-4.391854402461683344e-09
1.184611705067625007e+04,1.366233230684087196e+01,1.000000337663825789e+00,1.000000675327774591e+00,2.000001926691470904e-03,1.000000332970998995e+00,1.000000670235353883e+00,1.972206057354914874e-03,1.000000332983343787e+00,1.000000670252262802e+00,1.972279833086298256e-03,1.000000337663118577e+00,1.000000675326125243e+00,1.999998412923748806e-03,-1.089247402523493364e-20,-9.207125154010301685e-15,-5.347091597977420975e-16,-4.293245368626046477e-09
1.187226741944153946e+04,1.369249198080740726e+01,1.000000336919394384e+00,1.000000673838911114e+00,1.999997900917177118e-03,1.000000332334030517e+00,1.000000668864580611e+00,1.972778585692773479e-03,1.000000332335941433e+00,1.000000668866751763e+00,1.972790585304868248e-03,1.000000336920268573e+00,1.000000673839824161e+00,2.000003763631664610e-03,-1.031609993841356118e-20,-8.690247231053059949e-15,-5.249181414163181059e-16,-4.196409238350955803e-09
1.189841778820682885e+04,1.372265165477394433e+01,1.000000336179650118e+00,1.000000672359421472e+00,2.000002292113523331e-03,1.000000331698022160e+00,1.000000667497851881e+00,1.973340169041284085e-03,1.000000331713156720e+00,1.000000667519105546e+00,1.973430862101843448e-03,1.000000336180460803e+00,1.000000672359759202e+00,2.000007787538417119e-03,-9.782246886665617621e-21,-8.214251393850671723e-15,-5.152797426787530316e-16,-4.101697519581109251e-09
1.192456815697211823e+04,1.375281132874047962e+01,1.000000335442355892e+00,1.000000670884831688e+00,2.000001946571640463e-03,1.000000331063202408e+00,1.000000666135962391e+00,1.973892207347628745e-03,1.000000331084416771e+00,1.000000666165503871e+00,1.974019346401693822e-03,1.000000335443312016e+00,1.000000670885404785e+00,2.000008318448040674e-03,-9.269242263243506708e-21,-7.760597101557493499e-15,-5.058209062412526546e-16,-4.009447766301377528e-09
1.195071852573740944e+04,1.378297100270701669e+01,1.000000334707639604e+00,1.000000669415398447e+00,1.999997725293768940e-03,1.000000330429225093e+00,1.000000664777417558e+00,1.974432678760076280e-03,1.000000330449721586e+00,1.000000664805947181e+00,1.974555804609387597e-03,1.000000334708814886e+00,1.000000669416736931e+00,2.000005416820266248e-03,-8.778053459519689477e-21,-7.330543260134494867e-15,-4.964845443667990056e-16,-3.918857995311746704e-09
1.197686889450269700e+04,1.381313067667355199e+01,1.000000333977580924e+00,1.000000667955279976e+00,2.000002182041690172e-03,1.000000329796099763e+00,1.000000663422221159e+00,1.974961672835923599e-03,1.000000329809071165e+00,1.000000663440435256e+00,1.975040003129893435e-03,1.000000333976961642e+00,1.000000667953730771e+00,1.999999142072907826e-03,-8.323617595428491129e-21,-6.937762802176103216e-15,-4.872701036841361380e-16,-3.829912622429190559e-09
1.200301926326798821e+04,1.384329035064008906e+01,1.000000333249923878e+00,1.000000666499964996e+00,2.000001961596084392e-03,1.000000329164336232e+00,1.000000662072237478e+00,1.975482283979117758e-03,1.000000329165481983e+00,1.000000662073260660e+00,1.975489809931559298e-03,1.000000333250003148e+00,1.000000666499373692e+00,2.000003103437291482e-03,-7.886924727996549300e-21,-6.561780042523762359e-15,-4.782426474029634758e-16,-3.743456952992196077e-09
1.202916963203327759e+04,1.387345002460662435e+01,1.000000332524733748e+00,1.000000665049584292e+00,1.999997549470034462e-03,1.000000328533580563e+00,1.000000660726008572e+00,1.975992436146862749e-03,1.000000328548033224e+00,1.000000660745773429e+00,1.976080012329709153e-03,1.000000332526253199e+00,1.000000665051404170e+00,2.000007353379828698e-03,-7.468387234786195061e-21,-6.202910865367969191e-15,-4.693475993966082439e-16,-3.658739424532628008e-09
1.205532000079856698e+04,1.390360969857316142e+01,1.000000331804171472e+00,1.000000663608459073e+00,2.000002068494638203e-03,1.000000327903740827e+00,1.000000659383150081e+00,1.976491614771558238e-03,1.000000327924782217e+00,1.000000659412483728e+00,1.976619092467267122e-03,1.000000331805075637e+00,1.000000663608959783e+00,2.000008182162851377e-03,-7.081606850706971739e-21,-5.871577543815505922e-15,-4.605705137363854577e-16,-3.575560893843738777e-09
1.208147036956385637e+04,1.393376937253969672e+01,1.000000331085963978e+00,1.000000662172043198e+00,2.000001969852995606e-03,1.000000327275036405e+00,1.000000658044410518e+00,1.976981180327471756e-03,1.000000327295728519e+00,1.000000658073391557e+00,1.977106822736301572e-03,1.000000331086463357e+00,1.000000662172017440e+00,2.000005648352996303e-03,-6.709924291213043491e-21,-5.552168940616059193e-15,-4.519362261440578465e-16,-3.494230953524911203e-09
1.210762073832914757e+04,1.396392904650623379e+01,1.000000330370116153e+00,1.000000660740346659e+00,1.999997374145663556e-03,1.000000326647714433e+00,1.000000656710567037e+00,1.977462674800117837e-03,1.000000326660872130e+00,1.000000656728496473e+00,1.977542975528881735e-03,1.000000330370409252e+00,1.000000660740554048e+00,1.999999809518502279e-03,-6.353339391298330326e-21,-5.244648871483796029e-15,-4.434687910247146440e-16,-3.415031684088944000e-09
1.213377110709443696e+04,1.399408872047276908e+01,1.000000329658866427e+00,1.000000659317846319e+00,2.000001954909843855e-03,1.000000326021366570e+00,1.000000655380111292e+00,1.977933674395426517e-03,1.000000326021713848e+00,1.000000655379922110e+00,1.977936425278485622e-03,1.000000329658837561e+00,1.000000659317122009e+00,2.000002439660540903e-03,-6.024186237278210200e-21,-4.956430443172567304e-15,-4.351152697833144755e-16,-3.337272021216681246e-09
1.215992147585972634e+04,1.402424839443930615e+01,1.000000328949925743e+00,1.000000657899964285e+00,2.000001975126793497e-03,1.000000325396000589e+00,1.000000654053045057e+00,1.978394263899165180e-03,1.000000325410136393e+00,1.000000654072747519e+00,1.978480852759626277e-03,1.000000328950628292e+00,1.000000657900214973e+00,2.000006905308427969e-03,-5.707878154887525398e-21,-4.677444375782332032e-15,-4.268750805039085146e-16,-3.260938255228441532e-09
1.218607184462501573e+04,1.405440806840584145e+01,1.000000328243293435e+00,1.000000656486699446e+00,1.999997521987641365e-03,1.000000324772194249e+00,1.000000652731261042e+00,1.978848003487551459e-03,1.000000324792906348e+00,1.000000652759920339e+00,1.978974846272176565e-03,1.000000328244908587e+00,1.000000656488655881e+00,2.000008019439216463e-03,-5.404389878229017890e-21,-4.407744202948238402e-15,-4.188087978114513721e-16,-3.186767037960918928e-09
1.221222221339030693e+04,1.408456774237237852e+01,1.000000327541124001e+00,1.000000655082359469e+00,2.000001840297290466e-03,1.000000324149527220e+00,1.000000651413256669e+00,1.979292387080468056e-03,1.000000324170023935e+00,1.000000651441440791e+00,1.979418184092999675e-03,1.000000327541671563e+00,1.000000655082422529e+00,2.000005838804822054e-03,-5.124040288564564459e-21,-4.160672642640734105e-15,-4.108648222878468089e-16,-3.114097217249200794e-09
1.223837258215559632e+04,1.411472741633891381e+01,1.000000326841271825e+00,1.000000653682654450e+00,2.000001976359233428e-03,1.000000323527894031e+00,1.000000650098653354e+00,1.979726813290804723e-03,1.000000323541489156e+00,1.000000650117308654e+00,1.979810644498955323e-03,1.000000326840910558e+00,1.000000653681492713e+00,2.000000419200024561e-03,-4.854892299170020094e-21,-3.926403650998692577e-15,-4.030300629536720351e-16,-3.042760663441706612e-09
1.226452295092088571e+04,1.414488709030545088e+01,1.000000326143683838e+00,1.000000652287477587e+00,1.999997695638275168e-03,1.000000322907540484e+00,1.000000648788214930e+00,1.980152831359357872e-03,1.000000322907305117e+00,1.000000648787529034e+00,1.980152027921865555e-03,1.000000326144242502e+00,1.000000652288009606e+00,2.000001773474937260e-03,-4.596651356535311602e-21,-3.704554370196665211e-15,-3.953277466053697762e-16,-2.973029455702674392e-09
1.229067331968617509e+04,1.417504676427198618e+01,1.000000325450416394e+00,1.000000650900942256e+00,2.000001723942771998e-03,1.000000322288726595e+00,1.000000647482695681e+00,1.980572087995644947e-03,1.000000322302059041e+00,1.000000647500752349e+00,1.980654658656954593e-03,1.000000325451078753e+00,1.000000650901176291e+00,2.000006444970702131e-03,-4.357876644340191955e-21,-3.503123791616832078e-15,-3.877791571154107015e-16,-2.905138532544441919e-09
1.231682368845146448e+04,1.420520643823852147e+01,1.000000324759479087e+00,1.000000649519067197e+00,2.000001972997241754e-03,1.000000321670993841e+00,1.000000646180584596e+00,1.980981821188674500e-03,1.000000321691307370e+00,1.000000646208470068e+00,1.981107558011310950e-03,1.000000324760325077e+00,1.000000649519521057e+00,2.000007832486019183e-03,-4.128887218521537296e-21,-3.310984306157763451e-15,-3.803356407213169874e-16,-2.838493636469705093e-09
1.234297405721675386e+04,1.423536611220505854e+01,1.000000324070762669e+00,1.000000648141633253e+00,1.999997859992624742e-03,1.000000321054348440e+00,1.000000644881882339e+00,1.981382111035424626e-03,1.000000321075050547e+00,1.000000644910682635e+00,1.981510510036089013e-03,1.000000324071975255e+00,1.000000648143022808e+00,2.000005991032404590e-03,-3.909176126823654965e-21,-3.127587533087564562e-15,-3.729966064553079198e-16,-2.773082739710090470e-09
1.236912442598204325e+04,1.426552578617159384e+01,1.000000323386229351e+00,1.000000646772565949e+00,2.000001607443090135e-03,1.000000320439424328e+00,1.000000643588497606e+00,1.981776920126234517e-03,1.000000320453288349e+00,1.000000643607390050e+00,1.981863298782443172e-03,1.000000323386022405e+00,1.000000646771659785e+00,2.000000974703388789e-03,-3.705836579768345946e-21,-2.958016288567019345e-15,-3.658180150884222935e-16,-2.709546548347041417e-09
1.239527479474733445e+04,1.429568546013813091e+01,1.000000322704037714e+00,1.000000645408182454e+00,2.000001967004884102e-03,1.000000319825743667e+00,1.000000642298894293e+00,1.982163355872453795e-03,1.000000319826021000e+00,1.000000642298592091e+00,1.982165708301528249e-03,1.000000322703794575e+00,1.000000645407190580e+00,2.000001105859676009e-03,-3.511038880471417435e-21,-2.794712748404377265e-15,-3.587515148522701022e-16,-2.647304731137712824e-09
1.242142516351262384e+04,1.432584513410466620e+01,1.000000322024024557e+00,1.000000644048155474e+00,1.999998016926205456e-03,1.000000319213192324e+00,1.000000641012702030e+00,1.982540756840003512e-03,1.000000319226031387e+00,1.000000641030183379e+00,1.982621129821914019e-03,1.000000322025202060e+00,1.000000644049483522e+00,2.000005973798097726e-03,-3.324132884491754430e-21,-2.637114670146775379e-15,-3.517853513803690680e-16,-2.586215725420565580e-09
1.244757553227791323e+04,1.435600480807120327e+01,1.000000321348061050e+00,1.000000642696227793e+00,2.000001488423366371e-03,1.000000318602037863e+00,1.000000639730695307e+00,1.982910833964632216e-03,1.000000318622146889e+00,1.000000639758467536e+00,1.983036620273107703e-03,1.000000321348943455e+00,1.000000642696791786e+00,2.000007623271681922e-03,-3.150991400616170316e-21,-2.488012181995394053e-15,-3.449410884658503213e-16,-2.526518139906803282e-09
1.247372590104320261e+04,1.438616448203773857e+01,1.000000320674450327e+00,1.000000641349005681e+00,2.000001957232462949e-03,1.000000317992547183e+00,1.000000638453602431e+00,1.983275305263172868e-03,1.000000318012901346e+00,1.000000638481390647e+00,1.983402882543035175e-03,1.000000320675012988e+00,1.000000641349095165e+00,2.000006107622071764e-03,-2.985301141586685999e-21,-2.343695742663105057e-15,-3.382374046761891384e-16,-2.468406992207189387e-09
1.249987626980849382e+04,1.441632415600427564e+01,1.000000320002976784e+00,1.000000640006057928e+00,1.999998168122916857e-03,1.000000317384223125e+00,1.000000637179919272e+00,1.983631130175802452e-03,1.000000317398294758e+00,1.000000637198952713e+00,1.983719706340000919e-03,1.000000320003404219e+00,1.000000640006373231e+00,2.000001479310095469e-03,-2.826322236519760716e-21,-2.203972959311848289e-15,-3.316299327971796696e-16,-2.411372283098079605e-09
1.252602663857378138e+04,1.444648382997081093e+01,1.000000319335423216e+00,1.000000638670950348e+00,2.000001369907360334e-03,1.000000316777070797e+00,1.000000635909645164e+00,1.983978385062984927e-03,1.000000316778327125e+00,1.000000635911153513e+00,1.983986881372307252e-03,1.000000319335172305e+00,1.000000638670021091e+00,2.000000437637305777e-03,-2.678912281004184860e-21,-2.075865198486099820e-15,-3.251180877968431766e-16,-2.355403487657004287e-09
1.255217700733907259e+04,1.447664350393734800e+01,1.000000318670232202e+00,1.000000637340567877e+00,2.000001943227068448e-03,1.000000316171769210e+00,1.000000634644695241e+00,1.984321378817600380e-03,1.000000316183953464e+00,1.000000634661142307e+00,1.984398475654731379e-03,1.000000318670696275e+00,1.000000637340532572e+00,2.000005493044828067e-03,-2.537997830552736905e-21,-1.955747579954227845e-15,-3.187532150673573968e-16,-2.301056813859639182e-09
1.257832737610436197e+04,1.450680317790388330e+01,1.000000318007138178e+00,1.000000636014379163e+00,1.999998309876728671e-03,1.000000315567792342e+00,1.000000633383508308e+00,1.984656874394939707e-03,1.000000315587262767e+00,1.000000633409959594e+00,1.984779953027914715e-03,1.000000318008481326e+00,1.000000636015903055e+00,2.000007393562432470e-03,-2.402790130484695658e-21,-1.842544933428716535e-15,-3.124903592936687462e-16,-2.247823952691083868e-09
1.260447774486965318e+04,1.453696285187042037e+01,1.000000317347838896e+00,1.000000634695779933e+00,2.000001251757167579e-03,1.000000314965019621e+00,1.000000632125724653e+00,1.984984164590807964e-03,1.000000314985352023e+00,1.000000632153556834e+00,1.985112929098603422e-03,1.000000317348521905e+00,1.000000634696113666e+00,2.000006190928860748e-03,-2.277302903395483936e-21,-1.740027739882692842e-15,-3.063190525535447610e-16,-2.195586027756279785e-09
1.263062811363494075e+04,1.456712252583695566e+01,1.000000316690910829e+00,1.000000633381923354e+00,2.000001927693100239e-03,1.000000314363737930e+00,1.000000630872126317e+00,1.985305109087300100e-03,1.000000314378221233e+00,1.000000630891934028e+00,1.985397199109839583e-03,1.000000316690811797e+00,1.000000633381144644e+00,2.000001936037342203e-03,-2.157474402000369844e-21,-1.642947730194843337e-15,-3.002591843222787699e-16,-2.144551871692624387e-09
1.265677848240023195e+04,1.459728219980349273e+01,1.000000316036040449e+00,1.000000632072182150e+00,1.999998445873348452e-03,1.000000313764215498e+00,1.000000629623412296e+00,1.985621462433149412e-03,1.000000313765870397e+00,1.000000629625091175e+00,1.985632558304663980e-03,1.000000316036149695e+00,1.000000632072049367e+00,1.999999769503448942e-03,-2.042497752849856351e-21,-1.550412838850323548e-15,-2.943270227258383893e-16,-2.094882812871848678e-09
1.268292885116552134e+04,1.462744187377002802e+01,1.000000315384843130e+00,1.000000630769786847e+00,2.000001132255500337e-03,1.000000313165926524e+00,1.000000628378092671e+00,1.985929960687714702e-03,1.000000313177425104e+00,1.000000628393467705e+00,1.986003499954252117e-03,1.000000315385354277e+00,1.000000630769908527e+00,2.000005003817965487e-03,-1.935685790198098783e-21,-1.464529231047087123e-15,-2.884823885294530978e-16,-2.046141997367462488e-09
1.270907921993081072e+04,1.465760154773656510e+01,1.000000314736024798e+00,1.000000629472150182e+00,2.000001906959367800e-03,1.000000312568874339e+00,1.000000627136166109e+00,1.986230671992292394e-03,1.000000312588198437e+00,1.000000627162736633e+00,1.986354088191137623e-03,1.000000314736749996e+00,1.000000629472477254e+00,2.000007144953065870e-03,-1.833800516373077041e-21,-1.381899514971989640e-15,-2.827247138330190573e-16,-1.998320237962375408e-09
1.273522958869610011e+04,1.468776122170310039e+01,1.000000314089226183e+00,1.000000628178552509e+00,1.999998574913722758e-03,1.000000311973774814e+00,1.000000625899546192e+00,1.986528203959090494e-03,1.000000311993889612e+00,1.000000625926923625e+00,1.986656906998001283e-03,1.000000314090331743e+00,1.000000628179737339e+00,2.000006243108221841e-03,-1.736039699615826165e-21,-1.301867439974003344e-15,-2.771008218059122090e-16,-1.951899514858848516e-09
1.276137995746139131e+04,1.471792089566963746e+01,1.000000313445982503e+00,1.000000626892064259e+00,2.000001012495441696e-03,1.000000311380060847e+00,1.000000624666654403e+00,1.986819015389142129e-03,1.000000311394498631e+00,1.000000624686028461e+00,1.986911757026167073e-03,1.000000313446093525e+00,1.000000626891669908e+00,2.000002347670942239e-03,-1.645134529258862243e-21,-1.225250453341240735e-15,-2.715692042104781657e-16,-1.906435510551638004e-09
1.278753032622668070e+04,1.474808056963617275e+01,1.000000312805124913e+00,1.000000625610348859e+00,2.000001885136907728e-03,1.000000310787608981e+00,1.000000623437143243e+00,1.987102369862604224e-03,1.000000310790025715e+00,1.000000623440051140e+00,1.987118438926962442e-03,1.000000312804591784e+00,1.000000625609005711e+00,1.999999102050288493e-03,-1.558516147307487823e-21,-1.150942297755577032e-15,-2.661206076519828910e-16,-1.861828661920251400e-09
1.281368069499197009e+04,1.477824024360270982e+01,1.000000312166249739e+00,1.000000624332598065e+00,1.999998699427893000e-03,1.000000310196720754e+00,1.000000622211798973e+00,1.987380249489740461e-03,1.000000310207774357e+00,1.000000622226766334e+00,1.987451684692289732e-03,1.000000312167058647e+00,1.000000624333377219e+00,2.000004507101456417e-03,-1.475403403387444228e-21,-1.078899480227415518e-15,-2.607732696323345114e-16,-1.818261385556136224e-09
1.283983106375725947e+04,1.480839991756924512e+01,1.000000311530814479e+00,1.000000623061727101e+00,2.000000891582782905e-03,1.000000309607663285e+00,1.000000620991288836e+00,1.987654431203526167e-03,1.000000309626231543e+00,1.000000621016363223e+00,1.987774253031018325e-03,1.000000311531650032e+00,1.000000623062315297e+00,2.000006878891766576e-03,-1.398045218920677236e-21,-1.012861856019571674e-15,-2.555412582606287837e-16,-1.775866676725498722e-09
1.286598143252254886e+04,1.483855959153578041e+01,1.000000310897771971e+00,1.000000621795641864e+00,2.000001858724371074e-03,1.000000309019889233e+00,1.000000619774144672e+00,1.987921464359567424e-03,1.000000309039741131e+00,1.000000619801012736e+00,1.988049786364289202e-03,1.000000310898360389e+00,1.000000621795801514e+00,2.000006266141908778e-03,-1.324414884485940266e-21,-9.518699799571236618e-16,-2.503884113240875011e-16,-1.734271021854330942e-09
1.289213180128783824e+04,1.486871926550231748e+01,1.000000310266675685e+00,1.000000620533448403e+00,1.999998817763895455e-03,1.000000308433401264e+00,1.000000618560364041e+00,1.988181417187710048e-03,1.000000308448303343e+00,1.000000618580714873e+00,1.988278090622301337e-03,1.000000310267184389e+00,1.000000620533818330e+00,2.000002716792515390e-03,-1.253763813613123896e-21,-8.947816041924815718e-16,-2.453141861223914659e-16,-1.693466420134516650e-09
1.291828217005312763e+04,1.489887893946885278e+01,1.000000309638907847e+00,1.000000619277912062e+00,2.000000771616591410e-03,1.000000307848943670e+00,1.000000617351851639e+00,1.988439147632072197e-03,1.000000307851917958e+00,1.000000617355469412e+00,1.988458971735253267e-03,1.000000309638450213e+00,1.000000619276792957e+00,1.999998435785164258e-03,-1.187941422424385646e-21,-8.433484637992162114e-16,-2.403610470381697978e-16,-1.653869802981441343e-09
1.294443253881841883e+04,1.492903861343538985e+01,1.000000309013538313e+00,1.000000618027172772e+00,2.000001832176832601e-03,1.000000307265915156e+00,1.000000616147018295e+00,1.988690844330963207e-03,1.000000307276084355e+00,1.000000616160439559e+00,1.988757272135246480e-03,1.000000309013778343e+00,1.000000618026875676e+00,2.000004003775385057e-03,-1.125359014715266057e-21,-7.950847328362490321e-16,-2.354909061743245153e-16,-1.615093549398130511e-09
1.297058290758370822e+04,1.495919828740192514e+01,1.000000308390079251e+00,1.000000616780254425e+00,1.999998928351059881e-03,1.000000306684190932e+00,1.000000614945530497e+00,1.988935752611654690e-03,1.000000306702399699e+00,1.000000614970203872e+00,1.989054451817271613e-03,1.000000308391166604e+00,1.000000616781387075e+00,2.000006596700271578e-03,-1.065308193909812431e-21,-7.491622700991855670e-16,-2.306956389709450281e-16,-1.577054489346393305e-09
1.299673327634899761e+04,1.498935796136846221e+01,1.000000307769840724e+00,1.000000615539777149e+00,2.000000649787950051e-03,1.000000306104085412e+00,1.000000613748175837e+00,1.989175967537742777e-03,1.000000306123898897e+00,1.000000613775152036e+00,1.989305331301146913e-03,1.000000307770609664e+00,1.000000615540309612e+00,2.000006261859272032e-03,-1.009307746867660073e-21,-7.063763497155517644e-16,-2.259918790709669496e-16,-1.539911666080039989e-09
1.302288364511428699e+04,1.501951763533499751e+01,1.000000307152005830e+00,1.000000614304106472e+00,2.000001802162784063e-03,1.000000305525860833e+00,1.000000612555589141e+00,1.989413260129685359e-03,1.000000305540581724e+00,1.000000612575283832e+00,1.989509721664531501e-03,1.000000307152102419e+00,1.000000614303626412e+00,2.000003045802125744e-03,-9.561217474449314574e-22,-6.651648815841837192e-16,-2.213917100290530786e-16,-1.503774326925068077e-09
1.304903401387957820e+04,1.504967730930153458e+01,1.000000306536046546e+00,1.000000613072187683e+00,1.999999036114789679e-03,1.000000304948955865e+00,1.000000611366328229e+00,1.989644041769339771e-03,1.000000304952448182e+00,1.000000611370599257e+00,1.989667433985083198e-03,1.000000306535758776e+00,1.000000613071478917e+00,1.999997771145351887e-03,-9.050866435854449688e-22,-6.250171728042805760e-16,-2.168627658926756982e-16,-1.468323678441308630e-09
1.307518438264486576e+04,1.507983698326806987e+01,1.000000305923202770e+00,1.000000611846499465e+00,2.000000529709982950e-03,1.000000304373372284e+00,1.000000610180389993e+00,1.989868376558095141e-03,1.000000304383217298e+00,1.000000610193709560e+00,1.989933344800653460e-03,1.000000305923562705e+00,1.000000611846503240e+00,2.000003494631477467e-03,-8.574478693260561046e-22,-5.860007168968467392e-16,-2.124045346669167525e-16,-1.433552768534332126e-09
1.310133475141015697e+04,1.510999665723460694e+01,1.000000305312766624e+00,1.000000610625626951e+00,2.000001768804164377e-03,1.000000303799874812e+00,1.000000608999663809e+00,1.990091324314883364e-03,1.000000303817524472e+00,1.000000609023448117e+00,1.990207545220223050e-03,1.000000305313365034e+00,1.000000610625823683e+00,2.000006299590330761e-03,-8.122526221982753410e-22,-5.479543662316192080e-16,-2.080553354788080251e-16,-1.399821654565202294e-09
1.312748512017544635e+04,1.514015633120114224e+01,1.000000304704172560e+00,1.000000609408438601e+00,1.999999136457750615e-03,1.000000303227835952e+00,1.000000607822556953e+00,1.990308848857173015e-03,1.000000303247142952e+00,1.000000607848497980e+00,1.990436178712703431e-03,1.000000304705160659e+00,1.000000609409423813e+00,2.000006231954877534e-03,-7.688845869415419838e-22,-5.110345800334924771e-16,-2.037804145604288105e-16,-1.366792814692971257e-09
1.315363548894073756e+04,1.517031600516767931e+01,1.000000304098592085e+00,1.000000608197276986e+00,2.000000408261670606e-03,1.000000302657130691e+00,1.000000606648750123e+00,1.990520185224484151e-03,1.000000302672073182e+00,1.000000606668859593e+00,1.990619061370635465e-03,1.000000304098944914e+00,1.000000608197287422e+00,2.000003336937263877e-03,-7.283634379982375418e-22,-4.772533831587961785e-16,-1.995726829436355696e-16,-1.334396953145614968e-09
1.317978585770602513e+04,1.520047567913421460e+01,1.000000303495422793e+00,1.000000606990938401e+00,2.000001733355186856e-03,1.000000302088083215e+00,1.000000605479030025e+00,1.990727522073261219e-03,1.000000302092314719e+00,1.000000605484532512e+00,1.990756009286559578e-03,1.000000303494712472e+00,1.000000606989398078e+00,1.999997659041323570e-03,-6.899627097101332435e-22,-4.467110472489921750e-16,-1.954472376261445091e-16,-1.302772484065861260e-09
1.320593622647131633e+04,1.523063535310075167e+01,1.000000302894062720e+00,1.000000605788217811e+00,1.999999232309346807e-03,1.000000301520949098e+00,1.000000604313997954e+00,1.990932611973656157e-03,1.000000301529837543e+00,1.000000604325641307e+00,1.990991902839806069e-03,1.000000302894538562e+00,1.000000605788512908e+00,2.000002980385647521e-03,-6.531140188068944221e-22,-4.184067043533192729e-16,-1.914143902788434088e-16,-1.272008817071823387e-09
1.323208659523660572e+04,1.526079502706728697e+01,1.000000302295617205e+00,1.000000604591326114e+00,2.000000287591435083e-03,1.000000300955158572e+00,1.000000603152242151e+00,1.991131760378663396e-03,1.000000300972233358e+00,1.000000603175132952e+00,1.991245327071039951e-03,1.000000302296387478e+00,1.000000604591908759e+00,2.000005988677227772e-03,-6.186507950519114452e-22,-3.931390731695776262e-16,-1.874453188169508702e-16,-1.241834325046210419e-09
1.325823696400189510e+04,1.529095470103382404e+01,1.000000301699585759e+00,1.000000603399263222e+00,2.000001696460378901e-03,1.000000300390712749e+00,1.000000601993758842e+00,1.991325027351219332e-03,1.000000300410065046e+00,1.000000602020060247e+00,1.991453914420539956e-03,1.000000301700170846e+00,1.000000603399458177e+00,2.000006178003203676e-03,-5.860267108507556732e-22,-3.697174204818118766e-16,-1.835395453968065792e-16,-1.212242979969336810e-09
1.328438733276718449e+04,1.532111437500035933e+01,1.000000301105331335e+00,1.000000602210753931e+00,1.999999322226650444e-03,1.000000299828391004e+00,1.000000600840417420e+00,1.991517642408081532e-03,1.000000299843332829e+00,1.000000600860423861e+00,1.991617485862719195e-03,1.000000301105883560e+00,1.000000602211144951e+00,2.000003592288891307e-03,-5.547207613495717448e-22,-3.474834883472746169e-16,-1.797314908721838618e-16,-1.183545221581436691e-09
1.331053770153247569e+04,1.535127404896689640e+01,1.000000300513895324e+00,1.000000601027881464e+00,2.000000166058927935e-03,1.000000299267544301e+00,1.000000599690626046e+00,1.991705369355807088e-03,1.000000299272036486e+00,1.000000599696223125e+00,1.991735862371987742e-03,1.000000300513520957e+00,1.000000601026953539e+00,1.999998274778206925e-03,-5.254129115664979023e-22,-3.266866443000350926e-16,-1.759896052195266515e-16,-1.155447685182087167e-09
1.333668807029776508e+04,1.538143372293343170e+01,1.000000299924876046e+00,1.000000599849842242e+00,2.000001658502972585e-03,1.000000298708049629e+00,1.000000598544081187e+00,1.991887445762667574e-03,1.000000298716432257e+00,1.000000598555164544e+00,1.991943938529357021e-03,1.000000299924906466e+00,1.000000599849306226e+00,2.000002461688216594e-03,-4.976994783765654172e-22,-3.065581407836100847e-16,-1.723077389765051104e-16,-1.127892784349114756e-09
1.336283843906305447e+04,1.541159339689996877e+01,1.000000299337602039e+00,1.000000598675294228e+00,1.999999408768898205e-03,1.000000298150238276e+00,1.000000597401565994e+00,1.992066138153824120e-03,1.000000298166981105e+00,1.000000597424163917e+00,1.992178598182921864e-03,1.000000299338448695e+00,1.000000598676072050e+00,2.000005664990985900e-03,-4.711053864247099343e-22,-2.867623930958957781e-16,-1.686995331657286373e-16,-1.101000769817094588e-09
1.338898880782834385e+04,1.544175307086650406e+01,1.000000298753053185e+00,1.000000597506195854e+00,2.000000045136107567e-03,1.000000297594357379e+00,1.000000596263648012e+00,1.992243167006634962e-03,1.000000297613087064e+00,1.000000596288720400e+00,1.992369146294777852e-03,1.000000298753868533e+00,1.000000597506869982e+00,2.000006101471001226e-03,-4.461843047179196350e-22,-2.671393486941075355e-16,-1.651737319403206643e-16,-1.074844535860447977e-09
1.341513917659363324e+04,1.547191274483303935e+01,1.000000298170922841e+00,1.000000596341934722e+00,2.000001617666970037e-03,1.000000297039833841e+00,1.000000595128949010e+00,1.992414763955447591e-03,1.000000297054750131e+00,1.000000595148833993e+00,1.992515408588396014e-03,1.000000298171161317e+00,1.000000596341684478e+00,2.000003813815123561e-03,-4.226448468949268094e-22,-2.477965700343322913e-16,-1.617047873372061972e-16,-1.049193023004731077e-09
1.344128954535892262e+04,1.550207241879957643e+01,1.000000297590507126e+00,1.000000595181102847e+00,1.999999490692036183e-03,1.000000296486668105e+00,1.000000593997464993e+00,1.992580985227972428e-03,1.000000296491970309e+00,1.000000594004504695e+00,1.992617210787247378e-03,1.000000297590322385e+00,1.000000595180500884e+00,1.999998844054460666e-03,-4.000557994609801048e-22,-2.290316973606333108e-16,-1.582922574793638595e-16,-1.024041015073968543e-09
1.346743991412421201e+04,1.553223209276611172e+01,1.000000297012725747e+00,1.000000594025539868e+00,1.999999924529744129e-03,1.000000295935648875e+00,1.000000592871040928e+00,1.992747194986112334e-03,1.000000295943330064e+00,1.000000592881091999e+00,1.992799507635177776e-03,1.000000297012936690e+00,1.000000594025423073e+00,2.000001939132287077e-03,-3.788670324735701210e-22,-2.119317875266943115e-16,-1.549669320746591587e-16,-9.996557551010000459e-10
1.349359028288950321e+04,1.556239176673264879e+01,1.000000296437363989e+00,1.000000592874816130e+00,2.000001573860917935e-03,1.000000295386110460e+00,1.000000591748090750e+00,1.992908986155514286e-03,1.000000295402067918e+00,1.000000591769334202e+00,1.993017237011364233e-03,1.000000296437832725e+00,1.000000592874881189e+00,2.000005329485706525e-03,-3.588749647353971478e-22,-1.969522441915626886e-16,-1.517003029353918082e-16,-9.757827043151958538e-10
1.351974065165479260e+04,1.559255144069918408e+01,1.000000295863687105e+00,1.000000591727461918e+00,1.999999567562026157e-03,1.000000294837932735e+00,1.000000590628326691e+00,1.993065604784914450e-03,1.000000294856480787e+00,1.000000590653251198e+00,1.993191574192173035e-03,1.000000295864551747e+00,1.000000591728254173e+00,2.000006003727766712e-03,-3.396897729845484336e-22,-1.832772988392583398e-16,-1.484870647139922752e-16,-9.523741312312135536e-10
1.354589102042008199e+04,1.562271111466572115e+01,1.000000295292556407e+00,1.000000590585200078e+00,1.999999803836282827e-03,1.000000294291452985e+00,1.000000589512526794e+00,1.993219388666143174e-03,1.000000294306568227e+00,1.000000589532842987e+00,1.993322349518071232e-03,1.000000295293089314e+00,1.000000590585528037e+00,2.000004003352989865e-03,-3.216761387884047539e-22,-1.712617555624512194e-16,-1.453394919771043415e-16,-9.295343308294803292e-10
1.357204138918537137e+04,1.565287078863225645e+01,1.000000294723846217e+00,1.000000589447779253e+00,2.000001530459872591e-03,1.000000293746907909e+00,1.000000588401224411e+00,1.993372010651250914e-03,1.000000293752330460e+00,1.000000588408109570e+00,1.993409393329524572e-03,1.000000294723440986e+00,1.000000589446687682e+00,1.999999369224599814e-03,-3.046985850066487233e-22,-1.603239641569654388e-16,-1.422649536869153494e-16,-9.073224947016752182e-10
1.359819175795066258e+04,1.568303046259879352e+01,1.000000294156791369e+00,1.000000588313669336e+00,1.999999639943554012e-03,1.000000293203725077e+00,1.000000587293078169e+00,1.993519654615724928e-03,1.000000293210719926e+00,1.000000587302138255e+00,1.993567797481972294e-03,1.000000294156965674e+00,1.000000588313536998e+00,2.000001413260643103e-03,-2.884059679767986890e-22,-1.499730645090885205e-16,-1.392408999422598252e-16,-8.855423835298281157e-10
1.362434212671595014e+04,1.571319013656532881e+01,1.000000293592197220e+00,1.000000587184480594e+00,1.999999683440407267e-03,1.000000292661904266e+00,1.000000586188083629e+00,1.993662372481719292e-03,1.000000292677657221e+00,1.000000586209340847e+00,1.993770266999677319e-03,1.000000293592889111e+00,1.000000587185035261e+00,2.000004983047424384e-03,-2.730931602176669615e-22,-1.402519515028963372e-16,-1.362669253790663314e-16,-8.641894923996290301e-10
1.365049249548124135e+04,1.574334981053186588e+01,1.000000293030023579e+00,1.000000586060133312e+00,2.000001483165537042e-03,1.000000292122239287e+00,1.000000585088057559e+00,1.993805634862587384e-03,1.000000292140383440e+00,1.000000585112332585e+00,1.993930056560145984e-03,1.000000293030582910e+00,1.000000586060336039e+00,2.000005886054691435e-03,-2.586769986915050493e-22,-1.307312786462972060e-16,-1.333704652071704792e-16,-8.434935327649648916e-10
1.367664286424653073e+04,1.577350948449840118e+01,1.000000292469476859e+00,1.000000584939039650e+00,1.999999707258868359e-03,1.000000291584052459e+00,1.000000583991423886e+00,1.993944893641466914e-03,1.000000291598899027e+00,1.000000584011113691e+00,1.994047000989989868e-03,1.000000292470042851e+00,1.000000584939425785e+00,2.000004162628622045e-03,-2.448421949054779913e-22,-1.212156506802012269e-16,-1.305258702089805957e-16,-8.232340255532197384e-10
1.370279323301182194e+04,1.580366915846493825e+01,1.000000291911307793e+00,1.000000583822700628e+00,1.999999562344842701e-03,1.000000291047226986e+00,1.000000582897910384e+00,1.994079405831307959e-03,1.000000291053203760e+00,1.000000582905683721e+00,1.994120935115821416e-03,1.000000291911264938e+00,1.000000583822290512e+00,1.999999852507415490e-03,-2.318265078929468712e-22,-1.115215339895650077e-16,-1.277285869616662458e-16,-8.033715109762980058e-10
1.372894360177710951e+04,1.583382883243147354e+01,1.000000291355559012e+00,1.000000582711202624e+00,2.000001435858135990e-03,1.000000290512103929e+00,1.000000581808288658e+00,1.994211566032307037e-03,1.000000290518666235e+00,1.000000581816934186e+00,1.994257191622635008e-03,1.000000291355393811e+00,1.000000582710448338e+00,2.000000884571498123e-03,-2.195864852570593202e-22,-1.017775267109212466e-16,-1.249896181484866378e-16,-7.839962983774569399e-10
1.375509397054240071e+04,1.586398850639801061e+01,1.000000290801408953e+00,1.000000581602902505e+00,1.999999771624456305e-03,1.000000289978909107e+00,1.000000580723058752e+00,1.994342994105954316e-03,1.000000289993790537e+00,1.000000580742800960e+00,1.994445920514651555e-03,1.000000290802030234e+00,1.000000581603359029e+00,2.000004626500765433e-03,-2.078398489674244502e-22,-9.235039449531705522e-17,-1.223151355115491523e-16,-7.651562493563123627e-10
1.378124433930769010e+04,1.589414818036454591e+01,1.000000290249555501e+00,1.000000580499195380e+00,1.999999441224599959e-03,1.000000289447074309e+00,1.000000579640917042e+00,1.994469849588137705e-03,1.000000289464815229e+00,1.000000579664567901e+00,1.994592673622478871e-03,1.000000290250386836e+00,1.000000580499964986e+00,2.000005749652384018e-03,-1.967777125822131016e-22,-8.382344512762356424e-17,-1.196853131957406423e-16,-7.466849523793190399e-10
1.380739470807297948e+04,1.592430785433108298e+01,1.000000289700121892e+00,1.000000579400327716e+00,2.000001385519717227e-03,1.000000288916598645e+00,1.000000578561858866e+00,1.994592181223379078e-03,1.000000288931740089e+00,1.000000578582235233e+00,1.994697290129637032e-03,1.000000289700459177e+00,1.000000579400251999e+00,2.000004293266162327e-03,-1.863863210173103472e-22,-7.671477700470743958e-17,-1.170997819363974480e-16,-7.285785240244406866e-10
1.383354507683826887e+04,1.595446752829761827e+01,1.000000289152259692e+00,1.000000578304603094e+00,1.999999831015284064e-03,1.000000288388276815e+00,1.000000577487670794e+00,1.994715538303760277e-03,1.000000288394565340e+00,1.000000577495802956e+00,1.994759609219644812e-03,1.000000289152243260e+00,1.000000578304206744e+00,2.000000295996186370e-03,-1.764136101526959082e-22,-7.037950687981599515e-17,-1.145829003599902899e-16,-7.110341289571294243e-10
1.385969544560356007e+04,1.598462720226415534e+01,1.000000288606615495e+00,1.000000577213314479e+00,1.999999320147906583e-03,1.000000287861422699e+00,1.000000576416789411e+00,1.994835250622482761e-03,1.000000287867123694e+00,1.000000576424042054e+00,1.994875331053238762e-03,1.000000288606681442e+00,1.000000577213077779e+00,2.000000353523306157e-03,-1.670126688750070150e-22,-6.496910283603141259e-17,-1.121116829376391789e-16,-6.938611009130110027e-10
1.388584581436884946e+04,1.601478687623069064e+01,1.000000288063390030e+00,1.000000576126863328e+00,2.000001333561271868e-03,1.000000287335924387e+00,1.000000575348958254e+00,1.994950597994812197e-03,1.000000287350403472e+00,1.000000575368265254e+00,1.995051699327373643e-03,1.000000288063728648e+00,1.000000576126797602e+00,2.000004260614645854e-03,-1.581915261754411187e-22,-6.019159542472363004e-17,-1.096822409188640537e-16,-6.770269041778953334e-10
1.391199618313413885e+04,1.604494655019722771e+01,1.000000287521709552e+00,1.000000575043501705e+00,1.999999887587032652e-03,1.000000286812124717e+00,1.000000574284941379e+00,1.995064019915724837e-03,1.000000286829691554e+00,1.000000574308496759e+00,1.995186787110834331e-03,1.000000287522447406e+00,1.000000575044108553e+00,2.000005595647572076e-03,-1.497256321350876066e-22,-5.569061954565496802e-17,-1.073044017216389659e-16,-6.606096148698055953e-10
1.393814655189943005e+04,1.607510622416376478e+01,1.000000286982170472e+00,1.000000573964423323e+00,1.999999200808822829e-03,1.000000286290237961e+00,1.000000573225205969e+00,1.995177075530538309e-03,1.000000286304987496e+00,1.000000573244736124e+00,1.995280437816753655e-03,1.000000286982833719e+00,1.000000573964997308e+00,2.000004396795598653e-03,-1.417371413738724469e-22,-5.144546135121742415e-17,-1.049833022583059278e-16,-6.446477593380862393e-10
1.396429692066471762e+04,1.610526589813029830e+01,1.000000286445048348e+00,1.000000572890179074e+00,2.000001280435709326e-03,1.000000285769702568e+00,1.000000572168487478e+00,1.995285918268103337e-03,1.000000285776291742e+00,1.000000572176983793e+00,1.995332494858267046e-03,1.000000286444883368e+00,1.000000572889450767e+00,2.000000701667769502e-03,-1.342496517520789661e-22,-4.717509309730274764e-17,-1.027015748355059818e-16,-6.290004288040429886e-10
1.399044728943000700e+04,1.613542557209683537e+01,1.000000285909445230e+00,1.000000571818972173e+00,1.999999939924355496e-03,1.000000285250517651e+00,1.000000571114780801e+00,1.995390596472290060e-03,1.000000285255950860e+00,1.000000571121967718e+00,1.995429171963376651e-03,1.000000285909346420e+00,1.000000571818461248e+00,1.999999820538821051e-03,-1.270635579436879141e-22,-4.277992078468662710e-17,-1.004588851630253296e-16,-6.136642815411056905e-10
1.401659765819529821e+04,1.616558524606337244e+01,1.000000285375909348e+00,1.000000570751900186e+00,1.999999080227137134e-03,1.000000284733475464e+00,1.000000570065840089e+00,1.995496714703359244e-03,1.000000284747337487e+00,1.000000570084230933e+00,1.995594431636595664e-03,1.000000285376513531e+00,1.000000570752409335e+00,2.000003886107177848e-03,-1.202759039942631344e-22,-3.811875982141487529e-17,-9.827678824125919235e-17,-5.988083098415423269e-10
1.404274802696058578e+04,1.619574492002990596e+01,1.000000284844788645e+00,1.000000569689658558e+00,2.000001227031433099e-03,1.000000284217884339e+00,1.000000569020117469e+00,1.995599499765215567e-03,1.000000284234836778e+00,1.000000569042606813e+00,1.995719096547099707e-03,1.000000284845305343e+00,1.000000569689847962e+00,2.000005425098979033e-03,-1.139210101906343978e-22,-3.327029484917650506e-17,-9.613476135263259279e-17,-5.842678876436458467e-10
1.406889839572587698e+04,1.622590459399644303e+01,1.000000284315161192e+00,1.000000568630403208e+00,1.999999989033237821e-03,1.000000283703637916e+00,1.000000567977372690e+00,1.995698261954601416e-03,1.000000283718448735e+00,1.000000567997095358e+00,1.995803014212566440e-03,1.000000284315718080e+00,1.000000568630764919e+00,2.000004474659726559e-03,-1.078217975895559613e-22,-2.861484135683307964e-17,-9.402949920100837076e-17,-5.700162600627459397e-10
1.409504876449116637e+04,1.625606426796298010e+01,1.000000283787529032e+00,1.000000567575138222e+00,1.999998962965345711e-03,1.000000283191079475e+00,1.000000566938360258e+00,1.995795472521053396e-03,1.000000283198173356e+00,1.000000566947696568e+00,1.995846032150675256e-03,1.000000283787747746e+00,1.000000567575147548e+00,2.000001071390737888e-03,-1.020549759555554026e-22,-2.445718649484544186e-17,-9.196975022314175793e-17,-5.561208246260113719e-10
1.412119913325645757e+04,1.628622394192951717e+01,1.000000283262309386e+00,1.000000566524698931e+00,2.000001172146487118e-03,1.000000282680411523e+00,1.000000565903515382e+00,1.995892626697211899e-03,1.000000282684922359e+00,1.000000565909173078e+00,1.995925040048378198e-03,1.000000283261961886e+00,1.000000566523745027e+00,1.999999286008565923e-03,-9.666184113450017727e-23,-2.126891487535437148e-17,-8.995976291798890081e-17,-5.426124435897650901e-10
1.414734950202174514e+04,1.631638361589605069e+01,1.000000282738558122e+00,1.000000565477196179e+00,2.000000034280765334e-03,1.000000282171081167e+00,1.000000564871613928e+00,1.995985889233244798e-03,1.000000282184351885e+00,1.000000564889152344e+00,1.996080325667428258e-03,1.000000282738968682e+00,1.000000565477361159e+00,2.000003503649942262e-03,-9.148558590009591356e-23,-1.854655788663168234e-17,-8.798437431905840037e-17,-5.293719733766134958e-10
1.417349987078703452e+04,1.634654328986258776e+01,1.000000282216731984e+00,1.000000564433543238e+00,1.999998843026735452e-03,1.000000281663087298e+00,1.000000563842650569e+00,1.996075303160031733e-03,1.000000281679995773e+00,1.000000563865345971e+00,1.996195692115578478e-03,1.000000282217554881e+00,1.000000564434371464e+00,2.000005239002517875e-03,-8.658649690167920305e-23,-1.635050265396479830e-17,-8.604328348232789789e-17,-5.163965433075066898e-10
1.419965023955232573e+04,1.637670296382912483e+01,1.000000281697315696e+00,1.000000563394710884e+00,2.000001114561495656e-03,1.000000281157217508e+00,1.000000562818344596e+00,1.996166514241099095e-03,1.000000281171853800e+00,1.000000562837753737e+00,1.996270990892432418e-03,1.000000281697717153e+00,1.000000563394764175e+00,2.000004528220353846e-03,-8.200997863939345092e-23,-1.452959908408498183e-17,-8.415550513058487049e-17,-5.038308026726415002e-10
1.422580060831761693e+04,1.640686263779566190e+01,1.000000281179343586e+00,1.000000562358765999e+00,2.000000076259206890e-03,1.000000280652777462e+00,1.000000561797166565e+00,1.996254666284454082e-03,1.000000280659925966e+00,1.000000561806375865e+00,1.996306073497594070e-03,1.000000281179451722e+00,1.000000562358527079e+00,2.000001406932717073e-03,-7.761740969226384767e-23,-1.282717691912735999e-17,-8.230277827668442455e-17,-4.915328248346707165e-10
1.425195097708290450e+04,1.643702231176219541e+01,1.000000280663228214e+00,1.000000561326535031e+00,1.999998723075060991e-03,1.000000280149666132e+00,1.000000560778891545e+00,1.996339094642094261e-03,1.000000280153739540e+00,1.000000560784084724e+00,1.996368681440243310e-03,1.000000280663153163e+00,1.000000561326179316e+00,1.999998750293809514e-03,-7.345585098994611274e-23,-1.121381385034762636e-17,-8.048230651106887673e-17,-4.794806684017725636e-10
1.427810134584819389e+04,1.646718198572873249e+01,1.000000280149519805e+00,1.000000560299117991e+00,2.000001057516513636e-03,1.000000279648227020e+00,1.000000559764264718e+00,1.996422305299780115e-03,1.000000279661135805e+00,1.000000559781451859e+00,1.996515019907278005e-03,1.000000280149729415e+00,1.000000560298924368e+00,2.000003113871728216e-03,-6.957264996890364468e-23,-9.479493304334246345e-18,-7.870185342318997786e-17,-4.677324272480454438e-10
1.430425171461348509e+04,1.649734165969526956e+01,1.000000279637231371e+00,1.000000559274541123e+00,2.000000114144031074e-03,1.000000279148649529e+00,1.000000558753689539e+00,1.996505716909038192e-03,1.000000279164844796e+00,1.000000558775131720e+00,1.996622104191960161e-03,1.000000279637841771e+00,1.000000559274970779e+00,2.000005038295893378e-03,-6.584545390884437676e-23,-7.583936163015067234e-18,-7.696490972569867958e-17,-4.563126946911313382e-10
1.433040208337877630e+04,1.652750133366180663e+01,1.000000279126733504e+00,1.000000558253544947e+00,1.999998603230807546e-03,1.000000278650391872e+00,1.000000557745982066e+00,1.996585522053727010e-03,1.000000278664866293e+00,1.000000557765124309e+00,1.996689789655833620e-03,1.000000279127486680e+00,1.000000558254306560e+00,2.000004558763886393e-03,-6.231070722422712034e-23,-5.438568500341449334e-18,-7.525827905186080890e-17,-4.451208700190425328e-10
1.435655245214406386e+04,1.655766100762834014e+01,1.000000278618639493e+00,1.000000557237356480e+00,2.000000998947312498e-03,1.000000278153452937e+00,1.000000556741137636e+00,1.996661762946000482e-03,1.000000278161200296e+00,1.000000556751429182e+00,1.996717931660441352e-03,1.000000278618661032e+00,1.000000557236921050e+00,2.000001709967030861e-03,-5.901609057364420767e-23,-3.067067514432219614e-18,-7.358169184001098233e-17,-4.341544912408691872e-10
1.438270282090935325e+04,1.658782068159487721e+01,1.000000278111941920e+00,1.000000556223961112e+00,2.000000149308487490e-03,1.000000277658612546e+00,1.000000555740839570e+00,1.996740100870289438e-03,1.000000277662040915e+00,1.000000555745104824e+00,1.996765310338803005e-03,1.000000278111595309e+00,1.000000556223114456e+00,1.999998213729139648e-03,-5.585376794011567668e-23,-8.284190930104659438e-19,-7.195187303728601227e-17,-4.235372090686502554e-10
1.440885318967464445e+04,1.661798035556141429e+01,1.000000277606970300e+00,1.000000555214017650e+00,1.999998484646574835e-03,1.000000277165177254e+00,1.000000554743577963e+00,1.996815620672007588e-03,1.000000277177316432e+00,1.000000554759527871e+00,1.996903630064543900e-03,1.000000277607480781e+00,1.000000555214468623e+00,2.000002717361840793e-03,-5.285169233414391997e-23,1.128056690698033490e-18,-7.035262618976914586e-17,-4.131468457724623798e-10
1.443500355843993384e+04,1.664814002952795136e+01,1.000000277104398982e+00,1.000000554208874348e+00,2.000000938183236435e-03,1.000000276673050914e+00,1.000000553749143872e+00,1.996887685136188809e-03,1.000000276688999934e+00,1.000000553770359124e+00,1.997003349618549188e-03,1.000000277104860613e+00,1.000000554209034664e+00,2.000004823862739419e-03,-5.005670633579453183e-23,2.408448379822669851e-18,-6.878159610467711784e-17,-4.029654574950602167e-10
1.446115392720522141e+04,1.667829970349448487e+01,1.000000276603201232e+00,1.000000553206478848e+00,2.000000181791770047e-03,1.000000276182575920e+00,1.000000552758270933e+00,1.996958819703433669e-03,1.000000276197091642e+00,1.000000552777598362e+00,1.997064328107094663e-03,1.000000276603731253e+00,1.000000553206801035e+00,2.000004567506374464e-03,-4.737389739087588138e-23,3.404106326178986334e-18,-6.724565215429959520e-17,-3.930430474503603216e-10
1.448730429597051261e+04,1.670845937746102194e+01,1.000000276103666819e+00,1.000000552207409799e+00,1.999998366727191810e-03,1.000000275693929241e+00,1.000000551771333512e+00,1.997030371854406541e-03,1.000000275701591335e+00,1.000000551781245806e+00,1.997086424636456119e-03,1.000000276104089592e+00,1.000000552207756854e+00,2.000001982078745532e-03,-4.482445433141807854e-23,4.094146791179440916e-18,-6.574764274282217324e-17,-3.833991009220786623e-10
1.451345466473580382e+04,1.673861905142755901e+01,1.000000275606528488e+00,1.000000551213132693e+00,2.000000877188349777e-03,1.000000275206581302e+00,1.000000550787187414e+00,1.997098571120032445e-03,1.000000275209410816e+00,1.000000550790618448e+00,1.997119653444239581e-03,1.000000275606011568e+00,1.000000551211996935e+00,1.999997676624719681e-03,-4.245355380595319885e-23,4.558933792781340287e-18,-6.427611699239765401e-17,-3.739487881862500903e-10
1.453960503350109138e+04,1.676877872539409253e+01,1.000000275110741521e+00,1.000000550221558759e+00,2.000000210645960352e-03,1.000000274720530991e+00,1.000000549805827976e+00,1.997163458763094937e-03,1.000000274732468775e+00,1.000000549821763673e+00,1.997250792854282121e-03,1.000000275110955128e+00,1.000000550221458839e+00,2.000002314673038351e-03,-4.017776410227920439e-23,4.983739374339247090e-18,-6.283083455413238966e-17,-3.646900010804578454e-10
1.456575540226638077e+04,1.679893839936062960e+01,1.000000274616556828e+00,1.000000549233188929e+00,1.999998249070554773e-03,1.000000274236549247e+00,1.000000548828901881e+00,1.997230701950058855e-03,1.000000274252027310e+00,1.000000548849409476e+00,1.997343974832987284e-03,1.000000274617353080e+00,1.000000549234046465e+00,2.000004596536335624e-03,-3.801291053342529240e-23,5.389302655843701770e-18,-6.142646607133963465e-17,-3.557283061101186907e-10
1.459190577103167197e+04,1.682909807332716667e+01,1.000000274124763777e+00,1.000000548249602828e+00,2.000000812892440468e-03,1.000000273753943958e+00,1.000000547854921429e+00,1.997295330581873134e-03,1.000000273768086645e+00,1.000000547873556078e+00,1.997399062117044977e-03,1.000000274125201649e+00,1.000000548249748711e+00,2.000004555598093679e-03,-3.600194296793480612e-23,5.944790393397719297e-18,-6.004868938520967090e-17,-3.469586755747726016e-10
1.461805613979696136e+04,1.685925774729370374e+01,1.000000273634300552e+00,1.000000547268676154e+00,2.000000236691232627e-03,1.000000273272625195e+00,1.000000546883691888e+00,1.997356742171086351e-03,1.000000273280646557e+00,1.000000546894203479e+00,1.997415917443143372e-03,1.000000273634497727e+00,1.000000547268554696e+00,2.000002224770209679e-03,-3.407160927357776896e-23,6.656772001703712761e-18,-5.869552972672254731e-17,-3.383664767861684792e-10
1.464420650856224893e+04,1.688941742126023726e+01,1.000000273145380314e+00,1.000000546290835013e+00,1.999998131808763350e-03,1.000000272792933353e+00,1.000000545915936012e+00,1.997417480398118884e-03,1.000000272795386946e+00,1.000000545919000450e+00,1.997435991307348804e-03,1.000000273145237983e+00,1.000000546290453762e+00,1.999997636500360984e-03,-3.223350427688426881e-23,7.570064754300953765e-18,-5.737304842037786210e-17,-3.299946897099451072e-10
1.467035687732754013e+04,1.691957709522677433e+01,1.000000272658847056e+00,1.000000545317768497e+00,2.000000750408174009e-03,1.000000272315032968e+00,1.000000544951998416e+00,1.997478814349426448e-03,1.000000272326123207e+00,1.000000544966533900e+00,1.997560706729481581e-03,1.000000272658930323e+00,1.000000545317450085e+00,2.000001906324165839e-03,-3.052799590788757580e-23,8.701484054667063475e-18,-5.608355277551210429e-17,-3.218586542271834741e-10
1.469650724609283134e+04,1.694973676919331140e+01,1.000000272173622085e+00,1.000000544347318332e+00,2.000000260428402409e-03,1.000000271838407784e+00,1.000000543990776203e+00,1.997537021544152497e-03,1.000000271853449529e+00,1.000000544010657189e+00,1.997648095971324075e-03,1.000000272174105476e+00,1.000000544347579012e+00,2.000004357102974032e-03,-2.889084184078655580e-23,9.731504650133033369e-18,-5.481713414821623401e-17,-3.138869323175158639e-10
1.472265761485812072e+04,1.697989644315984847e+01,1.000000271689882370e+00,1.000000543379838236e+00,1.999998014288580962e-03,1.000000271363056248e+00,1.000000543032263600e+00,1.997592141378275697e-03,1.000000271377366357e+00,1.000000543051371205e+00,1.997698025288627971e-03,1.000000271690692832e+00,1.000000543380739737e+00,2.000004524127736109e-03,-2.733032047414582352e-23,1.059755885547331253e-17,-5.357357913218216417e-17,-3.060777215294861819e-10
1.474880798362340829e+04,1.701005611712638199e+01,1.000000271208524971e+00,1.000000542417123439e+00,2.000000686347429887e-03,1.000000270889738418e+00,1.000000542078071319e+00,1.997649827158028482e-03,1.000000270897873689e+00,1.000000542088675726e+00,1.997710360937146254e-03,1.000000271208689062e+00,1.000000542416921823e+00,2.000002439466129576e-03,-2.588401935207606670e-23,1.098366715265168364e-17,-5.236572321901608585e-17,-2.985210383969874586e-10
1.477495835238869950e+04,1.704021579109291906e+01,1.000000270728454987e+00,1.000000541456983028e+00,2.000000282307476049e-03,1.000000270417766846e+00,1.000000541126733644e+00,1.997705080949220644e-03,1.000000270419469039e+00,1.000000541128622356e+00,1.997718196725275716e-03,1.000000270728091056e+00,1.000000541456115055e+00,1.999998134737516944e-03,-2.449565757215171636e-23,1.119370066669447497e-17,-5.118093744820208440e-17,-2.911267218318534797e-10
1.480110872115399070e+04,1.707037546505945613e+01,1.000000270249813639e+00,1.000000540499700330e+00,1.999997896138388208e-03,1.000000269947057152e+00,1.000000540178070274e+00,1.997757331944927887e-03,1.000000269957772359e+00,1.000000540192209852e+00,1.997837169687263510e-03,1.000000270250226642e+00,1.000000540500083801e+00,2.000001492802527033e-03,-2.317093230309132213e-23,1.122304440849698231e-17,-5.001757333650531502e-17,-2.838828745561625859e-10
1.482725908991928009e+04,1.710053513902599320e+01,1.000000269773549944e+00,1.000000539547172718e+00,2.000000620370524958e-03,1.000000269477946846e+00,1.000000539232792862e+00,1.997809130159063345e-03,1.000000269492753002e+00,1.000000539252474896e+00,1.997919436076271357e-03,1.000000269773947403e+00,1.000000539547290845e+00,2.000004106305027819e-03,-2.194457001733127542e-23,1.111494274791965786e-17,-4.888096521679454201e-17,-2.768263903557796474e-10
1.485340945868456765e+04,1.713069481299252672e+01,1.000000269298553235e+00,1.000000538597178856e+00,2.000000300496488411e-03,1.000000269010588028e+00,1.000000538291217822e+00,1.997861668754558756e-03,1.000000269024410970e+00,1.000000538309417042e+00,1.997964865558784445e-03,1.000000269299042621e+00,1.000000538597449529e+00,2.000004474126244013e-03,-2.076731420641866163e-23,1.100410761394466233e-17,-4.777296734973632611e-17,-2.699692591646258132e-10
1.487955982744985886e+04,1.716085448695906379e+01,1.000000268824930538e+00,1.000000537649933241e+00,1.999997780813080311e-03,1.000000268544478876e+00,1.000000537352281338e+00,1.997911282998134259e-03,1.000000268552746263e+00,1.000000537363036734e+00,1.997973327801287960e-03,1.000000268825509631e+00,1.000000537650550303e+00,2.000002627518246857e-03,-1.964287017843247663e-23,1.089994022167223067e-17,-4.668502808199133616e-17,-2.632513965458789237e-10
1.490571019621514824e+04,1.719101416092560086e+01,1.000000268353679944e+00,1.000000536707431831e+00,2.000000554663624100e-03,1.000000268079617616e+00,1.000000536415978525e+00,1.997958009497172345e-03,1.000000268081123744e+00,1.000000536417857466e+00,1.997969770318576335e-03,1.000000268353345323e+00,1.000000536706582732e+00,1.999998597300033445e-03,-1.860310959874721169e-23,1.094254654608899940e-17,-4.561695865680787510e-17,-2.566712636735285207e-10
1.493186056498043945e+04,1.722117383489213793e+01,1.000000267883676353e+00,1.000000535767424426e+00,2.000000316005779311e-03,1.000000267616752536e+00,1.000000535483882347e+00,1.998007482230810400e-03,1.000000267626878214e+00,1.000000535497167498e+00,1.998083614286833096e-03,1.000000267883706329e+00,1.000000535767083587e+00,2.000001074566031684e-03,-1.760496490646264835e-23,1.112120326306879144e-17,-4.457996164315511962e-17,-2.503055263374632219e-10
1.495801093374572702e+04,1.725133350885867145e+01,1.000000267414993482e+00,1.000000534830058685e+00,1.999997663440964378e-03,1.000000267155201294e+00,1.000000534554551068e+00,1.998054677078775834e-03,1.000000267169394164e+00,1.000000534573239008e+00,1.998161359548394130e-03,1.000000267415748434e+00,1.000000534830921550e+00,2.000003844843751145e-03,-1.665062025295345563e-23,1.144988638567410901e-17,-4.356293078727373123e-17,-2.440768885837571899e-10
1.498416130251101822e+04,1.728149318282520852e+01,1.000000266948677607e+00,1.000000533897426269e+00,2.000000488373165734e-03,1.000000266694885509e+00,1.000000533627817934e+00,1.998099058334729984e-03,1.000000266708671814e+00,1.000000533646072443e+00,1.998202879075202092e-03,1.000000266949129246e+00,1.000000533897634325e+00,2.000004406570333928e-03,-1.576916148013551092e-23,1.196938311929106331e-17,-4.256449606257401924e-17,-2.379757068838387409e-10
1.501031167127630761e+04,1.731165285679174559e+01,1.000000266483588751e+00,1.000000532967248335e+00,2.000000327944042623e-03,1.000000266236139135e+00,1.000000532704382605e+00,1.998143181678324262e-03,1.000000266244710945e+00,1.000000532715667134e+00,1.998208045839200506e-03,1.000000266483845879e+00,1.000000532967212141e+00,2.000002790209667522e-03,-1.492296675380487077e-23,1.240636058669970129e-17,-4.158934037455785386e-17,-2.320336096206645375e-10
1.503646204004159881e+04,1.734181253075828266e+01,1.000000266019769324e+00,1.000000532039608814e+00,1.999997549970849563e-03,1.000000265779102504e+00,1.000000531784535296e+00,1.998188162055383570e-03,1.000000265779791508e+00,1.000000531785086189e+00,1.998193873430650393e-03,1.000000266019895001e+00,1.000000532039645007e+00,1.999999025807151255e-03,-1.411307341446842372e-23,1.274589041188291813e-17,-4.063894096244126024e-17,-2.262598917780820125e-10
1.506261240880688638e+04,1.737197220472481618e+01,1.000000265558310453e+00,1.000000531116691294e+00,2.000000420192675401e-03,1.000000265323288229e+00,1.000000530867251047e+00,1.998230396695753648e-03,1.000000265332876559e+00,1.000000530879789018e+00,1.998303140020703684e-03,1.000000265558270707e+00,1.000000531116252755e+00,2.000000652045150987e-03,-1.336589425808227418e-23,1.273969076820771664e-17,-3.970593560875219601e-17,-2.206040800420235628e-10
1.508876277757217576e+04,1.740213187869135325e+01,1.000000265098059948e+00,1.000000530196189841e+00,2.000000339480202238e-03,1.000000264868694755e+00,1.000000529952524531e+00,1.998269921820684022e-03,1.000000264882805023e+00,1.000000529971335261e+00,1.998376903982187775e-03,1.000000265098418328e+00,1.000000530196290427e+00,2.000003573381851744e-03,-1.264859333404470007e-23,1.262366474148688733e-17,-3.879015795194929662e-17,-2.150648624995300103e-10
1.511491314633746697e+04,1.743229155265789032e+01,1.000000264639028025e+00,1.000000529278125994e+00,1.999997432424537470e-03,1.000000264416057272e+00,1.000000529041891850e+00,1.998312341480909440e-03,1.000000264429576458e+00,1.000000529059724474e+00,1.998415041490294187e-03,1.000000264639869574e+00,1.000000529279127859e+00,2.000004322385764022e-03,-1.196135745199829381e-23,1.239927964957045579e-17,-3.790136285917791490e-17,-2.097074590184981421e-10
1.514106351510275454e+04,1.746245122662442384e+01,1.000000264182351328e+00,1.000000528364772157e+00,2.000000351842343496e-03,1.000000263964700320e+00,1.000000528133935696e+00,1.998352618812235942e-03,1.000000263973191306e+00,1.000000528144956879e+00,1.998417428720213138e-03,1.000000264182621779e+00,1.000000528364756169e+00,2.000002928758863076e-03,-1.132806827171065253e-23,1.208944523616285398e-17,-3.702980779821720966e-17,-2.044656883975313037e-10
1.516721388386804574e+04,1.749261090059096091e+01,1.000000263726863903e+00,1.000000527453796861e+00,2.000000348806970762e-03,1.000000263514550625e+00,1.000000527228502634e+00,1.998390249199486629e-03,1.000000263514891241e+00,1.000000527228700031e+00,1.998393358493442181e-03,1.000000263726672056e+00,1.000000527453165811e+00,1.999999421798613099e-03,-1.072009098112798147e-23,1.179300693733274178e-17,-3.617435924060809260e-17,-1.993317589995460191e-10
1.519336425263333513e+04,1.752277057455749798e+01,1.000000263272565082e+00,1.000000526545199442e+00,1.999997463225372876e-03,1.000000263065938810e+00,1.000000526326279893e+00,1.998427789964115926e-03,1.000000263075183415e+00,1.000000526338469253e+00,1.998498543183150396e-03,1.000000263272859513e+00,1.000000526545470114e+00,2.000000225644704352e-03,-1.013737338527525823e-23,1.151132855471025140e-17,-3.533911854898879032e-17,-1.943327511669143275e-10
1.521951462139862633e+04,1.755293024852403505e+01,1.000000262820577079e+00,1.000000525641223437e+00,2.000000282333605755e-03,1.000000262618993663e+00,1.000000525427532150e+00,1.998466282300074767e-03,1.000000262632397829e+00,1.000000525445160937e+00,1.998568809531006078e-03,1.000000262820903707e+00,1.000000525641290272e+00,2.000003292545861431e-03,-9.600290793455103541e-24,1.135752774483302865e-17,-3.452525116232675882e-17,-1.894758023303098345e-10
1.524566499016391390e+04,1.758308992249056857e+01,1.000000262369779014e+00,1.000000524739627084e+00,2.000000352485418933e-03,1.000000262173242893e+00,1.000000524531272861e+00,1.998502191404308292e-03,1.000000262186534705e+00,1.000000524548774861e+00,1.998604036816294550e-03,1.000000262370217774e+00,1.000000524739838248e+00,2.000004222450339937e-03,-9.085027211711548106e-24,1.131660252525376397e-17,-3.372643373601336325e-17,-1.847185633971113052e-10
1.527181535892920510e+04,1.761324959645710564e+01,1.000000261920151567e+00,1.000000523840371525e+00,1.999997572847197948e-03,1.000000261728684059e+00,1.000000523637496475e+00,1.998535545476319564e-03,1.000000261737594043e+00,1.000000523649311468e+00,1.998604104318305475e-03,1.000000261920799494e+00,1.000000523841105604e+00,2.000003044323389340e-03,-8.591163618606458960e-24,1.138538952021464469e-17,-3.294252012869956406e-17,-1.800599174219941967e-10
1.529796572769449449e+04,1.764340927042364271e+01,1.000000261472769658e+00,1.000000522945607928e+00,2.000000211365972509e-03,1.000000261286039471e+00,1.000000522747702458e+00,1.998571916215659532e-03,1.000000261285824976e+00,1.000000522747104714e+00,1.998570797004088455e-03,1.000000261472645757e+00,1.000000522945082793e+00,1.999999786739153993e-03,-8.135533609571875900e-24,1.160581716967789755e-17,-3.218198604485988284e-17,-1.755552851341211822e-10
1.532411609645978569e+04,1.767356894439017978e+01,1.000000261026589232e+00,1.000000522053246632e+00,2.000000356523873399e-03,1.000000260844641220e+00,1.000000521860498370e+00,1.998606261143202542e-03,1.000000260853197931e+00,1.000000521871617698e+00,1.998672344380289859e-03,1.000000261026447790e+00,1.000000522052686414e+00,1.999999795745501310e-03,-7.698887534758434539e-24,1.176040035763531858e-17,-3.143630562053439881e-17,-1.711480725984878400e-10
1.535026646522507326e+04,1.770372861835671330e+01,1.000000260581561218e+00,1.000000521163190159e+00,1.999997678816704556e-03,1.000000260404421581e+00,1.000000520975742990e+00,1.998638109359492879e-03,1.000000260417569953e+00,1.000000520993129971e+00,1.998739545944887633e-03,1.000000260582186939e+00,1.000000521163886491e+00,2.000003002928320978e-03,-7.280369104059502054e-24,1.184773317871631464e-17,-3.070454525887156525e-17,-1.668320056873727891e-10
1.537641683399036265e+04,1.773388829232325037e+01,1.000000260138715680e+00,1.000000520277498639e+00,2.000000142802249668e-03,1.000000259965706961e+00,1.000000520094111778e+00,1.998670016570314699e-03,1.000000259978941264e+00,1.000000520111641533e+00,1.998772283985156360e-03,1.000000260139163544e+00,1.000000520277744886e+00,2.000004107596712460e-03,-6.893873606795277288e-24,1.169972225189532900e-17,-2.999028896911490357e-17,-1.626302423844257102e-10
1.540256720275565385e+04,1.776404796628978744e+01,1.000000259697081839e+00,1.000000519394230958e+00,2.000000358699877134e-03,1.000000259528614599e+00,1.000000519215844985e+00,1.998702944705878833e-03,1.000000259537311420e+00,1.000000519227151718e+00,1.998770440788368886e-03,1.000000259697375382e+00,1.000000519394253384e+00,2.000003138003353300e-03,-6.523883342574657244e-24,1.147457506469610568e-17,-2.929444597161960668e-17,-1.585482018419538772e-10
1.542871757152094506e+04,1.779420764025632451e+01,1.000000259256582869e+00,1.000000518513233017e+00,1.999997779656126004e-03,1.000000259092687749e+00,1.000000518339992706e+00,1.998733433899539929e-03,1.000000259092680865e+00,1.000000518339661415e+00,1.998733898641800229e-03,1.000000259256819346e+00,1.000000518513402881e+00,2.000000122022671523e-03,-6.169246666596521355e-24,1.118141206233930161e-17,-2.861159730298661118e-17,-1.545503926438152135e-10
1.545486794028623262e+04,1.782436731422285803e+01,1.000000258818204868e+00,1.000000517636476793e+00,2.000000071063797250e-03,1.000000258657923968e+00,1.000000517466550498e+00,1.998761510994971104e-03,1.000000258666307706e+00,1.000000517477662720e+00,1.998826813824993061e-03,1.000000258818046328e+00,1.000000517635922570e+00,1.999999362705848997e-03,-5.841422849114404350e-24,1.083889399372549435e-17,-2.794161497786370910e-17,-1.506358650804300736e-10
1.548101830905152201e+04,1.785452698818939510e+01,1.000000258381049001e+00,1.000000516762164615e+00,2.000000358666489345e-03,1.000000258225031136e+00,1.000000516596980527e+00,1.998792700951913803e-03,1.000000258237707218e+00,1.000000516613674950e+00,1.998891337423895284e-03,1.000000258381285478e+00,1.000000516762113101e+00,2.000002705089813648e-03,-5.527939151741746328e-24,1.051290892243545252e-17,-2.729184799983538646e-17,-1.468516619269830147e-10
1.550716867781681322e+04,1.788468666215593217e+01,1.000000257945010462e+00,1.000000515890087316e+00,1.999997877788243887e-03,1.000000257793349778e+00,1.000000515729915440e+00,1.998821963883865536e-03,1.000000257806180182e+00,1.000000515746760854e+00,1.998921961255173841e-03,1.000000257945730775e+00,1.000000515890895114e+00,2.000003978614980915e-03,-5.227457697864449843e-24,1.020642329491551171e-17,-2.665485213586552617e-17,-1.431494462838166233e-10
1.553331904658210260e+04,1.791484633612246924e+01,1.000000257511032720e+00,1.000000515022131609e+00,1.999999999847934182e-03,1.000000257362817946e+00,1.000000514865226453e+00,1.998848866163605367e-03,1.000000257371726375e+00,1.000000514876919766e+00,1.998918570520988227e-03,1.000000257511379775e+00,1.000000515022260172e+00,2.000003210844635351e-03,-4.949419640503944983e-24,9.996697265157386367e-18,-2.602986204243136797e-17,-1.395241840356111190e-10
1.555946941534739017e+04,1.794500601008900276e+01,1.000000257078286658e+00,1.000000514156639486e+00,2.000000355390144438e-03,1.000000256933757381e+00,1.000000514003576368e+00,1.998875955954209239e-03,1.000000256934346243e+00,1.000000514004152574e+00,1.998881050423497504e-03,1.000000257078230037e+00,1.000000514156199838e+00,2.000000428976137206e-03,-4.683832209832858373e-24,9.882067686881638841e-18,-2.542000296681524600e-17,-1.359956554465950725e-10
1.558561978411268137e+04,1.797516568405553983e+01,1.000000256646641272e+00,1.000000513293348270e+00,1.999997971820938279e-03,1.000000256506274443e+00,1.000000513145182790e+00,1.998904119805278677e-03,1.000000256513891905e+00,1.000000513155053339e+00,1.998963994557372090e-03,1.000000256646697894e+00,1.000000513293264559e+00,1.999998926862952935e-03,-4.429254260377228561e-24,9.848877720734002779e-18,-2.482597498926098548e-17,-1.325679190772361365e-10
1.561177015287797258e+04,1.800532535802207690e+01,1.000000256216997840e+00,1.000000512434061184e+00,1.999999927595602026e-03,1.000000256079927485e+00,1.000000512289132004e+00,1.998929972156567904e-03,1.000000256092187678e+00,1.000000512305250000e+00,1.999026185426830242e-03,1.000000256217248973e+00,1.000000512434070066e+00,2.000002399560838265e-03,-4.193456333947465021e-24,9.925332707619219457e-18,-2.424314402456621342e-17,-1.292112642029552434e-10
1.563792052164326014e+04,1.803548503198861042e+01,1.000000255788595416e+00,1.000000511577256113e+00,2.000000351428627126e-03,1.000000255654714287e+00,1.000000511435418904e+00,1.998953540205948478e-03,1.000000255667628624e+00,1.000000511452592056e+00,1.999055028603339331e-03,1.000000255788975778e+00,1.000000511577401996e+00,2.000003836255110929e-03,-3.968461522591953510e-24,9.952117419632486784e-18,-2.367139830846323814e-17,-1.259248843295621121e-10
1.566407089040854953e+04,1.806564470595514749e+01,1.000000255361277013e+00,1.000000510722618863e+00,1.999998062482931816e-03,1.000000255231328072e+00,1.000000510585470126e+00,1.998980297774891578e-03,1.000000255240215186e+00,1.000000510597079506e+00,1.999050412113810137e-03,1.000000255361875867e+00,1.000000510723252134e+00,2.000003263841900348e-03,-3.752787596204112609e-24,9.928210700647182183e-18,-2.311709734246898132e-17,-1.227486686931729035e-10
1.569022125917384074e+04,1.809580437992168456e+01,1.000000254935903277e+00,1.000000509871871168e+00,1.999999855134233957e-03,1.000000254809118472e+00,1.000000509737943410e+00,1.999005214313823945e-03,1.000000254809947142e+00,1.000000509738712573e+00,1.999012223985152572e-03,1.000000254935947241e+00,1.000000509871612486e+00,2.000000708863245054e-03,-3.552823285907642749e-24,9.748364108869867999e-18,-2.257375530431698980e-17,-1.196413812593455520e-10
1.571637162793913194e+04,1.812596405388822163e+01,1.000000254511779429e+00,1.000000509023623252e+00,2.000000345971923461e-03,1.000000254388028864e+00,1.000000508892721518e+00,1.999027891034814517e-03,1.000000254395323696e+00,1.000000508902261220e+00,1.999085723727996641e-03,1.000000254511478337e+00,1.000000509022863637e+00,1.999998488534201167e-03,-3.362226804236615256e-24,9.510712299511160249e-18,-2.204074781530300537e-17,-1.165989982477022781e-10
1.574252199670441769e+04,1.815612372785475515e+01,1.000000254088722951e+00,1.000000508177510516e+00,1.999998146481911029e-03,1.000000253968376107e+00,1.000000508050455483e+00,1.999050865939479456e-03,1.000000253980383835e+00,1.000000508066331895e+00,1.999145889571499711e-03,1.000000254089159046e+00,1.000000508177920189e+00,2.000002086843563880e-03,-3.179520599346588488e-24,9.230080599953665030e-18,-2.152079454885585752e-17,-1.136383953988892442e-10
1.576867236546970889e+04,1.818628340182129222e+01,1.000000253667555628e+00,1.000000507335175648e+00,1.999999779524265150e-03,1.000000253550256790e+00,1.000000507211340262e+00,1.999074956932407002e-03,1.000000253562659092e+00,1.000000507227617463e+00,1.999173248238516904e-03,1.000000253667986172e+00,1.000000507335440547e+00,2.000003681229195213e-03,-3.009951453436040478e-24,8.920630170662711466e-18,-2.101442607819932324e-17,-1.107625607618403931e-10
1.579482273423500010e+04,1.821644307578782929e+01,1.000000253247646631e+00,1.000000506495357211e+00,2.000000336415796737e-03,1.000000253133243255e+00,1.000000506374497222e+00,1.999096846773198120e-03,1.000000253142149687e+00,1.000000506386118593e+00,1.999167690493496193e-03,1.000000253247957493e+00,1.000000506495416497e+00,2.000003297941420864e-03,-2.848500786432022494e-24,8.627497323571155505e-18,-2.051768752124007888e-17,-1.079466500255417519e-10
1.582097310300028948e+04,1.824660274975436636e+01,1.000000252828789016e+00,1.000000505657642202e+00,1.999998229474906318e-03,1.000000252717333948e+00,1.000000505539922147e+00,1.999116566541401900e-03,1.000000252718855398e+00,1.000000505541834617e+00,1.999129107100884248e-03,1.000000252829070568e+00,1.000000505657840266e+00,2.000000962887829841e-03,-2.693728586403234262e-24,8.353894032302544183e-18,-2.003048154046048826e-17,-1.051899791497356867e-10
1.584712347176557705e+04,1.827676242372089987e+01,1.000000252411765933e+00,1.000000504823595815e+00,1.999999705290448574e-03,1.000000252303207660e+00,1.000000504709005034e+00,1.999139537988267688e-03,1.000000252309973581e+00,1.000000504717783345e+00,1.999193652076622103e-03,1.000000252411493040e+00,1.000000504822930791e+00,1.999998048018366854e-03,-2.549938767675912449e-24,8.151078144750889782e-18,-1.955830101113234313e-17,-1.025263370062022574e-10
1.587327384053086826e+04,1.830692209768743695e+01,1.000000251996009171e+00,1.000000503992081846e+00,2.000000326129496280e-03,1.000000251890222902e+00,1.000000503880429825e+00,1.999160739805343982e-03,1.000000251901666415e+00,1.000000503895422721e+00,1.999252066758129814e-03,1.000000251996127298e+00,1.000000503991886891e+00,2.000001767413460418e-03,-2.413180818810890026e-24,8.026442855335819592e-18,-1.909550672756725564e-17,-9.992058543248471169e-11
1.589942420929615946e+04,1.833708177165397402e+01,1.000000251581288246e+00,1.000000503162639776e+00,1.999998309396237156e-03,1.000000251478328606e+00,1.000000503054089940e+00,1.999179809893375254e-03,1.000000251490642311e+00,1.000000503070345159e+00,1.999278203365860342e-03,1.000000251581879773e+00,1.000000503163245957e+00,2.000003514213565155e-03,-2.282075064313223321e-24,7.961162293537543814e-18,-1.864159189196985809e-17,-9.736952139155832185e-11
1.592557457806144885e+04,1.836724144562051109e+01,1.000000251168348786e+00,1.000000502336760411e+00,1.999999632981502851e-03,1.000000251067836743e+00,1.000000502230624200e+00,1.999199276962048896e-03,1.000000251076900826e+00,1.000000502242550438e+00,1.999271955317441854e-03,1.000000251168748022e+00,1.000000502337000219e+00,2.000003314043704433e-03,-2.160147663580737621e-24,7.973360269031616804e-18,-1.819891864396722047e-17,-9.488752647755089825e-11
1.595172494682673641e+04,1.839740111958704460e+01,1.000000250756682751e+00,1.000000501513428341e+00,2.000000314722531931e-03,1.000000250658833467e+00,1.000000501410206688e+00,1.999219882288385576e-03,1.000000250660442402e+00,1.000000501412038556e+00,1.999233216030502514e-03,1.000000250756729825e+00,1.000000501513142126e+00,2.000001192197073310e-03,-2.044307819861872221e-24,7.947671175201979538e-18,-1.776788121454735172e-17,-9.247675248310114877e-11
1.597787531559202762e+04,1.842756079355358168e+01,1.000000250346037456e+00,1.000000500692137750e+00,1.999998384984431280e-03,1.000000250250906886e+00,1.000000500591992747e+00,1.999238393677597436e-03,1.000000250257211620e+00,1.000000500600142450e+00,1.999289261734130477e-03,1.000000250345877140e+00,1.000000500691736516e+00,1.999997605596723696e-03,-1.933251203864544679e-24,7.883288648180261543e-18,-1.734511088680533286e-17,-9.011644659632358793e-11
1.600402568435731700e+04,1.845772046752011875e+01,1.000000249937121666e+00,1.000000499874305726e+00,1.999999557136368858e-03,1.000000249844055000e+00,1.000000499775977936e+00,1.999254837372378690e-03,1.000000249855406143e+00,1.000000499791051878e+00,1.999346168642425047e-03,1.000000249937294639e+00,1.000000499874251769e+00,2.000001441720820027e-03,-1.829863053135435195e-24,7.715050058556161635e-18,-1.693052310134937675e-17,-8.780602932236190740e-11
1.603017605312260821e+04,1.848788014148665582e+01,1.000000249529486629e+00,1.000000499059035430e+00,2.000000301345696702e-03,1.000000249438941058e+00,1.000000498963518503e+00,1.999274571513241783e-03,1.000000249450949008e+00,1.000000498979309649e+00,1.999371315327683023e-03,1.000000249529803042e+00,1.000000499059111592e+00,2.000003335850762329e-03,-1.731742442457459068e-24,7.503271682469641068e-18,-1.652885368303190349e-17,-8.557409363807410840e-11
1.605632642188789578e+04,1.851803981545318933e+01,1.000000249122857232e+00,1.000000498245776193e+00,1.999998459196473174e-03,1.000000249034934674e+00,1.000000498153322370e+00,1.999292602549938500e-03,1.000000249043840439e+00,1.000000498164915763e+00,1.999364597779157340e-03,1.000000249123399687e+00,1.000000498246307767e+00,2.000003313005971166e-03,-1.637669435941587922e-24,7.264357813973605578e-18,-1.613520912984242558e-17,-8.339073071254051776e-11
1.608247679065318698e+04,1.854819948941972640e+01,1.000000248717906493e+00,1.000000497435874935e+00,1.999999482027214719e-03,1.000000248631989219e+00,1.000000497345294059e+00,1.999308600750366108e-03,1.000000248634080213e+00,1.000000497347870443e+00,1.999325911986101368e-03,1.000000248718083018e+00,1.000000497435833857e+00,2.000001397884513046e-03,-1.550001650974783722e-24,7.008296483564489103e-18,-1.574918028789082753e-17,-8.125340217081270909e-11
1.610862715941847637e+04,1.857835916338626348e+01,1.000000248314243390e+00,1.000000496628548508e+00,2.000000286282058431e-03,1.000000248230411781e+00,1.000000496540059736e+00,1.999325080220743390e-03,1.000000248236409206e+00,1.000000496547888806e+00,1.999373882469942208e-03,1.000000248313850149e+00,1.000000496627681867e+00,1.999997614867661880e-03,-1.466889852997734278e-24,6.766950883438981467e-18,-1.537281495621216691e-17,-7.917435073737663801e-11
1.613477752818376757e+04,1.860851883735280055e+01,1.000000247911571050e+00,1.000000495823203828e+00,1.999998526578563099e-03,1.000000247830278965e+00,1.000000495737774386e+00,1.999342712627737943e-03,1.000000247840975076e+00,1.000000495751774965e+00,1.999429497579181467e-03,1.000000247911829732e+00,1.000000495823352153e+00,2.000001110192175646e-03,-1.387203038920136446e-24,6.543158550448830680e-18,-1.500639861048804529e-17,-7.715508026998682606e-11
1.616092789694905514e+04,1.863867851131933406e+01,1.000000247510528517e+00,1.000000495021118097e+00,1.999999407344842019e-03,1.000000247431193090e+00,1.000000494937625772e+00,1.999358341183300487e-03,1.000000247442952794e+00,1.000000494953073193e+00,1.999453859240349438e-03,1.000000247510929974e+00,1.000000495021385216e+00,2.000003146751390751e-03,-1.312864939236881416e-24,6.369978701073175697e-18,-1.464706711476204426e-17,-7.517827367078661844e-11
1.618707826571434452e+04,1.866883818528587113e+01,1.000000247110779394e+00,1.000000494221619851e+00,2.000000268969834728e-03,1.000000247033152601e+00,1.000000494139609675e+00,1.999371993475794040e-03,1.000000247042342361e+00,1.000000494151783048e+00,1.999446865935498429e-03,1.000000247111092255e+00,1.000000494221698233e+00,2.000003295644467004e-03,-1.242465826508205118e-24,6.259929147329084577e-18,-1.429474718462203731e-17,-7.324344057232687891e-11
1.621322863447963573e+04,1.869899785925240820e+01,1.000000246712006824e+00,1.000000493424074710e+00,1.999998593545484690e-03,1.000000246636806311e+00,1.000000493345047925e+00,1.999388971994320047e-03,1.000000246639143997e+00,1.000000493347904973e+00,1.999408416146682046e-03,1.000000246712314578e+00,1.000000493424284542e+00,2.000001580992859240e-03,-1.174964817001769662e-24,6.192542503368459982e-18,-1.395351492300926118e-17,-7.137475365167930979e-11
1.623937900324492330e+04,1.872915753321894172e+01,1.000000246314815877e+00,1.000000492629692150e+00,1.999999332370690133e-03,1.000000246241533386e+00,1.000000492552674203e+00,1.999404301296350914e-03,1.000000246246941504e+00,1.000000492559601328e+00,1.999448706501260296e-03,1.000000246314594499e+00,1.000000492629136817e+00,1.999998026611117183e-03,-1.111929225981486195e-24,6.178985896496331571e-18,-1.361913186630776264e-17,-6.954678259993531727e-11
1.626552937201021450e+04,1.875931720718547879e+01,1.000000245918924335e+00,1.000000491837909067e+00,2.000000251364380307e-03,1.000000245847292080e+00,1.000000491762402355e+00,1.999417683987903937e-03,1.000000245857749270e+00,1.000000491776177114e+00,1.999503221151502624e-03,1.000000245918927888e+00,1.000000491837578664e+00,2.000000773231639349e-03,-1.052297964526759056e-24,6.136298241325541361e-18,-1.329126958818330757e-17,-6.775752556011274366e-11
1.629167974077550389e+04,1.878947688115201586e+01,1.000000245523995135e+00,1.000000491048050666e+00,1.999998657633810049e-03,1.000000245454384595e+00,1.000000490974846556e+00,1.999431621325305306e-03,1.000000245466030613e+00,1.000000490990226476e+00,1.999526978240851339e-03,1.000000245524461429e+00,1.000000491048468110e+00,2.000002947495851165e-03,-9.951190139392383305e-25,6.063912533400101686e-18,-1.297170022102680485e-17,-6.601739344613321624e-11
1.631783010954079509e+04,1.881963655511855293e+01,1.000000245130600263e+00,1.000000490261260477e+00,1.999999254818431681e-03,1.000000245062877990e+00,1.000000490190143365e+00,1.999446714551954274e-03,1.000000245071785310e+00,1.000000490201749193e+00,1.999519878667997252e-03,1.000000245131031473e+00,1.000000490261583108e+00,2.000003262736641235e-03,-9.416672426334964092e-25,5.922185637999420313e-18,-1.266062329081918083e-17,-6.432739284383490479e-11
1.634398047830608266e+04,1.884979622908508645e+01,1.000000244738510791e+00,1.000000489477081311e+00,2.000000231398563980e-03,1.000000244672389460e+00,1.000000489407512072e+00,1.999459889437304495e-03,1.000000244675013583e+00,1.000000489410745486e+00,1.999481823331633341e-03,1.000000244738635802e+00,1.000000489476916776e+00,2.000001742516656182e-03,-8.911567798044766137e-25,5.747555356441037409e-18,-1.235560796689450137e-17,-6.267308822169713573e-11
1.637013084707137386e+04,1.887995590305162352e+01,1.000000244347369671e+00,1.000000488694798850e+00,1.999998717933362292e-03,1.000000244282917450e+00,1.000000488626948680e+00,1.999471173193745430e-03,1.000000244288188123e+00,1.000000488633887352e+00,1.999514801974506314e-03,1.000000244347272416e+00,1.000000488694461787e+00,1.999998410101142942e-03,-8.427214919200992011e-25,5.555879978525105717e-18,-1.205659087882436211e-17,-6.105406509016307382e-11
1.639628121583666507e+04,1.891011557701816059e+01,1.000000243957716917e+00,1.000000487915493341e+00,1.999999177814891418e-03,1.000000243895095675e+00,1.000000487849741493e+00,1.999485800071822226e-03,1.000000243905109887e+00,1.000000487862871879e+00,1.999568385394597924e-03,1.000000243957810397e+00,1.000000487915373437e+00,2.000000431222140503e-03,-7.973965655592676440e-25,5.353832985258363708e-18,-1.176707454304842665e-17,-5.949073994949252649e-11
1.642243158460195264e+04,1.894027525098469766e+01,1.000000243569374891e+00,1.000000487138809069e+00,2.000000210820156946e-03,1.000000243508313957e+00,1.000000487074648836e+00,1.999498826313890736e-03,1.000000243519564735e+00,1.000000487089389489e+00,1.999591696450669920e-03,1.000000243569623359e+00,1.000000487138812622e+00,2.000002738635964748e-03,-7.546121856684708449e-25,5.164391931220314775e-18,-1.148339442271575825e-17,-5.796151305462982563e-11
1.644858195336724020e+04,1.897043492495123118e+01,1.000000243181967674e+00,1.000000486363994190e+00,1.999998775762228120e-03,1.000000243122535215e+00,1.000000486301594327e+00,1.999509986839408376e-03,1.000000243131553113e+00,1.000000486313440629e+00,1.999584638384481125e-03,1.000000243182448179e+00,1.000000486364424512e+00,2.000003215023189122e-03,-7.135839552261006341e-25,4.989867316173564030e-18,-1.120528853160954884e-17,-5.646481415054738028e-11
1.647473232213253141e+04,1.900059459891776825e+01,1.000000242796003969e+00,1.000000485592066557e+00,1.999999101516846279e-03,1.000000242738056100e+00,1.000000485531180594e+00,1.999521763703899363e-03,1.000000242741074574e+00,1.000000485535024852e+00,1.999547114437788195e-03,1.000000242796282635e+00,1.000000485592202004e+00,2.000001883404775062e-03,-6.751508575128095249e-25,4.850926094165027169e-18,-1.093428782814578449e-17,-5.500948729778151185e-11
1.650088269089782261e+04,1.903075427288430532e+01,1.000000242411355877e+00,1.000000484822770375e+00,2.000000188582528541e-03,1.000000242354935454e+00,1.000000484763525765e+00,1.999534695184551712e-03,1.000000242359534663e+00,1.000000484769383746e+00,1.999573125223179197e-03,1.000000242411124729e+00,1.000000484822138436e+00,1.999998766513418503e-03,-6.389115999474261299e-25,4.762273333299285071e-18,-1.067052462640539660e-17,-5.359616171418726415e-11
1.652703305966311382e+04,1.906091394685084239e+01,1.000000242027629049e+00,1.000000484055316941e+00,1.999998828919726922e-03,1.000000241972804238e+00,1.000000483997879996e+00,1.999545784102264596e-03,1.000000241982444082e+00,1.000000484010502344e+00,1.999625926817043785e-03,1.000000242027722308e+00,1.000000484055227457e+00,2.000000084526599303e-03,-6.041586336156423693e-25,4.703945369294350938e-18,-1.041193934445928846e-17,-5.221281584146343962e-11
1.655318342842840138e+04,1.909107362081737591e+01,1.000000241645302435e+00,1.000000483290663045e+00,1.999999024574275041e-03,1.000000241591660899e+00,1.000000483234239290e+00,1.999555055484711959e-03,1.000000241602944762e+00,1.000000483249212202e+00,1.999648930758402346e-03,1.000000241645666366e+00,1.000000483290919728e+00,2.000002520696503132e-03,-5.715705271567854826e-25,4.682522029705442902e-18,-1.015847730102679997e-17,-5.085909970183140360e-11
1.657933379719369259e+04,1.912123329478391298e+01,1.000000241264295875e+00,1.000000482528649925e+00,2.000000165070362802e-03,1.000000241212124497e+00,1.000000482473859309e+00,1.999567681722378473e-03,1.000000241221036701e+00,1.000000482485513320e+00,1.999642042561021807e-03,1.000000241264598078e+00,1.000000482528732970e+00,2.000003153209975286e-03,-5.408764426596541737e-25,4.638583941097450471e-18,-9.913143398769246761e-18,-4.955224149958178039e-11
1.660548416595898016e+04,1.915139296875045005e+01,1.000000240884197478e+00,1.000000481768453131e+00,1.999998881426891337e-03,1.000000240833595733e+00,1.000000481715523248e+00,1.999578749110861135e-03,1.000000240836719678e+00,1.000000481719405476e+00,1.999605167738666492e-03,1.000000240884515668e+00,1.000000481768660965e+00,2.000002004562759315e-03,-5.114403777932594862e-25,4.571830325136702503e-18,-9.672774745627235634e-18,-4.827391375107758125e-11
1.663163453472427136e+04,1.918155264271698712e+01,1.000000240505456439e+00,1.000000481010970610e+00,1.999998946542975737e-03,1.000000240456041523e+00,1.000000480959163607e+00,1.999588021126222793e-03,1.000000240460374279e+00,1.000000480964757354e+00,1.999624531900193354e-03,1.000000240505416693e+00,1.000000481010696607e+00,1.999999096971127443e-03,-4.838099142578964030e-25,4.458766686583868735e-18,-9.437163783689446377e-18,-4.702289214822150373e-11
1.665778490348955893e+04,1.921171231668352064e+01,1.000000240128040119e+00,1.000000480256137525e+00,2.000000140881733838e-03,1.000000240079753411e+00,1.000000480205371023e+00,1.999597966084241344e-03,1.000000240089146786e+00,1.000000480217741794e+00,1.999676683316225362e-03,1.000000240127933537e+00,1.000000480255679669e+00,1.999999733489018355e-03,-4.578142884409025625e-25,4.320794138029490131e-18,-9.207630953001097568e-18,-4.580668217094705057e-11
1.668393527225485013e+04,1.924187199065005771e+01,1.000000239751518860e+00,1.000000479503095230e+00,1.999998931300786282e-03,1.000000239704782024e+00,1.000000479454246971e+00,1.999609054122261642e-03,1.000000239715566952e+00,1.000000479468373671e+00,1.999699501516513829e-03,1.000000239751864584e+00,1.000000479503337258e+00,2.000002294176625624e-03,-4.328835747446801749e-25,4.172220341376866879e-18,-8.984256650612445264e-18,-4.462563054632135805e-11
1.671008564102014134e+04,1.927203166461659478e+01,1.000000239376313216e+00,1.000000478752683719e+00,1.999998868494256773e-03,1.000000239330772089e+00,1.000000478705071139e+00,1.999618370432877396e-03,1.000000239339634334e+00,1.000000478716652763e+00,1.999692894218214195e-03,1.000000239376759748e+00,1.000000478753065858e+00,2.000003077969840851e-03,-4.094585398309653103e-25,4.017289840151965056e-18,-8.765298684549188403e-18,-4.346973567641220051e-11
1.673623600978542891e+04,1.930219133858312830e+01,1.000000239002436286e+00,1.000000478004929860e+00,2.000000111841734266e-03,1.000000238957722054e+00,1.000000477957839751e+00,1.999625938798257115e-03,1.000000238961349153e+00,1.000000477962579293e+00,1.999656769138483201e-03,1.000000239002617475e+00,1.000000478004859472e+00,2.000002106855044200e-03,-3.874443427414775269e-25,3.872811270379896590e-18,-8.550709966034079184e-18,-4.233870236108187586e-11
1.676238637855072011e+04,1.933235101254966537e+01,1.000000238629442206e+00,1.000000477258941256e+00,1.999998978433990306e-03,1.000000238586236323e+00,1.000000477213776495e+00,1.999636861579009908e-03,1.000000238590107893e+00,1.000000477218704997e+00,1.999669787076704518e-03,1.000000238629435767e+00,1.000000477258711662e+00,1.999999402547599121e-03,-3.663316761922072764e-25,3.740591717849913465e-18,-8.343064583877798490e-18,-4.124705544293930700e-11
1.678853674731600768e+04,1.936251068651620244e+01,1.000000238257722662e+00,1.000000476515502168e+00,1.999998789896818754e-03,1.000000238215726256e+00,1.000000476471688771e+00,1.999646260791166329e-03,1.000000238224621363e+00,1.000000476483293266e+00,1.999721404078654095e-03,1.000000238257735985e+00,1.000000476515314096e+00,1.999999378435520468e-03,-3.464743260540730449e-25,3.633059081977522716e-18,-8.139637110390934660e-18,-4.017925938758493287e-11
1.681468711608129888e+04,1.939267036048273951e+01,1.000000237887335830e+00,1.000000475774728503e+00,2.000000084394180488e-03,1.000000237846163431e+00,1.000000475731517735e+00,1.999653933892161627e-03,1.000000237856836449e+00,1.000000475745583151e+00,1.999744142241572601e-03,1.000000237887514132e+00,1.000000475774658115e+00,2.000002059551224051e-03,-3.278342565921243395e-25,3.565163135269048258e-18,-7.940264361810460884e-18,-3.913436610744932521e-11
1.684083748484658645e+04,1.942283003444927303e+01,1.000000237517819190e+00,1.000000475035695002e+00,1.999999021464867778e-03,1.000000237477833398e+00,1.000000474993842037e+00,1.999662324348650076e-03,1.000000237486753596e+00,1.000000475005575318e+00,1.999737911419754467e-03,1.000000237518234192e+00,1.000000475036024961e+00,2.000002989944304772e-03,-3.099574602401472123e-25,3.518617353529161068e-18,-7.746083414328755349e-18,-3.811873887480178337e-11
1.686698785361187765e+04,1.945298970841581010e+01,1.000000237149537785e+00,1.000000474299131747e+00,1.999998711948262724e-03,1.000000237110779455e+00,1.000000474258747829e+00,1.999671844744921757e-03,1.000000237114372581e+00,1.000000474263269101e+00,1.999702621467494557e-03,1.000000237149893945e+00,1.000000474299408637e+00,2.000002191107033266e-03,-2.931270005654024763e-25,3.497090258735334333e-18,-7.557135146343812404e-18,-3.713251652248270502e-11
1.689313822237716886e+04,1.948314938238234717e+01,1.000000236782592422e+00,1.000000473565240577e+00,2.000000057652122701e-03,1.000000236744659876e+00,1.000000473525542999e+00,1.999679657780827936e-03,1.000000236748145754e+00,1.000000473529953027e+00,1.999709574393430944e-03,1.000000236782492058e+00,1.000000473564803372e+00,1.999999684268803212e-03,-2.773465877603940131e-25,3.458112303492076646e-18,-7.371948152256090912e-18,-3.616738584525664695e-11
1.691928859114246006e+04,1.951330905634888424e+01,1.000000236416505039e+00,1.000000472833065812e+00,1.999999065813832817e-03,1.000000236379472440e+00,1.000000472794223549e+00,1.999685783197180898e-03,1.000000236388279395e+00,1.000000472805889329e+00,1.999760758549889300e-03,1.000000236416443755e+00,1.000000472832759169e+00,1.999999019675302320e-03,-2.622124233625421229e-25,3.401637509511315441e-18,-7.190481959155458516e-18,-3.522309809749581787e-11
1.694543895990774763e+04,1.954346873031541776e+01,1.000000236051613811e+00,1.000000472103283133e+00,1.999998634400358428e-03,1.000000236015807786e+00,1.000000472065983192e+00,1.999695259996435957e-03,1.000000236026167721e+00,1.000000472079580316e+00,1.999783508401408848e-03,1.000000236051933777e+00,1.000000472103519167e+00,2.000001817272201686e-03,-2.479501627997484299e-25,3.314283998541625632e-18,-7.014938404898506889e-18,-3.431188832722082420e-11
1.697158932867303520e+04,1.957362840428195483e+01,1.000000235688061956e+00,1.000000471376179423e+00,2.000000027536459266e-03,1.000000235653087710e+00,1.000000471339651975e+00,1.999703243268724853e-03,1.000000235661810732e+00,1.000000471351025988e+00,1.999777735875458550e-03,1.000000235688343730e+00,1.000000471376255584e+00,2.000002889745172360e-03,-2.345934651526443951e-25,3.208064220034475275e-18,-6.842972729855138248e-18,-3.342060034493681312e-11
1.699773969743832640e+04,1.960378807824849190e+01,1.000000235325356090e+00,1.000000470650767692e+00,1.999999102678156043e-03,1.000000235291287787e+00,1.000000470615179271e+00,1.999709560598757208e-03,1.000000235295208428e+00,1.000000470620226345e+00,1.999743352899507366e-03,1.000000235325672060e+00,1.000000470650962425e+00,2.000002258107067693e-03,-2.217839354131171928e-25,3.095355044787099999e-18,-6.674457745831189452e-18,-3.254850569457529800e-11
1.702389006620361761e+04,1.963394775221502897e+01,1.000000234963808854e+00,1.000000469927672553e+00,1.999998556059860710e-03,1.000000234930688459e+00,1.000000469893132848e+00,1.999716637075462603e-03,1.000000234933907217e+00,1.000000469897257993e+00,1.999744504344678781e-03,1.000000234963916546e+00,1.000000469927633473e+00,1.999999943115701555e-03,-2.097007132886036873e-25,2.978712136851676606e-18,-6.510371144191475202e-18,-3.170099412758581402e-11
1.705004043496890517e+04,1.966410742618156249e+01,1.000000234603603655e+00,1.000000469207262377e+00,1.999999994804946887e-03,1.000000234571325475e+00,1.000000469173583983e+00,1.999724822666765472e-03,1.000000234579542679e+00,1.000000469184292529e+00,1.999795344553072229e-03,1.000000234603391824e+00,1.000000469206684617e+00,1.999998657501557333e-03,-1.983982246504492594e-25,2.870545307400725866e-18,-6.350724262625486658e-18,-3.087805481431925495e-11
1.707619080373419638e+04,1.969426710014809956e+01,1.000000234244233122e+00,1.000000468488520866e+00,1.999999141457188979e-03,1.000000234212869987e+00,1.000000468455867431e+00,1.999731360024332646e-03,1.000000234222984341e+00,1.000000468469133486e+00,1.999818185366949216e-03,1.000000234244462494e+00,1.000000468488598804e+00,2.000001567769659795e-03,-1.875589903939606779e-25,2.772236579507543882e-18,-6.194276267598294148e-18,-3.007278428379549371e-11
1.710234117249948758e+04,1.972442677411463663e+01,1.000000233885983691e+00,1.000000467772021784e+00,1.999998476238692806e-03,1.000000233855319998e+00,1.000000467739979415e+00,1.999736265762150356e-03,1.000000233864231758e+00,1.000000467751779976e+00,1.999812940725204883e-03,1.000000233886432000e+00,1.000000467772444113e+00,2.000002777956041023e-03,-1.773245370417183251e-25,2.690863048371806729e-18,-6.040992435888372379e-18,-2.928497313916468156e-11
1.712849154126477879e+04,1.975458644808117370e+01,1.000000233529079408e+00,1.000000467058213216e+00,1.999999963782011364e-03,1.000000233499251934e+00,1.000000467027083451e+00,1.999744513965463853e-03,1.000000233503285374e+00,1.000000467032232665e+00,1.999779524566733507e-03,1.000000233529298788e+00,1.000000467058214770e+00,2.000002308608281581e-03,-1.677629648961646965e-25,2.640467575293106823e-18,-5.892753555968305653e-18,-2.852491889583969972e-11
1.715464191003006636e+04,1.978474612204770722e+01,1.000000233172998021e+00,1.000000466346050221e+00,1.999999175454529512e-03,1.000000233144098694e+00,1.000000466316033121e+00,1.999751296648244730e-03,1.000000233146822071e+00,1.000000466319406200e+00,1.999775121769686425e-03,1.000000233173060638e+00,1.000000466345904782e+00,2.000000180026471636e-03,-1.585935565056686858e-25,2.604974158698055289e-18,-5.747545431077318019e-18,-2.778149077448420951e-11
1.718079227879535392e+04,1.981490579601424429e+01,1.000000232818001544e+00,1.000000465636057490e+00,1.999998396230263237e-03,1.000000232789838739e+00,1.000000465606785571e+00,1.999756466575299766e-03,1.000000232797843447e+00,1.000000465617295831e+00,1.999825695629480881e-03,1.000000232817935153e+00,1.000000465635800584e+00,1.999998292192321780e-03,-1.499274942020594113e-25,2.586271335709231253e-18,-5.605269917090428188e-18,-2.705413416739399908e-11
1.720694264756064513e+04,1.984506546998078136e+01,1.000000232464352878e+00,1.000000464928759936e+00,1.999999928619006044e-03,1.000000232436747849e+00,1.000000464899897246e+00,1.999762429540399324e-03,1.000000232446720760e+00,1.000000464913041398e+00,1.999848695600954691e-03,1.000000232464459460e+00,1.000000464928615163e+00,2.000001311453034319e-03,-1.418411251077638508e-25,2.554027949543883973e-18,-5.466766434571989234e-18,-2.634741000719428616e-11
1.723309301632593633e+04,1.987522514394731843e+01,1.000000232111516008e+00,1.000000464223085750e+00,1.999999208794278008e-03,1.000000232084854890e+00,1.000000464195424987e+00,1.999769482033157079e-03,1.000000232093453567e+00,1.000000464206642459e+00,1.999844037574818011e-03,1.000000232111862175e+00,1.000000464223317120e+00,2.000002655133727072e-03,-1.340866745003764865e-25,2.508410807007664468e-18,-5.332024745700959660e-18,-2.566120288797118296e-11
1.725924338509122390e+04,1.990538481791385195e+01,1.000000231759728742e+00,1.000000463519510996e+00,1.999998318895749878e-03,1.000000231733843226e+00,1.000000463492730196e+00,1.999774936685759508e-03,1.000000231738042311e+00,1.000000463498099457e+00,1.999811637441779692e-03,1.000000231760141300e+00,1.000000463519900240e+00,2.000002343330342745e-03,-1.267509095632358541e-25,2.442272089777670684e-18,-5.199999978710030131e-18,-2.498978517414657774e-11
1.728539375385651510e+04,1.993554449188038902e+01,1.000000231409291285e+00,1.000000462818635860e+00,1.999999896584279176e-03,1.000000231383711302e+00,1.000000462791808875e+00,1.999778816548752891e-03,1.000000231386330096e+00,1.000000462795212597e+00,1.999801912620476855e-03,1.000000231409295504e+00,1.000000462818359415e+00,2.000000395898601270e-03,-1.199143183488687406e-25,2.361850194494813159e-18,-5.070662394863295710e-18,-2.433298076018725109e-11
1.731154412262180631e+04,1.996570416584692609e+01,1.000000231059654299e+00,1.000000462119362110e+00,1.999999237941699030e-03,1.000000231035021336e+00,1.000000462093795672e+00,1.999786020634518758e-03,1.000000231042623700e+00,1.000000462103720178e+00,1.999852287669209513e-03,1.000000231059449129e+00,1.000000462118857181e+00,1.999997924011285341e-03,-1.133585779231772129e-25,2.277550809349699724e-18,-4.945616385299427677e-18,-2.369944931081044438e-11
1.733769449138709388e+04,1.999586383981345961e+01,1.000000230711032723e+00,1.000000461422118514e+00,1.999998239562332438e-03,1.000000230687216884e+00,1.000000461397567042e+00,1.999791783699030913e-03,1.000000230696821424e+00,1.000000461410131658e+00,1.999875505150624372e-03,1.000000230711303617e+00,1.000000461422325904e+00,2.000001048712151015e-03,-1.071508709557406978e-25,2.190802543952843127e-18,-4.823134242342866166e-18,-2.307978226771376396e-11
1.736384486015238144e+04,2.002602351377999668e+01,1.000000230363762954e+00,1.000000460727578977e+00,1.999999859930442526e-03,1.000000230340280183e+00,1.000000460703087013e+00,1.999795984331719824e-03,1.000000230348923269e+00,1.000000460714447259e+00,1.999871482849701048e-03,1.000000230364016529e+00,1.000000460727639151e+00,2.000002521809616206e-03,-1.013727661209549541e-25,2.110820414400441610e-18,-4.703141123826967096e-18,-2.247356195220669223e-11
1.738999522891767265e+04,2.005618318774653375e+01,1.000000230017282776e+00,1.000000460034618621e+00,1.999999264557464611e-03,1.000000229994481682e+00,1.000000460010901149e+00,1.999801010061858300e-03,1.000000229998929013e+00,1.000000460016666981e+00,1.999840138551420027e-03,1.000000230017586089e+00,1.000000460034791150e+00,2.000002362961114579e-03,-9.583221556978828169e-26,2.038646703880400788e-18,-4.586356720235024303e-18,-2.188464443823339828e-11
1.741614559768296385e+04,2.008634286171307082e+01,1.000000229671784480e+00,1.000000459343621584e+00,1.999998159863102150e-03,1.000000229649843808e+00,1.000000459321053414e+00,1.999807098898408273e-03,1.000000229651882400e+00,1.000000459323522550e+00,1.999825310070301679e-03,1.000000229672010965e+00,1.000000459343777015e+00,2.000000591590869216e-03,-9.058074814611210997e-26,1.977971591969600777e-18,-4.472755520801573316e-18,-2.131284432143212603e-11
1.744229596644825142e+04,2.011650253567960434e+01,1.000000229327639767e+00,1.000000458655331936e+00,1.999999824104039918e-03,1.000000229306061916e+00,1.000000458632929856e+00,1.999811640475645386e-03,1.000000229313336764e+00,1.000000458642416268e+00,1.999875544894974978e-03,1.000000229327326684e+00,1.000000458654641156e+00,1.999997553208546133e-03,-8.569877663479340193e-26,1.941341005136906060e-18,-4.361458902123029438e-18,-2.075341371113919443e-11
1.746844633521354262e+04,2.014666220964614141e+01,1.000000228984273987e+00,1.000000457968600376e+00,1.999999293176489296e-03,1.000000228963133786e+00,1.000000457946526478e+00,1.999814649945758169e-03,1.000000228972742100e+00,1.000000457959261180e+00,1.999899029505996031e-03,1.000000228984391892e+00,1.000000457968525103e+00,2.000000779918231168e-03,-8.101764801724730675e-26,1.915025828124265016e-18,-4.252441436624452883e-18,-2.020620463661302724e-11
1.749459670397883383e+04,2.017682188361267848e+01,1.000000228641856781e+00,1.000000457283765742e+00,1.999998079606443192e-03,1.000000228621609644e+00,1.000000457262950393e+00,1.999820971855705530e-03,1.000000228630098409e+00,1.000000457274056842e+00,1.999895683527065909e-03,1.000000228642295985e+00,1.000000457284211830e+00,2.000002378490922054e-03,-7.657643094073518815e-26,1.899870615774616156e-18,-4.147069963424578989e-18,-1.967849356412632365e-11
1.752074707274412140e+04,2.020698155757921555e+01,1.000000228300794936e+00,1.000000456601642052e+00,1.999999786137923990e-03,1.000000228280942594e+00,1.000000456581099373e+00,1.999825872206497344e-03,1.000000228285405690e+00,1.000000456586803477e+00,1.999865426581886110e-03,1.000000228301037630e+00,1.000000456601696452e+00,2.000002368158207335e-03,-7.245279186493475383e-26,1.874211025162636832e-18,-4.043864601647467184e-18,-1.916233478289011349e-11
1.754689744150940896e+04,2.023714123154574906e+01,1.000000227960501809e+00,1.000000455921055353e+00,1.999999317119791065e-03,1.000000227941117759e+00,1.000000455900944996e+00,1.999829252151810993e-03,1.000000227942940523e+00,1.000000455903208740e+00,1.999845700021848742e-03,1.000000227960615273e+00,1.000000455920974085e+00,2.000000767925220416e-03,-6.849886873466255848e-26,1.838370777643381136e-18,-3.942769089369629828e-18,-1.865741787430214700e-11
1.757304781027470017e+04,2.026730090551228614e+01,1.000000227621124838e+00,1.000000455242301634e+00,1.999997999140747888e-03,1.000000227602401592e+00,1.000000455223022167e+00,1.999833486899423030e-03,1.000000227609446846e+00,1.000000455232263663e+00,1.999895845257227290e-03,1.000000227621027138e+00,1.000000455242038733e+00,1.999997596573577317e-03,-6.474386014996630955e-26,1.788958823360619069e-18,-3.844399626770571072e-18,-1.816700010668921624e-11
1.759919817903999137e+04,2.029746057947882321e+01,1.000000227283104781e+00,1.000000454566261521e+00,1.999999747612927429e-03,1.000000227264809638e+00,1.000000454547361972e+00,1.999838757687674197e-03,1.000000227273949438e+00,1.000000454559314633e+00,1.999919638881309143e-03,1.000000227283139198e+00,1.000000454566042585e+00,2.000000505424836574e-03,-6.126159974401646923e-26,1.728745494432643656e-18,-3.748720366891706864e-18,-1.769085229876431496e-11
1.762534854780528258e+04,2.032762025344536028e+01,1.000000226945843007e+00,1.000000453891737529e+00,1.999999338258530695e-03,1.000000226928049019e+00,1.000000453873374440e+00,1.999842525633803783e-03,1.000000226936448522e+00,1.000000453884362317e+00,1.999917002302890878e-03,1.000000226946119231e+00,1.000000453891872754e+00,2.000002225661895276e-03,-5.792266794804629021e-26,1.666299474481796665e-18,-3.654993484598326197e-18,-1.722504210474400590e-11
1.765149891657057015e+04,2.035777992741189379e+01,1.000000226609466303e+00,1.000000453218983676e+00,1.999997920791540124e-03,1.000000226592117736e+00,1.000000453201056461e+00,1.999844807665351019e-03,1.000000226596944097e+00,1.000000453207406270e+00,1.999887856930766036e-03,1.000000226609917942e+00,1.000000453219460628e+00,2.000002359550457406e-03,-5.474848947555359089e-26,1.602325398599990083e-18,-3.563197272928912273e-18,-1.676944530506726351e-11
1.767764928533586135e+04,2.038793960137843086e+01,1.000000226274447401e+00,1.000000452548946095e+00,1.999999709314386875e-03,1.000000226257552693e+00,1.000000452531486728e+00,1.999850379954267766e-03,1.000000226258977554e+00,1.000000452533172934e+00,1.999863426069759930e-03,1.000000226274533777e+00,1.000000452548801100e+00,2.000000925688529777e-03,-5.180836905999939350e-26,1.543689781913401542e-18,-3.474494736705785673e-18,-1.633017131152141305e-11
1.770379965410114892e+04,2.041809927534496794e+01,1.000000225940176568e+00,1.000000451880404428e+00,1.999999357817888301e-03,1.000000225923816988e+00,1.000000451863585438e+00,1.999854544451355222e-03,1.000000225930429032e+00,1.000000451872169016e+00,1.999913525294175643e-03,1.000000225939965626e+00,1.000000451879889729e+00,1.999997942457004251e-03,-4.898921556962809457e-26,1.491170996471452047e-18,-3.387619993558462915e-18,-1.590051565628816895e-11
1.772995002286644012e+04,2.044825894931150501e+01,1.000000225606760162e+00,1.000000451213571395e+00,1.999997840482622621e-03,1.000000225590899738e+00,1.000000451197330609e+00,1.999857238219436648e-03,1.000000225599921189e+00,1.000000451209205554e+00,1.999937662971978340e-03,1.000000225606978432e+00,1.000000451213743702e+00,2.000000225568758592e-03,-4.630637174194267369e-26,1.446381296146743989e-18,-3.302531496895890869e-18,-1.548025142571463883e-11
1.775610039163172769e+04,2.047841862327803852e+01,1.000000225274702892e+00,1.000000450549456632e+00,1.999999669674532542e-03,1.000000225259061626e+00,1.000000450533246266e+00,1.999860805729324845e-03,1.000000225267453802e+00,1.000000450544282771e+00,1.999935762245285114e-03,1.000000225274921828e+00,1.000000450549492825e+00,2.000002063784949834e-03,-4.382421724546907512e-26,1.420147684094224372e-18,-3.219756146415904223e-18,-1.507212770090063470e-11
1.778225076039701889e+04,2.050857829724457559e+01,1.000000224943383698e+00,1.000000449886817799e+00,1.999999377777898074e-03,1.000000224928312864e+00,1.000000449871352171e+00,1.999865381107931647e-03,1.000000224933027093e+00,1.000000449877400444e+00,1.999907746256212628e-03,1.000000224943665916e+00,1.000000449886961018e+00,2.000002337739319007e-03,-4.144408949899939999e-26,1.400994995979960622e-18,-3.139251581642158781e-18,-1.467589113841359012e-11
1.780840112916231010e+04,2.053873797121111267e+01,1.000000224612888733e+00,1.000000449225827648e+00,1.999997761859055329e-03,1.000000224598371235e+00,1.000000449211081222e+00,1.999868495142366042e-03,1.000000224599477461e+00,1.000000449212343989e+00,1.999878793967645174e-03,1.000000224613209365e+00,1.000000449226143617e+00,2.000001065634283981e-03,-3.917661049683740061e-26,1.389187089972676089e-18,-3.060399025215562520e-18,-1.428828759857843531e-11
1.783455149792760130e+04,2.056889764517764974e+01,1.000000224283753569e+00,1.000000448567557543e+00,1.999999628112712150e-03,1.000000224269235405e+00,1.000000448552430532e+00,1.999870165636956788e-03,1.000000224275769956e+00,1.000000448561067179e+00,1.999928884506030694e-03,1.000000224283550398e+00,1.000000448567035516e+00,1.999998265461328494e-03,-3.708106646130145557e-26,1.369239002469266589e-18,-2.983179974445127330e-18,-1.390921289134970212e-11
1.786070186669288887e+04,2.059905731914418325e+01,1.000000223955346934e+00,1.000000447910744050e+00,1.999999393377190331e-03,1.000000223941428956e+00,1.000000447896451927e+00,1.999875100950427621e-03,1.000000223950145983e+00,1.000000447907873902e+00,1.999953395235595614e-03,1.000000223955358036e+00,1.000000447910525780e+00,1.999999940670862519e-03,-3.507151850614002108e-26,1.341575004163691563e-18,-2.908582803606682297e-18,-1.354379263197834636e-11
1.788685223545817644e+04,2.062921699311072032e+01,1.000000223627735219e+00,1.000000447255520397e+00,1.999997680988353267e-03,1.000000223614425421e+00,1.000000447242087365e+00,1.999878645795906407e-03,1.000000223622605544e+00,1.000000447252764157e+00,1.999952250981792360e-03,1.000000223628156215e+00,1.000000447255976921e+00,2.000001893301737218e-03,-3.315495879939325333e-26,1.304993945770396124e-18,-2.835526102161028694e-18,-1.318637449580694176e-11
1.791300260422346764e+04,2.065937666707725739e+01,1.000000223301484192e+00,1.000000446603018345e+00,1.999999587459615376e-03,1.000000223288216805e+00,1.000000446589320413e+00,1.999880758088982535e-03,1.000000223293148638e+00,1.000000446595737946e+00,1.999925376570076390e-03,1.000000223301737545e+00,1.000000446603109605e+00,2.000002303300180834e-03,-3.138558210598085305e-26,1.260257402508297133e-18,-2.763979890316706000e-18,-1.283679612838578007e-11
1.793915297298875521e+04,2.068953634104379091e+01,1.000000222975951925e+00,1.000000445951953365e+00,1.999999409307455251e-03,1.000000222963059127e+00,1.000000445938665328e+00,1.999883766370204319e-03,1.000000222963935759e+00,1.000000445939678073e+00,1.999892075645704186e-03,1.000000222976100472e+00,1.000000445951918948e+00,2.000001188484161387e-03,-2.968864565191379958e-26,1.214309895289950218e-18,-2.694394137661575430e-18,-1.249737575907918547e-11
1.796530334175404641e+04,2.071969601501032798e+01,1.000000222651185933e+00,1.000000445302421381e+00,1.999997601559127917e-03,1.000000222638956604e+00,1.000000445290130990e+00,1.999887750756873441e-03,1.000000222644967574e+00,1.000000445297920315e+00,1.999942189288745047e-03,1.000000222651243664e+00,1.000000445302400287e+00,1.999998566466671974e-03,-2.806838195663200667e-26,1.167410021782508967e-18,-2.626722889658720670e-18,-1.216785030686817581e-11
1.799145371051933762e+04,2.074985568897686505e+01,1.000000222327781074e+00,1.000000444655611442e+00,1.999999546446513173e-03,1.000000222315638343e+00,1.000000444643171837e+00,1.999890313752777059e-03,1.000000222324124444e+00,1.000000444654287390e+00,1.999967096741403147e-03,1.000000222327743327e+00,1.000000444655319232e+00,1.999999651036886428e-03,-2.657402102197934675e-26,1.124684803340763359e-18,-2.560447867110061475e-18,-1.184552909407213353e-11
1.801760407928462882e+04,2.078001536294340212e+01,1.000000222005085426e+00,1.000000444010219924e+00,1.999999422319930463e-03,1.000000221993102567e+00,1.000000443997784982e+00,1.999891471113984798e-03,1.000000222001406591e+00,1.000000444008779743e+00,1.999966724464204496e-03,1.000000222005290595e+00,1.000000444010261225e+00,2.000001714634153886e-03,-2.514064959620503734e-26,1.086710939997560510e-18,-2.495553321517906004e-18,-1.153032480447424541e-11
1.804375444804991639e+04,2.081017503690993564e+01,1.000000221683128299e+00,1.000000443366305225e+00,1.999997522426035911e-03,1.000000221671860645e+00,1.000000443354997159e+00,1.999895867039764435e-03,1.000000221676814016e+00,1.000000443361397595e+00,1.999940998917678139e-03,1.000000221683603918e+00,1.000000443366848346e+00,2.000002256783614627e-03,-2.377043076051986321e-26,1.053878194473260763e-18,-2.432878239416116508e-18,-1.122653446739677874e-11
1.806990481681520396e+04,2.084033471087647271e+01,1.000000221362532304e+00,1.000000442725113681e+00,1.999999502016257258e-03,1.000000221351396323e+00,1.000000442713770976e+00,1.999898888957664378e-03,1.000000221351859064e+00,1.000000442714158444e+00,1.999903512821191685e-03,1.000000221362681740e+00,1.000000442725075489e+00,2.000001294929534303e-03,-2.250784488990177613e-26,1.035296480415697726e-18,-2.371499968501912318e-18,-1.092939673277553935e-11
1.809605518558049516e+04,2.087049438484300978e+01,1.000000221042636639e+00,1.000000442085321906e+00,1.999999433497535745e-03,1.000000221031703829e+00,1.000000442074095330e+00,1.999900513129064614e-03,1.000000221037530723e+00,1.000000442081716345e+00,1.999953676468730918e-03,1.000000221042522952e+00,1.000000442084938657e+00,1.999998846316950341e-03,-2.129658784974941310e-26,1.021532609127163302e-18,-2.311397543704116297e-18,-1.063879875898046358e-11
1.812220555434578637e+04,2.090065405880954685e+01,1.000000220723451960e+00,1.000000441446952548e+00,1.999997441916792108e-03,1.000000220713034738e+00,1.000000441436474929e+00,1.999903050391797863e-03,1.000000220721367850e+00,1.000000441447439714e+00,1.999978999628942468e-03,1.000000220723614497e+00,1.000000441447084443e+00,1.999999356958184066e-03,-2.013729710447797154e-26,1.012551686626514986e-18,-2.252954765629862904e-18,-1.035669384516733921e-11
1.814835592311107393e+04,2.093081373277608037e+01,1.000000220405628859e+00,1.000000440811306124e+00,1.999999458738601060e-03,1.000000220395388162e+00,1.000000440800907775e+00,1.999906532829946910e-03,1.000000220403370887e+00,1.000000440811328994e+00,1.999979410350823886e-03,1.000000220405808271e+00,1.000000440811312563e+00,2.000001528185300567e-03,-1.906997824906316443e-26,9.972731891180917810e-19,-2.196124277909522803e-18,-1.008281954909396398e-11
1.817450629187636514e+04,2.096097340674261744e+01,1.000000220088496539e+00,1.000000440177041483e+00,1.999999442680591970e-03,1.000000220078503421e+00,1.000000440166870064e+00,1.999908632692655105e-03,1.000000220083539393e+00,1.000000440173383964e+00,1.999954836683371859e-03,1.000000220088751446e+00,1.000000440177150285e+00,2.000002198716556087e-03,-1.804584864214728575e-26,9.761728227214567330e-19,-2.140472511207078631e-18,-9.814952891938070714e-12
1.820065666064165634e+04,2.099113308070915451e+01,1.000000219772054999e+00,1.000000439544158404e+00,1.999997418822698197e-03,1.000000219762378517e+00,1.000000439534358687e+00,1.999909359660889414e-03,1.000000219762765541e+00,1.000000439534794117e+00,1.999913320240426055e-03,1.000000219772442689e+00,1.000000439544592723e+00,2.000001385632887551e-03,-1.706481351724196993e-26,9.492334923043634849e-19,-2.085986079945521676e-18,-9.553020758790395913e-12
1.822680702940694755e+04,2.102129275467569158e+01,1.000000219456962380e+00,1.000000438913972944e+00,1.999999413165907004e-03,1.000000219447513272e+00,1.000000438904375510e+00,1.999913299630367257e-03,1.000000219452979788e+00,1.000000438911470058e+00,1.999963556476534125e-03,1.000000219456880446e+00,1.000000438913635659e+00,1.999999105821550875e-03,-1.616161079209518258e-26,9.162055320659402807e-19,-2.033376359817506055e-18,-9.300622913647701863e-12
1.825295739817223512e+04,2.105145242864222510e+01,1.000000219142558100e+00,1.000000438285164384e+00,1.999999449828452833e-03,1.000000219133400758e+00,1.000000438275903347e+00,1.999915875545840802e-03,1.000000219141399027e+00,1.000000438286350768e+00,1.999989310213139658e-03,1.000000219142467062e+00,1.000000438284812443e+00,1.999999058712447798e-03,-1.529511714302848190e-26,8.825597837347821078e-19,-1.981857112701123619e-18,-9.053751778249804091e-12
1.827910776693752268e+04,2.108161210260876217e+01,1.000000218828835497e+00,1.000000437657719177e+00,1.999997495943820619e-03,1.000000218820038089e+00,1.000000437648936424e+00,1.999917091566250603e-03,1.000000218828023479e+00,1.000000437659436914e+00,1.999990511042700012e-03,1.000000218829207643e+00,1.000000437658127739e+00,2.000001334340389524e-03,-1.446489122354269419e-26,8.483793009311655405e-19,-1.931414330408548119e-18,-8.812332128939896284e-12
1.830525813570281389e+04,2.111177177657529924e+01,1.000000218516427397e+00,1.000000437032902756e+00,1.999999368255159140e-03,1.000000218507672178e+00,1.000000437023970123e+00,1.999919234985329114e-03,1.000000218512852923e+00,1.000000437030727829e+00,1.999967088557673411e-03,1.000000218516681416e+00,1.000000437033017775e+00,2.000002129603421601e-03,-1.369946055300164043e-26,8.173284553258387987e-19,-1.882374986313397694e-18,-8.578008462375504107e-12
1.833140850446810509e+04,2.114193145054183631e+01,1.000000218204716074e+00,1.000000436409479665e+00,1.999999457424869818e-03,1.000000218196297030e+00,1.000000436400992454e+00,1.999922290964442108e-03,1.000000218196183788e+00,1.000000436400619419e+00,1.999921688587695100e-03,1.000000218204887048e+00,1.000000436409478111e+00,2.000001461229164619e-03,-1.296577773963818347e-26,7.899997098217559826e-19,-1.834691934114255157e-18,-8.350526219817905520e-12
1.835755887323339266e+04,2.117209112450836983e+01,1.000000217893677767e+00,1.000000435787402608e+00,1.999997572707840673e-03,1.000000217885661957e+00,1.000000435779499597e+00,1.999923997353662570e-03,1.000000217890846033e+00,1.000000435786220665e+00,1.999972016194163666e-03,1.000000217893823429e+00,1.000000435787504971e+00,1.999999345756921058e-03,-1.226262590293905061e-26,7.663739822604066180e-19,-1.788002901690176176e-18,-8.128050283287123550e-12
1.838370924199868386e+04,2.120225079847490690e+01,1.000000217583919770e+00,1.000000435167886836e+00,1.999999323663771266e-03,1.000000217575766737e+00,1.000000435159491108e+00,1.999924382162328405e-03,1.000000217583751461e+00,1.000000435170065316e+00,1.999998211769843642e-03,1.000000217583810747e+00,1.000000435167522461e+00,1.999998756564369973e-03,-1.161342876106615879e-26,7.530021302463164475e-19,-1.742298115252239461e-18,-7.910527452246212953e-12
1.840985961076397507e+04,2.123241047244144397e+01,1.000000217274866765e+00,1.000000434549780604e+00,1.999999462716086935e-03,1.000000217267094760e+00,1.000000434541937766e+00,1.999927921953207222e-03,1.000000217274900294e+00,1.000000434552153150e+00,2.000000206407182620e-03,1.000000217275001102e+00,1.000000434549731088e+00,2.000001133467598901e-03,-1.099168736525099955e-26,7.431992466672442921e-19,-1.698175327583152588e-18,-7.700947300988576832e-12
1.843600997952926264e+04,2.126257014640797749e+01,1.000000216966478117e+00,1.000000433933003086e+00,1.999997643971608129e-03,1.000000216959153088e+00,1.000000433925849030e+00,1.999930121813386225e-03,1.000000216964292532e+00,1.000000433932484389e+00,1.999977931198629062e-03,1.000000216966909106e+00,1.000000433933481148e+00,2.000002049927163388e-03,-1.039566236750976132e-26,7.362719260533451633e-19,-1.654970102859521108e-18,-7.495963275505565855e-12
1.846216034829455020e+04,2.129272982037451456e+01,1.000000216659337138e+00,1.000000433318720905e+00,1.999999278082366730e-03,1.000000216651939944e+00,1.000000433311222459e+00,1.999930993991780401e-03,1.000000216651927953e+00,1.000000433311059034e+00,1.999931317236629692e-03,1.000000216659533203e+00,1.000000433318768200e+00,2.000001522327043979e-03,-9.844588858484382623e-27,7.248868198645257430e-19,-1.612672151684133615e-18,-7.295520440227638821e-12
1.848831071705984141e+04,2.132288949434105163e+01,1.000000216352908478e+00,1.000000432705863807e+00,1.999999465134513939e-03,1.000000216345697579e+00,1.000000432698543218e+00,1.999932806468090064e-03,1.000000216350671822e+00,1.000000432705032916e+00,1.999979221507713900e-03,1.000000216352872728e+00,1.000000432705588471e+00,1.999999566868077786e-03,-9.317265855410599590e-27,7.089258797536108350e-19,-1.571559714130175499e-18,-7.101002225086039109e-12
1.851446108582513261e+04,2.135304916830758870e+01,1.000000216047135737e+00,1.000000432094318548e+00,1.999997711995321528e-03,1.000000216040415557e+00,1.000000432087790214e+00,1.999935501740067456e-03,1.000000216047969959e+00,1.000000432097652547e+00,2.000005867032863052e-03,1.000000216047168822e+00,1.000000432094261482e+00,1.999998450766284769e-03,-8.811623082754367286e-27,6.889723713920223127e-19,-1.531587005942587028e-18,-6.912166799955349807e-12
1.854061145459042018e+04,2.138320884227412222e+01,1.000000215742578469e+00,1.000000431485203567e+00,1.999999229561397803e-03,1.000000215735852516e+00,1.000000431478479390e+00,1.999936877919595863e-03,1.000000215743548804e+00,1.000000431488552888e+00,2.000008656219208047e-03,1.000000215742715026e+00,1.000000431485175811e+00,2.000000925918885442e-03,-8.343461831608509017e-27,6.648889543234354721e-19,-1.492451678611477150e-18,-6.727500414598082228e-12
1.856676182335571139e+04,2.141336851624065929e+01,1.000000215438741291e+00,1.000000430877528990e+00,1.999999467721331418e-03,1.000000215432010897e+00,1.000000430870614965e+00,1.999936986909959039e-03,1.000000215437408135e+00,1.000000430877733715e+00,1.999987521617195129e-03,1.000000215438963336e+00,1.000000430877598712e+00,2.000001960150277376e-03,-7.895858334152859049e-27,6.403377118388633742e-19,-1.454148107362091318e-18,-6.546971814478282969e-12
1.859291219212100259e+04,2.144352819020719636e+01,1.000000215135551596e+00,1.000000430271149598e+00,1.999997779718546125e-03,1.000000215129355441e+00,1.000000430265130191e+00,1.999940177438409416e-03,1.000000215129547732e+00,1.000000430265194806e+00,1.999942395777270978e-03,1.000000215135912862e+00,1.000000430271526186e+00,2.000001569510147324e-03,-7.466554247929786222e-27,6.155849485943840197e-19,-1.417174049447697847e-18,-6.373042286481745697e-12
1.861906256088629016e+04,2.147368786417373343e+01,1.000000214833545620e+00,1.000000429667137203e+00,1.999999183072720312e-03,1.000000214827409417e+00,1.000000429661068058e+00,1.999942057902141194e-03,1.000000214832010181e+00,1.000000429666994872e+00,1.999985319594131672e-03,1.000000214833562495e+00,1.000000429666954682e+00,1.999999769870035044e-03,-7.068537898974784484e-27,5.930114766040062339e-19,-1.380972593713670849e-18,-6.202939026892185006e-12
1.864521292965157772e+04,2.150384753814026695e+01,1.000000214532266840e+00,1.000000429064579643e+00,1.999999468225049145e-03,1.000000214526171716e+00,1.000000429058425899e+00,1.999942645778865491e-03,1.000000214533610210e+00,1.000000429068206298e+00,2.000012420430766821e-03,1.000000214532078546e+00,1.000000429064103358e+00,1.999998141558769274e-03,-6.688331990458025064e-27,5.734130846885408068e-19,-1.345535024007828732e-18,-6.036616128226176413e-12
1.867136329841686893e+04,2.153400721210680402e+01,1.000000214231627549e+00,1.000000428463300839e+00,1.999997845926261217e-03,1.000000214225879258e+00,1.000000428457679780e+00,1.999944181713957277e-03,1.000000214233526474e+00,1.000000428467734181e+00,2.000016002348018341e-03,1.000000214231888673e+00,1.000000428463540203e+00,2.000000712030753844e-03,-6.323594838466864503e-27,5.566379475710042591e-19,-1.311097846724559647e-18,-5.875236508408224601e-12
1.869751366718216013e+04,2.156416688607334109e+01,1.000000213932140891e+00,1.000000427864327079e+00,1.999999136457751049e-03,1.000000213926517834e+00,1.000000427858800389e+00,1.999946567859819772e-03,1.000000213931759641e+00,1.000000427865578967e+00,1.999995999313763755e-03,1.000000213932386472e+00,1.000000427864454311e+00,2.000001860715751659e-03,-5.985011005970965879e-27,5.469078764585048803e-19,-1.277617431090304371e-18,-5.718574093009245299e-12
1.872366403594745134e+04,2.159432656003987816e+01,1.000000213633388313e+00,1.000000427266822367e+00,1.999999467634233554e-03,1.000000213627855183e+00,1.000000427261321656e+00,1.999947667405225886e-03,1.000000213628309265e+00,1.000000427261739988e+00,1.999952345295881884e-03,1.000000213633570834e+00,1.000000427266841685e+00,2.000001603338186218e-03,-5.661875572216242753e-27,5.399712497441221911e-19,-1.244841724242179924e-18,-5.565381175945339942e-12
1.874981440471273891e+04,2.162448623400641168e+01,1.000000213335267230e+00,1.000000426670579978e+00,1.999997906529206188e-03,1.000000213329895749e+00,1.000000426665252684e+00,1.999947549392938010e-03,1.000000213334425458e+00,1.000000426671219023e+00,1.999990440968369993e-03,1.000000213335440202e+00,1.000000426670698106e+00,1.999999955449157426e-03,-5.351838711116279466e-27,5.346627390624564701e-19,-1.212768187879351421e-18,-5.415642603064372995e-12
1.877596477347803011e+04,2.165464590797294875e+01,1.000000213038268360e+00,1.000000426076582238e+00,1.999999084770761291e-03,1.000000213033086949e+00,1.000000426071490534e+00,1.999950441776907496e-03,1.000000213040237895e+00,1.000000426080843274e+00,2.000018000089166630e-03,1.000000213038089170e+00,1.000000426076147253e+00,1.999997829171212479e-03,-5.063697758806599176e-27,5.262583584076049356e-19,-1.181810844832281334e-18,-5.271383144814994734e-12
1.880211514224331768e+04,2.168480558193948582e+01,1.000000212742010675e+00,1.000000425484066868e+00,1.999999464307080765e-03,1.000000212736967597e+00,1.000000425479110611e+00,1.999952054049237895e-03,1.000000212744401873e+00,1.000000425488818845e+00,2.000022370714496164e-03,1.000000212742074623e+00,1.000000425483929423e+00,2.000000492124984902e-03,-4.788974740694320146e-27,5.142572700182464228e-19,-1.151503393880432129e-18,-5.130306961343872964e-12
1.882826551100860888e+04,2.171496525590602289e+01,1.000000212446376491e+00,1.000000424892798057e+00,1.999997966322137211e-03,1.000000212441536362e+00,1.000000424888110029e+00,1.999952400711784654e-03,1.000000212446917836e+00,1.000000424895146622e+00,2.000003488190470451e-03,1.000000212446733538e+00,1.000000424893158213e+00,2.000001752047969421e-03,-4.525364339882370282e-27,4.995347853255121022e-19,-1.121838460528209421e-18,-4.992375718290180810e-12
1.885441587977389645e+04,2.174512492987255641e+01,1.000000212151834766e+00,1.000000424303714386e+00,1.999999037286260585e-03,1.000000212147026390e+00,1.000000424298956414e+00,1.999953707726613052e-03,1.000000212147785561e+00,1.000000424299826163e+00,1.999961287863201344e-03,1.000000212152064138e+00,1.000000424303829183e+00,2.000001624348048904e-03,-4.280116602445233457e-27,4.820185537641541488e-19,-1.093016860033075440e-18,-4.858566239385167048e-12
1.888056624853918765e+04,2.177528460383909348e+01,1.000000211858040666e+00,1.000000423716126186e+00,1.999999462617375531e-03,1.000000211853418808e+00,1.000000423711611575e+00,1.999955830965032769e-03,1.000000211857491550e+00,1.000000423716840059e+00,1.999994701314761637e-03,1.000000211858065979e+00,1.000000423715939002e+00,2.000000124264453803e-03,-4.046540307716470241e-27,4.641504382171895692e-19,-1.064997626915850512e-18,-4.728669874344792794e-12
1.890671661730447886e+04,2.180544427780563055e+01,1.000000211564862074e+00,1.000000423129769000e+00,1.999998023741641692e-03,1.000000211560490460e+00,1.000000423125627647e+00,1.999956697306394266e-03,1.000000211567429798e+00,1.000000423134702832e+00,2.000022719621846658e-03,1.000000211564763486e+00,1.000000423129518312e+00,1.999997513822352607e-03,-3.822410353873307575e-27,4.462687335179562747e-19,-1.037570867291551040e-18,-4.601658975630507332e-12
1.893286698606977006e+04,2.183560395177216762e+01,1.000000211272747075e+00,1.000000422545538781e+00,1.999998986579126347e-03,1.000000211268248007e+00,1.000000422541017953e+00,1.999956396453159146e-03,1.000000211275754003e+00,1.000000422550951562e+00,2.000027873041996043e-03,1.000000211272837669e+00,1.000000422545472833e+00,2.000000266509325501e-03,-3.613706408429452150e-27,4.298963907505945864e-19,-1.010736292589887838e-18,-4.477529966072406248e-12
1.895901735483505763e+04,2.186576362573870114e+01,1.000000210981386140e+00,1.000000421962816466e+00,1.999999458655857786e-03,1.000000210977121551e+00,1.000000421958645358e+00,1.999959032450439409e-03,1.000000210982463944e+00,1.000000421965586250e+00,2.000010098261677423e-03,1.000000210981571103e+00,1.000000421962843777e+00,2.000001634553559386e-03,-3.415169501132531259e-27,4.158800402942705485e-19,-9.848378992901267360e-19,-4.357947236858274700e-12
1.898516772360034520e+04,2.189592329970523821e+01,1.000000210690632940e+00,1.000000421381310067e+00,1.999998080525328820e-03,1.000000210686665225e+00,1.000000421377615689e+00,1.999960416657520831e-03,1.000000210687560065e+00,1.000000421378606896e+00,1.999969331967358863e-03,1.000000210690962676e+00,1.000000421381627591e+00,2.000001633054836365e-03,-3.224677948566681402e-27,4.040077022121480595e-19,-9.594856478324981330e-19,-4.241011145766813730e-12
1.901131809236563640e+04,2.192608297367177528e+01,1.000000210400914469e+00,1.000000420801873569e+00,1.999998934864555353e-03,1.000000210396877698e+00,1.000000420797926504e+00,1.999960562696565403e-03,1.000000210400793232e+00,1.000000420803015322e+00,1.999998203124262429e-03,1.000000210401011280e+00,1.000000420801820278e+00,2.000000276948794235e-03,-3.047166351557347049e-27,3.969558403503158388e-19,-9.346733061433707210e-19,-4.126689705611027706e-12
1.903746846113092397e+04,2.195624264763830880e+01,1.000000210111956500e+00,1.000000420223956965e+00,1.999999451985585378e-03,1.000000210107988119e+00,1.000000420220036323e+00,1.999961678019814525e-03,1.000000210114772692e+00,1.000000420228947196e+00,2.000026679731938505e-03,1.000000210111715804e+00,1.000000420223418285e+00,1.999997581008891058e-03,-2.878522932937311305e-27,3.920708558635173810e-19,-9.105712057173390839e-19,-4.015802825740372620e-12
1.906361882989621517e+04,2.198640232160484587e+01,1.000000209823598496e+00,1.000000419647241179e+00,1.999998131499564936e-03,1.000000209819973618e+00,1.000000419643899408e+00,1.999963579851644566e-03,1.000000209827171416e+00,1.000000419653298334e+00,2.000032608421431837e-03,1.000000209823754149e+00,1.000000419647323335e+00,2.000000035478143902e-03,-2.716743598161056617e-27,3.880361304465198312e-19,-8.871413440812322867e-19,-3.908159950385366152e-12
1.908976919866150638e+04,2.201656199557138294e+01,1.000000209536247908e+00,1.000000419072539337e+00,1.999998887081017810e-03,1.000000209532619255e+00,1.000000419069085211e+00,1.999964252007514591e-03,1.000000209537989404e+00,1.000000419076068736e+00,2.000015927182954931e-03,1.000000209536478613e+00,1.000000419072669677e+00,2.000001508622212439e-03,-2.565901163598359565e-27,3.818585175785251712e-19,-8.642091209169461523e-19,-3.802915303011942556e-12
1.911591956742679758e+04,2.204672166953792001e+01,1.000000209249662930e+00,1.000000418499369603e+00,1.999999444950952519e-03,1.000000209245933469e+00,1.000000418495611054e+00,1.999963798910937840e-03,1.000000209247226213e+00,1.000000418497257959e+00,1.999976574006722026e-03,1.000000209249847893e+00,1.000000418499400023e+00,2.000001629952838107e-03,-2.422802011527239960e-27,3.728751646181539087e-19,-8.417758437223478993e-19,-3.700073410237122182e-12
1.914206993619208515e+04,2.207688134350445353e+01,1.000000208963670811e+00,1.000000417927385366e+00,1.999998182796064537e-03,1.000000208960330816e+00,1.000000417924306273e+00,1.999966215587630804e-03,1.000000208963925497e+00,1.000000417928924135e+00,2.000001037157189167e-03,1.000000208963860215e+00,1.000000417927510155e+00,2.000000414110072230e-03,-2.285567432262535150e-27,3.620435872292199336e-19,-8.201270206369919404e-19,-3.601001390675186194e-12
1.916822030495737636e+04,2.210704101747099060e+01,1.000000208678658575e+00,1.000000417357360893e+00,1.999998833149797210e-03,1.000000208675379643e+00,1.000000417354306892e+00,1.999967407497800758e-03,1.000000208681863789e+00,1.000000417362759908e+00,2.000029969642369825e-03,1.000000208678515135e+00,1.000000417356996740e+00,1.999997875576083745e-03,-2.157557677050732158e-27,3.493283822994768628e-19,-7.989367208436429827e-19,-3.504128461495453219e-12
1.919437067372266392e+04,2.213720069143752767e+01,1.000000208394417944e+00,1.000000416788879409e+00,1.999999435567569993e-03,1.000000208391078838e+00,1.000000416785610691e+00,1.999967389541049655e-03,1.000000208398253765e+00,1.000000416795047364e+00,2.000036664709431335e-03,1.000000208394412393e+00,1.000000416788657587e+00,1.999999799313049477e-03,-2.036313256615035428e-27,3.363501905647708395e-19,-7.781996836603156346e-19,-3.409427950744390629e-12
1.922052104248795513e+04,2.216736036540406474e+01,1.000000208110763067e+00,1.000000416221568988e+00,1.999998234236276002e-03,1.000000208107652888e+00,1.000000416218667088e+00,1.999968344607921163e-03,1.000000208113094979e+00,1.000000416225786060e+00,2.000021061616942281e-03,1.000000208111046618e+00,1.000000416221816790e+00,2.000001374627448803e-03,-1.920084257070365136e-27,3.234566065348484203e-19,-7.580602372354477466e-19,-3.317587567868282632e-12
1.924667141125324270e+04,2.219752003937059825e+01,1.000000207828060761e+00,1.000000415656164821e+00,1.999998782142173304e-03,1.000000207825075593e+00,1.000000415653423236e+00,1.999970054871560640e-03,1.000000207826387877e+00,1.000000415654976660e+00,1.999983099623471247e-03,1.000000207828311893e+00,1.000000415656331354e+00,2.000001615516464569e-03,-1.811640105558235697e-27,3.116029047398548042e-19,-7.384834783812335971e-19,-3.228434804854302711e-12
1.927282178001853390e+04,2.222767971333713533e+01,1.000000207546135611e+00,1.000000415092314299e+00,1.999999426277092752e-03,1.000000207543140229e+00,1.000000415089465022e+00,1.999970561548062176e-03,1.000000207546492881e+00,1.000000415093766026e+00,2.000003283749202283e-03,1.000000207546207776e+00,1.000000415092197947e+00,2.000000536332308034e-03,-1.709107430236105424e-27,3.016004351854971029e-19,-7.193243164882777166e-19,-3.141274073670619714e-12
1.929897214878382511e+04,2.225783938730367240e+01,1.000000207264788887e+00,1.000000414529620629e+00,1.999998279483803515e-03,1.000000207261857454e+00,1.000000414526813985e+00,1.999969992663105673e-03,1.000000207268309627e+00,1.000000414535344939e+00,2.000032668372966459e-03,1.000000207264732710e+00,1.000000414529412796e+00,1.999998151273462300e-03,-1.610865584452779300e-27,2.932205995342272709e-19,-7.005851491787680654e-19,-3.056115361937490381e-12
1.932512251754911631e+04,2.228799906127020947e+01,1.000000206984368978e+00,1.000000413968780588e+00,1.999998730771640910e-03,1.000000206981625173e+00,1.000000413966267487e+00,1.999972218585977478e-03,1.000000206988609586e+00,1.000000413975407287e+00,2.000040119776579084e-03,1.000000206984411832e+00,1.000000413968674007e+00,1.999999558283483813e-03,-1.519192831361902776e-27,2.881246644814943801e-19,-6.825026930425020208e-19,-2.974080773407897272e-12
1.935127288631440388e+04,2.231815873523674298e+01,1.000000206704731109e+00,1.000000413409504851e+00,1.999999415723691283e-03,1.000000206702026606e+00,1.000000413406989974e+00,1.999973247933117555e-03,1.000000206707392314e+00,1.000000413413952183e+00,2.000025578452748701e-03,1.000000206704876105e+00,1.000000413409487532e+00,2.000001232927348365e-03,-1.432682663278446083e-27,2.846968214722643318e-19,-6.648048476471382253e-19,-2.893872290093804721e-12
1.937742325507969144e+04,2.234831840920328005e+01,1.000000206425664562e+00,1.000000412851371756e+00,1.999998323407437776e-03,1.000000206423060423e+00,1.000000412848978781e+00,1.999973092654402755e-03,1.000000206424658034e+00,1.000000412850980291e+00,1.999988984894186025e-03,1.000000206425959215e+00,1.000000412851629550e+00,2.000001590201130972e-03,-1.349842244729380028e-27,2.816473996996553157e-19,-6.474871771225028383e-19,-2.815467687487932570e-12
1.940357362384498265e+04,2.237847808316981713e+01,1.000000206147499293e+00,1.000000412295040997e+00,1.999998677418171698e-03,1.000000206144947112e+00,1.000000412292676222e+00,1.999973916705221223e-03,1.000000206148109916e+00,1.000000412296762065e+00,2.000005013976618486e-03,1.000000206147659387e+00,1.000000412295095398e+00,2.000000644176695968e-03,-1.272540638304083478e-27,2.771205849696149065e-19,-6.306718550968879845e-19,-2.739443387441427923e-12
1.942972399261027385e+04,2.240863775713635420e+01,1.000000205870121173e+00,1.000000411740284534e+00,1.999999404342856640e-03,1.000000205867656922e+00,1.000000411738021899e+00,1.999975464484220374e-03,1.000000205873726955e+00,1.000000411745927797e+00,2.000034845879956284e-03,1.000000205869976178e+00,1.000000411739882633e+00,1.999998408776198448e-03,-1.199741884114877603e-27,2.704193268798595188e-19,-6.143270947483767495e-19,-2.665644382931412862e-12
1.945587436137556142e+04,2.243879743110288771e+01,1.000000205593307268e+00,1.000000411186656946e+00,1.999998366381702114e-03,1.000000205590991120e+00,1.000000411184617910e+00,1.999975835046519535e-03,1.000000205597857628e+00,1.000000411193607164e+00,2.000043042621146155e-03,1.000000205593362335e+00,1.000000411186592997e+00,1.999999312647277126e-03,-1.130078249264043554e-27,2.624680225866245338e-19,-5.983324496409359141e-19,-2.593499012617084468e-12
1.948202473014085263e+04,2.246895710506942478e+01,1.000000205317369550e+00,1.000000410634781289e+00,1.999998624596001882e-03,1.000000205314961477e+00,1.000000410632488457e+00,1.999975167519920435e-03,1.000000205320501712e+00,1.000000410639800164e+00,2.000029545893952827e-03,1.000000205317579827e+00,1.000000410634906967e+00,2.000001083865247595e-03,-1.065077388944620203e-27,2.532516658573840853e-19,-5.826910200852549644e-19,-2.523020735725884902e-12
1.950817509890614383e+04,2.249911677903596186e+01,1.000000205042223644e+00,1.000000410084489477e+00,1.999999390334559080e-03,1.000000205039951906e+00,1.000000410082401148e+00,1.999977231599774519e-03,1.000000205041659429e+00,1.000000410084506575e+00,1.999994297392140592e-03,1.000000205042403500e+00,1.000000410084522340e+00,2.000001554444099088e-03,-1.003995886599496609e-27,2.438399497447093303e-19,-5.675988688544992361e-19,-2.455129875652343176e-12
1.953432546767143140e+04,2.252927645300249537e+01,1.000000204767635514e+00,1.000000409535312773e+00,1.999998408798537349e-03,1.000000204765558509e+00,1.000000409533547963e+00,1.999978122350413133e-03,1.000000204768400458e+00,1.000000409537152857e+00,2.000006290695560424e-03,1.000000204767832024e+00,1.000000409535435786e+00,2.000000738182601025e-03,-9.455875722515034384e-28,2.345569426545531435e-19,-5.528290449587175266e-19,-2.388754490071974792e-12
1.956047583643671896e+04,2.255943612696903244e+01,1.000000204493898703e+00,1.000000408987838929e+00,1.999998572787074075e-03,1.000000204491780176e+00,1.000000408985926237e+00,1.999977853083348758e-03,1.000000204497741407e+00,1.000000408993752643e+00,2.000036564072083922e-03,1.000000204493864508e+00,1.000000408987643530e+00,1.999998648733702401e-03,-8.910951242222265539e-28,2.259865595581998394e-19,-5.383778119547937973e-19,-2.323876072868754355e-12
1.958662620520201017e+04,2.258959580093556951e+01,1.000000204220958366e+00,1.000000408441958255e+00,1.999999378579201976e-03,1.000000204218833399e+00,1.000000408439969846e+00,1.999978568113319755e-03,1.000000204225625522e+00,1.000000408448895817e+00,2.000045494362219338e-03,1.000000204220884426e+00,1.000000408441654942e+00,1.999999062651183854e-03,-8.400043325696342617e-28,2.188611164357299500e-19,-5.243484903077183497e-19,-2.260977436798130444e-12
1.961277657396730137e+04,2.261975547490210658e+01,1.000000203948568700e+00,1.000000407897178922e+00,1.999998446973689191e-03,1.000000203946685318e+00,1.000000407895612176e+00,1.999979977795180580e-03,1.000000203952053024e+00,1.000000407902582378e+00,2.000033024428787137e-03,1.000000203948780086e+00,1.000000407897319699e+00,2.000000927770396574e-03,-7.911864587442080219e-28,2.129600250638890945e-19,-5.107123408349977531e-19,-2.199920195245237294e-12
1.963892694273258894e+04,2.264991514886864010e+01,1.000000203677006594e+00,1.000000407354054488e+00,1.999998518478427953e-03,1.000000203675144306e+00,1.000000407352470422e+00,1.999980231808442394e-03,1.000000203677023913e+00,1.000000407354812326e+00,1.999999097134609952e-03,1.000000203677269495e+00,1.000000407354259657e+00,2.000001508665272612e-03,-7.456464845278770186e-28,2.092854906407766174e-19,-4.973694740497250790e-19,-2.140234864212168588e-12
1.966507731149788015e+04,2.268007482283517717e+01,1.000000203406245403e+00,1.000000406812531883e+00,1.999999363563468094e-03,1.000000203404224575e+00,1.000000406810572340e+00,1.999979493694538629e-03,1.000000203406997912e+00,1.000000406814198550e+00,2.000007169468060505e-03,1.000000203406351984e+00,1.000000406812471709e+00,2.000000818868507332e-03,-7.030478871053915407e-28,2.068866772577026525e-19,-4.843234000431398224e-19,-2.081936896440590671e-12
1.969122768026317135e+04,2.271023449680171424e+01,1.000000203136028443e+00,1.000000406272097742e+00,1.999998486437894966e-03,1.000000203134294718e+00,1.000000406270656450e+00,1.999981416858175650e-03,1.000000203139987942e+00,1.000000406278083620e+00,2.000037877716165022e-03,1.000000203136026222e+00,1.000000406271952302e+00,1.999998871770731351e-03,-6.623747524119942921e-28,2.045910018597330274e-19,-4.717363474352680911e-19,-2.025780572445061035e-12
1.971737804902845892e+04,2.274039417076825131e+01,1.000000202866614840e+00,1.000000405733270981e+00,1.999998463092667305e-03,1.000000202864964383e+00,1.000000405731940489e+00,1.999982191744949320e-03,1.000000202871550670e+00,1.000000405740541609e+00,2.000047529124763558e-03,1.000000202866608623e+00,1.000000405733121545e+00,1.999998808531381397e-03,-6.244342226427601709e-28,2.012814236296021855e-19,-4.594191928714546395e-19,-1.970881196409435613e-12
1.974352841779374648e+04,2.277055384473478483e+01,1.000000202598006815e+00,1.000000405196054487e+00,1.999999346959643008e-03,1.000000202596232235e+00,1.000000405194422459e+00,1.999981828719549215e-03,1.000000202601685428e+00,1.000000405201571629e+00,2.000036067694781379e-03,1.000000202598109400e+00,1.000000405195990982e+00,2.000000764958587834e-03,-5.890255411750328639e-28,1.962962618224157853e-19,-4.473687922607380338e-19,-1.917223368668930554e-12
1.976967878655903769e+04,2.280071351870132190e+01,1.000000202329936361e+00,1.000000404659913578e+00,1.999998520423621959e-03,1.000000202328310994e+00,1.000000404658528019e+00,1.999982453936734531e-03,1.000000202330392884e+00,1.000000404661174125e+00,2.000003437427146352e-03,1.000000202330192156e+00,1.000000404660110309e+00,2.000001453267961308e-03,-5.552405778686175768e-28,1.904695842664710955e-19,-4.356724405854078465e-19,-1.865211224007914981e-12
1.979582915532432889e+04,2.283087319266785897e+01,1.000000202062646393e+00,1.000000404125333642e+00,1.999998408940797685e-03,1.000000202061164467e+00,1.000000404124184783e+00,1.999983740966875412e-03,1.000000202063544119e+00,1.000000404127177722e+00,2.000007699386928406e-03,1.000000202062855781e+00,1.000000404125476194e+00,2.000000886732915869e-03,-5.237224058910201612e-28,1.837971193484963485e-19,-4.243043178670167490e-19,-1.814721907593401350e-12
1.982197952408962010e+04,2.286103286663439604e+01,1.000000201796165777e+00,1.000000403592372411e+00,1.999999329214831745e-03,1.000000201794609023e+00,1.000000403591024156e+00,1.999983900234688760e-03,1.000000201800111066e+00,1.000000403598203746e+00,2.000038835243646371e-03,1.000000201796099830e+00,1.000000403592086196e+00,1.999999078488445044e-03,-4.943719881175956738e-28,1.769803912753643875e-19,-4.131816628738994339e-19,-1.765370116079745112e-12
1.984812989285490767e+04,2.289119254060092956e+01,1.000000201530216515e+00,1.000000403060473442e+00,1.999998554104505128e-03,1.000000201528659760e+00,1.000000403059077225e+00,1.999983104769507622e-03,1.000000201535278688e+00,1.000000403067830668e+00,2.000049194827947883e-03,1.000000201530175437e+00,1.000000403060273158e+00,1.999998550513951492e-03,-4.663835091563833094e-28,1.703050272876989059e-19,-4.023081774944137297e-19,-1.717172215308075734e-12
1.987428026162019887e+04,2.292135221456746663e+01,1.000000201265025090e+00,1.000000402530090593e+00,1.999998355070546109e-03,1.000000201263671729e+00,1.000000402529054533e+00,1.999984906524025774e-03,1.000000201269046984e+00,1.000000402536058042e+00,2.000038723248919945e-03,1.000000201265210054e+00,1.000000402530205168e+00,2.000000595732747462e-03,-4.402646872471429674e-28,1.641152832088010524e-19,-3.918179636722700510e-19,-1.670745957629106994e-12
1.990043063038548644e+04,2.295151188853400370e+01,1.000000201000646793e+00,1.000000402001333999e+00,1.999999311978092800e-03,1.000000200999266786e+00,1.000000402000199129e+00,1.999985580609121242e-03,1.000000201001415734e+00,1.000000402002885869e+00,2.000007365615648694e-03,1.000000201000815103e+00,1.000000402001362421e+00,2.000001388639597016e-03,-4.159906871093515336e-28,1.590469083684870458e-19,-3.815535581211654242e-19,-1.625361627020297145e-12
1.992658099915077764e+04,2.298167156250054077e+01,1.000000200736793632e+00,1.000000401473627232e+00,1.999998587376026950e-03,1.000000200735444045e+00,1.000000401472509237e+00,1.999985141047608186e-03,1.000000200737690470e+00,1.000000401475388045e+00,2.000007923810039577e-03,1.000000200736989697e+00,1.000000401473741807e+00,2.000000942255209229e-03,-3.928521064741514465e-28,1.548998916588746751e-19,-3.715123177971147597e-19,-1.581006417087353739e-12
1.995273136791606521e+04,2.301183123646707429e+01,1.000000200473675882e+00,1.000000400947391954e+00,1.999998299655751828e-03,1.000000200472412226e+00,1.000000400946402523e+00,1.999985692962927188e-03,1.000000200477763501e+00,1.000000400953413804e+00,2.000039479468594932e-03,1.000000200473732948e+00,1.000000400947340440e+00,1.999999269465399347e-03,-3.712457594153552738e-28,1.522546505466923664e-19,-3.617679307646954102e-19,-1.538018384156571327e-12
1.997888173668135641e+04,2.304199091043361136e+01,1.000000200211375256e+00,1.000000400422790481e+00,1.999999293925534220e-03,1.000000200210132473e+00,1.000000400421801272e+00,1.999986879211712587e-03,1.000000200216464519e+00,1.000000400430067771e+00,2.000050533886914023e-03,1.000000200211234480e+00,1.000000400422409230e+00,1.999998288815335156e-03,-3.511989633527991535e-28,1.505794555578610028e-19,-3.522973285576516637e-19,-1.496289002383278099e-12
2.000503210544664762e+04,2.307215058440014843e+01,1.000000199949593327e+00,1.000000399899226622e+00,1.999998617207169281e-03,1.000000199948427593e+00,1.000000399898350656e+00,1.999986956932361948e-03,1.000000199953793967e+00,1.000000399905349946e+00,2.000041033253267039e-03,1.000000199949733659e+00,1.000000399899265480e+00,2.000000420383511463e-03,-3.320924018113517072e-28,1.488561174616874652e-19,-3.430320057292357928e-19,-1.455502270131956377e-12
2.003118247421193882e+04,2.310231025836668550e+01,1.000000199688525271e+00,1.000000399377090510e+00,1.999998244661933301e-03,1.000000199687314462e+00,1.000000399376084426e+00,1.999986117691613004e-03,1.000000199689751401e+00,1.000000399379260330e+00,2.000010923755925034e-03,1.000000199688791946e+00,1.000000399377322768e+00,2.000001315152426240e-03,-3.142327870989197431e-28,1.464406350252274766e-19,-3.339756969479711555e-19,-1.415674693094928540e-12
2.005733284297722639e+04,2.313246993233321902e+01,1.000000199428277670e+00,1.000000398856595307e+00,1.999999273161317485e-03,1.000000199427134806e+00,1.000000398855686923e+00,1.999987811763692669e-03,1.000000199429096348e+00,1.000000398858144290e+00,2.000007881013619957e-03,1.000000199428408676e+00,1.000000398856578432e+00,2.000000985896458697e-03,-2.976821570064657872e-28,1.427404763409921880e-19,-3.252391478312621292e-19,-1.377311850115372886e-12
2.008348321174251396e+04,2.316262960629975609e+01,1.000000199168542991e+00,1.000000398337125507e+00,1.999998646733466921e-03,1.000000199167522918e+00,1.000000398336425178e+00,1.999988403424835057e-03,1.000000199172606408e+00,1.000000398343032337e+00,2.000039848226489812e-03,1.000000199168582959e+00,1.000000398337029583e+00,1.999999445258508583e-03,-2.819045569167807017e-28,1.384768413823129938e-19,-3.166913663816444309e-19,-1.339812212336284264e-12
2.010963358050780516e+04,2.319278928026629316e+01,1.000000198909500648e+00,1.000000397819040820e+00,1.999998189453271874e-03,1.000000198908477245e+00,1.000000397818297415e+00,1.999987899317731341e-03,1.000000198914771543e+00,1.000000397826575460e+00,2.000051583837154489e-03,1.000000198909444693e+00,1.000000397818847420e+00,1.999998023642765056e-03,-2.671342358942680922e-28,1.336506745371072689e-19,-3.083301328751069410e-19,-1.303165136646349012e-12
2.013578394927309273e+04,2.322294895423282668e+01,1.000000198651282313e+00,1.000000397302604149e+00,1.999999254141968455e-03,1.000000198650203620e+00,1.000000397301714194e+00,1.999988393980484374e-03,1.000000198655591532e+00,1.000000397308773437e+00,2.000043035085025990e-03,1.000000198651340710e+00,1.000000397302492905e+00,2.000000239189753115e-03,-2.534544350456099593e-28,1.287185804572214709e-19,-3.002175943712564471e-19,-1.267653223715525429e-12
2.016193431803838394e+04,2.325310862819936375e+01,1.000000198393570461e+00,1.000000396787180668e+00,1.999998671055646174e-03,1.000000198392659856e+00,1.000000396786592027e+00,1.999989491277304621e-03,1.000000198395066375e+00,1.000000396789626489e+00,2.000014149209515014e-03,1.000000198393785178e+00,1.000000396787316337e+00,2.000001233164160237e-03,-2.404054978703773664e-28,1.239232394444182033e-19,-2.923332424900745833e-19,-1.233181028593672427e-12
2.018808468680367514e+04,2.328326830216590082e+01,1.000000198136530516e+00,1.000000396273100334e+00,1.999998132087477901e-03,1.000000198135675422e+00,1.000000396272589409e+00,1.999989500734720375e-03,1.000000198137429575e+00,1.000000396274778547e+00,2.000007604773155860e-03,1.000000198136777207e+00,1.000000396273314829e+00,2.000001018100210949e-03,-2.281640765690070309e-28,1.194568393754288320e-19,-2.846204241708668853e-19,-1.199489560214799377e-12
2.021423505556896635e+04,2.331342797613243789e+01,1.000000197880317909e+00,1.000000395760674676e+00,1.999999233437269215e-03,1.000000197879268971e+00,1.000000395759743421e+00,1.999988631690410770e-03,1.000000197884309605e+00,1.000000395766395211e+00,2.000039974942251827e-03,1.000000197880315689e+00,1.000000395760485272e+00,1.999999606403949758e-03,-2.168244183340378142e-28,1.158563169669917476e-19,-2.770827938832378421e-19,-1.166594926243266795e-12
2.024038542433425391e+04,2.334358765009897141e+01,1.000000197624605791e+00,1.000000395249250218e+00,1.999998699776285756e-03,1.000000197623769127e+00,1.000000395248712204e+00,1.999990232574648443e-03,1.000000197629870691e+00,1.000000395256692709e+00,2.000052377889757673e-03,1.000000197624473453e+00,1.000000395248922924e+00,1.999997755194676645e-03,-2.059958460502812941e-28,1.129474492207060282e-19,-2.698117229949990633e-19,-1.134910611900334454e-12
2.026653579309954512e+04,2.337374732406550848e+01,1.000000197369544708e+00,1.000000394739128273e+00,1.999998076261871177e-03,1.000000197368821730e+00,1.000000394738786547e+00,1.999990750139879567e-03,1.000000197374112831e+00,1.000000394745671484e+00,2.000044761879079223e-03,1.000000197369700805e+00,1.000000394739226417e+00,2.000000052419102520e-03,-1.958098372027352899e-28,1.110455722799671126e-19,-2.626983306957445103e-19,-1.103941045063509333e-12
2.029268616186483268e+04,2.340390699803204555e+01,1.000000197115314293e+00,1.000000394230667222e+00,1.999999211060283100e-03,1.000000197114425893e+00,1.000000394229964229e+00,1.999990197044379178e-03,1.000000197117036027e+00,1.000000394233331091e+00,2.000017075173623603e-03,1.000000197115465950e+00,1.000000394230685430e+00,2.000001143018602118e-03,-1.863642468999570163e-28,1.098776198508046741e-19,-2.557407545058317482e-19,-1.073677385926301033e-12
2.031883653063012389e+04,2.343406667199858262e+01,1.000000196861578594e+00,1.000000393723195602e+00,1.999998723662973956e-03,1.000000196860783008e+00,1.000000393722649150e+00,1.999990640973868267e-03,1.000000196862366852e+00,1.000000393724640446e+00,2.000007124879663294e-03,1.000000196861767776e+00,1.000000393723296188e+00,2.000001039293220536e-03,-1.773299128630193699e-28,1.085866841793951684e-19,-2.489913628730871073e-19,-1.044355728162534999e-12
2.034498689939541146e+04,2.346422634596511614e+01,1.000000196608474168e+00,1.000000393216986527e+00,1.999998022605009671e-03,1.000000196607848890e+00,1.000000393216752492e+00,1.999991661972643376e-03,1.000000196612551129e+00,1.000000393222854722e+00,2.000039889135083165e-03,1.000000196608605618e+00,1.000000393217056471e+00,1.999999753418028187e-03,-1.688034010183411185e-28,1.068260930877393806e-19,-2.424320041594049814e-19,-1.015892463726890636e-12
2.037113726816070266e+04,2.349438601993165321e+01,1.000000196356202853e+00,1.000000392712444119e+00,1.999999188488778539e-03,1.000000196355459448e+00,1.000000392711945629e+00,1.999991616482692594e-03,1.000000196361441995e+00,1.000000392719775810e+00,2.000052945424903722e-03,1.000000196355997018e+00,1.000000392711988040e+00,1.999997483661098037e-03,-1.608811083282953467e-28,1.040849570710027433e-19,-2.360158692559383885e-19,-9.880754669279359593e-13
2.039728763692599387e+04,2.352454569389819028e+01,1.000000196104420702e+00,1.000000392208879818e+00,1.999998746199639632e-03,1.000000196103634442e+00,1.000000392208268085e+00,1.999990727414501131e-03,1.000000196109039452e+00,1.000000392215403267e+00,2.000046243010245289e-03,1.000000196104491534e+00,1.000000392208821642e+00,1.999999860328433628e-03,-1.532879041876143538e-28,1.009688307455166968e-19,-2.297464550755419266e-19,-9.609200882004591670e-13
2.042343800569128507e+04,2.355470536786472735e+01,1.000000195853250062e+00,1.000000391706538538e+00,1.999997963160471837e-03,1.000000195852690066e+00,1.000000391706353575e+00,1.999992244633636614e-03,1.000000195855343277e+00,1.000000391709737091e+00,2.000019731152228621e-03,1.000000195853513407e+00,1.000000391706788339e+00,2.000001045046233619e-03,-1.460938043583165712e-28,9.748081263902986249e-20,-2.236990787061387241e-19,-9.347642609534993950e-13
2.044958837445657264e+04,2.358486504183126087e+01,1.000000195602915642e+00,1.000000391205869477e+00,1.999999163228841602e-03,1.000000195602283704e+00,1.000000391205515093e+00,1.999992701783183998e-03,1.000000195603591768e+00,1.000000391207094941e+00,2.000006467598279460e-03,1.000000195603061748e+00,1.000000391205885020e+00,2.000001049886160689e-03,-1.393905879087296286e-28,9.391545664531654057e-20,-2.177833110007994305e-19,-9.091999383106588789e-13
2.047573874322186020e+04,2.361502471579779794e+01,1.000000195353064614e+00,1.000000390706167419e+00,1.999998765857708641e-03,1.000000195352414245e+00,1.000000390705750863e+00,1.999992107468448986e-03,1.000000195357016564e+00,1.000000390711780041e+00,2.000039616866919421e-03,1.000000195353135890e+00,1.000000390706109465e+00,1.999999886798004521e-03,-1.329497914731806517e-28,9.047365113026998739e-20,-2.119975906296223186e-19,-8.842197826487656648e-13
2.050188911198715141e+04,2.364518438976433501e+01,1.000000195103806000e+00,1.000000390207649970e+00,1.999997907606320714e-03,1.000000195103279754e+00,1.000000390207457457e+00,1.999992513090687041e-03,1.000000195109172818e+00,1.000000390215196600e+00,2.000053312430279898e-03,1.000000195103734724e+00,1.000000390207458123e+00,1.999997567611049628e-03,-1.268215788193879814e-28,8.725314193784198770e-20,-2.063860090167217834e-19,-8.600209128088998828e-13
2.052803948075244261e+04,2.367534406373087208e+01,1.000000194855386049e+00,1.000000389710810067e+00,1.999999139201345030e-03,1.000000194854833380e+00,1.000000389710541393e+00,1.999993466595596618e-03,1.000000194860060310e+00,1.000000389717344396e+00,2.000047504521746886e-03,1.000000194855399149e+00,1.000000389710650639e+00,1.999999663164327840e-03,-1.210914667737164227e-28,8.469827114708278964e-20,-2.009325647621917206e-19,-8.365303521444118895e-13
2.055418984951773018e+04,2.370550373769740560e+01,1.000000194607443937e+00,1.000000389214925844e+00,1.999998785332871877e-03,1.000000194606917470e+00,1.000000389214686480e+00,1.999993374773744847e-03,1.000000194609678816e+00,1.000000389218222985e+00,2.000022143374705075e-03,1.000000194607615800e+00,1.000000389215001340e+00,2.000000939564784957e-03,-1.155705524340600374e-28,8.266147283214851783e-20,-1.955986163340194331e-19,-8.135744730685968775e-13
2.058034021828302139e+04,2.373566341166394267e+01,1.000000194360075589e+00,1.000000388720188482e+00,1.999997851811198286e-03,1.000000194359552896e+00,1.000000388719934685e+00,1.999992473211313366e-03,1.000000194360796346e+00,1.000000388721523192e+00,2.000005656075405820e-03,1.000000194360348704e+00,1.000000388720460265e+00,2.000001050274291189e-03,-1.102944074829126809e-28,8.129541150743943902e-20,-1.903874529926533199e-19,-7.911676437219845107e-13
2.060649058704831259e+04,2.376582308563047974e+01,1.000000194113548346e+00,1.000000388227133996e+00,1.999999115629662230e-03,1.000000194113044083e+00,1.000000388226895520e+00,1.999993920081212864e-03,1.000000194117399266e+00,1.000000388232554993e+00,2.000039181140596777e-03,1.000000194113597196e+00,1.000000388227025194e+00,2.000000007022879715e-03,-1.053417996848286398e-28,8.048214326447188638e-20,-1.853611021931802577e-19,-7.695858618338006193e-13
2.063264095581360016e+04,2.379598275959701681e+01,1.000000193867493392e+00,1.000000387735024310e+00,1.999998803810759933e-03,1.000000193867059073e+00,1.000000387734904406e+00,1.999994323234216033e-03,1.000000193872757848e+00,1.000000387742342456e+00,2.000053501890364672e-03,1.000000193867360609e+00,1.000000387734693463e+00,1.999997821423044053e-03,-1.005566697020141459e-28,7.951669661828569196e-20,-1.804445183887167177e-19,-7.484933350195616916e-13
2.065879132457888772e+04,2.382614243356355033e+01,1.000000193621993327e+00,1.000000387244024402e+00,1.999997790383723634e-03,1.000000193621596978e+00,1.000000387243959343e+00,1.999993696331680074e-03,1.000000193626871869e+00,1.000000387250885137e+00,2.000048569505711617e-03,1.000000193622117450e+00,1.000000387244101452e+00,1.999999461163516363e-03,-9.596403218056346961e-29,7.823477820149360364e-20,-1.756363938425163477e-19,-7.278839761517194500e-13
2.068494169334417893e+04,2.385630210753008740e+01,1.000000193377337254e+00,1.000000386754712256e+00,1.999999086000297729e-03,1.000000193376852309e+00,1.000000386754449799e+00,1.999994070466458353e-03,1.000000193379741109e+00,1.000000386758183257e+00,2.000024335167642324e-03,1.000000193377468261e+00,1.000000386754714921e+00,2.000000826879769125e-03,-9.163625268731466826e-29,7.620745540552529111e-20,-1.709738207976324409e-19,-7.079222640409249657e-13
2.071109206210947013e+04,2.388646178149662447e+01,1.000000193133148363e+00,1.000000386266334029e+00,1.999998821696380435e-03,1.000000193132775994e+00,1.000000386266278074e+00,1.999994965614106199e-03,1.000000193133679716e+00,1.000000386267321906e+00,2.000004710700005028e-03,1.000000193133325332e+00,1.000000386266415742e+00,2.000001040838102380e-03,-8.744390647934641900e-29,7.393236009666780230e-20,-1.664427447495880342e-19,-6.885447093074221154e-13
2.073724243087475770e+04,2.391662145546315799e+01,1.000000192889496153e+00,1.000000385779029166e+00,1.999997736416211751e-03,1.000000192889216377e+00,1.000000385779139522e+00,1.999994835522746206e-03,1.000000192893400364e+00,1.000000385784579615e+00,2.000038602253197389e-03,1.000000192889688222e+00,1.000000385779201473e+00,2.000000114554145725e-03,-8.340446303936200248e-29,7.141313860280478217e-20,-1.620112941625797128e-19,-6.696092869182062764e-13
2.076339279964004891e+04,2.394678112942969506e+01,1.000000192646689934e+00,1.000000385293416727e+00,1.999999062354581268e-03,1.000000192646195218e+00,1.000000385293078553e+00,1.999993926369704293e-03,1.000000192651899766e+00,1.000000385300616079e+00,2.000053534131921752e-03,1.000000192646556263e+00,1.000000385293069671e+00,1.999998059428862666e-03,-7.958477894164786845e-29,6.883776061024408762e-20,-1.576825211605104226e-19,-6.511292569933738961e-13
2.078954316840534011e+04,2.397694080339623213e+01,1.000000192404345345e+00,1.000000384808727771e+00,1.999998837369706354e-03,1.000000192404005839e+00,1.000000384808682474e+00,1.999995308280295894e-03,1.000000192409178146e+00,1.000000384815431742e+00,2.000049458440922648e-03,1.000000192404348454e+00,1.000000384808577447e+00,1.999999254553303050e-03,-7.587646078407067606e-29,6.636933810119078409e-20,-1.535074631119384599e-19,-6.333298805894739863e-13
2.081569353717062768e+04,2.400710047736276920e+01,1.000000192162519896e+00,1.000000384325076652e+00,1.999997676964415834e-03,1.000000192162326940e+00,1.000000384325306690e+00,1.999995668700006897e-03,1.000000192165235724e+00,1.000000384329026382e+00,2.000026327284945039e-03,1.000000192162774137e+00,1.000000384325335778e+00,2.000000707284997539e-03,-7.229161008658383841e-29,6.404866963169385141e-20,-1.494238886306174871e-19,-6.159349766590175754e-13
2.084184390593591525e+04,2.403726015132930272e+01,1.000000191921542658e+00,1.000000383843122176e+00,1.999999033025705569e-03,1.000000191921156967e+00,1.000000383842949869e+00,1.999995013764907688e-03,1.000000191921948778e+00,1.000000383843902219e+00,2.000003649424041217e-03,1.000000191921696757e+00,1.000000383843161256e+00,2.000001021943924057e-03,-6.889276592144581949e-29,6.223768131197581047e-20,-1.454307033101007631e-19,-5.989394983635093746e-13
2.086799427470120645e+04,2.406741982529583979e+01,1.000000191681021944e+00,1.000000383362080747e+00,1.999998850813316728e-03,1.000000191680687767e+00,1.000000383361994594e+00,1.999995364010094707e-03,1.000000191684727424e+00,1.000000383367267709e+00,2.000037898109470122e-03,1.000000191681115425e+00,1.000000383362050771e+00,2.000000209836498913e-03,-6.558764175300844713e-29,6.081394901900011075e-20,-1.415590863972282754e-19,-5.824806080962234100e-13
2.089414464346649766e+04,2.409757949926237686e+01,1.000000191441002828e+00,1.000000382882042294e+00,1.999997619137001102e-03,1.000000191440867825e+00,1.000000382882338945e+00,1.999996208749645153e-03,1.000000191446308140e+00,1.000000382889435269e+00,2.000053427130499273e-03,1.000000191441029695e+00,1.000000382882002548e+00,1.999998282157261758e-03,-6.238448689538952364e-29,5.983353714374036108e-20,-1.377967345337155796e-19,-5.665032351992611542e-13
2.092029501223178886e+04,2.412773917322891393e+01,1.000000191201834143e+00,1.000000382403704702e+00,1.999999006507199861e-03,1.000000191201551036e+00,1.000000382403689603e+00,1.999996045167566280e-03,1.000000191206690703e+00,1.000000382410404898e+00,2.000050189492485250e-03,1.000000191201801059e+00,1.000000382403496868e+00,1.999999043551962518e-03,-5.934280626012088135e-29,5.926778857288308316e-20,-1.341173823380802341e-19,-5.508912788402132742e-13
2.094644538099707643e+04,2.415789884719544744e+01,1.000000190963116653e+00,1.000000381926269721e+00,1.999998864992907823e-03,1.000000190962760716e+00,1.000000381926093418e+00,1.999995137180188721e-03,1.000000190965875335e+00,1.000000381930176374e+00,2.000028138200781597e-03,1.000000190963244107e+00,1.000000381926285264e+00,2.000000581063067495e-03,-5.638222017074364311e-29,5.854671139750983421e-20,-1.305238306491432070e-19,-5.356568377133707478e-13
2.097259574976236763e+04,2.418805852116198452e+01,1.000000190724883664e+00,1.000000381449803744e+00,1.999997560392152273e-03,1.000000190724779081e+00,1.000000381450115272e+00,1.999996463703567710e-03,1.000000190725317095e+00,1.000000381450690146e+00,2.000002488046566558e-03,1.000000190725174765e+00,1.000000381450120379e+00,2.000000993944509205e-03,-5.350813584016085330e-29,5.761413361320692318e-20,-1.270580372855995421e-19,-5.209836399805435533e-13
2.099874611852765520e+04,2.421821819512852159e+01,1.000000190487503104e+00,1.000000380975042402e+00,1.999998977049128462e-03,1.000000190487294160e+00,1.000000380975131442e+00,1.999996783268404976e-03,1.000000190491096230e+00,1.000000380980048620e+00,2.000037084499708094e-03,1.000000190487592144e+00,1.000000380975000214e+00,2.000000293298526566e-03,-5.077823564075567817e-29,5.611696024447134456e-20,-1.236684354377524603e-19,-5.066446554330774691e-13
2.102489648729294640e+04,2.424837786909505866e+01,1.000000190250568632e+00,1.000000380501173680e+00,1.999998875592761717e-03,1.000000190250305510e+00,1.000000380501139929e+00,1.999996109527347674e-03,1.000000190255699861e+00,1.000000380508231812e+00,2.000053196782202412e-03,1.000000190250495802e+00,1.000000380500921882e+00,1.999998490118184979e-03,-4.812058866882308957e-29,5.445744339926174387e-20,-1.203541099794193281e-19,-4.926357020916479040e-13
2.105104685605823397e+04,2.427853754306159217e+01,1.000000190014102008e+00,1.000000380028240210e+00,1.999997502560382518e-03,1.000000190014000978e+00,1.000000380028517100e+00,1.999996439163642930e-03,1.000000190019127544e+00,1.000000380035239056e+00,2.000050778777601613e-03,1.000000190014191936e+00,1.000000380028292835e+00,1.999998828369124824e-03,-4.553840101063044062e-29,5.263899335662198612e-20,-1.171412493825242539e-19,-4.790710963509825203e-13
2.107719722482352518e+04,2.430869721702812924e+01,1.000000189778489590e+00,1.000000379557015151e+00,1.999998947971386512e-03,1.000000189778327497e+00,1.000000379557156815e+00,1.999997239742941531e-03,1.000000189781379722e+00,1.000000379561070574e+00,2.000029784369454760e-03,1.000000189778595949e+00,1.000000379556998498e+00,2.000000448485827944e-03,-4.308855156299479605e-29,5.077998704157828556e-20,-1.140191162584705161e-19,-4.659032010549705157e-13
2.110334759358881638e+04,2.433885689099466632e+01,1.000000189543318374e+00,1.000000379086672719e+00,1.999998886288423955e-03,1.000000189543144069e+00,1.000000379086777302e+00,1.999997047078765685e-03,1.000000189543505558e+00,1.000000379087125690e+00,2.000001240465446983e-03,1.000000189543478690e+00,1.000000379086732005e+00,2.000000957179587802e-03,-4.070483206636630637e-29,4.901086891746729954e-20,-1.109660832477674561e-19,-4.530371670614792929e-13
2.112949796235410759e+04,2.436901656496120339e+01,1.000000189308598575e+00,1.000000378617232677e+00,1.999997445068296339e-03,1.000000189308475340e+00,1.000000378617426966e+00,1.999996143124036473e-03,1.000000189312228782e+00,1.000000378622365238e+00,2.000036175346006986e-03,1.000000189308839049e+00,1.000000378617490471e+00,2.000000365353353949e-03,-3.838863534998912827e-29,4.733950940000143742e-20,-1.079846969468914393e-19,-4.404839297255800489e-13
2.115564833111939515e+04,2.439917623892773690e+01,1.000000189074734536e+00,1.000000378149504598e+00,1.999998917919595595e-03,1.000000189074592871e+00,1.000000378149649816e+00,1.999997419417869245e-03,1.000000189079798041e+00,1.000000378156450820e+00,2.000052857144579265e-03,1.000000189074676582e+00,1.000000378149271896e+00,1.999998683803520978e-03,-3.619678355994907364e-29,4.605703534799458230e-20,-1.051094212014868276e-19,-4.283932425230526098e-13
2.118179869988468636e+04,2.442933591289427397e+01,1.000000188841306814e+00,1.000000377682649377e+00,1.999998896139233359e-03,1.000000188841194682e+00,1.000000377682841224e+00,1.999997708554942036e-03,1.000000188846213556e+00,1.000000377689382658e+00,2.000051240601183160e-03,1.000000188841243975e+00,1.000000377682411346e+00,1.999998609206142357e-03,-3.406676182037154128e-29,4.506349121706335297e-20,-1.022975572684637353e-19,-4.165785772427661507e-13
2.120794906864997392e+04,2.445949558686081104e+01,1.000000188608315410e+00,1.000000377216666347e+00,1.999997396842009226e-03,1.000000188608279661e+00,1.000000377216999858e+00,1.999997017758600032e-03,1.000000188611475327e+00,1.000000377221160530e+00,2.000031280455838011e-03,1.000000188608554552e+00,1.000000377216925695e+00,2.000000309814822276e-03,-3.199852149524522445e-29,4.436067983332365962e-20,-9.954834054397281287e-20,-4.050364704650977996e-13
2.123409943741526149e+04,2.448965526082734456e+01,1.000000188376179544e+00,1.000000376752394393e+00,1.999998886845852190e-03,1.000000188376032773e+00,1.000000376752495201e+00,1.999997328565710983e-03,1.000000188376241272e+00,1.000000376752662179e+00,1.999999918900317517e-03,1.000000188376334753e+00,1.000000376752448572e+00,2.000000911976399388e-03,-3.004883460031146458e-29,4.396704459147252373e-20,-9.688375089362712835e-20,-3.938621437490124476e-13
2.126024980618055270e+04,2.451981493479388163e+01,1.000000188144476221e+00,1.000000376288987525e+00,1.999998905576325526e-03,1.000000188144399615e+00,1.000000376289217785e+00,1.999998091251475353e-03,1.000000188147853519e+00,1.000000376293673110e+00,2.000035182920401316e-03,1.000000188144583912e+00,1.000000376288977533e+00,2.000000426399268800e-03,-2.815791642006320559e-29,4.342906843378849152e-20,-9.429444410945765711e-20,-3.830144945492230486e-13
2.128640017494584390e+04,2.454997460876041870e+01,1.000000187913204108e+00,1.000000375826443300e+00,1.999997454643294252e-03,1.000000187913243854e+00,1.000000375826895604e+00,1.999997877667757801e-03,1.000000187918333339e+00,1.000000375833551836e+00,2.000052420650032161e-03,1.000000187913301142e+00,1.000000375826510135e+00,1.999998863687817673e-03,-2.632559073568006659e-29,4.274517535638270496e-20,-9.176262638578430633e-20,-3.724160834064551637e-13
2.131255054371113511e+04,2.458013428272695577e+01,1.000000187682767105e+00,1.000000375365569516e+00,1.999998855021613200e-03,1.000000187682591246e+00,1.000000375365579730e+00,1.999996981016214422e-03,1.000000187687680508e+00,1.000000375372297690e+00,2.000051587664638392e-03,1.000000187682687836e+00,1.000000375365313499e+00,1.999998386256430713e-03,-2.460476040580944255e-29,4.164689816132837661e-20,-8.929059507912952332e-20,-3.620767159908242917e-13
2.133870091247642267e+04,2.461029395669348929e+01,1.000000187452768863e+00,1.000000374905573031e+00,1.999998910675926823e-03,1.000000187452703360e+00,1.000000374905793743e+00,1.999998211799773259e-03,1.000000187455895029e+00,1.000000374909910894e+00,2.000032639539647914e-03,1.000000187452851463e+00,1.000000374905529510e+00,2.000000165301717234e-03,-2.294147682928695866e-29,4.043739794214754595e-20,-8.690663455853823713e-20,-3.521183732544595194e-13
2.136485128124171388e+04,2.464045363066002636e+01,1.000000187223197390e+00,1.000000374446429641e+00,1.999997509544208796e-03,1.000000187223287096e+00,1.000000374446951890e+00,1.999998467822101163e-03,1.000000187223258230e+00,1.000000374446766482e+00,1.999998534089965189e-03,1.000000187223475834e+00,1.000000374446735396e+00,2.000000858650197860e-03,-2.133411501981172494e-29,3.912468690979450235e-20,-8.457541417540779297e-20,-3.423878827252455294e-13
2.139100165000700144e+04,2.467061330462656343e+01,1.000000186994441043e+00,1.000000373988916946e+00,1.999998824399328544e-03,1.000000186994342233e+00,1.000000373989052393e+00,1.999997767578504983e-03,1.000000186997705987e+00,1.000000373993442437e+00,2.000034118038004211e-03,1.000000186994560503e+00,1.000000373988928715e+00,2.000000476820315044e-03,-1.983190257468943409e-29,3.778438740234405203e-20,-8.229629558457621509e-20,-3.328823776242004021e-13
2.141715201877229265e+04,2.470077297859310050e+01,1.000000186766129229e+00,1.000000373532293318e+00,1.999998917513137308e-03,1.000000186766049959e+00,1.000000373532458964e+00,1.999998068645131473e-03,1.000000186771041966e+00,1.000000373539006615e+00,2.000051898294817956e-03,1.000000186766104804e+00,1.000000373532107689e+00,1.999999030228970937e-03,-1.838599680808352632e-29,3.651726409663689620e-20,-8.008771272101630019e-20,-3.236811300128166810e-13
2.144330238753758022e+04,2.473093265255963402e+01,1.000000186538239300e+00,1.000000373076513238e+00,1.999997563492848622e-03,1.000000186538354319e+00,1.000000373077058136e+00,1.999998796687576814e-03,1.000000186543266167e+00,1.000000373083458793e+00,2.000051831250825203e-03,1.000000186538260172e+00,1.000000373076472604e+00,1.999998159705809568e-03,-1.699344548690959330e-29,3.532548725055411155e-20,-7.794155516588135972e-20,-3.147487590025044118e-13
2.146945275630287142e+04,2.476109232652617109e+01,1.000000186311145178e+00,1.000000372622324774e+00,1.999998791657654588e-03,1.000000186311124084e+00,1.000000372622588785e+00,1.999998565216787230e-03,1.000000186314378370e+00,1.000000372626799194e+00,2.000033873296444727e-03,1.000000186311224448e+00,1.000000372622285916e+00,2.000000015188702768e-03,-1.569974614299089235e-29,3.440678505294324641e-20,-7.584319487967963877e-20,-3.060220779816745311e-13
2.149560312506816263e+04,2.479125200049270816e+01,1.000000186084501363e+00,1.000000372169037144e+00,1.999998922225151507e-03,1.000000186084385456e+00,1.000000372169103313e+00,1.999997676476665803e-03,1.000000186084379239e+00,1.000000372169028262e+00,1.999997980822094002e-03,1.000000186084641252e+00,1.000000372169071117e+00,2.000000797504733734e-03,-1.446080515439882015e-29,3.371462968622135589e-20,-7.379469043531955415e-20,-2.975098200982809299e-13
2.152175349383345383e+04,2.482141167445924523e+01,1.000000185858274548e+00,1.000000371716583958e+00,1.999997613259322984e-03,1.000000185858390900e+00,1.000000371717105763e+00,1.999998865302106670e-03,1.000000185861527502e+00,1.000000371721154746e+00,2.000032990227947928e-03,1.000000185858509916e+00,1.000000371716826209e+00,2.000000516986855711e-03,-1.327247217283094764e-29,3.322216933405966668e-20,-7.181923533564202295e-20,-2.893112793969850587e-13
2.154790386259874140e+04,2.485157134842577875e+01,1.000000185632824667e+00,1.000000371265683752e+00,1.999998759032111263e-03,1.000000185632856420e+00,1.000000371266028365e+00,1.999999101130711145e-03,1.000000185637666794e+00,1.000000371272299793e+00,2.000051299806353874e-03,1.000000185632829774e+00,1.000000371265548527e+00,1.999999183868879458e-03,-1.217633494325682051e-29,3.293739945157806307e-20,-6.988761585186052976e-20,-2.813007382077208632e-13
2.157405423136402896e+04,2.488173102239231582e+01,1.000000185407830644e+00,1.000000370815695483e+00,1.999998925360687175e-03,1.000000185407780906e+00,1.000000370815869788e+00,1.999998388835624082e-03,1.000000185412714737e+00,1.000000370822353490e+00,2.000051981387824390e-03,1.000000185407703857e+00,1.000000370815374628e+00,1.999997929732809290e-03,-1.113290273111874355e-29,3.253643290094442328e-20,-6.799929945025135174e-20,-2.734758248612132650e-13
2.160020460012932017e+04,2.491189069635885289e+01,1.000000185183249179e+00,1.000000370366532776e+00,1.999997664889698306e-03,1.000000185183343548e+00,1.000000370366987079e+00,1.999998684084089082e-03,1.000000185186671109e+00,1.000000370371315617e+00,2.000034992157965954e-03,1.000000185183418155e+00,1.000000370366683988e+00,1.999999859708881476e-03,-1.013698522687524732e-29,3.202411104969247275e-20,-6.616973500551171636e-20,-2.659024974011456723e-13
2.162635496889461137e+04,2.494205037032538996e+01,1.000000184959425331e+00,1.000000369918885079e+00,1.999998723771846936e-03,1.000000184959485727e+00,1.000000369919264553e+00,1.999999376845947377e-03,1.000000184959535909e+00,1.000000369919186172e+00,2.000000289302387643e-03,1.000000184959576544e+00,1.000000369918947474e+00,2.000000728832719479e-03,-9.226050330918191182e-30,3.123051508000170956e-20,-6.439190021320284895e-20,-2.585503668337544782e-13
2.165250533765989894e+04,2.497221004429192348e+01,1.000000184736063114e+00,1.000000369472160422e+00,1.999998927311687300e-03,1.000000184736081987e+00,1.000000369472449524e+00,1.999999131644122387e-03,1.000000184739066045e+00,1.000000369476305107e+00,2.000031807884613145e-03,1.000000184736178577e+00,1.000000369472162864e+00,2.000000547256122838e-03,-8.365152748613419906e-30,3.034967003542896511e-20,-6.265377903713860190e-20,-2.513679073855429540e-13
2.167865570642519015e+04,2.500236971825846055e+01,1.000000184513109014e+00,1.000000369026252223e+00,1.999997712371295519e-03,1.000000184513159196e+00,1.000000369026596614e+00,1.999998256311320919e-03,1.000000184517957358e+00,1.000000369032929326e+00,2.000050633791273982e-03,1.000000184513223811e+00,1.000000369026328606e+00,1.999999325034072708e-03,-7.548257908989635097e-30,2.940205886940863693e-20,-6.095720526721868961e-20,-2.443628513272224103e-13
2.170480607519048135e+04,2.503252939222499762e+01,1.000000184290894323e+00,1.000000368581822396e+00,1.999998692663264212e-03,1.000000184290960048e+00,1.000000368582191657e+00,1.999999405939657457e-03,1.000000184295776640e+00,1.000000368588481514e+00,2.000052046993910492e-03,1.000000184290768646e+00,1.000000368581518417e+00,1.999997696508981453e-03,-6.808541201498456557e-30,2.843668544965147700e-20,-5.932118216704885343e-20,-2.376159728111296478e-13
2.173095644395576892e+04,2.506268906619153469e+01,1.000000184069146147e+00,1.000000368138326046e+00,1.999998930878359865e-03,1.000000184069209430e+00,1.000000368138683760e+00,1.999999618475293249e-03,1.000000184072524334e+00,1.000000368142962115e+00,2.000036005454116500e-03,1.000000184069183007e+00,1.000000368138224349e+00,1.999999699086635069e-03,-6.115548580890007879e-30,2.752964695699415444e-20,-5.772157024081167904e-20,-2.310241393980039570e-13
2.175710681272105649e+04,2.509284874015806821e+01,1.000000183847801649e+00,1.000000367695637049e+00,1.999997761722601113e-03,1.000000183847906454e+00,1.000000367696071590e+00,1.999998901849972966e-03,1.000000183848200441e+00,1.000000367696371351e+00,2.000002467133485395e-03,1.000000183848033686e+00,1.000000367695867531e+00,2.000000652916265800e-03,-5.462632890413749104e-30,2.668278217300214230e-20,-5.615792555303491998e-20,-2.245853900334646304e-13
2.178325718148634769e+04,2.512300841412460528e+01,1.000000183627178130e+00,1.000000367254390010e+00,1.999998655753939657e-03,1.000000183627227202e+00,1.000000367254706424e+00,1.999999190226388161e-03,1.000000183630075368e+00,1.000000367258400136e+00,2.000030578401364861e-03,1.000000183627320016e+00,1.000000367254445521e+00,2.000000567972726618e-03,-4.878585656240358629e-30,2.602259739101332895e-20,-5.464318615201905061e-20,-2.183545754777913298e-13
2.180940755025163890e+04,2.515316808809114235e+01,1.000000183407026677e+00,1.000000366814087105e+00,1.999998929358495769e-03,1.000000183407111720e+00,1.000000366814469244e+00,1.999999856728131714e-03,1.000000183411667853e+00,1.000000366820403608e+00,2.000049907866386940e-03,1.000000183407041110e+00,1.000000366813956321e+00,1.999999454136309422e-03,-4.337339118997227702e-30,2.554120862048595353e-20,-5.317128577264886587e-20,-2.123056477532269736e-13
2.183555791901692646e+04,2.518332776205767587e+01,1.000000183187274683e+00,1.000000366374582672e+00,1.999997807121099008e-03,1.000000183187438774e+00,1.000000366375117578e+00,1.999999598629962575e-03,1.000000183192208070e+00,1.000000366381354588e+00,2.000052036005835893e-03,1.000000183187209402e+00,1.000000366374414584e+00,1.999997460199180732e-03,-3.831892328910892887e-30,2.519625626989293023e-20,-5.173236162838565570e-20,-2.063966151698460128e-13
2.186170828778221767e+04,2.521348743602421294e+01,1.000000182968225682e+00,1.000000365936484892e+00,1.999998621393690203e-03,1.000000182968236340e+00,1.000000365936706714e+00,1.999998737896275559e-03,1.000000182971696017e+00,1.000000365941253300e+00,2.000036921538660660e-03,1.000000182968275642e+00,1.000000365936420721e+00,1.999999533537978689e-03,-3.386666535097798074e-30,2.499032921065505691e-20,-5.032803882666226532e-20,-2.006342885872113565e-13
2.188785865654750887e+04,2.524364710999075001e+01,1.000000182749653632e+00,1.000000365499340793e+00,1.999998928396060777e-03,1.000000182749738009e+00,1.000000365499704502e+00,1.999999851811437059e-03,1.000000182750131472e+00,1.000000365500099520e+00,2.000004523183810182e-03,1.000000182749770206e+00,1.000000365499346788e+00,2.000000570027305781e-03,-2.979796476776752941e-30,2.469172760191948190e-20,-4.897387475008311749e-20,-1.950843341286321919e-13
2.191400902531279644e+04,2.527380678395728708e+01,1.000000182531476822e+00,1.000000365062986729e+00,1.999997850301495333e-03,1.000000182531677106e+00,1.000000365063577368e+00,2.000000044816747143e-03,1.000000182534314552e+00,1.000000365066957997e+00,2.000029308288772938e-03,1.000000182531692650e+00,1.000000365063191232e+00,2.000000579469154560e-03,-2.604199842920736976e-30,2.430880299185238472e-20,-4.764993597431194707e-20,-1.896621885846716502e-13
2.194015939407808401e+04,2.530396645792382060e+01,1.000000182313985464e+00,1.000000364628004013e+00,1.999998586265524635e-03,1.000000182314052966e+00,1.000000364628323535e+00,1.999999326763016085e-03,1.000000182318559583e+00,1.000000364634243688e+00,2.000049128774487005e-03,1.000000182314042085e+00,1.000000364627951832e+00,1.999999571573151790e-03,-2.280053209895729092e-30,2.373561390679448930e-20,-4.635585268646562580e-20,-1.843662312450666748e-13
2.196630976284337521e+04,2.533412613189035767e+01,1.000000182096976165e+00,1.000000364193985192e+00,1.999998928060732224e-03,1.000000182097038337e+00,1.000000364194288949e+00,1.999999610910812523e-03,1.000000182101770996e+00,1.000000364200495540e+00,2.000051955492308190e-03,1.000000182096818069e+00,1.000000364193626146e+00,1.999997555957521659e-03,-1.989423554531501589e-30,2.309458762712133188e-20,-4.510245270281110576e-20,-1.792420520686961642e-13
2.199246013160866642e+04,2.536428580585689474e+01,1.000000181880357664e+00,1.000000363760747968e+00,1.999997893513827917e-03,1.000000181880571937e+00,1.000000363761351485e+00,2.000000249709513959e-03,1.000000181883949013e+00,1.000000363765714217e+00,2.000037747900466900e-03,1.000000181880458250e+00,1.000000363760797040e+00,1.999999363270896138e-03,-1.725417586458800107e-30,2.241093331267150051e-20,-4.388450688195397658e-20,-1.742673668264356560e-13
2.201861050037395762e+04,2.539444547982343181e+01,1.000000181664407295e+00,1.000000363328847675e+00,1.999998549987662844e-03,1.000000181664537413e+00,1.000000363329277109e+00,1.999999982497968100e-03,1.000000181665093191e+00,1.000000363329899056e+00,2.000006465457193974e-03,1.000000181664549626e+00,1.000000363328912290e+00,2.000000480427995605e-03,-1.504199133600923005e-30,2.171591410657647661e-20,-4.269392600300517430e-20,-1.694079741027077268e-13
2.204476086913924519e+04,2.542460515378996533e+01,1.000000181448943870e+00,1.000000362897920603e+00,1.999998925338912926e-03,1.000000181448963188e+00,1.000000362898123552e+00,1.999999138267942369e-03,1.000000181451548897e+00,1.000000362901508399e+00,2.000028003279078013e-03,1.000000181449061110e+00,1.000000362897929485e+00,2.000000582066244637e-03,-1.311418029457430704e-30,2.106698822040779434e-20,-4.153214361325368357e-20,-1.646698458048980718e-13
2.207091123790453639e+04,2.545476482775650240e+01,1.000000181233866803e+00,1.000000362467766468e+00,1.999997931099615264e-03,1.000000181234074192e+00,1.000000362468341120e+00,2.000000219739015220e-03,1.000000181238398511e+00,1.000000362473981275e+00,2.000048302486713558e-03,1.000000181233992258e+00,1.000000362467846404e+00,1.999999677728509732e-03,-1.140622497473884181e-30,2.046560137956261795e-20,-4.041188581957331208e-20,-1.601063315922377126e-13
2.209706160666982396e+04,2.548492450172303947e+01,1.000000181019441436e+00,1.000000362038915735e+00,1.999998512856237740e-03,1.000000181019611967e+00,1.000000362039412005e+00,2.000000396965030333e-03,1.000000181024232715e+00,1.000000362045438962e+00,2.000051811754344384e-03,1.000000181019341960e+00,1.000000362038660828e+00,1.999997776868356423e-03,-1.004287008372200726e-30,1.999137721810056724e-20,-3.931670305223290735e-20,-1.556481274255038613e-13
2.212321197543511516e+04,2.551508417568957654e+01,1.000000180805507455e+00,1.000000361611047550e+00,1.999998922817419061e-03,1.000000180805575623e+00,1.000000361611335098e+00,1.999999676861588180e-03,1.000000180809051953e+00,1.000000361615881461e+00,2.000038491261940839e-03,1.000000180805498795e+00,1.000000361610889232e+00,1.999999188485659506e-03,-8.912331203004609044e-31,1.965715435209774041e-20,-3.824628745908727712e-20,-1.512938945350597878e-13
2.214936234420040273e+04,2.554524384965611006e+01,1.000000180591955612e+00,1.000000361183944086e+00,1.999997969164442595e-03,1.000000180592135024e+00,1.000000361184449682e+00,1.999999956095592588e-03,1.000000180592856003e+00,1.000000361185308995e+00,2.000008301189473703e-03,1.000000180592141019e+00,1.000000361184101960e+00,2.000000384371101829e-03,-7.956708367521485617e-31,1.941561222898591884e-20,-3.720969469614484309e-20,-1.470815060931793760e-13
2.217551271296569394e+04,2.557540352362264713e+01,1.000000180379039039e+00,1.000000360758110718e+00,1.999998475997720633e-03,1.000000180379228221e+00,1.000000360758631857e+00,2.000000573601681386e-03,1.000000180381549253e+00,1.000000360761592155e+00,2.000026668418467511e-03,1.000000180379196024e+00,1.000000360758200424e+00,2.000000576073636752e-03,-7.267794386716012107e-31,1.926677961623339332e-20,-3.620242632183728341e-20,-1.429919321706489508e-13
2.220166308173098514e+04,2.560556319758918420e+01,1.000000180166618291e+00,1.000000360333269001e+00,1.999998919063485699e-03,1.000000180166742414e+00,1.000000360333656246e+00,2.000000296931268243e-03,1.000000180170956376e+00,1.000000360339159622e+00,2.000047434293009130e-03,1.000000180166662700e+00,1.000000360333182625e+00,1.999999772973169113e-03,-6.761023154890274398e-31,1.904458136051756403e-20,-3.521785273497786388e-20,-1.389973327783347130e-13
2.222781345049627635e+04,2.563572287155572127e+01,1.000000179954575685e+00,1.000000359909183789e+00,1.999998008651874583e-03,1.000000179954706914e+00,1.000000359909581471e+00,1.999999467111644204e-03,1.000000179959366298e+00,1.000000359915729886e+00,2.000051610413987671e-03,1.000000179954541046e+00,1.000000359909046566e+00,1.999997984362341091e-03,-6.386876671024325121e-31,1.875895086025582670e-20,-3.425723328370329865e-20,-1.351029229054725370e-13
2.225396381926156391e+04,2.566588254552225479e+01,1.000000179743151918e+00,1.000000359486336032e+00,1.999998440285997124e-03,1.000000179743338879e+00,1.000000359486841406e+00,2.000000520603863446e-03,1.000000179746779017e+00,1.000000359491302948e+00,2.000039157666089716e-03,1.000000179743170792e+00,1.000000359486244550e+00,1.999999009375141423e-03,-6.208609096471581340e-31,1.834513525093905365e-20,-3.333096978235333116e-20,-1.313520181738523151e-13
2.228011418802685512e+04,2.569604221948879186e+01,1.000000179532228195e+00,1.000000359064488586e+00,1.999998913637266330e-03,1.000000179532386957e+00,1.000000359064934008e+00,2.000000682253813382e-03,1.000000179533194533e+00,1.000000359065878808e+00,2.000010036934003147e-03,1.000000179532318789e+00,1.000000359064464606e+00,2.000000282100364811e-03,-6.164235352529179913e-31,1.787894524277743645e-20,-3.242549621803865283e-20,-1.276878471101028431e-13
2.230626455679214268e+04,2.572620189345532893e+01,1.000000179321678839e+00,1.000000358643389653e+00,1.999998045387002110e-03,1.000000179321850702e+00,1.000000358643857723e+00,1.999999962192468197e-03,1.000000179324091132e+00,1.000000358646760512e+00,2.000025308148555610e-03,1.000000179321872240e+00,1.000000358643555076e+00,2.000000561790205977e-03,-6.213863784192548873e-31,1.738596837700531989e-20,-3.154055649186514505e-20,-1.241093043754928304e-13
2.233241492555743025e+04,2.575636156742186245e+01,1.000000179111732113e+00,1.000000358223496422e+00,1.999998401514222271e-03,1.000000179111897092e+00,1.000000358223946950e+00,2.000000243705542767e-03,1.000000179116010024e+00,1.000000358229331976e+00,2.000046528882022927e-03,1.000000179111830478e+00,1.000000358223513741e+00,1.999999857665292220e-03,-6.396853570419668799e-31,1.688577517108223638e-20,-3.068371915031269395e-20,-1.206478366103979823e-13
2.235856529432272146e+04,2.578652124138839952e+01,1.000000178902289871e+00,1.000000357804611717e+00,1.999998907244256510e-03,1.000000178902462622e+00,1.000000357805074680e+00,2.000000838473188925e-03,1.000000178906949477e+00,1.000000357810924001e+00,2.000051356492722580e-03,1.000000178902192838e+00,1.000000357804338602e+00,1.999998178860972701e-03,-6.669264537841773613e-31,1.642175367436701097e-20,-2.985112170824811190e-20,-1.172872205687333906e-13
2.238471566308801266e+04,2.581668091535493659e+01,1.000000178693218000e+00,1.000000357386467753e+00,1.999998080060805435e-03,1.000000178693439157e+00,1.000000357387024197e+00,2.000000555322667666e-03,1.000000178696909270e+00,1.000000357391536365e+00,2.000039752553534576e-03,1.000000178693252639e+00,1.000000357386419791e+00,1.999998826125103449e-03,-7.001513347201098483e-31,1.599497703157595672e-20,-2.903733483402621157e-20,-1.140048076959908156e-13
2.241086603185330387e+04,2.584684058932147366e+01,1.000000178484732993e+00,1.000000356969497961e+00,1.999998362878902067e-03,1.000000178484856450e+00,1.000000356969855231e+00,1.999999746265808398e-03,1.000000178485889402e+00,1.000000356971169069e+00,2.000011678637335887e-03,1.000000178484862667e+00,1.000000356969559911e+00,2.000000173850855194e-03,-7.413711323360701736e-31,1.565449812881165803e-20,-2.824346071916320975e-20,-1.108051353299988769e-13
2.243701640061859143e+04,2.587700026328800718e+01,1.000000178276756690e+00,1.000000356553545133e+00,1.999998900642211211e-03,1.000000178276923224e+00,1.000000356553985892e+00,2.000000768899127136e-03,1.000000178278955598e+00,1.000000356556575154e+00,2.000023926378306175e-03,1.000000178276871043e+00,1.000000356553555125e+00,2.000000539504474123e-03,-7.875736694123783253e-31,1.542289437747998785e-20,-2.747799470117665540e-20,-1.077233499001177867e-13
2.246316676938388264e+04,2.590715993725454425e+01,1.000000178069146761e+00,1.000000356138325053e+00,1.999998113460071426e-03,1.000000178069396339e+00,1.000000356138929236e+00,2.000000916617715799e-03,1.000000178073342072e+00,1.000000356144062685e+00,2.000045590411673319e-03,1.000000178069276879e+00,1.000000356138402990e+00,1.999999932150894801e-03,-8.368430103362198381e-31,1.525382960233990183e-20,-2.672975577306566013e-20,-1.047129678001664733e-13
2.248931713814917020e+04,2.593731961122108132e+01,1.000000177862108597e+00,1.000000355724248280e+00,1.999998327750736066e-03,1.000000177862274908e+00,1.000000355724683487e+00,2.000000197865747266e-03,1.000000177866765982e+00,1.000000355730587653e+00,2.000051054480762001e-03,1.000000177862079953e+00,1.000000355724102397e+00,1.999998360771702670e-03,-8.897106902198591518e-31,1.514631294566115014e-20,-2.599853102964285395e-20,-1.017730768550367235e-13
2.251546750691446141e+04,2.596747928518761839e+01,1.000000177655582689e+00,1.000000355311196465e+00,1.999998894771790742e-03,1.000000177655723466e+00,1.000000355311577493e+00,2.000000479593664737e-03,1.000000177659227329e+00,1.000000355316150058e+00,2.000040280830597296e-03,1.000000177655528510e+00,1.000000355310983080e+00,1.999998638914479276e-03,-9.441710389313508350e-31,1.498111864469377067e-20,-2.529064203974405883e-20,-9.892977468747855027e-14
2.254161787567974898e+04,2.599763895915415191e+01,1.000000177449419381e+00,1.000000354898869848e+00,1.999998146598042092e-03,1.000000177449677397e+00,1.000000354899482469e+00,2.000001054645175486e-03,1.000000177450726335e+00,1.000000354900750121e+00,2.000013231706203407e-03,1.000000177449557492e+00,1.000000354898957333e+00,2.000000059849308710e-03,-9.993086470522987095e-31,1.476849276985411040e-20,-2.460277833292284878e-20,-9.616925300019665746e-14
2.256776824444504018e+04,2.602779863312068898e+01,1.000000177243812516e+00,1.000000354487656340e+00,1.999998287277642874e-03,1.000000177244032118e+00,1.000000354488189247e+00,2.000000765242453214e-03,1.000000177245929267e+00,1.000000354490608645e+00,2.000022526547494146e-03,1.000000177243977939e+00,1.000000354487771803e+00,2.000000509495010025e-03,-1.054584983892033724e-30,1.446983463560796665e-20,-2.393049678883402183e-20,-9.347309727342804630e-14
2.259391861321033139e+04,2.605795830708722605e+01,1.000000177038721905e+00,1.000000354077475340e+00,1.999998883361923767e-03,1.000000177038818272e+00,1.000000354077759113e+00,1.999999972020051388e-03,1.000000177042739358e+00,1.000000354082925647e+00,2.000044622571446086e-03,1.000000177038789184e+00,1.000000354077424713e+00,1.999999996764310114e-03,-1.108684023405037889e-30,1.413099766091892733e-20,-2.327475878240728476e-20,-9.084524216327621882e-14
2.262006898197562259e+04,2.608811798105376312e+01,1.000000176833990118e+00,1.000000353668011988e+00,1.999998173311067981e-03,1.000000176834237475e+00,1.000000353668594633e+00,2.000000970935072401e-03,1.000000176838603760e+00,1.000000353674296738e+00,2.000050708398252129e-03,1.000000176833990340e+00,1.000000353667913622e+00,1.999998530488460245e-03,-1.161601817914381303e-30,1.377569167235269744e-20,-2.264249718941508492e-20,-8.831418751762096735e-14
2.264621935074091016e+04,2.611827765502029663e+01,1.000000176629800341e+00,1.000000353259631769e+00,1.999998247954246338e-03,1.000000176630053028e+00,1.000000353260222852e+00,2.000001109154147909e-03,1.000000176633522475e+00,1.000000353264722364e+00,2.000040746929501994e-03,1.000000176629786797e+00,1.000000353259511421e+00,1.999998447915644472e-03,-1.212091727064079651e-30,1.341587901657066560e-20,-2.202450229137771550e-20,-8.584189067551366336e-14
2.267236971950619773e+04,2.614843732898683371e+01,1.000000176426130372e+00,1.000000352852291607e+00,1.999998875584051670e-03,1.000000176426264265e+00,1.000000352852642882e+00,2.000000393418680921e-03,1.000000176427495280e+00,1.000000352854202079e+00,2.000014701066784965e-03,1.000000176426193210e+00,1.000000352852236540e+00,1.999999940314447101e-03,-1.259274791405127224e-30,1.308426081984111988e-20,-2.142059720603400717e-20,-8.342759922025938138e-14
2.269852008827148893e+04,2.617859700295337078e+01,1.000000176222815229e+00,1.000000352445661767e+00,1.999998202938980518e-03,1.000000176223032833e+00,1.000000352446177798e+00,2.000000672580104066e-03,1.000000176224802750e+00,1.000000352448442209e+00,2.000021111682687668e-03,1.000000176222983983e+00,1.000000352445787222e+00,2.000000472030805544e-03,-1.303930884628252815e-30,1.278159510808221513e-20,-2.083605864416657493e-20,-8.109296104823918676e-14
2.272467045703678014e+04,2.620875667691990785e+01,1.000000176020027443e+00,1.000000352040086193e+00,1.999998206784367200e-03,1.000000176020293674e+00,1.000000352040696816e+00,2.000001231795706276e-03,1.000000176023994047e+00,1.000000352045504304e+00,2.000043628637373453e-03,1.000000176020158893e+00,1.000000352040161689e+00,2.000000051828625634e-03,-1.344412025316677336e-30,1.253720272355933685e-20,-2.026805409105810372e-20,-7.882624120771070368e-14
2.275082082580206770e+04,2.623891635088644136e+01,1.000000175817763459e+00,1.000000351635557561e+00,1.999998866133894434e-03,1.000000175817945536e+00,1.000000351635998541e+00,2.000000937329673555e-03,1.000000175822256088e+00,1.000000351641637364e+00,2.000050321849332086e-03,1.000000175817717052e+00,1.000000351635358165e+00,1.999998688392158608e-03,-1.380088834801117619e-30,1.237697736093569411e-20,-1.971295011837814065e-20,-7.661247628546947273e-14
2.277697119456735891e+04,2.626907602485297843e+01,1.000000175615850528e+00,1.000000351231731921e+00,1.999998232900769644e-03,1.000000175616019948e+00,1.000000351232145368e+00,2.000000162338381928e-03,1.000000175619588649e+00,1.000000351236840723e+00,2.000041154861586807e-03,1.000000175615821441e+00,1.000000351231592477e+00,1.999998253294670188e-03,-1.412369004630498219e-30,1.225863617118521784e-20,-1.917158267421660529e-20,-7.445506800450605900e-14
2.280312156333265011e+04,2.629923569881951551e+01,1.000000175414450521e+00,1.000000350828931461e+00,1.999998168959060078e-03,1.000000175414710757e+00,1.000000350829524765e+00,2.000001136058789618e-03,1.000000175415991732e+00,1.000000350831114826e+00,2.000016091217160855e-03,1.000000175414564207e+00,1.000000350828986750e+00,1.999999815457288634e-03,-1.439451274400541577e-30,1.218097095540380080e-20,-1.864960516571497645e-20,-7.237711196510474973e-14
2.282927193209793768e+04,2.632939537278605258e+01,1.000000175213577425e+00,1.000000350427185714e+00,1.999998851575426288e-03,1.000000175213788589e+00,1.000000350427678208e+00,2.000001261940401610e-03,1.000000175215371767e+00,1.000000350429667062e+00,2.000019684446613117e-03,1.000000175213684672e+00,1.000000350427192153e+00,2.000000427371640289e-03,-1.460829921163120495e-30,1.205824042414794739e-20,-1.813943611293794987e-20,-7.034748765887143586e-14
2.285542230086322525e+04,2.635955504675258609e+01,1.000000175013052273e+00,1.000000350026135187e+00,1.999998258757329159e-03,1.000000175013252779e+00,1.000000350026604368e+00,2.000000550085160624e-03,1.000000175016902748e+00,1.000000350031392315e+00,2.000042611520548661e-03,1.000000175013182613e+00,1.000000350026207352e+00,2.000000097656104599e-03,-1.478367100657536315e-30,1.190024487965867052e-20,-1.764092865395266904e-20,-6.836557473123921512e-14
2.288157266962851645e+04,2.638971472071912316e+01,1.000000174813025833e+00,1.000000349626082308e+00,1.999998127794987059e-03,1.000000174813262310e+00,1.000000349626621654e+00,2.000000833283586271e-03,1.000000174817520460e+00,1.000000349632204300e+00,2.000049898069871778e-03,1.000000174813057141e+00,1.000000349626030127e+00,1.999998834851177566e-03,-1.490297756950115511e-30,1.168480242981584141e-20,-1.715848462166351911e-20,-6.644932144143640143e-14
2.290772303839380766e+04,2.641987439468566023e+01,1.000000174613530080e+00,1.000000349227090357e+00,1.999998843209642094e-03,1.000000174613750792e+00,1.000000349227596841e+00,2.000001371218188950e-03,1.000000174617224458e+00,1.000000349232102570e+00,2.000041508264340483e-03,1.000000174613430826e+00,1.000000349226823015e+00,1.999998055211571219e-03,-1.496168488379393590e-30,1.143868352750005821e-20,-1.668968437140930802e-20,-6.458876926426010436e-14
2.293387340715909522e+04,2.645003406865219375e+01,1.000000174414378273e+00,1.000000348828786523e+00,1.999998287029412618e-03,1.000000174414621412e+00,1.000000348829336083e+00,2.000001075087128738e-03,1.000000174416015186e+00,1.000000348831087349e+00,2.000017406273711055e-03,1.000000174414469756e+00,1.000000348828806285e+00,1.999999685481439107e-03,-1.498116262163383146e-30,1.118272070200292390e-20,-1.623155872814046165e-20,-6.277176605234304579e-14
2.296002377592438643e+04,2.648019374261873082e+01,1.000000174215711191e+00,1.000000348431452801e+00,1.999998087588995312e-03,1.000000174215905924e+00,1.000000348431903108e+00,2.000000323127510901e-03,1.000000174217436921e+00,1.000000348433884190e+00,2.000018247181671507e-03,1.000000174215880167e+00,1.000000348431587138e+00,2.000000375768427700e-03,-1.494546301446844638e-30,1.092396293429600999e-20,-1.578483250427106030e-20,-6.100124464497677392e-14
2.298617414468967763e+04,2.651035341658526789e+01,1.000000174017578125e+00,1.000000348035186448e+00,1.999998829165053251e-03,1.000000174017790622e+00,1.000000348035670727e+00,2.000001271407978506e-03,1.000000174021266952e+00,1.000000348040192000e+00,2.000041573809921598e-03,1.000000174017661392e+00,1.000000348035163800e+00,2.000000134548592361e-03,-1.485031387121115883e-30,1.068708519750474800e-20,-1.535411222846766901e-20,-5.929590935839855091e-14
2.301232451345496520e+04,2.654051309055180496e+01,1.000000173819785676e+00,1.000000347639601550e+00,1.999998309953665392e-03,1.000000173820053018e+00,1.000000347640194187e+00,2.000001386030693471e-03,1.000000173824199257e+00,1.000000347645602083e+00,2.000049439969617433e-03,1.000000173819812765e+00,1.000000347639534271e+00,1.999998970221825850e-03,-1.471807755565613149e-30,1.047257645981777754e-20,-1.493316042037225476e-20,-5.763031355519573929e-14
2.303847488222025277e+04,2.657067276451833848e+01,1.000000173622464406e+00,1.000000347244959009e+00,1.999998044739571650e-03,1.000000173622692889e+00,1.000000347245471932e+00,2.000000676699849843e-03,1.000000173626233613e+00,1.000000347250113997e+00,2.000041810442969390e-03,1.000000173622417554e+00,1.000000347244808463e+00,1.999997853820538896e-03,-1.453535094118040296e-30,1.029721022807789287e-20,-1.452185521818984059e-20,-5.600394599312342133e-14
2.306462525098554397e+04,2.660083243848487555e+01,1.000000173425680261e+00,1.000000346851390720e+00,1.999998815085625090e-03,1.000000173425866556e+00,1.000000346851817490e+00,2.000000963502690000e-03,1.000000173427370020e+00,1.000000346853728184e+00,2.000018650012188280e-03,1.000000173425714012e+00,1.000000346851303235e+00,1.999999550583380237e-03,-1.429820637077275437e-30,1.018662277799896931e-20,-1.412386641343327490e-20,-5.443168056249217105e-14
2.309077561975083518e+04,2.663099211245141262e+01,1.000000173229233402e+00,1.000000346458496558e+00,1.999998333551477898e-03,1.000000173229506517e+00,1.000000346459096079e+00,2.000001486768500022e-03,1.000000173230803036e+00,1.000000346460703016e+00,2.000016801948291487e-03,1.000000173229375289e+00,1.000000346458581602e+00,2.000000317463550715e-03,-1.402837658164213303e-30,1.010383662419462980e-20,-1.373713023171522688e-20,-5.290507785266297333e-14
2.311692598851612638e+04,2.666115178641794969e+01,1.000000173033244177e+00,1.000000346066518553e+00,1.999998003124040316e-03,1.000000173033519735e+00,1.000000346067120738e+00,2.000001188143527616e-03,1.000000173036892370e+00,1.000000346071514779e+00,2.000040517810041611e-03,1.000000173033400941e+00,1.000000346066642232e+00,2.000000162797899769e-03,-1.371541750161032350e-30,1.004774940436712515e-20,-1.335922202153075973e-20,-5.141427440921425425e-14
2.314307635728141395e+04,2.669131146038448321e+01,1.000000172837795409e+00,1.000000345675620572e+00,1.999998802704612642e-03,1.000000172837937962e+00,1.000000345675955638e+00,2.000000452257886564e-03,1.000000172842099300e+00,1.000000345681443914e+00,2.000048950169394050e-03,1.000000172837790746e+00,1.000000345675483349e+00,1.999999094848784343e-03,-1.335606078468647432e-30,9.956635478205335852e-21,-1.299076857941126762e-20,-4.996179238113636204e-14
2.316922672604670515e+04,2.672147113435102028e+01,1.000000172642680152e+00,1.000000345285390058e+00,1.999998354826670877e-03,1.000000172642941276e+00,1.000000345285961156e+00,2.000001379852526118e-03,1.000000172646423380e+00,1.000000345290490200e+00,2.000042064407135493e-03,1.000000172642589558e+00,1.000000345285164238e+00,1.999997649270169632e-03,-1.296999597713301692e-30,9.839429544239804828e-21,-1.263552055199232195e-20,-4.856277018911285809e-14
2.319537709481199636e+04,2.675163080831755735e+01,1.000000172448009872e+00,1.000000344896049276e+00,1.999997964037260496e-03,1.000000172448313629e+00,1.000000344896704307e+00,2.000001486916567345e-03,1.000000172449865055e+00,1.000000344898654303e+00,2.000019825904052195e-03,1.000000172448104907e+00,1.000000344896093685e+00,1.999999410952732915e-03,-1.254980579462779267e-30,9.684067100584936159e-21,-1.228834912479833809e-20,-4.719640966160638244e-14
2.322152746357728392e+04,2.678179048228409442e+01,1.000000172253882491e+00,1.000000344507794736e+00,1.999998787310001275e-03,1.000000172254054354e+00,1.000000344508184202e+00,2.000000782765164360e-03,1.000000172255279374e+00,1.000000344509742067e+00,2.000015350558716123e-03,1.000000172253979080e+00,1.000000344507793848e+00,2.000000252691177920e-03,-1.209332039068005442e-30,9.505412608236185069e-21,-1.194915324096324044e-20,-4.586228966255077943e-14
2.324767783234257149e+04,2.681195015625062794e+01,1.000000172060085513e+00,1.000000344120200779e+00,1.999998373336495192e-03,1.000000172060317327e+00,1.000000344120709039e+00,2.000001067911686640e-03,1.000000172063589376e+00,1.000000344124980955e+00,2.000039445574337306e-03,1.000000172060211634e+00,1.000000344120263174e+00,2.000000182686173956e-03,-1.161703778684701484e-30,9.321103299284184928e-21,-1.162099058217903245e-20,-4.457273062722444841e-14
2.327382820110786270e+04,2.684210983021716501e+01,1.000000171866720633e+00,1.000000343733470798e+00,1.999997921089125864e-03,1.000000171867035048e+00,1.000000343734142705e+00,2.000001579911341552e-03,1.000000171871031629e+00,1.000000343739351871e+00,2.000048431033946313e-03,1.000000171866801679e+00,1.000000343733499442e+00,1.999999209065532382e-03,-1.111637225313078290e-30,9.135047989518907050e-21,-1.130210348556623619e-20,-4.332058988071560389e-14
2.329997856987315390e+04,2.687226950418370208e+01,1.000000171673901761e+00,1.000000343347833054e+00,1.999998773265412866e-03,1.000000171674116922e+00,1.000000343348305121e+00,2.000001279891345726e-03,1.000000171677606131e+00,1.000000343352855259e+00,2.000042272903418666e-03,1.000000171673758098e+00,1.000000343347513310e+00,1.999997441703678727e-03,-1.059071967399385313e-30,8.965893601266760709e-21,-1.099051333956594529e-20,-4.209786613086346443e-14
2.332612893863844511e+04,2.690242917815023915e+01,1.000000171481409739e+00,1.000000342962849009e+00,1.999998393933773849e-03,1.000000171481595590e+00,1.000000342963261346e+00,2.000000561529867785e-03,1.000000171483313105e+00,1.000000342965490896e+00,2.000020937148632057e-03,1.000000171481455258e+00,1.000000342962803268e+00,1.999999266772523911e-03,-1.005253942331881554e-30,8.813933362108824530e-21,-1.068676085534793734e-20,-4.090672324290035364e-14
2.335227930740373267e+04,2.693258885211677267e+01,1.000000171289337159e+00,1.000000342578703627e+00,1.999997879627467973e-03,1.000000171289644468e+00,1.000000342579357993e+00,2.000001467818829631e-03,1.000000171290679418e+00,1.000000342580628088e+00,2.000013894606765107e-03,1.000000171289505024e+00,1.000000342578850843e+00,2.000000181677570599e-03,-9.499700375843061901e-31,8.688127619824975719e-21,-1.039389750475410117e-20,-3.975940584238547010e-14
2.337842967616902388e+04,2.696274852608330974e+01,1.000000171097813473e+00,1.000000342195656033e+00,1.999998757400471127e-03,1.000000171098053725e+00,1.000000342196175396e+00,2.000001565760783223e-03,1.000000171101172119e+00,1.000000342200218828e+00,2.000038358934456365e-03,1.000000171097907176e+00,1.000000342195654479e+00,2.000000194486258303e-03,-8.933579407591053820e-31,8.611948745341454182e-21,-1.010770843531097252e-20,-3.863892234158881152e-14
2.340458004493431145e+04,2.699290820004984681e+01,1.000000170906613306e+00,1.000000341813255700e+00,1.999998413970720344e-03,1.000000170906822694e+00,1.000000341813712446e+00,2.000000864290554098e-03,1.000000170910811503e+00,1.000000341818956251e+00,2.000047884700920618e-03,1.000000170906661046e+00,1.000000341813212623e+00,1.999999313194754554e-03,-8.362066862198598162e-31,8.554030953572255546e-21,-9.828109892257274152e-21,-3.754492597915160535e-14
2.343073041369960265e+04,2.702306787401638388e+01,1.000000170715820147e+00,1.000000341431669160e+00,1.999997837532895787e-03,1.000000170716103476e+00,1.000000341432272677e+00,2.000001156834619025e-03,1.000000170719598014e+00,1.000000341436841023e+00,2.000042438444013353e-03,1.000000170715765968e+00,1.000000341431523276e+00,1.999997545728643585e-03,-7.785002025778586543e-31,8.513542209485971280e-21,-9.557648070437452923e-21,-3.648761746282427422e-14
2.345688078246489022e+04,2.705322754798291740e+01,1.000000170525578325e+00,1.000000341051185737e+00,1.999998739405978079e-03,1.000000170525826571e+00,1.000000341051717978e+00,2.000001650942846883e-03,1.000000170527531429e+00,1.000000341053872477e+00,2.000021986701593958e-03,1.000000170525581433e+00,1.000000341051064945e+00,1.999999118219427871e-03,-7.206045546669273187e-31,8.445921175019045855e-21,-9.294828109062785637e-21,-3.546095915094694273e-14
2.348303115123018142e+04,2.708338722194945447e+01,1.000000170335657135e+00,1.000000340671343135e+00,1.999998431098586309e-03,1.000000170335905603e+00,1.000000340671874932e+00,2.000001348488455490e-03,1.000000170336820871e+00,1.000000340672996257e+00,2.000012435494039498e-03,1.000000170335770600e+00,1.000000340671387322e+00,2.000000104641375034e-03,-6.628301432790950773e-31,8.359081420324086923e-21,-9.038036494827843056e-21,-3.445846398894778529e-14
2.350918151999547263e+04,2.711354689591599154e+01,1.000000170146130518e+00,1.000000340292290124e+00,1.999997793027155114e-03,1.000000170146373657e+00,1.000000340292809931e+00,2.000000651024745005e-03,1.000000170149459189e+00,1.000000340296865575e+00,2.000037259526124198e-03,1.000000170146306155e+00,1.000000340292453105e+00,2.000000198462026802e-03,-6.053052497983964355e-31,8.247062432104803655e-21,-8.787738615912846820e-21,-3.348198440090176484e-14
2.353533188876076019e+04,2.714370656988252506e+01,1.000000169957158125e+00,1.000000339914345338e+00,1.999998721986332925e-03,1.000000169957397489e+00,1.000000339914856484e+00,2.000001538742913944e-03,1.000000169961258401e+00,1.000000339919896009e+00,2.000047313106439670e-03,1.000000169957187435e+00,1.000000339914260739e+00,1.999999407548730575e-03,-5.486393775965522705e-31,8.117446720277215664e-21,-8.546415233834145230e-21,-3.254141813688216896e-14
2.356148225752605140e+04,2.717386624384906213e+01,1.000000169768503033e+00,1.000000339537034932e+00,1.999998445992382575e-03,1.000000169768773262e+00,1.000000339537606919e+00,2.000001629481844203e-03,1.000000169772218950e+00,1.000000339542087557e+00,2.000042563332080255e-03,1.000000169768414215e+00,1.000000339536808669e+00,1.999997739699777011e-03,-4.926718098071443354e-31,7.984797766366313622e-21,-8.310604484049110497e-21,-3.162288934153504356e-14
2.358763262629133897e+04,2.720402591781559920e+01,1.000000169580230525e+00,1.000000339160489915e+00,1.999997750019502987e-03,1.000000169580500531e+00,1.000000339161060348e+00,2.000000934423496086e-03,1.000000169582340837e+00,1.000000339163440444e+00,2.000022977300142026e-03,1.000000169580304910e+00,1.000000339160520779e+00,1.999998965464008880e-03,-4.376234891600554248e-31,7.851091591875887018e-21,-8.080236991205834277e-21,-3.072611261413986291e-14
2.361378299505663017e+04,2.723418559178213627e+01,1.000000169392514904e+00,1.000000338785058451e+00,1.999998705768643841e-03,1.000000169392728511e+00,1.000000338785515863e+00,2.000001227802252271e-03,1.000000169393525429e+00,1.000000338786489973e+00,2.000010974452993539e-03,1.000000169392597726e+00,1.000000338785046905e+00,2.000000021793905697e-03,-3.843452802825834516e-31,7.730380339348941991e-21,-7.857431821485024503e-21,-2.985952986600479451e-14
2.363993336382191774e+04,2.726434526574866979e+01,1.000000169205113254e+00,1.000000338410254930e+00,1.999998462503302377e-03,1.000000169205387923e+00,1.000000338410833578e+00,2.000001709083814617e-03,1.000000169208272949e+00,1.000000338414565926e+00,2.000036148811932570e-03,1.000000169205231160e+00,1.000000338410304224e+00,2.000000194868713221e-03,-3.322386536470015900e-31,7.622815584606110445e-21,-7.640919323911948709e-21,-2.901804361748521972e-14
2.366608373258720894e+04,2.729450493971520686e+01,1.000000169018082419e+00,1.000000338036193481e+00,1.999997707792832043e-03,1.000000169018394836e+00,1.000000338036846737e+00,2.000001404633422637e-03,1.000000169022195795e+00,1.000000338041817205e+00,2.000046718007676000e-03,1.000000169018204765e+00,1.000000338036291181e+00,1.999999492429713026e-03,-2.815705060829768758e-31,7.532602133676302101e-21,-7.429384612101553046e-21,-2.819639742000158805e-14
2.369223410135250015e+04,2.732466461368174393e+01,1.000000168831610914e+00,1.000000337663250249e+00,1.999998686737681705e-03,1.000000168831782998e+00,1.000000337663622174e+00,2.000000725271626652e-03,1.000000168835293524e+00,1.000000337668243588e+00,2.000042649684164158e-03,1.000000168831517877e+00,1.000000337663006000e+00,1.999997922150609231e-03,-2.334138039381803875e-31,7.480253303213821079e-21,-7.223227393026441762e-21,-2.739617385674321587e-14
2.371838447011779135e+04,2.735482428764828100e+01,1.000000168645450271e+00,1.000000337290928742e+00,1.999998477278064953e-03,1.000000168645713172e+00,1.000000337291481189e+00,2.000001595069335770e-03,1.000000168647566579e+00,1.000000337293845076e+00,2.000023911485337806e-03,1.000000168645449827e+00,1.000000337290819941e+00,1.999998808670946839e-03,-1.867867902394512077e-31,7.439744573365106107e-21,-7.024462941938573554e-21,-2.662536856499435102e-14
2.374453483888307892e+04,2.738498396161481452e+01,1.000000168459648897e+00,1.000000336919326216e+00,1.999997663661613398e-03,1.000000168459987071e+00,1.000000336920028321e+00,2.000001678552984150e-03,1.000000168460618566e+00,1.000000336920760180e+00,2.000009512567238728e-03,1.000000168459811656e+00,1.000000336919480537e+00,1.999999933339411968e-03,-1.419633072061410543e-31,7.410532893949908951e-21,-6.830249385944424712e-21,-2.587265479221763117e-14
2.377068520764836649e+04,2.741514363558135159e+01,1.000000168274409074e+00,1.000000336548846569e+00,1.999998666813962780e-03,1.000000168274604251e+00,1.000000336549262014e+00,2.000000986561945027e-03,1.000000168277440205e+00,1.000000336552973046e+00,2.000035028101425968e-03,1.000000168274508328e+00,1.000000336548860114e+00,2.000000183953227258e-03,-1.002035363471413733e-31,7.360404604347861027e-21,-6.640529292511287466e-21,-2.513779773792438032e-14
2.379683557641365769e+04,2.744530330954788866e+01,1.000000168089477226e+00,1.000000336178982652e+00,1.999998490305055898e-03,1.000000168089712371e+00,1.000000336179477145e+00,2.000001288161322010e-03,1.000000168093450492e+00,1.000000336184374339e+00,2.000046101002769198e-03,1.000000168089539621e+00,1.000000336178957339e+00,1.999999568130285139e-03,-6.021316561315947386e-32,7.296179952969349358e-21,-6.457065270764905141e-21,-2.442778070448041931e-14
2.382298594517894890e+04,2.747546298351442573e+01,1.000000167904893322e+00,1.000000335809814844e+00,1.999997620971870598e-03,1.000000167905240378e+00,1.000000335810532714e+00,2.000001754923610552e-03,1.000000167908649651e+00,1.000000335814964725e+00,2.000042699450004478e-03,1.000000167904904869e+00,1.000000335809770435e+00,1.999998093422343873e-03,-2.224319726271572908e-32,7.215453186535261217e-21,-6.278780331551661801e-21,-2.373830488842209429e-14
2.384913631394423646e+04,2.750562265748095925e+01,1.000000167720873190e+00,1.000000335441774579e+00,1.999998648754145684e-03,1.000000167721108113e+00,1.000000335442267518e+00,2.000001450111760747e-03,1.000000167723037459e+00,1.000000335444743760e+00,2.000024791621868303e-03,1.000000167720844990e+00,1.000000335441619814e+00,1.999998647999255610e-03,1.230667805074667619e-32,7.121477925831033176e-21,-6.104603670423136613e-21,-2.306511336789485918e-14
2.387528668270952767e+04,2.753578233144749632e+01,1.000000167537157703e+00,1.000000335074343827e+00,1.999998499765374711e-03,1.000000167537349549e+00,1.000000335074749502e+00,2.000000789960929611e-03,1.000000167537929752e+00,1.000000335075465596e+00,2.000008050789409304e-03,1.000000167537241857e+00,1.000000335074346935e+00,1.999999839475336601e-03,4.496208143351815626e-32,7.026053707863476740e-21,-5.934877899435022908e-21,-2.240955562333365403e-14
2.390143705147481887e+04,2.756594200541403339e+01,1.000000167353779279e+00,1.000000334707586758e+00,1.999997576029186909e-03,1.000000167354119229e+00,1.000000334708288197e+00,2.000001638679417028e-03,1.000000167356790648e+00,1.000000334711746319e+00,2.000033898568791876e-03,1.000000167353968017e+00,1.000000334707781269e+00,2.000000165954450744e-03,7.551493473774478963e-32,6.929991370117739489e-21,-5.771238924857632089e-21,-2.177808663126913703e-14
2.392758742024010644e+04,2.759610167938057046e+01,1.000000167170966847e+00,1.000000334341961672e+00,1.999998626962169908e-03,1.000000167171225085e+00,1.000000334342499020e+00,2.000001716466841099e-03,1.000000167174853738e+00,1.000000334347229236e+00,2.000045463548403863e-03,1.000000167171023024e+00,1.000000334341921260e+00,1.999999634933708175e-03,1.024828895661861519e-31,6.843889957614400184e-21,-5.611355058020344619e-21,-2.116146422745598171e-14
2.395373778900539401e+04,2.762626135334710398e+01,1.000000166988456174e+00,1.000000333976940103e+00,1.999998512735751653e-03,1.000000166988666450e+00,1.000000333977381084e+00,2.000001031186720256e-03,1.000000166992118800e+00,1.000000333981914125e+00,2.000042714430057701e-03,1.000000166988406658e+00,1.000000333976765354e+00,1.999998253845488693e-03,1.275365496682109892e-31,6.767800007450023914e-21,-5.455178779255848871e-21,-2.055949531924893081e-14
2.397988815777068521e+04,2.765642102731364105e+01,1.000000166806271240e+00,1.000000333612570680e+00,1.999997530057291781e-03,1.000000166806588320e+00,1.000000333613224379e+00,2.000001331825113342e-03,1.000000166808586055e+00,1.000000333615801429e+00,2.000025619915564521e-03,1.000000166806322976e+00,1.000000333612585113e+00,1.999998483602493781e-03,1.505215308838358682e-31,6.703134545021874368e-21,-5.304175403384495023e-21,-1.997795413275507580e-14
2.400603852653597642e+04,2.768658070128017812e+01,1.000000166624654740e+00,1.000000333249337237e+00,1.999998607434748128e-03,1.000000166624919640e+00,1.000000333249886797e+00,2.000001787025112998e-03,1.000000166625292009e+00,1.000000333250272488e+00,2.000006589956884479e-03,1.000000166624721354e+00,1.000000333249312368e+00,1.999999740392565534e-03,1.699346746849604468e-31,6.667249779200551535e-21,-5.157432489972325910e-21,-1.941321937064475382e-14
2.403218889530126398e+04,2.771674037524671164e+01,1.000000166443336891e+00,1.000000332886701315e+00,1.999998522749144546e-03,1.000000166443583138e+00,1.000000332887213128e+00,2.000001481681963796e-03,1.000000166446158634e+00,1.000000332890554455e+00,2.000032761268451167e-03,1.000000166443443916e+00,1.000000332886735288e+00,2.000000141103528643e-03,1.875053332267110270e-31,6.638917465216265102e-21,-5.014078592318852060e-21,-1.886184548630534020e-14
2.405833926406655519e+04,2.774690004921324871e+01,1.000000166262334123e+00,1.000000332524695779e+00,1.999997488036753691e-03,1.000000166262613011e+00,1.000000332525271540e+00,2.000000842828099888e-03,1.000000166266240109e+00,1.000000332530051272e+00,2.000044806975324104e-03,1.000000166262489776e+00,1.000000332524852098e+00,1.999999693114248855e-03,2.031353200720682010e-31,6.617845732546626691e-21,-4.874406833523615116e-21,-1.832498114202893173e-14
2.408448963283184639e+04,2.777705972317978578e+01,1.000000166081901565e+00,1.000000332163830663e+00,1.999998586653111733e-03,1.000000166082157804e+00,1.000000332164360906e+00,2.000001672351590584e-03,1.000000166085536879e+00,1.000000332168763162e+00,2.000042696290989762e-03,1.000000166081858932e+00,1.000000332163661687e+00,1.999998403740232879e-03,2.153632566820097937e-31,6.580708310763078378e-21,-4.739744173648956712e-21,-1.780783421042537167e-14
2.411064000159713396e+04,2.780721939714632285e+01,1.000000165901764992e+00,1.000000331803557074e+00,1.999998533755456727e-03,1.000000165902031224e+00,1.000000331804107301e+00,2.000001743261158298e-03,1.000000165904048943e+00,1.000000331806690568e+00,2.000026398428934610e-03,1.000000165901719473e+00,1.000000331803387654e+00,1.999998315628965899e-03,2.258957054795876276e-31,6.533274308805055143e-21,-4.608178506207670976e-21,-1.730286649796426644e-14
2.413679037036242153e+04,2.783737907111285637e+01,1.000000165721932843e+00,1.000000331443892776e+00,1.999997445458786497e-03,1.000000165722232826e+00,1.000000331444509616e+00,2.000001065763263707e-03,1.000000165722542134e+00,1.000000331444854451e+00,2.000005130805611146e-03,1.000000165722086942e+00,1.000000331444049984e+00,1.999999636275663368e-03,2.346864162952484603e-31,6.475117931629528429e-21,-4.479670534401872489e-21,-1.680991927479387000e-14
2.416294073912771273e+04,2.786753874507939344e+01,1.000000165542672681e+00,1.000000331085372896e+00,1.999998563589501684e-03,1.000000165542904940e+00,1.000000331085853622e+00,2.000001369615581580e-03,1.000000165545381181e+00,1.000000331089071492e+00,2.000031617148791043e-03,1.000000165542773267e+00,1.000000331085396432e+00,2.000000109624143572e-03,2.403750928763896912e-31,6.407017236966569059e-21,-4.355437772123594763e-21,-1.633376500644921131e-14
2.418909110789300394e+04,2.789769841904593051e+01,1.000000165363705618e+00,1.000000330727438547e+00,1.999998540241371397e-03,1.000000165363976512e+00,1.000000330727995879e+00,2.000001816586249957e-03,1.000000165367447957e+00,1.000000330732516485e+00,2.000044132502026145e-03,1.000000165363777782e+00,1.000000330727425890e+00,1.999999742937502451e-03,2.445725136487906770e-31,6.338402484194721073e-21,-4.234708098564609600e-21,-1.587135632801021184e-14
2.421524147665829514e+04,2.792785809301246758e+01,1.000000165185032763e+00,1.000000330370092838e+00,1.999997397669442400e-03,1.000000165185372270e+00,1.000000330370787172e+00,2.000001508281761681e-03,1.000000165188742685e+00,1.000000330375189206e+00,2.000042646579383403e-03,1.000000165185100043e+00,1.000000330370136803e+00,1.999998543416806572e-03,2.472750926597224128e-31,6.269414428073433784e-21,-4.116772781148714596e-21,-1.541990596062843822e-14
2.424139184542358271e+04,2.795801776697900110e+01,1.000000165006934116e+00,1.000000330013895322e+00,1.999998543874818673e-03,1.000000165007127295e+00,1.000000330014296557e+00,2.000000885336388444e-03,1.000000165009265363e+00,1.000000330017090100e+00,2.000027129094933236e-03,1.000000165006873942e+00,1.000000330013706584e+00,1.999998144221913285e-03,2.472760929802849692e-31,6.208026326205346433e-21,-4.001882160190390190e-21,-1.498038999542509786e-14
2.426754221418887391e+04,2.798817744094553817e+01,1.000000164829125238e+00,1.000000329658277787e+00,1.999998547371812600e-03,1.000000164829385030e+00,1.000000329658811360e+00,2.000001699630754321e-03,1.000000164829520477e+00,1.000000329658891518e+00,2.000003673982264727e-03,1.000000164829178750e+00,1.000000329658240261e+00,1.999999527303103226e-03,2.460290260966702026e-31,6.154233827148105005e-21,-3.891111791608706369e-21,-1.455700746259228126e-14
2.429369258295416512e+04,2.801833711491207524e+01,1.000000164651606571e+00,1.000000329303240232e+00,1.999997427613812301e-03,1.000000164651963619e+00,1.000000329303968538e+00,2.000001764617643021e-03,1.000000164654299528e+00,1.000000329306979685e+00,2.000030467064262563e-03,1.000000164651797085e+00,1.000000329303447177e+00,2.000000071732785552e-03,2.435371541164382049e-31,6.108123360372764358e-21,-3.782894443291583026e-21,-1.414361241467057390e-14
2.431984295171945269e+04,2.804849678887861231e+01,1.000000164474651676e+00,1.000000328949330441e+00,1.999998519744255673e-03,1.000000164474863062e+00,1.000000328949766759e+00,2.000001090187057858e-03,1.000000164478318743e+00,1.000000328954308237e+00,2.000043441246845011e-03,1.000000164474728503e+00,1.000000328949326001e+00,1.999999784660695494e-03,2.388601961069072248e-31,6.083362569923432254e-21,-3.677197635416892651e-21,-1.374007442067510956e-14
2.434599332048474025e+04,2.807865646284514582e+01,1.000000164297990102e+00,1.000000328596007071e+00,1.999998556385026820e-03,1.000000164298223693e+00,1.000000328596487575e+00,2.000001399886569553e-03,1.000000164301578565e+00,1.000000328600877175e+00,2.000042566733868654e-03,1.000000164297972782e+00,1.000000328595875398e+00,1.999998673175833012e-03,2.331763630970890668e-31,6.063548583411624934e-21,-3.575032457540135000e-21,-1.335033633755874902e-14
2.437214368925003146e+04,2.810881613681168290e+01,1.000000164121615631e+00,1.000000328243257908e+00,1.999997470576462665e-03,1.000000164121973567e+00,1.000000328243986880e+00,2.000001832409094293e-03,1.000000164124078550e+00,1.000000328246686276e+00,2.000027813729192243e-03,1.000000164121629620e+00,1.000000328243227710e+00,1.999997969519700519e-03,2.265124426782521925e-31,6.048073579456598074e-21,-3.475746269698565582e-21,-1.297183635920100503e-14
2.439829405801532266e+04,2.813897581077821997e+01,1.000000163945792275e+00,1.000000327891611196e+00,1.999998496994199494e-03,1.000000163946040743e+00,1.000000327892121010e+00,2.000001528090801072e-03,1.000000163946070497e+00,1.000000327892071272e+00,2.000002220054937670e-03,1.000000163945840459e+00,1.000000327891570562e+00,1.999999413647484889e-03,2.182041402087878231e-31,6.020867337923337717e-21,-3.378763053000570642e-21,-1.260232095726346978e-14
2.442444442678061387e+04,2.816913548474475704e+01,1.000000163770266681e+00,1.000000327540560008e+00,1.999998560546870866e-03,1.000000163770459860e+00,1.000000327540958800e+00,2.000000919689380249e-03,1.000000163772757800e+00,1.000000327543967504e+00,2.000029311786038350e-03,1.000000163770359940e+00,1.000000327540575995e+00,2.000000027639004842e-03,2.091426308535780457e-31,5.985885115607916277e-21,-3.284296253157968765e-21,-1.224261826942307648e-14
2.445059479554590143e+04,2.819929515871129055e+01,1.000000163595025526e+00,1.000000327190077476e+00,1.999997512750874631e-03,1.000000163595369473e+00,1.000000327190777583e+00,2.000001717606376180e-03,1.000000163598697700e+00,1.000000327195116556e+00,2.000042734238633053e-03,1.000000163595187397e+00,1.000000327190242455e+00,1.999999818532979812e-03,1.993706783849772812e-31,5.943744034185759053e-21,-3.193217001820584429e-21,-1.189611174113632379e-14
2.447674516431119264e+04,2.822945483267782762e+01,1.000000163420323052e+00,1.000000326840672527e+00,1.999998473547357804e-03,1.000000163420593058e+00,1.000000326841224307e+00,2.000001777984317108e-03,1.000000163423890198e+00,1.000000326845518206e+00,2.000042458095863378e-03,1.000000163420322385e+00,1.000000326840568388e+00,1.999998793308657274e-03,1.884780705358130122e-31,5.894686952338958709e-21,-3.104241378110934362e-21,-1.155779248894587194e-14
2.450289553307648021e+04,2.825961450664436470e+01,1.000000163245922558e+00,1.000000326491871538e+00,1.999998566870201614e-03,1.000000163246129947e+00,1.000000326492297864e+00,2.000001107693800875e-03,1.000000163248335294e+00,1.000000326495172231e+00,2.000028454040873090e-03,1.000000163245832629e+00,1.000000326491643499e+00,1.999997791655994117e-03,1.770906270927845172e-31,5.845373192556865911e-21,-3.017342550317633386e-21,-1.122755337688676534e-14
2.452904590184177141e+04,2.828977418061090177e+01,1.000000163071803616e+00,1.000000326143633655e+00,1.999997551304903958e-03,1.000000163072119141e+00,1.000000326144276031e+00,2.000001421073212705e-03,1.000000163072039427e+00,1.000000326144087515e+00,2.000000769522544252e-03,1.000000163071919079e+00,1.000000326143734686e+00,1.999999295475744267e-03,1.652534116236661183e-31,5.796114984160169112e-21,-2.933359750996829457e-21,-1.090865053325056385e-14
2.455519627060705898e+04,2.831993385457743528e+01,1.000000162898211364e+00,1.000000325796448930e+00,1.999998450313906183e-03,1.000000162898487810e+00,1.000000325797012923e+00,2.000001844401068114e-03,1.000000162900604117e+00,1.000000325799730749e+00,2.000028152011403514e-03,1.000000162898309286e+00,1.000000325796478018e+00,1.999999977545655235e-03,1.527793064329481074e-31,5.752100702237390702e-21,-2.851741933813286479e-21,-1.059893243382038236e-14
2.458134663937235018e+04,2.835009352854397235e+01,1.000000162724925090e+00,1.000000325449876604e+00,1.999998569128949057e-03,1.000000162725166675e+00,1.000000325450370431e+00,2.000001538365488423e-03,1.000000162728433173e+00,1.000000325454638350e+00,2.000042012426182531e-03,1.000000162725002362e+00,1.000000325449871719e+00,1.999999844795714420e-03,1.400606440797365321e-31,5.714097703114571412e-21,-2.772021249876395750e-21,-1.029657809406178338e-14
2.460749700813764139e+04,2.838025320251050942e+01,1.000000162551917926e+00,1.000000325103862053e+00,1.999997591910096344e-03,1.000000162552191041e+00,1.000000325104418275e+00,2.000000952246696467e-03,1.000000162555527039e+00,1.000000325108810761e+00,2.000042321919084324e-03,1.000000162551998084e+00,1.000000325103914234e+00,1.999998904097670654e-03,1.271325314667739988e-31,5.681865053355116804e-21,-2.694379400600946071e-21,-1.000228907731480232e-14
2.463364737690292895e+04,2.841041287647704294e+01,1.000000162379425239e+00,1.000000324758876458e+00,1.999998427219811838e-03,1.000000162379693691e+00,1.000000324759423131e+00,2.000001733694869999e-03,1.000000162381885271e+00,1.000000324762247317e+00,2.000029051642314079e-03,1.000000162379332647e+00,1.000000324758653525e+00,1.999997610759929063e-03,1.139942560946401786e-31,5.664182457201256345e-21,-2.619521419876085335e-21,-9.718789898707677335e-15
2.465979774566822016e+04,2.844057255044358001e+01,1.000000162207242749e+00,1.000000324414511477e+00,1.999998575105339012e-03,1.000000162207503207e+00,1.000000324415042385e+00,2.000001786530104450e-03,1.000000162207508314e+00,1.000000324414948905e+00,2.000002172748074816e-03,1.000000162207264953e+00,1.000000324414433539e+00,1.999999172949357227e-03,1.008425918982035790e-31,5.650328464499464218e-21,-2.546395997676522652e-21,-9.441999939406811313e-15
2.468594811443350773e+04,2.847073222441011708e+01,1.000000162035336260e+00,1.000000324070698943e+00,1.999997628404252131e-03,1.000000162035619589e+00,1.000000324071274482e+00,2.000001125525710435e-03,1.000000162037688822e+00,1.000000324073970548e+00,2.000026988372024649e-03,1.000000162035495910e+00,1.000000324070855040e+00,1.999999921649132147e-03,8.769279981360386847e-32,5.638723885747455326e-21,-2.474980979306491092e-21,-9.171831231328279612e-15
2.471209848319879893e+04,2.850089189837665415e+01,1.000000161863932702e+00,1.000000323727891605e+00,1.999998399156763858e-03,1.000000161864178949e+00,1.000000323728392981e+00,2.000001441802590121e-03,1.000000161867376614e+00,1.000000323732576302e+00,2.000041276686555323e-03,1.000000161864025072e+00,1.000000323727916696e+00,1.999999863682737876e-03,7.469125314996580491e-32,5.619044555026584238e-21,-2.405972600609556765e-21,-8.910971700142331224e-15
2.473824885196408650e+04,2.853105157234318767e+01,1.000000161692843337e+00,1.000000323385712875e+00,1.999998575310019469e-03,1.000000161693108458e+00,1.000000323386251555e+00,2.000001854627851076e-03,1.000000161696340761e+00,1.000000323390458634e+00,2.000042159377980484e-03,1.000000161692851997e+00,1.000000323385617174e+00,1.999999005816619022e-03,6.187951019964338877e-32,5.593274689962872708e-21,-2.338906082932878637e-21,-8.657616084848535916e-15
2.476439922072937770e+04,2.856121124630972474e+01,1.000000161522027753e+00,1.000000323044081485e+00,1.999997666052459599e-03,1.000000161522341280e+00,1.000000323044717199e+00,2.000001548206135817e-03,1.000000161524581266e+00,1.000000323047617101e+00,2.000029608057611596e-03,1.000000161521982456e+00,1.000000323043962913e+00,1.999997426956277077e-03,4.924606791700452978e-32,5.562673569809139642e-21,-2.273401682670267890e-21,-8.410293732220655830e-15
2.479054958949466891e+04,2.859137092027626181e+01,1.000000161351703110e+00,1.000000322703431754e+00,1.999998376624453206e-03,1.000000161351912942e+00,1.000000322703859856e+00,2.000000977551633866e-03,1.000000161352098127e+00,1.000000322704051925e+00,2.000003594336760560e-03,1.000000161351731087e+00,1.000000322703373357e+00,1.999999046224532149e-03,3.704508019361099550e-32,5.527426273609364796e-21,-2.209613846488083498e-21,-8.169598138402818179e-15
2.481669995825996011e+04,2.862153059424279888e+01,1.000000161181696434e+00,1.000000322363418848e+00,1.999998577226180709e-03,1.000000161181951341e+00,1.000000322363936656e+00,2.000001740204010881e-03,1.000000161183866032e+00,1.000000322366394689e+00,2.000025821441243044e-03,1.000000161181773928e+00,1.000000322363415073e+00,1.999999860139598136e-03,2.520261445725452125e-32,5.491999242436130470e-21,-2.148112752926807867e-21,-7.937721791101488459e-15
2.484285032702524768e+04,2.865169026820933240e+01,1.000000161011961097e+00,1.000000322023947730e+00,1.999997702501614925e-03,1.000000161012290167e+00,1.000000322024614086e+00,2.000001790021291824e-03,1.000000161015382805e+00,1.000000322028639976e+00,2.000040527832445524e-03,1.000000161012110089e+00,1.000000322024086952e+00,1.999999875420625881e-03,1.367672788198538216e-32,5.456851737747620531e-21,-2.088037973729902786e-21,-7.711341565956752696e-15
2.486900069579053525e+04,2.868184994217586947e+01,1.000000160842704933e+00,1.000000321685435400e+00,1.999998348783505776e-03,1.000000160842928976e+00,1.000000321685891036e+00,2.000001134646346105e-03,1.000000160846187258e+00,1.000000321690172944e+00,2.000041971575206717e-03,1.000000160842739350e+00,1.000000321685387217e+00,1.999999098730895555e-03,2.792210432357938864e-33,5.425289912335985545e-21,-2.029371224925473236e-21,-7.490385260296597387e-15
2.489515106455582645e+04,2.871200961614240654e+01,1.000000160673770955e+00,1.000000321347567667e+00,1.999998578018774564e-03,1.000000160674002103e+00,1.000000321348037069e+00,2.000001455256362505e-03,1.000000160676279393e+00,1.000000321350993371e+00,2.000030124730257670e-03,1.000000160673661487e+00,1.000000321347315202e+00,1.999997536678323629e-03,-7.603606118903943825e-33,5.398460342047243587e-21,-1.972689825595702973e-21,-7.277070872323680098e-15
2.492130143332111766e+04,2.874216929010894361e+01,1.000000160505105429e+00,1.000000321010236615e+00,1.999997736037334699e-03,1.000000160505436275e+00,1.000000321010905191e+00,2.000001858599530398e-03,1.000000160505659430e+00,1.000000321011101923e+00,2.000004959358327259e-03,1.000000160505174263e+00,1.000000321010267035e+00,1.999998915452395106e-03,-1.758356846094075356e-32,5.375958565691398028e-21,-1.917602156427656814e-21,-7.069885042377847151e-15
2.494745180208640522e+04,2.877232896407547713e+01,1.000000160336907973e+00,1.000000320673841481e+00,1.999998320585455545e-03,1.000000160337167099e+00,1.000000320674366616e+00,2.000001552852826402e-03,1.000000160338993194e+00,1.000000320676718069e+00,2.000024651740497494e-03,1.000000160337000343e+00,1.000000320673872345e+00,1.999999793201198434e-03,-2.678561471528233801e-32,5.363334399744648545e-21,-1.863800187719327751e-21,-6.867640703828389678e-15
2.497360217085169643e+04,2.880248863804201420e+01,1.000000160169036478e+00,1.000000320338098492e+00,1.999998578310553752e-03,1.000000160169230323e+00,1.000000320338492621e+00,2.000000998813762209e-03,1.000000160172309416e+00,1.000000320342544713e+00,2.000039766618684229e-03,1.000000160169115082e+00,1.000000320338097382e+00,1.999999880228944121e-03,-3.540902151351597251e-32,5.353645681740489168e-21,-1.811415012663713575e-21,-6.670839259802132660e-15
2.499975253961698763e+04,2.883264831200855127e+01,1.000000160001430993e+00,1.000000320002887300e+00,1.999997769834349366e-03,1.000000160001749183e+00,1.000000320003530341e+00,2.000001747168965536e-03,1.000000160004924643e+00,1.000000320007670140e+00,2.000041759548263406e-03,1.000000160001518479e+00,1.000000320002941478e+00,1.999999183097830435e-03,-4.355507571015696806e-32,5.344952605672384939e-21,-1.760907402477856577e-21,-6.481243906847157712e-15
2.502590290838227520e+04,2.886280798597508834e+01,1.000000159834282254e+00,1.000000319668589821e+00,1.999998295039546407e-03,1.000000159834561808e+00,1.000000319669155591e+00,2.000001793087149288e-03,1.000000159836838654e+00,1.000000319672094351e+00,2.000030603029946154e-03,1.000000159834209867e+00,1.000000319668402859e+00,1.999997708315820379e-03,-5.085292805885256063e-32,5.330728432884443303e-21,-1.711573485548931584e-21,-6.296149410007784944e-15
2.505205327714756277e+04,2.889296765994162186e+01,1.000000159667463251e+00,1.000000319334951815e+00,1.999998578140711747e-03,1.000000159667667754e+00,1.000000319335367260e+00,2.000001139751753955e-03,1.000000159668051669e+00,1.000000319335817567e+00,2.000006269564443603e-03,1.000000159667453925e+00,1.000000319334833909e+00,1.999998780779172012e-03,-5.752196421374842578e-32,5.311775654115692903e-21,-1.663398179608496258e-21,-6.115496528283438581e-15
2.507820364591285397e+04,2.892312733390815893e+01,1.000000159500907593e+00,1.000000319001840499e+00,1.999997802364084348e-03,1.000000159501199803e+00,1.000000319002430915e+00,2.000001466423806645e-03,1.000000159502929975e+00,1.000000319004660243e+00,2.000023479744986003e-03,1.000000159501035268e+00,1.000000319001946636e+00,1.999999721012275192e-03,-6.368699880925962606e-32,5.289576624009832374e-21,-1.616859966020085928e-21,-5.941114777646659048e-15
2.510435401467814518e+04,2.895328700787469600e+01,1.000000159334797800e+00,1.000000318669620913e+00,1.999998266288422529e-03,1.000000159335084016e+00,1.000000318670199118e+00,2.000001858915987328e-03,1.000000159338017003e+00,1.000000318674011401e+00,2.000038993747999677e-03,1.000000159334900829e+00,1.000000318669669541e+00,1.999999878320486354e-03,-6.899138631036828934e-32,5.264258838394604891e-21,-1.571629191548465168e-21,-5.771736604125906625e-15
2.513050438344343274e+04,2.898344668184122952e+01,1.000000159169021297e+00,1.000000318338068128e+00,1.999998575635186446e-03,1.000000159169258440e+00,1.000000318338547745e+00,2.000001555404804128e-03,1.000000159172414138e+00,1.000000318342672667e+00,2.000041524275384536e-03,1.000000159169050384e+00,1.000000318338001737e+00,1.999999259166961463e-03,-7.365416091777239878e-32,5.238824242957770910e-21,-1.527456159390390108e-21,-5.606404371596441232e-15
2.515665475220872395e+04,2.901360635580776659e+01,1.000000159003505695e+00,1.000000318007036926e+00,1.999997830187612118e-03,1.000000159003758826e+00,1.000000318007548294e+00,2.000001014150307611e-03,1.000000159006120937e+00,1.000000318010643596e+00,2.000031044258642528e-03,1.000000159003483491e+00,1.000000318006941669e+00,1.999997869961710629e-03,-7.781691518586888294e-32,5.213765311925083138e-21,-1.484451989621951440e-21,-5.445541141193718841e-15
2.518280512097401515e+04,2.904376602977430366e+01,1.000000158838425524e+00,1.000000317676875916e+00,1.999998240511702795e-03,1.000000158838704190e+00,1.000000317677439021e+00,2.000001749307226892e-03,1.000000158839137843e+00,1.000000317677924633e+00,2.000007526629276906e-03,1.000000158838432185e+00,1.000000317676798200e+00,1.999998642346356020e-03,-8.115452013231750657e-32,5.191151125736961388e-21,-1.442988758574270751e-21,-5.290563937303644048e-15
2.520895548973930636e+04,2.907392570374084073e+01,1.000000158673681749e+00,1.000000317347388812e+00,1.999998572647717666e-03,1.000000158673937101e+00,1.000000317347904621e+00,2.000001791217440907e-03,1.000000158675539375e+00,1.000000317349947210e+00,2.000022305888657457e-03,1.000000158673741479e+00,1.000000317347363943e+00,1.999999643745558296e-03,-8.387115279267506889e-32,5.172224424058484377e-21,-1.402490932687187803e-21,-5.139271336643028591e-15
2.523510585850459029e+04,2.910408537770737425e+01,1.000000158509196657e+00,1.000000317018418405e+00,1.999997862007496519e-03,1.000000158509456893e+00,1.000000317018943985e+00,2.000001145552495353e-03,1.000000158512369230e+00,1.000000317022767593e+00,2.000038209876109970e-03,1.000000158509330772e+00,1.000000317018530538e+00,1.999999869901509901e-03,-8.611727682462746759e-32,5.156530765999275506e-21,-1.362946076574051911e-21,-4.991614750479888349e-15
2.526125622726988149e+04,2.913424505167391132e+01,1.000000158345136114e+00,1.000000316690297320e+00,1.999998210946210379e-03,1.000000158345394352e+00,1.000000316690818680e+00,2.000001472652781012e-03,1.000000158348519852e+00,1.000000316694908742e+00,2.000041266680778734e-03,1.000000158345199397e+00,1.000000316690296653e+00,1.999999327180298180e-03,-8.761108820728162568e-32,5.147521098406607050e-21,-1.324750566356057113e-21,-4.849102677951664440e-15
2.528740659603517270e+04,2.916440472564044839e+01,1.000000158181415744e+00,1.000000316362856356e+00,1.999998572083030481e-03,1.000000158181675536e+00,1.000000316363380826e+00,2.000001856818371844e-03,1.000000158183991017e+00,1.000000316366370434e+00,2.000031449656007512e-03,1.000000158181347354e+00,1.000000316362661401e+00,1.999998021895943185e-03,-8.853288386279790282e-32,5.140748817814053528e-21,-1.287627172099656421e-21,-4.710674337848134664e-15
2.531355696480046390e+04,2.919456439960698546e+01,1.000000158017951390e+00,1.000000316035927650e+00,1.999997890825396408e-03,1.000000158018240715e+00,1.000000316036510961e+00,2.000001552736695339e-03,1.000000158018782948e+00,1.000000316037152892e+00,2.000008732155140068e-03,1.000000158017974483e+00,1.000000316035890569e+00,1.999998500290876662e-03,-8.903362617051247085e-32,5.134250140739487336e-21,-1.251373614040983607e-21,-4.575557607688063435e-15
2.533970733356575147e+04,2.922472407357351898e+01,1.000000157854901373e+00,1.000000315709827170e+00,1.999998185888051273e-03,1.000000157855125860e+00,1.000000315710281029e+00,2.000001030106702236e-03,1.000000157856687499e+00,1.000000315712310961e+00,2.000021130568620849e-03,1.000000157854985083e+00,1.000000315709856036e+00,1.999999561568370065e-03,-8.888159440311686290e-32,5.123972509662927047e-21,-1.216083960354010522e-21,-4.444109014609964812e-15
2.536585770233104267e+04,2.925488374754005605e+01,1.000000157692194636e+00,1.000000315384413918e+00,1.999998569535407344e-03,1.000000157692445546e+00,1.000000315384919958e+00,2.000001751814203723e-03,1.000000157695232650e+00,1.000000315388546168e+00,2.000037415616237255e-03,1.000000157692271241e+00,1.000000315384412808e+00,1.999999855171951182e-03,-8.822891682805766844e-32,5.110045993458970738e-21,-1.182058437551466910e-21,-4.317466615673868003e-15
2.539200807109633388e+04,2.928504342150659312e+01,1.000000157529741474e+00,1.000000315059507594e+00,1.999997917730037683e-03,1.000000157530046119e+00,1.000000315060121547e+00,2.000001785506700432e-03,1.000000157533109002e+00,1.000000315064112577e+00,2.000040987639290467e-03,1.000000157529832290e+00,1.000000315059559997e+00,1.999999387372577726e-03,-8.721886805977989201e-32,5.093947722238398671e-21,-1.148826664825399435e-21,-4.193839621402393130e-15
2.541815843986162145e+04,2.931520309547313019e+01,1.000000157367692433e+00,1.000000314735409290e+00,1.999998155133668291e-03,1.000000157367927800e+00,1.000000314735884688e+00,2.000001146435090998e-03,1.000000157370316556e+00,1.000000314739010188e+00,2.000031820404243443e-03,1.000000157367668452e+00,1.000000314735296270e+00,1.999998164390180515e-03,-8.567217413533243930e-32,5.075770337842161002e-21,-1.116378393872572537e-21,-4.073188194006090240e-15
2.544430880862690901e+04,2.934536276943966371e+01,1.000000157205990003e+00,1.000000314412004654e+00,1.999998563132235948e-03,1.000000157206219153e+00,1.000000314412466951e+00,2.000001478414328501e-03,1.000000157206855311e+00,1.000000314413239000e+00,2.000009887677562173e-03,1.000000157205948925e+00,1.000000314411847446e+00,1.999998354745257268e-03,-8.371232374284862726e-32,5.057518037871402802e-21,-1.085041831169118165e-21,-3.956755675378987728e-15
2.547045917739220022e+04,2.937552244340620078e+01,1.000000157044538929e+00,1.000000314089102504e+00,1.999997945023718020e-03,1.000000157044845794e+00,1.000000314089720010e+00,2.000001853028147199e-03,1.000000157046242455e+00,1.000000314091487708e+00,2.000019954149022828e-03,1.000000157044634408e+00,1.000000314089159792e+00,1.999999474642802626e-03,-8.146747370454661161e-32,5.039657927945638474e-21,-1.054584046296074093e-21,-3.843655047501540968e-15
2.549660954615749142e+04,2.940568211737273785e+01,1.000000156883481761e+00,1.000000313766987947e+00,1.999998125145749459e-03,1.000000156883750435e+00,1.000000313767529070e+00,2.000001550283428582e-03,1.000000156886476033e+00,1.000000313771084670e+00,2.000036611543107995e-03,1.000000156883591229e+00,1.000000313767054783e+00,1.999999834325647766e-03,-7.880954509127045442e-32,5.023454707664623527e-21,-1.024841277889655840e-21,-3.733264108086755425e-15
2.552275991492278263e+04,2.943584179133927492e+01,1.000000156722774536e+00,1.000000313445573275e+00,1.999998560726874014e-03,1.000000156722969047e+00,1.000000313445966071e+00,2.000001042956593960e-03,1.000000156726051248e+00,1.000000313450023270e+00,2.000040687980549937e-03,1.000000156722818945e+00,1.000000313445530864e+00,1.999999439971505543e-03,-7.583574638779272624e-32,5.010116077010589418e-21,-9.958930604801016316e-22,-3.625882966671493628e-15
2.554891028368807019e+04,2.946600146530580844e+01,1.000000156562316000e+00,1.000000313124656648e+00,1.999997969218153104e-03,1.000000156562611986e+00,1.000000313125251727e+00,2.000001750271113848e-03,1.000000156564967879e+00,1.000000313128303286e+00,2.000032157632438898e-03,1.000000156562317111e+00,1.000000313124587148e+00,1.999998297708078902e-03,-7.265290289091371741e-32,4.999191674704919304e-21,-9.679814602783950824e-22,-3.522425016120377371e-15
2.557506065245336140e+04,2.949616113927234551e+01,1.000000156402241824e+00,1.000000312804507629e+00,1.999998098084331249e-03,1.000000156402530038e+00,1.000000312805087832e+00,2.000001783628282005e-03,1.000000156403225926e+00,1.000000312805924718e+00,2.000010994669863384e-03,1.000000156402225837e+00,1.000000312804409264e+00,1.999998205837768064e-03,-6.918009852048798733e-32,4.992768504817756829e-21,-9.407222098178393809e-22,-3.421434025768979370e-15
2.560121102121864897e+04,2.952632081323888258e+01,1.000000156242520255e+00,1.000000312485064713e+00,1.999998553114488899e-03,1.000000156242722982e+00,1.000000312485473497e+00,2.000001148139312832e-03,1.000000156244075677e+00,1.000000312487220322e+00,2.000018776964482877e-03,1.000000156242560667e+00,1.000000312485017639e+00,1.999999383125898762e-03,-6.549247704381393603e-32,4.988036805227836581e-21,-9.141068670323985770e-22,-3.322877344040918051e-15
2.562736138998394017e+04,2.955648048720541965e+01,1.000000156083045599e+00,1.000000312166115179e+00,1.999997996661352292e-03,1.000000156083317604e+00,1.000000312166662964e+00,2.000001482041969657e-03,1.000000156085971481e+00,1.000000312170127081e+00,2.000035798196499182e-03,1.000000156083162617e+00,1.000000312166199556e+00,1.999999807550537859e-03,-6.167086553315976520e-32,4.983185672839693290e-21,-8.884070681866386215e-22,-3.227779384725744099e-15
2.565351175874922774e+04,2.958664016117195317e+01,1.000000155923944867e+00,1.000000311847913936e+00,1.999998064686516787e-03,1.000000155924239742e+00,1.000000311848507017e+00,2.000001846979175546e-03,1.000000155927218692e+00,1.000000311852385249e+00,2.000040368492678449e-03,1.000000155924031242e+00,1.000000311847953682e+00,1.999999485197991728e-03,-5.767552841485367651e-32,4.975766239921119852e-21,-8.634272765300923605e-22,-3.135399011923528266e-15
2.567966212751451894e+04,2.961679983513849024e+01,1.000000155765200294e+00,1.000000311530425012e+00,1.999998545197260395e-03,1.000000155765433885e+00,1.000000311530895081e+00,2.000001544465267525e-03,1.000000155767817533e+00,1.000000311533995045e+00,2.000032462420457072e-03,1.000000155765166321e+00,1.000000311530279351e+00,1.999998422105548658e-03,-5.356472177172137731e-32,4.965549074465767412e-21,-8.390349998492440612e-22,-3.045235112197769096e-15
2.570581249627981015e+04,2.964695950910502731e+01,1.000000155606700192e+00,1.000000311213424586e+00,1.999998018070095560e-03,1.000000155606936225e+00,1.000000311213899984e+00,2.000001051785450443e-03,1.000000155607768004e+00,1.000000311214956472e+00,2.000012054547270143e-03,1.000000155606678653e+00,1.000000311213323112e+00,1.999998053692569281e-03,-4.939034911567212794e-32,4.953887351387622697e-21,-8.152974049291510000e-22,-2.957540026178138448e-15
2.573196286504509771e+04,2.967711918307156083e+01,1.000000155448564687e+00,1.000000310897153355e+00,1.999998035582645130e-03,1.000000155448853123e+00,1.000000310897733335e+00,2.000001746594116774e-03,1.000000155450061046e+00,1.000000310899256784e+00,2.000017599323116509e-03,1.000000155448637740e+00,1.000000310897177336e+00,1.999999287169823645e-03,-4.514670065152527845e-32,4.940845414382540152e-21,-7.924095142895231411e-22,-2.873046332769836858e-15
2.575811323381038892e+04,2.970727885703809790e+01,1.000000155290788006e+00,1.000000310581599994e+00,1.999998540538957138e-03,1.000000155291039361e+00,1.000000310582105367e+00,2.000001777747700393e-03,1.000000155293592874e+00,1.000000310585421825e+00,2.000034976084386854e-03,1.000000155290859727e+00,1.000000310581596219e+00,1.999999775028861969e-03,-4.088051668071379774e-32,4.927753762599450709e-21,-7.700575474809895069e-22,-2.790570274785726695e-15
2.578426360257567649e+04,2.973743853100463497e+01,1.000000155133253577e+00,1.000000310266531134e+00,1.999998041275965945e-03,1.000000155133494273e+00,1.000000310267015413e+00,2.000001144365056317e-03,1.000000155136486324e+00,1.000000310270948489e+00,2.000040029925587853e-03,1.000000155133344393e+00,1.000000310266578651e+00,1.999999523266377845e-03,-3.661365376165368409e-32,4.915030385682525167e-21,-7.482345534034241788e-22,-2.710085099694341958e-15
2.581041397134096769e+04,2.976759820497117204e+01,1.000000154976074196e+00,1.000000309952172151e+00,1.999998005847311577e-03,1.000000154976343758e+00,1.000000309952714161e+00,2.000001484602657430e-03,1.000000154978741396e+00,1.000000309955836775e+00,2.000032735802435152e-03,1.000000154976091515e+00,1.000000309952123745e+00,1.999998537831013459e-03,-3.236679010469122225e-32,4.903428050173762321e-21,-7.271652474762485762e-22,-2.632434535119891113e-15
2.583656434010625526e+04,2.979775787893770556e+01,1.000000154819256748e+00,1.000000309638537255e+00,1.999998534237400205e-03,1.000000154819512543e+00,1.000000309639051954e+00,2.000001838674359943e-03,1.000000154820357867e+00,1.000000309640086460e+00,2.000013068670643095e-03,1.000000154819183473e+00,1.000000309638340967e+00,1.999997898429860341e-03,-2.818010841811803177e-32,4.894032811991746355e-21,-7.066856240444917890e-22,-2.556999805774684653e-15
2.586271470887154646e+04,2.982791755290424263e+01,1.000000154662679108e+00,1.000000309325381975e+00,1.999998064274251947e-03,1.000000154662947782e+00,1.000000309325922210e+00,2.000001538593395092e-03,1.000000154664074881e+00,1.000000309327349290e+00,2.000016421509214545e-03,1.000000154662741947e+00,1.000000309325391523e+00,1.999999186922033108e-03,-2.404603478114876235e-32,4.886435647555776237e-21,-6.866885584952790591e-22,-2.483377546291959495e-15
2.588886507763683767e+04,2.985807722687077970e+01,1.000000154506447192e+00,1.000000309012918143e+00,1.999997973507740886e-03,1.000000154506685890e+00,1.000000309013397981e+00,2.000001063317255467e-03,1.000000154509217642e+00,1.000000309016722877e+00,2.000034145685746813e-03,1.000000154506559547e+00,1.000000309012998301e+00,1.999999736937352422e-03,-2.000409162912007584e-32,4.881859637755620608e-21,-6.672307087353503835e-22,-2.411779707737475895e-15
2.591501544640212887e+04,2.988823690083731677e+01,1.000000154350580095e+00,1.000000308701183949e+00,1.999998524367720045e-03,1.000000154350828341e+00,1.000000308701682883e+00,2.000001741015475926e-03,1.000000154353731796e+00,1.000000308705467855e+00,2.000039672993943023e-03,1.000000154350635606e+00,1.000000308701160190e+00,1.999999554384652035e-03,-1.609201152066500657e-32,4.878555634119255249e-21,-6.484690740667392660e-22,-2.342793441921290973e-15
2.594116581516741644e+04,2.991839657480385029e+01,1.000000154194950808e+00,1.000000308389925152e+00,1.999998085217020299e-03,1.000000154195234803e+00,1.000000308390495363e+00,2.000001768798357824e-03,1.000000154197617341e+00,1.000000308393584447e+00,2.000032978769932402e-03,1.000000154194970126e+00,1.000000308389875858e+00,1.999998645125653212e-03,-1.227497932388974089e-32,4.874939453860361738e-21,-6.301475428135296619e-22,-2.275456817568917533e-15
2.596731618393270401e+04,2.994855624877038736e+01,1.000000154039657918e+00,1.000000308079339595e+00,1.999997942535611944e-03,1.000000154039904388e+00,1.000000308079834754e+00,2.000001142611478998e-03,1.000000154040873834e+00,1.000000308081071765e+00,2.000014038349846347e-03,1.000000154039618616e+00,1.000000308079219247e+00,1.999997740166007364e-03,-8.604363964017487348e-33,4.869582632769700504e-21,-6.122603939966686064e-22,-2.209747922782140484e-15
2.599346655269799521e+04,2.997871592273692443e+01,1.000000153884732512e+00,1.000000307769488783e+00,1.999998516420006811e-03,1.000000153884960774e+00,1.000000307769947749e+00,2.000001483078438745e-03,1.000000153885995946e+00,1.000000307771255592e+00,2.000015243785607973e-03,1.000000153884752496e+00,1.000000307769418173e+00,1.999999082525424996e-03,-5.118438015890027309e-33,4.862096734042730644e-21,-5.949934448146403777e-22,-2.146361419880852593e-15
2.601961692146328642e+04,3.000887559670346150e+01,1.000000153730042696e+00,1.000000307460109150e+00,1.999998102478436554e-03,1.000000153730329355e+00,1.000000307460684468e+00,2.000001831864730260e-03,1.000000153732724995e+00,1.000000307463789095e+00,2.000033307453044380e-03,1.000000153730141284e+00,1.000000307460164661e+00,1.999999693447416810e-03,-1.758657362691058790e-33,4.853656339307347418e-21,-5.782092502822369511e-22,-2.084781073131906902e-15
2.604576729022857398e+04,3.003903527066999501e+01,1.000000153575680617e+00,1.000000307151384549e+00,1.999997912878666642e-03,1.000000153575958617e+00,1.000000307151942769e+00,2.000001533238305890e-03,1.000000153578834983e+00,1.000000307155703316e+00,2.000039298379803401e-03,1.000000153575784978e+00,1.000000307151458045e+00,1.999999578754660650e-03,1.417889953340009209e-33,4.844301943457476241e-21,-5.618212522517562582e-22,-2.024682379920620834e-15
2.607191765899386519e+04,3.006919494463653209e+01,1.000000153421688465e+00,1.000000306843400244e+00,1.999998507553407516e-03,1.000000153421884974e+00,1.000000306843795483e+00,2.000001069242837975e-03,1.000000153424325688e+00,1.000000306846998255e+00,2.000033192274764272e-03,1.000000153421683136e+00,1.000000306843296993e+00,1.999998744223643876e-03,4.370627480552816249e-33,4.834918298024631872e-21,-5.458771919488945178e-22,-1.966243186367619354e-15
2.609806802775915639e+04,3.009935461860306916e+01,1.000000153267929681e+00,1.000000306535882899e+00,1.999998120515027438e-03,1.000000153268206793e+00,1.000000306536438899e+00,2.000001736554595042e-03,1.000000153269196890e+00,1.000000306537673911e+00,2.000014964846807096e-03,1.000000153267864622e+00,1.000000306535719696e+00,1.999997579013678469e-03,7.177300958044433698e-33,4.825861195390347573e-21,-5.305033595313019400e-22,-1.909933755809949494e-15
2.612421839652444396e+04,3.012951429256960623e+01,1.000000153114489754e+00,1.000000306229003044e+00,1.999997879010521808e-03,1.000000153114786627e+00,1.000000306229598790e+00,2.000001756806383570e-03,1.000000153115705670e+00,1.000000306230738767e+00,2.000014066395758294e-03,1.000000153114550150e+00,1.000000306229019476e+00,1.999998974118501367e-03,9.780158222492753256e-33,4.817556996105896826e-21,-5.154908026880202080e-22,-1.854972682658247229e-15
2.615036876528973153e+04,3.015967396653613974e+01,1.000000152961422639e+00,1.000000305922868371e+00,1.999998498143895718e-03,1.000000152961624478e+00,1.000000305923274269e+00,2.000001137220098948e-03,1.000000152963996802e+00,1.000000305926383781e+00,2.000032461814448773e-03,1.000000152961486810e+00,1.000000305922858823e+00,1.999999644725314069e-03,1.213575467652858836e-32,4.810946990765212061e-21,-5.008348148684121561e-22,-1.801342025695935290e-15
2.617651913405502273e+04,3.018983364050267681e+01,1.000000152808586673e+00,1.000000305617196439e+00,1.999998141299566892e-03,1.000000152808842024e+00,1.000000305617709140e+00,2.000001483403605288e-03,1.000000152811677978e+00,1.000000305621419061e+00,2.000038906734998272e-03,1.000000152808674603e+00,1.000000305617236851e+00,1.999999596572309482e-03,1.433583554888919374e-32,4.805674380303185609e-21,-4.866889816178943727e-22,-1.749613516843579772e-15
2.620266950282031394e+04,3.021999331446921389e+01,1.000000152656060681e+00,1.000000305312144455e+00,1.999997847363382038e-03,1.000000152656363994e+00,1.000000305312753301e+00,2.000001821167616926e-03,1.000000152658749197e+00,1.000000305315844384e+00,2.000033377231561112e-03,1.000000152656112862e+00,1.000000305312152227e+00,1.999998835352380811e-03,1.632587562963234102e-32,4.802418362183642994e-21,-4.729382097588282191e-22,-1.699356775194222146e-15
2.622881987158560150e+04,3.025015298843574740e+01,1.000000152503909945e+00,1.000000305007842982e+00,1.999998487525170635e-03,1.000000152504141537e+00,1.000000305008307944e+00,2.000001524724454808e-03,1.000000152505210682e+00,1.000000305009659751e+00,2.000015849378292479e-03,1.000000152503804918e+00,1.000000305007608725e+00,1.999997415081969550e-03,1.806006265662350166e-32,4.800117480366153888e-21,-4.595126043147440918e-22,-1.650310889052682998e-15
2.625497024035089271e+04,3.028031266240228447e+01,1.000000152351988358e+00,1.000000304704000031e+00,1.999998155598192110e-03,1.000000152352210847e+00,1.000000304704446563e+00,2.000001076315213646e-03,1.000000152353087479e+00,1.000000304705565446e+00,2.000012889565611508e-03,1.000000152352019001e+00,1.000000304703963394e+00,1.999998861835507701e-03,1.963861292664791293e-32,4.797431229517479489e-21,-4.464523510474947439e-22,-1.602624942588773569e-15
2.628112060911618391e+04,3.031047233636882154e+01,1.000000152200368309e+00,1.000000304400759932e+00,1.999997813225233134e-03,1.000000152200666514e+00,1.000000304401357676e+00,2.000001731817903101e-03,1.000000152202916937e+00,1.000000304404275342e+00,2.000031609175812863e-03,1.000000152200480441e+00,1.000000304400849194e+00,1.999999590932326644e-03,2.101295795189963711e-32,4.793571401171207442e-21,-4.338589569395866456e-22,-1.556675311588950595e-15
2.630727097788147512e+04,3.034063201033535861e+01,1.000000152049125957e+00,1.000000304098275006e+00,1.999998475492551376e-03,1.000000152049374869e+00,1.000000304098774384e+00,2.000001749590296033e-03,1.000000152052145541e+00,1.000000304102384607e+00,2.000038498683256571e-03,1.000000152049189017e+00,1.000000304098265680e+00,1.999999608027755015e-03,2.213627056490228445e-32,4.788095085062006362e-21,-4.215620170929018982e-22,-1.511827451598408130e-15
2.633342134664675905e+04,3.037079168430189213e+01,1.000000151898110756e+00,1.000000303796244605e+00,1.999998172097498805e-03,1.000000151898335687e+00,1.000000303796696022e+00,2.000001133701330338e-03,1.000000151900773515e+00,1.000000303799893020e+00,2.000033534520086632e-03,1.000000151898144285e+00,1.000000303796211298e+00,1.999998918732700387e-03,2.311171798032783803e-32,4.781991912944577761e-21,-4.095576611243178815e-22,-1.468066677310605952e-15
2.635957171541205025e+04,3.040095135826842920e+01,1.000000151747388433e+00,1.000000303494800180e+00,1.999997781116472605e-03,1.000000151747669319e+00,1.000000303495363063e+00,2.000001483139407336e-03,1.000000151748800414e+00,1.000000303496800358e+00,2.000016693118447045e-03,1.000000151747346244e+00,1.000000303494685605e+00,1.999997528614038279e-03,2.389833469212653596e-32,4.775288024557246578e-21,-3.979727796384236726e-22,-1.425863381745281037e-15
2.638572208417734146e+04,3.043111103223496627e+01,1.000000151597046472e+00,1.000000303194115814e+00,1.999998465297703806e-03,1.000000151597300269e+00,1.000000303194625184e+00,2.000001813606039260e-03,1.000000151598027687e+00,1.000000303195508256e+00,2.000011713505242626e-03,1.000000151597044695e+00,1.000000303194021001e+00,1.999998745806581216e-03,2.445022437803687619e-32,4.768567272910597897e-21,-3.867110715314176815e-22,-1.384859008806802882e-15
2.641187245294263266e+04,3.046127070620150334e+01,1.000000151446929442e+00,1.000000302893881532e+00,1.999998188408093607e-03,1.000000151447181462e+00,1.000000302894387127e+00,2.000001516576415707e-03,1.000000151449372154e+00,1.000000302897236848e+00,2.000030749922438681e-03,1.000000151447008268e+00,1.000000302893908399e+00,1.999999532224922688e-03,2.486829533877272045e-32,4.762126342136068572e-21,-3.757161337574640029e-22,-1.344843894843284761e-15
2.643802282170792023e+04,3.049143038016803686e+01,1.000000151297097073e+00,1.000000302594216794e+00,1.999997750309830645e-03,1.000000151297349094e+00,1.000000302594722390e+00,2.000001081773369275e-03,1.000000151300124651e+00,1.000000302598373469e+00,2.000038074822129384e-03,1.000000151297215201e+00,1.000000302594318269e+00,1.999999613305598715e-03,2.511988077533189800e-32,4.756190770121040349e-21,-3.650217583039458200e-22,-1.305942897112656030e-15
2.646417319047321143e+04,3.052159005413457393e+01,1.000000151147647065e+00,1.000000302295317001e+00,1.999998452005063380e-03,1.000000151147894201e+00,1.000000302295812826e+00,2.000001722125322595e-03,1.000000151150285399e+00,1.000000302298918342e+00,2.000033664987341687e-03,1.000000151147665273e+00,1.000000302295249721e+00,1.999998994579095957e-03,2.516227680116875379e-32,4.751547579668766970e-21,-3.547094667247841363e-22,-1.268457029686540646e-15
2.649032355923850264e+04,3.055174972810111100e+01,1.000000150998420434e+00,1.000000301996863294e+00,1.999998205660800249e-03,1.000000150998687110e+00,1.000000301997398422e+00,2.000001737821874293e-03,1.000000150999854176e+00,1.000000301998871244e+00,2.000017497201102973e-03,1.000000150998358039e+00,1.000000301996701646e+00,1.999997681532715132e-03,2.508948837581409228e-32,4.747896473705500534e-21,-3.446403479419563443e-22,-1.231871179257437758e-15
2.651647392800379021e+04,3.058190940206764807e+01,1.000000150849470026e+00,1.000000301698962479e+00,1.999997717752514427e-03,1.000000150849727376e+00,1.000000301699478733e+00,2.000001129755781155e-03,1.000000150850414160e+00,1.000000301700342931e+00,2.000010538410309808e-03,1.000000150849515768e+00,1.000000301698969585e+00,1.999998626157884016e-03,2.487706113617080805e-32,4.745582233163244639e-21,-3.348112204840755958e-22,-1.196173329386835242e-15
2.654262429676907777e+04,3.061206907603418159e+01,1.000000150700904200e+00,1.000000301401831271e+00,1.999998438634033836e-03,1.000000150701133350e+00,1.000000301402290681e+00,2.000001479755641413e-03,1.000000150703250990e+00,1.000000301405045366e+00,2.000029884420653856e-03,1.000000150700959045e+00,1.000000301401813729e+00,1.999999468754913058e-03,2.448779147600546023e-32,4.743977482010354269e-21,-3.253268759338839167e-22,-1.161750364828517148e-15
2.656877466553436898e+04,3.064222875000071866e+01,1.000000150552559752e+00,1.000000301105142153e+00,1.999998216816630849e-03,1.000000150552829759e+00,1.000000301105683498e+00,2.000001803684099688e-03,1.000000150555504508e+00,1.000000301109164269e+00,2.000037635724713839e-03,1.000000150552642131e+00,1.000000301105172795e+00,1.999999612585057901e-03,2.400490015625380000e-32,4.741981573284070348e-21,-3.161067980352842942e-22,-1.128303768422186016e-15
2.659492503429966018e+04,3.067238842396725573e+01,1.000000150404483756e+00,1.000000300808989939e+00,1.999997683993242573e-03,1.000000150404771304e+00,1.000000300809566145e+00,2.000001507648847821e-03,1.000000150407174715e+00,1.000000300812700083e+00,2.000033769449469437e-03,1.000000150404564803e+00,1.000000300809045894e+00,1.999999063099913450e-03,2.341146298457682438e-32,4.739202038737184508e-21,-3.071055008870458244e-22,-1.095665154432134531e-15
2.662107540306495139e+04,3.070254809793379280e+01,1.000000150256794562e+00,1.000000300513611551e+00,1.999998428944356824e-03,1.000000150256994180e+00,1.000000300514012119e+00,2.000001085968600677e-03,1.000000150258262055e+00,1.000000300515652807e+00,2.000018262721897731e-03,1.000000150256726617e+00,1.000000300513431695e+00,1.999997825708713095e-03,2.267788941308639000e-32,4.735202309998973160e-21,-2.983513724552608332e-22,-1.063938996537584639e-15
2.664722577183023895e+04,3.073270777190032632e+01,1.000000150109324304e+00,1.000000300218671478e+00,1.999998227310515256e-03,1.000000150109586317e+00,1.000000300219195948e+00,2.000001718265419313e-03,1.000000150110137653e+00,1.000000300219850979e+00,2.000009364463347598e-03,1.000000150109322528e+00,1.000000300218589322e+00,1.999998503011734055e-03,2.187363455357744118e-32,4.730794081798116683e-21,-2.899098302126409172e-22,-1.033365858676561214e-15
2.667337614059553016e+04,3.076286744586686339e+01,1.000000149962114948e+00,1.000000299924252323e+00,1.999997648849108876e-03,1.000000149962420704e+00,1.000000299924865166e+00,2.000001726613784281e-03,1.000000149964444196e+00,1.000000299927482406e+00,2.000029013019229314e-03,1.000000149962223750e+00,1.000000299924347136e+00,1.999999400669605701e-03,2.098821385112150017e-32,4.725992848016693478e-21,-2.816676825382083456e-22,-1.003527717452301304e-15
2.669952650936081773e+04,3.079302711983340046e+01,1.000000149815294392e+00,1.000000299630611433e+00,1.999998412680214881e-03,1.000000149815497563e+00,1.000000299631018441e+00,2.000001124962475212e-03,1.000000149818176087e+00,1.000000299634539180e+00,2.000037181941221286e-03,1.000000149815361450e+00,1.000000299630612322e+00,1.999999606040147020e-03,2.000136982994018799e-32,4.721185194663990508e-21,-2.736223153007096153e-22,-9.744147433415624592e-16
2.672567687812610893e+04,3.082318679379993753e+01,1.000000149668691218e+00,1.000000299337404863e+00,1.999998240455089227e-03,1.000000149668933469e+00,1.000000299337890253e+00,2.000001477611573503e-03,1.000000149671333549e+00,1.000000299341021526e+00,2.000033848693493540e-03,1.000000149668734961e+00,1.000000299337383547e+00,1.999999124497553894e-03,1.896678228897832455e-32,4.716609073333847947e-21,-2.658602341417338696e-22,-9.463450315430841036e-16
2.675182724689139650e+04,3.085334646776647105e+01,1.000000149522340731e+00,1.000000299044703667e+00,1.999997615904205127e-03,1.000000149522653148e+00,1.000000299045329610e+00,2.000001794763789885e-03,1.000000149523916360e+00,1.000000299046929442e+00,2.000018990740214369e-03,1.000000149522344284e+00,1.000000299044660146e+00,1.999997961374466900e-03,1.787908411064571315e-32,4.712366634760460811e-21,-2.583141698868529476e-22,-9.190702126707129752e-16
2.677797761565668770e+04,3.088350614173300812e+01,1.000000149376381486e+00,1.000000298752784955e+00,1.999998401093247818e-03,1.000000149376612635e+00,1.000000298753248806e+00,2.000001495937040082e-03,1.000000149377090475e+00,1.000000298753816796e+00,2.000008191834915308e-03,1.000000149376357284e+00,1.000000298752665495e+00,1.999998376486733075e-03,1.672853383738132572e-32,4.709107744632550102e-21,-2.509474646496263621e-22,-8.924551298759236179e-16
2.680412798442197891e+04,3.091366581569954519e+01,1.000000149230637403e+00,1.000000298461296788e+00,1.999998252998685163e-03,1.000000149230849011e+00,1.000000298461721115e+00,2.000001088989457245e-03,1.000000149232844748e+00,1.000000298464334136e+00,2.000028136050645191e-03,1.000000149230695357e+00,1.000000298461294346e+00,1.999999328111951372e-03,1.555200971660001678e-32,4.706583817112578685e-21,-2.437839443097291880e-22,-8.665871256451462958e-16
2.683027835318726648e+04,3.094382548966607871e+01,1.000000149085138235e+00,1.000000298170298674e+00,1.999997580703457862e-03,1.000000149085445988e+00,1.000000298170915070e+00,2.000001709263817765e-03,1.000000149088033030e+00,1.000000298174285263e+00,2.000036714000387201e-03,1.000000149085266132e+00,1.000000298170422797e+00,1.999999593839842452e-03,1.434786399718904587e-32,4.704939789449773873e-21,-2.368760599267659651e-22,-8.416583084385411114e-16
2.685642872195255768e+04,3.097398516363261578e+01,1.000000148940032529e+00,1.000000297880087263e+00,1.999998385569440752e-03,1.000000148940280553e+00,1.000000297880584199e+00,2.000001716086512085e-03,1.000000148942655320e+00,1.000000297883670397e+00,2.000033903478906725e-03,1.000000148940069389e+00,1.000000297880050182e+00,1.999999178968661639e-03,1.311743061700222230e-32,4.703823610816796094e-21,-2.301316144751522521e-22,-8.173295550264042512e-16
2.688257909071784525e+04,3.100414483759915285e+01,1.000000148795140209e+00,1.000000297590302178e+00,1.999998265527764500e-03,1.000000148795352484e+00,1.000000297590728060e+00,2.000001118772694753e-03,1.000000148796711397e+00,1.000000297592489540e+00,2.000019682280968717e-03,1.000000148795104904e+00,1.000000297590175391e+00,1.999998088755895655e-03,1.188070026969167576e-32,4.702344188947188406e-21,-2.235484608349274025e-22,-7.935928272707914618e-16
2.690872945948313645e+04,3.103430451156568992e+01,1.000000148650485254e+00,1.000000297300992269e+00,1.999997548612116993e-03,1.000000148650777021e+00,1.000000297301576913e+00,2.000001474146515835e-03,1.000000148651167153e+00,1.000000297302029884e+00,2.000007020684623112e-03,1.000000148650515008e+00,1.000000297300987606e+00,1.999998246697889340e-03,1.063839912862971407e-32,4.700343539862663476e-21,-2.171979806293925482e-22,-7.707095759053240221e-16
2.693487982824842402e+04,3.106446418553222344e+01,1.000000148506225539e+00,1.000000297012472839e+00,1.999998371778888718e-03,1.000000148506478892e+00,1.000000297012980432e+00,2.000001783793768553e-03,1.000000148508348063e+00,1.000000297015390727e+00,2.000027253832232284e-03,1.000000148506268838e+00,1.000000297012445527e+00,1.999999251220682412e-03,9.402843195847474612e-33,4.697423284382833738e-21,-2.110240125189639188e-22,-7.484732860377813412e-16
2.696103019701371522e+04,3.109462385949876051e+01,1.000000148362177210e+00,1.000000296724376403e+00,1.999998273595963386e-03,1.000000148362415686e+00,1.000000296724854243e+00,2.000001488374010886e-03,1.000000148364970975e+00,1.000000296728193572e+00,2.000036232410757047e-03,1.000000148362251817e+00,1.000000296724395721e+00,1.999999576148242097e-03,8.177900212000743011e-33,4.694239209483320529e-21,-2.049970326625557662e-22,-7.267755351982347932e-16
2.698718056577900643e+04,3.112478353346529758e+01,1.000000148218358920e+00,1.000000296436740044e+00,1.999997511042298209e-03,1.000000148218624263e+00,1.000000296437271396e+00,2.000001091476111357e-03,1.000000148221036333e+00,1.000000296440438863e+00,2.000033934539121889e-03,1.000000148218464169e+00,1.000000296436837521e+00,1.999999226704305636e-03,6.965475191004528401e-33,4.690800156753272038e-21,-1.991370199791734456e-22,-7.056892831883804041e-16
2.701333093454429763e+04,3.115494320743183465e+01,1.000000148074937867e+00,1.000000296149897716e+00,1.999998354444890332e-03,1.000000148075185669e+00,1.000000296150394208e+00,2.000001701420622922e-03,1.000000148076543693e+00,1.000000296152126156e+00,2.000020338336255202e-03,1.000000148074905226e+00,1.000000296149770040e+00,1.999998208072611451e-03,5.788143855666218667e-33,4.687359906919526478e-21,-1.934859936321796538e-22,-6.853678248892788648e-16
2.703948130330958520e+04,3.118510288139836817e+01,1.000000147931726646e+00,1.000000295863475053e+00,1.999998282712244467e-03,1.000000147931979999e+00,1.000000295863982425e+00,2.000001707977667326e-03,1.000000147932264660e+00,1.000000295864283961e+00,2.000005851162043637e-03,1.000000147931692229e+00,1.000000295863348931e+00,1.999998113756734728e-03,4.635140176006988345e-33,4.684109555992086263e-21,-1.879688869188909016e-22,-6.655361331486241845e-16
2.706563167207487277e+04,3.121526255536490524e+01,1.000000147788737914e+00,1.000000295577497589e+00,1.999997476851889892e-03,1.000000147789006588e+00,1.000000295578035603e+00,2.000001112767272465e-03,1.000000147790850891e+00,1.000000295580446341e+00,2.000026366667199875e-03,1.000000147788841165e+00,1.000000295577594844e+00,1.999999170130452829e-03,3.508569450884631565e-33,4.681080469518291057e-21,-1.825839369815095432e-22,-6.461876367312472438e-16
2.709178204084016397e+04,3.124542222933144231e+01,1.000000147646148196e+00,1.000000295292318375e+00,1.999998338289621369e-03,1.000000147646379567e+00,1.000000295292781560e+00,2.000001472408906213e-03,1.000000147648887339e+00,1.000000295296058939e+00,2.000035737661851141e-03,1.000000147646216142e+00,1.000000295292325925e+00,1.999999553124723675e-03,2.439984599227556990e-33,4.678798268896686887e-21,-1.773900221529305623e-22,-6.275371594062512728e-16
2.711793240960545518e+04,3.127558190329797938e+01,1.000000147503766534e+00,1.000000295007554607e+00,1.999998290472696037e-03,1.000000147504023440e+00,1.000000295008069306e+00,2.000001773847151672e-03,1.000000147506374226e+00,1.000000295011122198e+00,2.000033942582803495e-03,1.000000147503816939e+00,1.000000295007541506e+00,1.999999267890157674e-03,1.406048144537997405e-33,4.677060207770035873e-21,-1.723402873887349441e-22,-6.094130932823820022e-16
2.714408277837074274e+04,3.130574157726451290e+01,1.000000147361600034e+00,1.000000294723222050e+00,1.999997439499816201e-03,1.000000147361897573e+00,1.000000294723817573e+00,2.000001477721897580e-03,1.000000147363311331e+00,1.000000294725635452e+00,2.000020959866865601e-03,1.000000147361643110e+00,1.000000294723240701e+00,1.999998319538114511e-03,4.083397178268074672e-34,4.675897008057665998e-21,-1.674109702383767671e-22,-5.917285129953128690e-16
2.717023314713603395e+04,3.133590125123104997e+01,1.000000147219834767e+00,1.000000294439691073e+00,1.999998323147594848e-03,1.000000147220038826e+00,1.000000294440100301e+00,2.000001095312788427e-03,1.000000147220281299e+00,1.000000294440375637e+00,2.000004683407520783e-03,1.000000147219787694e+00,1.000000294439546744e+00,1.999997977771434884e-03,-5.143491873672776310e-34,4.675121869640563534e-21,-1.626188092110031106e-22,-5.745443153145331172e-16
2.719638351590132515e+04,3.136606092519758704e+01,1.000000147078275337e+00,1.000000294156572433e+00,1.999998297063128663e-03,1.000000147078525137e+00,1.000000294157072478e+00,2.000001693893884575e-03,1.000000147080252422e+00,1.000000294159299141e+00,2.000025474845560768e-03,1.000000147078311530e+00,1.000000294156540237e+00,1.999999084971967097e-03,-1.395457795707764194e-33,4.674029129530239352e-21,-1.579974373297110401e-22,-5.579827270211504346e-16
2.722253388466661636e+04,3.139622059916412411e+01,1.000000146936924184e+00,1.000000293873870350e+00,1.999997405583767845e-03,1.000000146937239487e+00,1.000000293874500956e+00,2.000001697261682802e-03,1.000000146939681533e+00,1.000000293877680413e+00,2.000035230225229339e-03,1.000000146937058298e+00,1.000000293874012236e+00,1.999999524924095211e-03,-2.234396308904792380e-33,4.672595018827353995e-21,-1.534857592824976792e-22,-5.418207729037042575e-16
2.724868425343190029e+04,3.142638027313065763e+01,1.000000146795976042e+00,1.000000293591973399e+00,1.999998306969099672e-03,1.000000146796181655e+00,1.000000293592385292e+00,2.000001108315101195e-03,1.000000146798569078e+00,1.000000293595520340e+00,2.000033928295088820e-03,1.000000146796027556e+00,1.000000293591961631e+00,1.999999302706661087e-03,-2.987201144283096293e-33,4.670470258715701936e-21,-1.490823282528103431e-22,-5.260530825299233439e-16
2.727483462219719149e+04,3.145653994709719470e+01,1.000000146655231958e+00,1.000000293310485233e+00,1.999998305346169583e-03,1.000000146655463773e+00,1.000000293310949750e+00,2.000001466698165739e-03,1.000000146656914835e+00,1.000000293312818256e+00,2.000021547803701970e-03,1.000000146655219080e+00,1.000000293310387756e+00,1.999998423359986184e-03,-3.694705644522665095e-33,4.668176220056476758e-21,-1.448356903464599570e-22,-5.108561121035531126e-16
2.730098499096248270e+04,3.148669962106373177e+01,1.000000146514692156e+00,1.000000293029405407e+00,1.999997413265831164e-03,1.000000146515010790e+00,1.000000293030043785e+00,2.000001762776966972e-03,1.000000146515117816e+00,1.000000293030106624e+00,2.000003517552905244e-03,1.000000146514701926e+00,1.000000293029382092e+00,1.999997838846904585e-03,-4.356883038426676554e-33,4.665717384141537259e-21,-1.407067812041054667e-22,-4.960873458430598163e-16
2.732713535972777390e+04,3.151685929503026884e+01,1.000000146374550924e+00,1.000000292749122943e+00,1.999998290392856256e-03,1.000000146374783627e+00,1.000000292749589237e+00,2.000001469942574821e-03,1.000000146376453403e+00,1.000000292751750619e+00,2.000024578644968298e-03,1.000000146374581123e+00,1.000000292749084085e+00,1.999998995872106361e-03,-4.928778348440587386e-33,4.663261826679832133e-21,-1.366764881985119763e-22,-4.816771343733056182e-16
2.735328572849306147e+04,3.154701896899680236e+01,1.000000146234615084e+00,1.000000292469251040e+00,1.999998311837890373e-03,1.000000146234818921e+00,1.000000292469659602e+00,2.000001099643021647e-03,1.000000146237254972e+00,1.000000292472860819e+00,2.000034710555461184e-03,1.000000146234679921e+00,1.000000292469257479e+00,1.999999491696735979e-03,-5.453909674582566597e-33,4.660957802915179527e-21,-1.327588231910583029e-22,-4.676762666805627675e-16
2.737943609725835267e+04,3.157717864296333943e+01,1.000000146094881526e+00,1.000000292189784146e+00,1.999997444621192180e-03,1.000000146095191278e+00,1.000000292190404538e+00,2.000001685041801879e-03,1.000000146097522524e+00,1.000000292193436779e+00,2.000033892338718994e-03,1.000000146094998099e+00,1.000000292189901607e+00,1.999999331329193383e-03,-5.932941568099424114e-33,4.658808406770558073e-21,-1.289806830686685419e-22,-4.541821193350634526e-16
2.740558646602364388e+04,3.160733831692987650e+01,1.000000145955538322e+00,1.000000291911097960e+00,1.999998270747851883e-03,1.000000145955787234e+00,1.000000291911596673e+00,2.000001681537549869e-03,1.000000145957256281e+00,1.000000291913479167e+00,2.000022103049076821e-03,1.000000145955535213e+00,1.000000291911015582e+00,1.999998519740071954e-03,-6.323760491706483938e-33,4.657202480705621047e-21,-1.252923627204301853e-22,-4.410139738415021613e-16
2.743173683478892781e+04,3.163749799089641002e+01,1.000000145816403840e+00,1.000000291632828775e+00,1.999998315800859648e-03,1.000000145816606789e+00,1.000000291633235339e+00,2.000001099419469134e-03,1.000000145816676955e+00,1.000000291633281968e+00,2.000002353722199391e-03,1.000000145816337449e+00,1.000000291632660021e+00,1.999997697084908346e-03,-6.668326893919504499e-33,4.656009501705522112e-21,-1.216926751539689210e-22,-4.281674424274894643e-16
2.745788720355421901e+04,3.166765766486294709e+01,1.000000145677470087e+00,1.000000291354961046e+00,1.999997479747905784e-03,1.000000145677760299e+00,1.000000291355542137e+00,2.000001464056186222e-03,1.000000145679357244e+00,1.000000291357607374e+00,2.000023678331480041e-03,1.000000145677552466e+00,1.000000291355031656e+00,1.999998902954051600e-03,-6.968497130112971583e-33,4.655197133782441046e-21,-1.182216319786957162e-22,-4.157874210532074735e-16
2.748403757231951022e+04,3.169781733882948416e+01,1.000000145538918028e+00,1.000000291077856929e+00,1.999998254258705897e-03,1.000000145539172491e+00,1.000000291078366521e+00,2.000001751095643529e-03,1.000000145541511065e+00,1.000000291081406534e+00,2.000034179091016249e-03,1.000000145538984198e+00,1.000000291077868253e+00,1.999999453588740487e-03,-7.186705927162986843e-33,4.654652568436795763e-21,-1.148466856390769241e-22,-4.037556230155453291e-16
2.751018794108480142e+04,3.172797701279602123e+01,1.000000145400577800e+00,1.000000290801176694e+00,1.999998320858363543e-03,1.000000145400806062e+00,1.000000290801633662e+00,2.000001460621613283e-03,1.000000145403138641e+00,1.000000290804679448e+00,2.000033835355077665e-03,1.000000145400631757e+00,1.000000290801168479e+00,1.999999353928226704e-03,-7.361352760502821722e-33,4.653847914167222984e-21,-1.115524737814380314e-22,-3.920162747570179119e-16
2.753633830985008899e+04,3.175813668676255475e+01,1.000000145262436746e+00,1.000000290524894364e+00,1.999997510545838131e-03,1.000000145262697648e+00,1.000000290525416835e+00,2.000001102694362511e-03,1.000000145264239748e+00,1.000000290527425673e+00,2.000022626477936105e-03,1.000000145262495366e+00,1.000000290524931890e+00,1.999998608874657951e-03,-7.495306897245397389e-33,4.652798432172162201e-21,-1.083507162301000631e-22,-3.806117036586166517e-16
2.756248867861538019e+04,3.178829636072909182e+01,1.000000145124669171e+00,1.000000290249359214e+00,1.999998234799511224e-03,1.000000145124918971e+00,1.000000290249859258e+00,2.000001677356835067e-03,1.000000145124862572e+00,1.000000290249709822e+00,2.000001192032143608e-03,1.000000145124598561e+00,1.000000290249189350e+00,1.999997552584162341e-03,-7.556671760980654490e-33,4.651276552540489643e-21,-1.052629035132181471e-22,-3.696194241656901397e-16
2.758863904738067140e+04,3.181845603469562889e+01,1.000000144987116757e+00,1.000000289974254386e+00,1.999998325914415474e-03,1.000000144987359452e+00,1.000000289974740220e+00,2.000001673723387358e-03,1.000000144988868023e+00,1.000000289976678003e+00,2.000022774160241726e-03,1.000000144987130524e+00,1.000000289974192880e+00,1.999998806337401156e-03,-7.578966875498276123e-33,4.649626261451906559e-21,-1.022486125698388375e-22,-3.588930112168527060e-16
2.761478941614595897e+04,3.184861570866216596e+01,1.000000144849761519e+00,1.000000289699544131e+00,1.999997540934408697e-03,1.000000144850018868e+00,1.000000289700059275e+00,2.000001094263254703e-03,1.000000144852354778e+00,1.000000289703127709e+00,2.000033636255078157e-03,1.000000144849875872e+00,1.000000289699654266e+00,1.999999410742049448e-03,-7.565770174988895049e-33,4.647872037334159865e-21,-9.930686992697462259e-23,-3.484288809273554736e-16
2.764093978491124653e+04,3.187877538262869948e+01,1.000000144712771544e+00,1.000000289425564404e+00,1.999998212175746817e-03,1.000000144713006467e+00,1.000000289426034472e+00,2.000001458924649100e-03,1.000000144715322614e+00,1.000000289429058498e+00,2.000033757965158972e-03,1.000000144712834382e+00,1.000000289425573285e+00,1.999999370669479620e-03,-7.491440015856813328e-33,4.646121028658071452e-21,-9.647064058759937178e-23,-3.383459773043331105e-16
2.766709015367653774e+04,3.190893505659523655e+01,1.000000144576000283e+00,1.000000289152021438e+00,1.999998328203646779e-03,1.000000144576246974e+00,1.000000289152515487e+00,2.000001740822407708e-03,1.000000144577771533e+00,1.000000289154470368e+00,2.000023118938991547e-03,1.000000144576005612e+00,1.000000289151948607e+00,1.999998690954642687e-03,-7.383908364802563115e-33,4.644488219049835371e-21,-9.371282409374171265e-23,-3.285461791552456684e-16
2.769324052244182894e+04,3.193909473056177362e+01,1.000000144439424421e+00,1.000000288878869714e+00,1.999997571697501725e-03,1.000000144439704419e+00,1.000000288879430377e+00,2.000001448726898903e-03,1.000000144439701533e+00,1.000000288879363319e+00,2.000001698825082819e-03,1.000000144439391558e+00,1.000000288878782451e+00,1.999997405440435885e-03,-7.247082905448862743e-33,4.642975071702741386e-21,-9.102108086096691137e-23,-3.189848513673162607e-16
2.771939089120712015e+04,3.196925440452831069e+01,1.000000144303205829e+00,1.000000288606432308e+00,1.999998195332402390e-03,1.000000144303415661e+00,1.000000288606852639e+00,2.000001103542118838e-03,1.000000144304892924e+00,1.000000288608776433e+00,2.000021866376118247e-03,1.000000144303221816e+00,1.000000288606380350e+00,1.999998706138283056e-03,-7.061700914762401022e-33,4.641834311061073138e-21,-8.840520587362682655e-23,-3.096972440963634682e-16
2.774554125997240772e+04,3.199941407849484420e+01,1.000000144167208616e+00,1.000000288334438103e+00,1.999998329473829523e-03,1.000000144167449312e+00,1.000000288334919940e+00,2.000001668599108318e-03,1.000000144169693073e+00,1.000000288337838272e+00,2.000033082456297451e-03,1.000000144167262350e+00,1.000000288334430110e+00,1.999999363294582052e-03,-6.849915357355513533e-33,4.641017474839491112e-21,-8.588235414877248365e-23,-3.007450084625284043e-16
2.777169162873769892e+04,3.202957375246138128e+01,1.000000144031405469e+00,1.000000288062831810e+00,1.999997600483464921e-03,1.000000144031697902e+00,1.000000288063416898e+00,2.000001661159468702e-03,1.000000144033981631e+00,1.000000288066388743e+00,2.000033660770459635e-03,1.000000144031512939e+00,1.000000288062930398e+00,1.999999381714064137e-03,-6.615558441169040173e-33,4.640453430546790767e-21,-8.341966365692376527e-23,-2.920095410626098585e-16
2.779784199750298649e+04,3.205973342642791835e+01,1.000000143895951599e+00,1.000000287791924070e+00,1.999998174752543392e-03,1.000000143896161209e+00,1.000000287792343068e+00,2.000001088106861599e-03,1.000000143897758820e+00,1.000000287794427845e+00,2.000023581255781866e-03,1.000000143895973359e+00,1.000000287791880771e+00,1.999998766165704458e-03,-6.345492055347323680e-33,4.640065971677703468e-21,-8.101633632358226788e-23,-2.834879154456484580e-16
2.782399236626827769e+04,3.208989310039445542e+01,1.000000143760722437e+00,1.000000287521465303e+00,1.999998334550204173e-03,1.000000143760946925e+00,1.000000287521914499e+00,2.000001457613821351e-03,1.000000143761024418e+00,1.000000287521955356e+00,2.000002823849442082e-03,1.000000143760643390e+00,1.000000287521280562e+00,1.999997521383020845e-03,-6.056307865288512197e-33,4.639472182415711642e-21,-7.869952142854993450e-23,-2.752777425486634196e-16
2.785014273503356890e+04,3.212005277436099249e+01,1.000000143625685123e+00,1.000000287251391118e+00,1.999997627989084231e-03,1.000000143625979776e+00,1.000000287251980424e+00,2.000001731055793975e-03,1.000000143627339577e+00,1.000000287253718145e+00,2.000020955214264814e-03,1.000000143625734417e+00,1.000000287251410880e+00,1.999998602469465168e-03,-5.751373897805369063e-33,4.638700945088074224e-21,-7.644666813633494869e-23,-2.672976736498304911e-16
2.787629310379886010e+04,3.215021244832752956e+01,1.000000143490989757e+00,1.000000286981999942e+00,1.999998157830810280e-03,1.000000143491225346e+00,1.000000286982471565e+00,2.000001441509359837e-03,1.000000143493434468e+00,1.000000286985355480e+00,2.000032518089485054e-03,1.000000143491051929e+00,1.000000286982012154e+00,1.999999311380362601e-03,-5.423133029585722219e-33,4.637608916240342312e-21,-7.424787165302211154e-23,-2.595120095320561749e-16
2.790244347256414403e+04,3.218037212229405952e+01,1.000000143356521543e+00,1.000000286713063735e+00,1.999998332835820763e-03,1.000000143356720494e+00,1.000000286713461417e+00,2.000001108458813494e-03,1.000000143359024873e+00,1.000000286716488329e+00,2.000033544353813347e-03,1.000000143356576610e+00,1.000000286713057962e+00,1.999999387218627956e-03,-5.083132769687379100e-33,4.636417881705870189e-21,-7.211131199828565648e-23,-2.519500860411405616e-16
2.792859384132943524e+04,3.221053179626059659e+01,1.000000143222244287e+00,1.000000286444509001e+00,1.999997658046681268e-03,1.000000143222530724e+00,1.000000286445082542e+00,2.000001657945543916e-03,1.000000143224111238e+00,1.000000286447116915e+00,2.000024014227665039e-03,1.000000143222308013e+00,1.000000286444547193e+00,1.999998834688458769e-03,-4.733939765811603752e-33,4.635162492794920698e-21,-7.005067036278091258e-23,-2.446608945168462157e-16
2.795474421009472644e+04,3.224069147022713366e+01,1.000000143088300764e+00,1.000000286176621733e+00,1.999998138120481859e-03,1.000000143088552118e+00,1.000000286177124886e+00,2.000001651395757595e-03,1.000000143088693116e+00,1.000000286177241238e+00,2.000003907931455042e-03,1.000000143088245919e+00,1.000000286176479181e+00,1.999997658459235373e-03,-4.372832980923239846e-33,4.633912070367860302e-21,-6.803924135843816723e-23,-2.375483954917574759e-16
2.798089457886001401e+04,3.227085114419367073e+01,1.000000142954587501e+00,1.000000285909195430e+00,1.999998335415379726e-03,1.000000142954783788e+00,1.000000285909588227e+00,2.000001081564333361e-03,1.000000142956118498e+00,1.000000285911323950e+00,2.000020040900652579e-03,1.000000142954578619e+00,1.000000285909104614e+00,1.999998495440462754e-03,-4.007027424705826677e-33,4.632755500975585210e-21,-6.607637093704996890e-23,-2.306102000122727308e-16
2.800704494762530521e+04,3.230101081816020780e+01,1.000000142821063198e+00,1.000000285642147047e+00,1.999997682164179631e-03,1.000000142821332316e+00,1.000000285642685283e+00,2.000001450764997326e-03,1.000000142823489480e+00,1.000000285645499920e+00,2.000031943536248902e-03,1.000000142821155125e+00,1.000000285642221431e+00,1.999999255129636302e-03,-3.638028447260447899e-33,4.631692388503962502e-21,-6.418441047355971317e-23,-2.239263885332950593e-16
2.803319531639059642e+04,3.233117049212674488e+01,1.000000142687865523e+00,1.000000285375751252e+00,1.999998116967226496e-03,1.000000142688122651e+00,1.000000285376265952e+00,2.000001721022078363e-03,1.000000142690363081e+00,1.000000285379178289e+00,2.000033409280166635e-03,1.000000142687935911e+00,1.000000285375776787e+00,1.999999387335492373e-03,-3.267087218726490079e-33,4.630879381935452140e-21,-6.234460643267535629e-23,-2.174295539171101706e-16
2.805934568515588762e+04,3.236133016609328195e+01,1.000000142554900773e+00,1.000000285109821974e+00,1.999998334905855445e-03,1.000000142555121485e+00,1.000000285110263398e+00,2.000001431427740270e-03,1.000000142556739746e+00,1.000000285112359943e+00,2.000024418630751578e-03,1.000000142554920535e+00,1.000000285109769571e+00,1.999998896698613159e-03,-2.897897976577979435e-33,4.630319289115481572e-21,-6.054901390785751198e-23,-2.110911616356150380e-16
2.808549605392117155e+04,3.239148984005981191e+01,1.000000142422123650e+00,1.000000284844267284e+00,1.999997710575620365e-03,1.000000142422365679e+00,1.000000284844751564e+00,2.000001109322537517e-03,1.000000142422619032e+00,1.000000284845044218e+00,2.000004952086349534e-03,1.000000142422108773e+00,1.000000284844198895e+00,1.999997787825398120e-03,-2.530738178788446579e-33,4.629927049307841104e-21,-5.880445916262707464e-23,-2.049356091402122752e-16
2.811164642268646276e+04,3.242164951402634898e+01,1.000000142289665161e+00,1.000000284579350529e+00,1.999998094298461628e-03,1.000000142289918292e+00,1.000000284579857235e+00,2.000001652260933148e-03,1.000000142291141092e+00,1.000000284581416876e+00,2.000019123652544816e-03,1.000000142289665606e+00,1.000000284579284138e+00,1.999998385157635179e-03,-2.169921324422597073e-33,4.629655781479535188e-21,-5.712184237212841719e-23,-1.990017924389848650e-16
2.813779679145175396e+04,3.245180918799288605e+01,1.000000142157442706e+00,1.000000284314905841e+00,1.999998333354055090e-03,1.000000142157677629e+00,1.000000284315375909e+00,2.000001638464574561e-03,1.000000142159769956e+00,1.000000284318095511e+00,2.000031359165592437e-03,1.000000142157483785e+00,1.000000284314882082e+00,1.999999194668992432e-03,-1.816452626967979937e-33,4.629219674365516202e-21,-5.547946927745057118e-23,-1.932119660566442795e-16
2.816394716021704153e+04,3.248196886195942312e+01,1.000000142025406324e+00,1.000000284050832633e+00,1.999997735024091824e-03,1.000000142025643468e+00,1.000000284051307364e+00,2.000001074474538031e-03,1.000000142027908545e+00,1.000000284054283872e+00,2.000033256097307876e-03,1.000000142025503136e+00,1.000000284050912125e+00,1.999999382212782392e-03,-1.469314946242695448e-33,4.628654493094305178e-21,-5.387680405035016966e-23,-1.875641803477066122e-16
2.819009752898233273e+04,3.251212853592596019e+01,1.000000141893681249e+00,1.000000283787382482e+00,1.999998073339725579e-03,1.000000141893920613e+00,1.000000283787861877e+00,2.000001447188163618e-03,1.000000141895557082e+00,1.000000283789981959e+00,2.000024795218785338e-03,1.000000141893723438e+00,1.000000283787373156e+00,1.999998952367116820e-03,-1.134989512021659411e-33,4.627875895923506901e-21,-5.233224142083548342e-23,-1.821241147095321089e-16
2.821624789774762394e+04,3.254228820989249726e+01,1.000000141762194872e+00,1.000000283524409950e+00,1.999998333012920852e-03,1.000000141762434236e+00,1.000000283524888678e+00,2.000001709991088006e-03,1.000000141762715122e+00,1.000000283525189770e+00,2.000005957301118596e-03,1.000000141762144690e+00,1.000000283524264955e+00,1.999997909676540578e-03,-8.125808541762250001e-34,4.627018544528750089e-21,-5.083019503426140010e-23,-1.768359434247950951e-16
2.824239826651291514e+04,3.257244788385903433e+01,1.000000141630892792e+00,1.000000283261806011e+00,1.999997756763809056e-03,1.000000141631152362e+00,1.000000283262324707e+00,2.000001422205489703e-03,1.000000141632320760e+00,1.000000283263823508e+00,2.000018203678944478e-03,1.000000141630909223e+00,1.000000283261776923e+00,1.999998271724291298e-03,-4.998083711476591739e-34,4.626120662805495202e-21,-4.936429654514545896e-23,-1.716768731164764634e-16
2.826854863527820635e+04,3.260260755782557140e+01,1.000000141499895134e+00,1.000000282999810253e+00,1.999998051286455344e-03,1.000000141500111628e+00,1.000000283000243240e+00,2.000001111264828463e-03,1.000000141502189743e+00,1.000000283002969725e+00,2.000030765334463636e-03,1.000000141499951534e+00,1.000000282999821133e+00,1.999999130121472325e-03,-2.044900200499414703e-34,4.625227357892650787e-21,-4.794023840412660263e-23,-1.666671809843044430e-16
2.829469900404349028e+04,3.263276723179210137e+01,1.000000141369138840e+00,1.000000282738297441e+00,1.999998333243730581e-03,1.000000141369372875e+00,1.000000282738765733e+00,2.000001644218863533e-03,1.000000141371575335e+00,1.000000282741632329e+00,2.000033085336544274e-03,1.000000141369192352e+00,1.000000282738291446e+00,1.999999371994558121e-03,7.547151188924102808e-35,4.624410022206404230e-21,-4.656669636056260466e-23,-1.618377192373095052e-16
2.832084937280878148e+04,3.266292690575863844e+01,1.000000141238565288e+00,1.000000282477150337e+00,1.999997783590062080e-03,1.000000141238836848e+00,1.000000282477693681e+00,2.000001629002803785e-03,1.000000141240477536e+00,1.000000282479811764e+00,2.000025144723966645e-03,1.000000141238631235e+00,1.000000282477186753e+00,1.999999001860304146e-03,3.435006266340654484e-34,4.623665594008799434e-21,-4.522605332623765741e-23,-1.571255698200245499e-16
2.834699974157406905e+04,3.269308657972517551e+01,1.000000141108288831e+00,1.000000282216597203e+00,1.999998031849034488e-03,1.000000141108503104e+00,1.000000282217026415e+00,2.000001068847992360e-03,1.000000141108896345e+00,1.000000282217507808e+00,2.000006924535509267e-03,1.000000141108268403e+00,1.000000282216507053e+00,1.999998024202504377e-03,5.911749829685404403e-34,4.623087418392911822e-21,-4.391787047432323850e-23,-1.525291420332387353e-16
2.837315011033936025e+04,3.272324625369171258e+01,1.000000140978256180e+00,1.000000281956532344e+00,1.999998330516104730e-03,1.000000140978475560e+00,1.000000281956971326e+00,2.000001442767928607e-03,1.000000140979572016e+00,1.000000281958373316e+00,2.000017281180994488e-03,1.000000140978223984e+00,1.000000281956411996e+00,1.999998155240777491e-03,8.212136872901461857e-34,4.622703830702866281e-21,-4.265728091911933296e-23,-1.481022887196904481e-16
2.839930047910465146e+04,3.275340592765824965e+01,1.000000140848404939e+00,1.000000281696829640e+00,1.999997804746220936e-03,1.000000140848679164e+00,1.000000281697378313e+00,2.000001698646544212e-03,1.000000140850663799e+00,1.000000281699952698e+00,2.000030162388268494e-03,1.000000140848473551e+00,1.000000281696868720e+00,1.999999061606680395e-03,1.037991705774857620e-33,4.622429001700667691e-21,-4.143133813704552388e-23,-1.437987991970372533e-16
2.842545084786994266e+04,3.278356560162478672e+01,1.000000140718843689e+00,1.000000281437707139e+00,1.999998006448289178e-03,1.000000140719083275e+00,1.000000281438186533e+00,2.000001411620151975e-03,1.000000140721278852e+00,1.000000281441055350e+00,2.000032897513342404e-03,1.000000140718918962e+00,1.000000281437745775e+00,1.999999356820935780e-03,1.233093647648669526e-33,4.622230709196118570e-21,-4.023494113958653129e-23,-1.396004777940304274e-16
2.845160121663523387e+04,3.281372527559132379e+01,1.000000140589529130e+00,1.000000281179078021e+00,1.999998327884287223e-03,1.000000140589724751e+00,1.000000281179469486e+00,2.000001110753852219e-03,1.000000140591417175e+00,1.000000281181681272e+00,2.000025467857735519e-03,1.000000140589559772e+00,1.000000281179042050e+00,1.999999045340033511e-03,1.409413186001463619e-33,4.621906823290777119e-21,-3.907283357119469038e-23,-1.355241666971055751e-16
2.847775158540051780e+04,3.284388494955785376e+01,1.000000140460394205e+00,1.000000280920808171e+00,1.999997825484307965e-03,1.000000140460661546e+00,1.000000280921343299e+00,2.000001632129630273e-03,1.000000140461078768e+00,1.000000280921830242e+00,2.000007854722967143e-03,1.000000140460395981e+00,1.000000280920757323e+00,1.999998131588093513e-03,1.572027824540715109e-33,4.621492029729366744e-21,-3.795191354628530193e-23,-1.315943142145505944e-16
2.850390195416580900e+04,3.287404462352439083e+01,1.000000140331542609e+00,1.000000280663104535e+00,1.999997985730524869e-03,1.000000140331797516e+00,1.000000280663614793e+00,2.000001618655534736e-03,1.000000140332812038e+00,1.000000280664899988e+00,2.000016356352359373e-03,1.000000140331526399e+00,1.000000280663022822e+00,1.999998035804576545e-03,1.713008651584442897e-33,4.620935501711519683e-21,-3.685787998299932663e-23,-1.277600162870092382e-16
2.853005232293110021e+04,3.290420429749092790e+01,1.000000140202939924e+00,1.000000280405899389e+00,1.999998325615378204e-03,1.000000140203131771e+00,1.000000280406283304e+00,2.000001062311271109e-03,1.000000140205109300e+00,1.000000280408878561e+00,2.000029550661353711e-03,1.000000140202966792e+00,1.000000280405858977e+00,1.999998989240889952e-03,1.835110501206804724e-33,4.620317383269978863e-21,-3.579037361601849305e-23,-1.240199754218443022e-16
2.855620269169638777e+04,3.293436397145746497e+01,1.000000140074515542e+00,1.000000280149050624e+00,1.999997848304042782e-03,1.000000140074766897e+00,1.000000280149553777e+00,2.000001437168964606e-03,1.000000140076936272e+00,1.000000280152386622e+00,2.000032693127928862e-03,1.000000140074600141e+00,1.000000280149109466e+00,1.999999336828208255e-03,1.943831414051988169e-33,4.619673906065955693e-21,-3.476183991845541170e-23,-1.204183352801310859e-16
2.858235306046167898e+04,3.296452364542400204e+01,1.000000139946367383e+00,1.000000279892754307e+00,1.999997961793029654e-03,1.000000139946628286e+00,1.000000279893276112e+00,2.000001690395439118e-03,1.000000139948293398e+00,1.000000279895425059e+00,2.000025765311511539e-03,1.000000139946426225e+00,1.000000279892773625e+00,1.999999082963821711e-03,2.032075817981018233e-33,4.619031063364321635e-21,-3.376153120431268933e-23,-1.169168629946913285e-16
2.860850342922697018e+04,3.299468331939053911e+01,1.000000139818470801e+00,1.000000279636961142e+00,1.999998321189336639e-03,1.000000139818686185e+00,1.000000279637392131e+00,2.000001402085799934e-03,1.000000139819180234e+00,1.000000279637992984e+00,2.000008748771529756e-03,1.000000139818445044e+00,1.000000279636851008e+00,1.999998232013229169e-03,2.102270754088264475e-33,4.618446755137351613e-21,-3.278536458996224539e-23,-1.135010426903578113e-16
2.863465379799226139e+04,3.302484299335707618e+01,1.000000139690751189e+00,1.000000279381521473e+00,1.999997869773755509e-03,1.000000139690977452e+00,1.000000279381974888e+00,2.000001109261568925e-03,1.000000139691958001e+00,1.000000279383238544e+00,2.000015429379567878e-03,1.000000139690734757e+00,1.000000279381445090e+00,1.999997913510388314e-03,2.160039979885928768e-33,4.617918469024401261e-21,-3.183729037677401926e-23,-1.101848549732487024e-16
2.866080416675755259e+04,3.305500266732361325e+01,1.000000139563300694e+00,1.000000279126620928e+00,1.999997936604223318e-03,1.000000139563558266e+00,1.000000279127136071e+00,2.000001627710847225e-03,1.000000139565444091e+00,1.000000279129583003e+00,2.000028930477452515e-03,1.000000139563349322e+00,1.000000279126628033e+00,1.999998913137143817e-03,2.199342638634384645e-33,4.617503836088389747e-21,-3.092278739732311515e-23,-1.069876540747363098e-16
2.868695453552283652e+04,3.308516234129014322e+01,1.000000139436104662e+00,1.000000278872228421e+00,1.999998318853652476e-03,1.000000139436333813e+00,1.000000278872687387e+00,2.000001605661931581e-03,1.000000139438466329e+00,1.000000278875463833e+00,2.000032472665857087e-03,1.000000139436154400e+00,1.000000278872219761e+00,1.999999312148959159e-03,2.222196573457235662e-33,4.617239273202127078e-21,-3.003025049569458222e-23,-1.038682673935329814e-16
2.871310490428812773e+04,3.311532201525668029e+01,1.000000139309083602e+00,1.000000278618186744e+00,1.999997886862427132e-03,1.000000139309304314e+00,1.000000278618628169e+00,2.000001055530674192e-03,1.000000139311024938e+00,1.000000278620880811e+00,2.000026037757394667e-03,1.000000139309149771e+00,1.000000278618219607e+00,1.999999114884973197e-03,2.234063622731758068e-33,4.617045116916919134e-21,-2.915938564006211886e-23,-1.008256368719115481e-16
2.873925527305341529e+04,3.314548168922321736e+01,1.000000139182325443e+00,1.000000278364670425e+00,1.999997912605758644e-03,1.000000139182570580e+00,1.000000278365160700e+00,2.000001435136672303e-03,1.000000139183119918e+00,1.000000278365834161e+00,2.000009607564680499e-03,1.000000139182334769e+00,1.000000278364626238e+00,1.999998325653091092e-03,2.230066764303321748e-33,4.616900804859717294e-21,-2.832042446521099424e-23,-9.789593765018739686e-17
2.876540564181870650e+04,3.317564136318975443e+01,1.000000139055823967e+00,1.000000278111667029e+00,1.999998313785987438e-03,1.000000139056058002e+00,1.000000278112135321e+00,2.000001679842037649e-03,1.000000139056929971e+00,1.000000278113228669e+00,2.000014500442342559e-03,1.000000139055768233e+00,1.000000278111518037e+00,1.999997788450222098e-03,2.211819143795209852e-33,4.616657276485456826e-21,-2.750444962444241505e-23,-9.504755258690215798e-17
2.879155601058399770e+04,3.320580103715629150e+01,1.000000138929496130e+00,1.000000277859011355e+00,1.999997906572755120e-03,1.000000138929738380e+00,1.000000277859496078e+00,2.000001393959535516e-03,1.000000138931588234e+00,1.000000277861906373e+00,2.000028302150107500e-03,1.000000138929541205e+00,1.000000277859015574e+00,1.999998833405351034e-03,2.184357865426415262e-33,4.616347394131339865e-21,-2.670819554631309173e-23,-9.226890909791976115e-17
2.881770637934928891e+04,3.323596071112282857e+01,1.000000138803424532e+00,1.000000277606868382e+00,1.999997887956961318e-03,1.000000138803648353e+00,1.000000277607315802e+00,2.000001112960340249e-03,1.000000138805789085e+00,1.000000277610126886e+00,2.000032236598540351e-03,1.000000138803502026e+00,1.000000277606916566e+00,1.999999282912177326e-03,2.143983900086320239e-33,4.615941063785320434e-21,-2.593494969979965190e-23,-8.957160555883064393e-17
2.884385674811458011e+04,3.326612038508936564e+01,1.000000138677611838e+00,1.000000277355242773e+00,1.999998308018633830e-03,1.000000138677841433e+00,1.000000277355702183e+00,2.000001619208608816e-03,1.000000138679532524e+00,1.000000277357889766e+00,2.000026285848827915e-03,1.000000138677650474e+00,1.000000277355220124e+00,1.999999141252705847e-03,2.091972292104055484e-33,4.615489175042577466e-21,-2.518905881555870244e-23,-8.697094766798566245e-17
2.887000711687986768e+04,3.329628005905590271e+01,1.000000138551971451e+00,1.000000277103962221e+00,1.999997923678846403e-03,1.000000138552225915e+00,1.000000277104471147e+00,2.000001596854849347e-03,1.000000138552818774e+00,1.000000277105195678e+00,2.000010431962156564e-03,1.000000138551986106e+00,1.000000277103925139e+00,1.999998412678258546e-03,2.032711785341220414e-33,4.615023104854441552e-21,-2.446110871954622568e-23,-8.443364300194526261e-17
2.889615748564515525e+04,3.332643973302243268e+01,1.000000138426580865e+00,1.000000276853181047e+00,1.999997862929286507e-03,1.000000138426801577e+00,1.000000276853622028e+00,2.000001051798515079e-03,1.000000138427648677e+00,1.000000276854711823e+00,2.000013569713892519e-03,1.000000138426547558e+00,1.000000276853082903e+00,1.999997660713474269e-03,1.963620064987815604e-33,4.614557926019257695e-21,-2.375085884665244025e-23,-8.195882897112108259e-17
2.892230785441044281e+04,3.335659940698896975e+01,1.000000138301451402e+00,1.000000276602922122e+00,1.999998300936095715e-03,1.000000138301667896e+00,1.000000276603354887e+00,2.000001431681776212e-03,1.000000138303462904e+00,1.000000276605690797e+00,2.000027665983064844e-03,1.000000138301463393e+00,1.000000276602864169e+00,1.999998750152384881e-03,1.885739017956013385e-33,4.614136618414862627e-21,-2.306671794707610919e-23,-7.957614278430233472e-17
2.894845822317573402e+04,3.338675908095550682e+01,1.000000138176493136e+00,1.000000276353005146e+00,1.999997943093040614e-03,1.000000138176750486e+00,1.000000276353520290e+00,2.000001668031518506e-03,1.000000138178825937e+00,1.000000276356218798e+00,2.000031985383760470e-03,1.000000138176564191e+00,1.000000276353042894e+00,1.999999249243360026e-03,1.802635115365687941e-33,4.613757750256970256e-21,-2.240129131787480340e-23,-7.725945045423702763e-17
2.897460859194102522e+04,3.341691875492204389e+01,1.000000138051778009e+00,1.000000276103574892e+00,1.999997839971645944e-03,1.000000138052022702e+00,1.000000276104064501e+00,2.000001384915836566e-03,1.000000138053737997e+00,1.000000276106295605e+00,2.000026510221231384e-03,1.000000138051850174e+00,1.000000276103618857e+00,1.999999162212271527e-03,1.712726171343481644e-33,4.613455389867279041e-21,-2.175196905334689616e-23,-7.499953215351683000e-17
2.900075896070631643e+04,3.344707842888858096e+01,1.000000137927326227e+00,1.000000275854671328e+00,1.999998295714557669e-03,1.000000137927520738e+00,1.000000275855060350e+00,2.000001116198942344e-03,1.000000137928198640e+00,1.000000275855920995e+00,2.000011222800726542e-03,1.000000137927320898e+00,1.000000275854591170e+00,1.999998493254844748e-03,1.616942316582106619e-33,4.613267587114549935e-21,-2.112148525300893442e-23,-7.280600448575910166e-17
2.902690932947160763e+04,3.347723810285511803e+01,1.000000137803044087e+00,1.000000275606107047e+00,1.999997957481667622e-03,1.000000137803295885e+00,1.000000275606610867e+00,2.000001611948971914e-03,1.000000137804036626e+00,1.000000275607533018e+00,2.000012637361199639e-03,1.000000137802995681e+00,1.000000275605984923e+00,1.999997530387012841e-03,1.517909979122063008e-33,4.613124030226943667e-21,-2.051328449129874188e-23,-7.069095841659235932e-17
2.905305969823689520e+04,3.350739777682165510e+01,1.000000137678999312e+00,1.000000275358017054e+00,1.999997817324656191e-03,1.000000137679258660e+00,1.000000275358536639e+00,2.000001584752551017e-03,1.000000137680990830e+00,1.000000275360781732e+00,2.000027022270647707e-03,1.000000137679038614e+00,1.000000275358018831e+00,1.999998663482170907e-03,1.414894600588861672e-33,4.613011558753830644e-21,-1.991973255140070089e-23,-6.862748070833517032e-17
2.907921006700218277e+04,3.353755745078818506e+01,1.000000137555219659e+00,1.000000275110457970e+00,1.999998289723651113e-03,1.000000137555409063e+00,1.000000275110837444e+00,2.000001043583700833e-03,1.000000137557500057e+00,1.000000275113585468e+00,2.000031719466147453e-03,1.000000137555264068e+00,1.000000275110444869e+00,1.999999211264621816e-03,1.308833706235640780e-33,4.612820853257759361e-21,-1.934063267517918475e-23,-6.661486830320615385e-17
2.910536043576747034e+04,3.356771712475472214e+01,1.000000137431608316e+00,1.000000274863235505e+00,1.999997972985151102e-03,1.000000137431845459e+00,1.000000274863710237e+00,2.000001424060681484e-03,1.000000137433564307e+00,1.000000274865944450e+00,2.000026711492605951e-03,1.000000137431672265e+00,1.000000274863262817e+00,1.999999177905076222e-03,1.201354423974690570e-33,4.612582343073376140e-21,-1.878289319133114058e-23,-6.467739582700814634e-17
2.913151080453276154e+04,3.359787679872125921e+01,1.000000137308228121e+00,1.000000274616474893e+00,1.999997790615985326e-03,1.000000137308493686e+00,1.000000274617006246e+00,2.000001658775880150e-03,1.000000137309183579e+00,1.000000274617858231e+00,2.000011980894928973e-03,1.000000137308262538e+00,1.000000274616471341e+00,1.999998567544629142e-03,1.092399012373271450e-33,4.612279844355244218e-21,-1.824038529796144532e-23,-6.279347131504920835e-17
2.915766117329805274e+04,3.362803647268779628e+01,1.000000137185115268e+00,1.000000274370249409e+00,1.999998279338639686e-03,1.000000137185327542e+00,1.000000274370674180e+00,2.000001374054687781e-03,1.000000137186017213e+00,1.000000274371539266e+00,2.000011703545281384e-03,1.000000137185035998e+00,1.000000274370071773e+00,1.999997397555249457e-03,9.830146155633853355e-34,4.611942005851186210e-21,-1.771102470932741815e-23,-6.095575446020890557e-17
2.918381154206334395e+04,3.365819614665433335e+01,1.000000137062169614e+00,1.000000274124357880e+00,1.999997989995434475e-03,1.000000137062383665e+00,1.000000274124786426e+00,2.000001113407444409e-03,1.000000137064095851e+00,1.000000274127026856e+00,2.000026371298109246e-03,1.000000137062190930e+00,1.000000274124327904e+00,1.999998573495779738e-03,8.738269233847189807e-34,4.611595621512911634e-21,-1.719708388224930231e-23,-5.917221433977621796e-17
2.920996191082863515e+04,3.368835582062087042e+01,1.000000136939448669e+00,1.000000273878915991e+00,1.999997765832185748e-03,1.000000136939711348e+00,1.000000273879441570e+00,2.000001602250584421e-03,1.000000136941735507e+00,1.000000273882075685e+00,2.000031439277632269e-03,1.000000136939525941e+00,1.000000273878970836e+00,1.999999169094789520e-03,7.652809801074637219e-34,4.611248670433163518e-21,-1.670128919104280706e-23,-5.745239162592493698e-17
2.923611227959392272e+04,3.371851549458740749e+01,1.000000136816997287e+00,1.000000273634013226e+00,1.999998272945629867e-03,1.000000136817223106e+00,1.000000273634465309e+00,2.000001573985759045e-03,1.000000136818936181e+00,1.000000273636685311e+00,2.000026890264104424e-03,1.000000136817041252e+00,1.000000273634000569e+00,1.999999188468788019e-03,6.586086042955724489e-34,4.610933756171885250e-21,-1.621745193574621123e-23,-5.577453568226469638e-17
2.926226264835921393e+04,3.374867516855394456e+01,1.000000136694711550e+00,1.000000273389441752e+00,1.999998003112427210e-03,1.000000136694918940e+00,1.000000273389856753e+00,2.000001037457792893e-03,1.000000136695697872e+00,1.000000273390855954e+00,2.000012707037779683e-03,1.000000136694736197e+00,1.000000273389415772e+00,1.999998635705181865e-03,5.534843614957371817e-34,4.610650747313347131e-21,-1.574541123843928829e-23,-5.413807361991565207e-17
2.928841301712449786e+04,3.377883484252047452e+01,1.000000136572644749e+00,1.000000273145307927e+00,1.999997739982884316e-03,1.000000136572896103e+00,1.000000273145811081e+00,2.000001420869983344e-03,1.000000136573515830e+00,1.000000273146581131e+00,2.000010768421429767e-03,1.000000136572610776e+00,1.000000273145216001e+00,1.999997514862501477e-03,4.506909600590989937e-34,4.610418652623326082e-21,-1.529084086982019075e-23,-5.256288280388786624e-17
2.931456338588978906e+04,3.380899451648701159e+01,1.000000136450849508e+00,1.000000272901717668e+00,1.999998265100983059e-03,1.000000136451080435e+00,1.000000272902179299e+00,2.000001649854118817e-03,1.000000136452703581e+00,1.000000272904277399e+00,2.000025713341962216e-03,1.000000136450845512e+00,1.000000272901641507e+00,1.999998480291506880e-03,3.516869782464709122e-34,4.610274343669316481e-21,-1.484866385219401092e-23,-5.103113173719005510e-17
2.934071375465508027e+04,3.383915419045354867e+01,1.000000136329218581e+00,1.000000272658455591e+00,1.999998017387826215e-03,1.000000136329446843e+00,1.000000272658912337e+00,2.000001366070683698e-03,1.000000136331458123e+00,1.000000272661540457e+00,2.000031145237882689e-03,1.000000136329275424e+00,1.000000272658472245e+00,1.999999122849505876e-03,2.552913184989488795e-34,4.610157025678967568e-21,-1.441721696700311047e-23,-4.953698061123200559e-17
2.936686412342037147e+04,3.386931386442008574e+01,1.000000136207800594e+00,1.000000272415619618e+00,1.999997714055194633e-03,1.000000136208032187e+00,1.000000272416083247e+00,2.000001114628271234e-03,1.000000136209779678e+00,1.000000272418370528e+00,2.000027047120581450e-03,1.000000136207882750e+00,1.000000272415683789e+00,1.999999194037452473e-03,1.624771404318223038e-34,4.610058452687334459e-21,-1.399838782604989947e-23,-4.808702972331337992e-17
2.939301449218566268e+04,3.389947353838662281e+01,1.000000136086656166e+00,1.000000272173330984e+00,1.999998255958573140e-03,1.000000136086883318e+00,1.000000272173785287e+00,2.000001594294161574e-03,1.000000136087668245e+00,1.000000272174767613e+00,2.000013402001448327e-03,1.000000136086667712e+00,1.000000272173276139e+00,1.999998697889988648e-03,7.493721784611372389e-35,4.609900392434407018e-21,-1.359433163845619937e-23,-4.668879852485932048e-17
2.941916486095095388e+04,3.392963321235315988e+01,1.000000135965674719e+00,1.000000271931368090e+00,1.999998027269119915e-03,1.000000135965915415e+00,1.000000271931849039e+00,2.000001567811946716e-03,1.000000135966458759e+00,1.000000271932511620e+00,2.000009832139449436e-03,1.000000135965629644e+00,1.000000271931248186e+00,1.999997638413381941e-03,-9.233820236486944468e-36,4.609706891565796349e-21,-1.320003319754617026e-23,-4.532471318188655752e-17
2.944531522971624145e+04,3.395979288631969695e+01,1.000000135844900440e+00,1.000000271689819309e+00,1.999997686562639959e-03,1.000000135845127813e+00,1.000000271690274056e+00,2.000001034107414324e-03,1.000000135846740523e+00,1.000000271692386589e+00,2.000025048670294684e-03,1.000000135844929305e+00,1.000000271689813758e+00,1.999998383964962483e-03,-8.899574439052273773e-35,4.609468300736302326e-21,-1.281536100310312915e-23,-4.399430698279502207e-17
2.947146559848153265e+04,3.398995256028623402e+01,1.000000135724401940e+00,1.000000271448822087e+00,1.999998249742662975e-03,1.000000135724616879e+00,1.000000271449252187e+00,2.000001417028952119e-03,1.000000135726595074e+00,1.000000271451834344e+00,2.000030837754715289e-03,1.000000135724439243e+00,1.000000271448802547e+00,1.999999072641318442e-03,-1.624469231759939531e-34,4.609203965086466334e-21,-1.244497338305099194e-23,-4.271385261017229988e-17
2.949761596724681658e+04,3.402011223425276398e+01,1.000000135604064866e+00,1.000000271208147939e+00,1.999998042689860121e-03,1.000000135604308671e+00,1.000000271208635994e+00,2.000001638522639659e-03,1.000000135606022189e+00,1.000000271210854663e+00,2.000027182631116968e-03,1.000000135604124596e+00,1.000000271208167701e+00,1.999999194741592344e-03,-2.320600622764170042e-34,4.608935694633157509e-21,-1.208466680156072215e-23,-4.146863039247013229e-17
2.952376633601210779e+04,3.405027190821930105e+01,1.000000135483929187e+00,1.000000270967876359e+00,1.999997663378544257e-03,1.000000135484179431e+00,1.000000270968377514e+00,2.000001357455217718e-03,1.000000135485022090e+00,1.000000270969447769e+00,2.000014066537909342e-03,1.000000135483984698e+00,1.000000270967907889e+00,1.999998754248567476e-03,-2.968243307021569301e-34,4.608667762603530270e-21,-1.173311510767097170e-23,-4.025399765940869360e-17
2.954991670477739899e+04,3.408043158218583812e+01,1.000000135364070841e+00,1.000000270728160112e+00,1.999998238431506970e-03,1.000000135364265574e+00,1.000000270728549800e+00,2.000001115605222826e-03,1.000000135364773834e+00,1.000000270729185736e+00,2.000008894843871479e-03,1.000000135364019771e+00,1.000000270728023111e+00,1.999997755117140143e-03,-3.546826508919200073e-34,4.608419728663097564e-21,-1.139188531348196910e-23,-3.907541823719294802e-17
2.957606707354269020e+04,3.411059125615237519e+01,1.000000135244373034e+00,1.000000270488764276e+00,1.999998053189551515e-03,1.000000135244611954e+00,1.000000270489242338e+00,2.000001586346448774e-03,1.000000135246134736e+00,1.000000270491210097e+00,2.000024377543070577e-03,1.000000135244370369e+00,1.000000270488700549e+00,1.999998284609146373e-03,-4.085033810897098496e-34,4.608195308774575844e-21,-1.106267887815956796e-23,-3.793881124405672022e-17
2.960221744230798140e+04,3.414075093011891227e+01,1.000000135124870848e+00,1.000000270249759904e+00,1.999997634861134035e-03,1.000000135125135969e+00,1.000000270250289924e+00,2.000001558949702010e-03,1.000000135127074197e+00,1.000000270252813017e+00,2.000030517224486628e-03,1.000000135124946121e+00,1.000000270249818968e+00,1.999999018579772837e-03,-4.573740330732717802e-34,4.608004612465258104e-21,-1.074143291920239197e-23,-3.682998114084230515e-17
2.962836781107326897e+04,3.417091060408544934e+01,1.000000135005648216e+00,1.000000270011314418e+00,1.999998231231387130e-03,1.000000135005836954e+00,1.000000270011692116e+00,2.000001027229557967e-03,1.000000135007591995e+00,1.000000270013994497e+00,2.000027297349517980e-03,1.000000135005694846e+00,1.000000270011308645e+00,1.999999190708317328e-03,-4.991568657483932134e-34,4.607876050062841889e-21,-1.042803998207240743e-23,-3.574854780451577658e-17
2.965451817983856017e+04,3.420107027805198641e+01,1.000000134886584346e+00,1.000000269773186901e+00,1.999998063889568342e-03,1.000000134886810166e+00,1.000000269773638539e+00,2.000001412171774091e-03,1.000000134887688130e+00,1.000000269774754091e+00,2.000014701379563848e-03,1.000000134886616099e+00,1.000000269773168693e+00,1.999998804926584814e-03,-5.369400211078167476e-34,4.607763155651902713e-21,-1.012632346737894354e-23,-3.470782980083950156e-17
2.968066854860384410e+04,3.423122995201851637e+01,1.000000134767710769e+00,1.000000269535439523e+00,1.999997606983895324e-03,1.000000134767981885e+00,1.000000269535981756e+00,2.000001630442827666e-03,1.000000134768390003e+00,1.000000269536461817e+00,2.000007956674158122e-03,1.000000134767709881e+00,1.000000269535398667e+00,1.999997865138975102e-03,-5.699521796277761614e-34,4.607662247638343462e-21,-9.832804741377013965e-24,-3.369568125897697098e-17
2.970681891736913531e+04,3.426138962598505344e+01,1.000000134649118300e+00,1.000000269298254807e+00,1.999998218558595060e-03,1.000000134649329242e+00,1.000000269298676470e+00,2.000001351772058480e-03,1.000000134650815831e+00,1.000000269300607147e+00,2.000023700212409834e-03,1.000000134649097872e+00,1.000000269298160216e+00,1.999998182314524382e-03,-5.960632205203897188e-34,4.607514138937885534e-21,-9.546427279309540918e-24,-3.270841395782384762e-17
2.973296928613442651e+04,3.429154929995159051e+01,1.000000134530683704e+00,1.000000269061385394e+00,1.999998074276031299e-03,1.000000134530888207e+00,1.000000269061795066e+00,2.000001114517946724e-03,1.000000134532825546e+00,1.000000269064336589e+00,2.000030184032473152e-03,1.000000134530725227e+00,1.000000269061380065e+00,1.999998960771500779e-03,-6.184107409200582929e-34,4.607341427932282288e-21,-9.268491193718039922e-24,-3.175054867591733087e-17
2.975911965489971772e+04,3.432170897391812758e+01,1.000000134412433850e+00,1.000000268824885241e+00,1.999997581751540056e-03,1.000000134412702524e+00,1.000000268825423255e+00,2.000001579501979772e-03,1.000000134414419151e+00,1.000000268827649696e+00,2.000027391814798196e-03,1.000000134412523334e+00,1.000000268824966509e+00,1.999999182061414690e-03,-6.363842225859395179e-34,4.607140460402690604e-21,-9.000337869752867745e-24,-3.082673876082888642e-17
2.978527002366500892e+04,3.435186864788466465e+01,1.000000134294466658e+00,1.000000268588951302e+00,1.999998208196809846e-03,1.000000134294690923e+00,1.000000268589399832e+00,2.000001548094360211e-03,1.000000134295596865e+00,1.000000268590547137e+00,2.000015307239836823e-03,1.000000134294491749e+00,1.000000268588918217e+00,1.999998850065963160e-03,-6.479547054831907431e-34,4.606917390477341259e-21,-8.738676993373568576e-24,-2.992552037503549935e-17
2.981142039243029649e+04,3.438202832185120172e+01,1.000000134176656230e+00,1.000000268353330446e+00,1.999998084775722693e-03,1.000000134176853184e+00,1.000000268353724575e+00,2.000001020508478111e-03,1.000000134177237543e+00,1.000000268354200195e+00,2.000007017764896151e-03,1.000000134176630473e+00,1.000000268353235189e+00,1.999997968639901681e-03,-6.561528853558753116e-34,4.606692421119332502e-21,-8.483420785001383226e-24,-2.904658399189223791e-17
2.983757076119558769e+04,3.441218799581773879e+01,1.000000134059024770e+00,1.000000268118067748e+00,1.999997550552955975e-03,1.000000134059283230e+00,1.000000268118584668e+00,2.000001406461034050e-03,1.000000134060713863e+00,1.000000268120438296e+00,2.000023016922861628e-03,1.000000134059042090e+00,1.000000268118053537e+00,1.999998077169107703e-03,-6.605294296337483399e-34,4.606467727189822212e-21,-8.237706379380209624e-24,-2.820082784095522339e-17
2.986372112996087890e+04,3.444234766978427587e+01,1.000000133941678415e+00,1.000000267883374594e+00,1.999998197376307366e-03,1.000000133941907565e+00,1.000000267883833116e+00,2.000001619012637972e-03,1.000000133943779401e+00,1.000000267886265615e+00,2.000029838553224644e-03,1.000000133941707503e+00,1.000000267883347727e+00,1.999998899320305518e-03,-6.592474165589848265e-34,4.606258350180551762e-21,-7.998656432378563617e-24,-2.737823381756586386e-17
2.988987149872616283e+04,3.447250734375080583e+01,1.000000133824487047e+00,1.000000267648991858e+00,1.999998093481190030e-03,1.000000133824704429e+00,1.000000267649426622e+00,2.000001342236254476e-03,1.000000133826434601e+00,1.000000267651682373e+00,2.000027466551637743e-03,1.000000133824541226e+00,1.000000267649003183e+00,1.999999168921455083e-03,-6.550950570039019456e-34,4.606064427620605387e-21,-7.765429936609233186e-24,-2.657587417736829720e-17
2.991602186749145403e+04,3.450266701771734290e+01,1.000000133707469541e+00,1.000000267414956845e+00,1.999997523944448043e-03,1.000000133707709793e+00,1.000000267415437349e+00,2.000001117640417755e-03,1.000000133708679240e+00,1.000000267416688793e+00,2.000015884813753034e-03,1.000000133707543037e+00,1.000000267415019239e+00,1.999998889804991201e-03,-6.477698350934437381e-34,4.605889171936853075e-21,-7.539104956855552324e-24,-2.579748765753774837e-17
2.994217223625674524e+04,3.453282669168387997e+01,1.000000133590738693e+00,1.000000267181494928e+00,1.999998185962084934e-03,1.000000133590964957e+00,1.000000267181947677e+00,2.000001573371716374e-03,1.000000133591248064e+00,1.000000267182264313e+00,2.000006078245981228e-03,1.000000133590712714e+00,1.000000267181395452e+00,1.999998065776867253e-03,-6.357080614030771163e-34,4.605761103115486974e-21,-7.320737467216725493e-24,-2.504672751370500591e-17
2.996832260502203644e+04,3.456298636565041704e+01,1.000000133474161723e+00,1.000000266948340988e+00,1.999998102805055061e-03,1.000000133474390873e+00,1.000000266948799732e+00,2.000001536426101404e-03,1.000000133475760666e+00,1.000000266950566985e+00,2.000022327911658935e-03,1.000000133474135078e+00,1.000000266948244398e+00,1.999997969258520986e-03,-6.213456185343588819e-34,4.605640702282846148e-21,-7.107663680152496153e-24,-2.431433813266783526e-17
2.999447297378732401e+04,3.459314603961695411e+01,1.000000133357753285e+00,1.000000266715524333e+00,1.999997496967224637e-03,1.000000133357987764e+00,1.000000266715993735e+00,2.000001013505780644e-03,1.000000133359868260e+00,1.000000266718464648e+00,2.000029481150912038e-03,1.000000133357824783e+00,1.000000266715585395e+00,1.999998834327241203e-03,-6.045023124565098730e-34,4.605526034578384359e-21,-6.899811909619737162e-24,-2.360006752687343822e-17
3.002062334255261521e+04,3.462330571358349118e+01,1.000000133241633060e+00,1.000000266483283884e+00,1.999998173186226871e-03,1.000000133241848221e+00,1.000000266483714428e+00,2.000001402823231317e-03,1.000000133243570621e+00,1.000000266485957079e+00,2.000027522070825948e-03,1.000000133241680356e+00,1.000000266483282774e+00,1.999999151405875385e-03,-5.839535025075920985e-34,4.605374892570195338e-21,-6.699755406324705202e-24,-2.291283147045008664e-17
3.004677371131790642e+04,3.465346538755002825e+01,1.000000133125665602e+00,1.000000266251348968e+00,1.999998107891591288e-03,1.000000133125898749e+00,1.000000266251815262e+00,2.000001610546690411e-03,1.000000133126867752e+00,1.000000266253044501e+00,2.000016434778487812e-03,1.000000133125702240e+00,1.000000266251336534e+00,1.999998924278427025e-03,-5.617016982595223011e-34,4.605204567725088303e-21,-6.505115313131908219e-24,-2.224437009110754050e-17
3.007292408008319762e+04,3.468362506151656532e+01,1.000000133009861569e+00,1.000000266019740680e+00,1.999997469005791988e-03,1.000000133010118475e+00,1.000000266020254935e+00,2.000001331957212969e-03,1.000000133010354064e+00,1.000000266020518946e+00,2.000005138242787889e-03,1.000000133009889547e+00,1.000000266019745343e+00,1.999998156702865754e-03,-5.376588200289945193e-34,4.605013754057228993e-21,-6.315222757852302893e-24,-2.159236111934191739e-17
3.009907444884848155e+04,3.471378473548309529e+01,1.000000132894347304e+00,1.000000265788712150e+00,1.999998161011346844e-03,1.000000132894543814e+00,1.000000265789105391e+00,2.000001118388011149e-03,1.000000132895889404e+00,1.000000265790859322e+00,2.000021633408966167e-03,1.000000132894309557e+00,1.000000265788598464e+00,1.999997858666077363e-03,-5.109856204737064841e-34,4.604802759186069673e-21,-6.130971189739175503e-24,-2.095989509718599934e-17
3.012522481761377276e+04,3.474394440944963236e+01,1.000000132778984696e+00,1.000000265557986934e+00,1.999998116618833307e-03,1.000000132779213624e+00,1.000000265558444790e+00,2.000001564872381458e-03,1.000000132781024842e+00,1.000000265560799795e+00,2.000029112179653977e-03,1.000000132779010231e+00,1.000000265557959622e+00,1.999998765890695276e-03,-4.832001820683350864e-34,4.604590532823297784e-21,-5.953190623010874078e-24,-2.034983601376677556e-17
3.015137518637906396e+04,3.477410408341616943e+01,1.000000132663780184e+00,1.000000265327578131e+00,1.999997438853837704e-03,1.000000132664051300e+00,1.000000265328120364e+00,2.000001526120929757e-03,1.000000132665760377e+00,1.000000265330340365e+00,2.000027558869686781e-03,1.000000132663874775e+00,1.000000265327672722e+00,1.999999129629074970e-03,-4.542745507497242718e-34,4.604377749394933425e-21,-5.779725188381048126e-24,-1.975471285184638143e-17
3.017752555514435153e+04,3.480426375738270650e+01,1.000000132548867215e+00,1.000000265097751972e+00,1.999998149170342972e-03,1.000000132549056842e+00,1.000000265098131225e+00,2.000001010393470755e-03,1.000000132550096232e+00,1.000000265099481256e+00,2.000016957793900475e-03,1.000000132548902965e+00,1.000000265097736873e+00,1.999998953617597875e-03,-4.237793741469699383e-34,4.604173967237187005e-21,-5.610516359685369163e-24,-1.917432051349812011e-17
3.020367592390964273e+04,3.483442343134924357e+01,1.000000132434104572e+00,1.000000264868226685e+00,1.999998122968293761e-03,1.000000132434321509e+00,1.000000264868660560e+00,2.000001399124459994e-03,1.000000132434489375e+00,1.000000264868831756e+00,2.000004197876338683e-03,1.000000132434094802e+00,1.000000264868152300e+00,1.999998241567053046e-03,-3.927267124644884745e-34,4.603981657586990348e-21,-5.447674214921170141e-24,-1.861595141947661477e-17
3.022982629267493394e+04,3.486458310531578064e+01,1.000000132319495139e+00,1.000000264639007597e+00,1.999997411448381762e-03,1.000000132319772250e+00,1.000000264639562264e+00,2.000001599967159236e-03,1.000000132321033908e+00,1.000000264641183190e+00,2.000020933638110756e-03,1.000000132319499802e+00,1.000000264638983838e+00,1.999997745472840028e-03,-3.611182316002608065e-34,4.603801350641656659e-21,-5.289232938927364060e-24,-1.807279785088788088e-17
3.025597666144022514e+04,3.489474277928231771e+01,1.000000132205178582e+00,1.000000264410374706e+00,1.999998135166400435e-03,1.000000132205389525e+00,1.000000264410796369e+00,2.000001326300183003e-03,1.000000132207183645e+00,1.000000264413139606e+00,2.000028731983832971e-03,1.000000132205198122e+00,1.000000264410338957e+00,1.999998694106466541e-03,-3.289364714770990617e-34,4.603651602136060777e-21,-5.134661037928688621e-24,-1.754301929021464986e-17
3.028212703020550907e+04,3.492490245324884768e+01,1.000000132091011462e+00,1.000000264182040244e+00,1.999998130406482281e-03,1.000000132091208860e+00,1.000000264182435039e+00,2.000001119216895853e-03,1.000000132092938809e+00,1.000000264184701448e+00,2.000027577432484348e-03,1.000000132091058314e+00,1.000000264182041354e+00,1.999999103702499413e-03,-2.966933000670165405e-34,4.603505696612805170e-21,-4.984698563301924421e-24,-1.702916935380018400e-17
3.030827739897080028e+04,3.495506212721538475e+01,1.000000131976993334e+00,1.000000263954004209e+00,1.999997397978640814e-03,1.000000131977267781e+00,1.000000263954553104e+00,2.000001556988540308e-03,1.000000131978299400e+00,1.000000263955868940e+00,2.000017454503044342e-03,1.000000131977080153e+00,1.000000263954090585e+00,1.999998977950496852e-03,-2.643945981388916969e-34,4.603363270408484814e-21,-4.839996859242450369e-24,-1.653348984174273513e-17
3.033442776773609148e+04,3.498522180118192182e+01,1.000000131863267638e+00,1.000000263726553040e+00,1.999998119324684909e-03,1.000000131863491681e+00,1.000000263727000904e+00,2.000001517432881647e-03,1.000000131863588937e+00,1.000000263727073069e+00,2.000003257263457263e-03,1.000000131863263420e+00,1.000000263726486205e+00,1.999998320514851432e-03,-2.324118293413716152e-34,4.603188065280826877e-21,-4.698811681220356244e-24,-1.604995159630116404e-17
3.036057813650137905e+04,3.501538147514845889e+01,1.000000131749691157e+00,1.000000263499399855e+00,1.999998133498469017e-03,1.000000131749880339e+00,1.000000263499778219e+00,2.000001005335967294e-03,1.000000131751129340e+00,1.000000263501408915e+00,2.000020228815810840e-03,1.000000131749640753e+00,1.000000263499271069e+00,1.999997629757691193e-03,-2.007900479411030671e-34,4.602997617394295180e-21,-4.561095260691404558e-24,-1.557838771783000082e-17
3.038672850526667025e+04,3.504554114911499596e+01,1.000000131636262779e+00,1.000000263272543100e+00,1.999997426115722454e-03,1.000000131636524126e+00,1.000000263273065571e+00,2.000001396848292892e-03,1.000000131638280276e+00,1.000000263275355294e+00,2.000028340898398968e-03,1.000000131636324063e+00,1.000000263272594170e+00,1.999998619067836284e-03,-1.695324939434330902e-34,4.602792249139818413e-21,-4.428577351826207410e-24,-1.512476161145026959e-17
3.041287887403196146e+04,3.507570082308153303e+01,1.000000131523120617e+00,1.000000263046258775e+00,1.999998104857669649e-03,1.000000131523349989e+00,1.000000263046717297e+00,2.000001592790265608e-03,1.000000131525041525e+00,1.000000263048911986e+00,2.000027578230817969e-03,1.000000131523167024e+00,1.000000263046260329e+00,1.999999073734728093e-03,-1.393152198621963678e-34,4.602570413319484312e-21,-4.299634205718458332e-24,-1.468346446673217957e-17
3.043902924279725266e+04,3.510586049704807010e+01,1.000000131410130555e+00,1.000000262820278207e+00,1.999998139786961313e-03,1.000000131410339277e+00,1.000000262820695873e+00,2.000001316433405903e-03,1.000000131411413307e+00,1.000000262822079211e+00,2.000017925532662864e-03,1.000000131410169635e+00,1.000000262820268881e+00,1.999998997401879631e-03,-1.098119038713564416e-34,4.602345180593971928e-21,-4.173843880455196377e-24,-1.425303878176632425e-17
3.046517961156254387e+04,3.513602017101460717e+01,1.000000131297287043e+00,1.000000262594591405e+00,1.999997454003122743e-03,1.000000131297527739e+00,1.000000262595072575e+00,2.000001120431916558e-03,1.000000131297589023e+00,1.000000262595114764e+00,2.000002316516920169e-03,1.000000131297331452e+00,1.000000262594619160e+00,1.999998393688057208e-03,-8.100786288938784594e-35,4.602116968927629561e-21,-4.051819045397791768e-24,-1.383559363053371211e-17
3.049132998032782780e+04,3.516617984498113714e+01,1.000000131184724195e+00,1.000000262369465487e+00,1.999998094545239920e-03,1.000000131184950902e+00,1.000000262369918902e+00,2.000001550852470358e-03,1.000000131186112196e+00,1.000000262371409265e+00,2.000019519152387761e-03,1.000000131184668684e+00,1.000000262369332260e+00,1.999997511597395410e-03,-5.378634518667608977e-35,4.601892742564004861e-21,-3.934069951468083608e-24,-1.343288094888304480e-17
3.051748034909311900e+04,3.519633951894767421e+01,1.000000131072315446e+00,1.000000262144647989e+00,1.999998142883303073e-03,1.000000131072535936e+00,1.000000262145089192e+00,2.000001507287389995e-03,1.000000131074251009e+00,1.000000262147319408e+00,2.000027939249159493e-03,1.000000131072324328e+00,1.000000262144598473e+00,1.999998540865643298e-03,-2.755743979459829387e-35,4.601674161155132690e-21,-3.819185830107663792e-24,-1.304003620807382049e-17
3.054363071785841021e+04,3.522649919291421128e+01,1.000000130960052580e+00,1.000000261920122258e+00,1.999997481289544562e-03,1.000000130960283062e+00,1.000000261920583222e+00,2.000001001172672151e-03,1.000000130962005240e+00,1.000000261922844969e+00,2.000027561723996452e-03,1.000000130960137623e+00,1.000000261920203304e+00,1.999999039831552253e-03,-2.274389926165342575e-36,4.601461333709253513e-21,-3.707127703982943120e-24,-1.265692362014977988e-17
3.056978108662369777e+04,3.525665886688074835e+01,1.000000130848064384e+00,1.000000261696145865e+00,1.999998080574684738e-03,1.000000130848281099e+00,1.000000261696579296e+00,2.000001393047907104e-03,1.000000130849374891e+00,1.000000261697985948e+00,2.000018371493661028e-03,1.000000130848108126e+00,1.000000261696145643e+00,1.999999012093352062e-03,2.106183605599927314e-35,4.601268078662294988e-21,-3.599313133568352740e-24,-1.228841887253238518e-17
3.059593145538898898e+04,3.528681854084728542e+01,1.000000130736232729e+00,1.000000261472482777e+00,1.999998146092872402e-03,1.000000130736457438e+00,1.000000261472932195e+00,2.000001583685597634e-03,1.000000130736426796e+00,1.000000261472831387e+00,2.000001375745594744e-03,1.000000130736236281e+00,1.000000261472425933e+00,1.999998461224938243e-03,4.320649578086525055e-35,4.601072125729455808e-21,-3.494401513444588808e-24,-1.192990249555557413e-17
3.062208182415428018e+04,3.531697821481382249e+01,1.000000130624546069e+00,1.000000261249109013e+00,1.999997507198363056e-03,1.000000130624794314e+00,1.000000261249605726e+00,2.000001308101009064e-03,1.000000130625920081e+00,1.000000261251059452e+00,2.000018804851970335e-03,1.000000130624521422e+00,1.000000261249042843e+00,1.999997391066659410e-03,6.424583957279857965e-35,4.600872455450111236e-21,-3.392058192022701349e-24,-1.158022128152712676e-17
3.064823219291957139e+04,3.534713788878035956e+01,1.000000130513128083e+00,1.000000261026273041e+00,1.999998066548967519e-03,1.000000130513327479e+00,1.000000261026671833e+00,2.000001122117267202e-03,1.000000130515033669e+00,1.000000261028907600e+00,2.000027527353058932e-03,1.000000130513136742e+00,1.000000261026227077e+00,1.999998459588351978e-03,8.313933174695963581e-35,4.600647109479658573e-21,-3.292790122837114042e-24,-1.124111644118860593e-17
3.067438256168486259e+04,3.537729756274689663e+01,1.000000130401869303e+00,1.000000260803755481e+00,1.999998152350880402e-03,1.000000130402090459e+00,1.000000260804197794e+00,2.000001544269296681e-03,1.000000130403767562e+00,1.000000260806376273e+00,2.000027528359408016e-03,1.000000130401907716e+00,1.000000260803745489e+00,1.999999002096054367e-03,1.007227586147837447e-34,4.600408393646295743e-21,-3.196996289323778901e-24,-1.091395473871705728e-17
3.070053293045014652e+04,3.540745723671342660e+01,1.000000130290753964e+00,1.000000260581525025e+00,1.999997530549396836e-03,1.000000130291012646e+00,1.000000260582042166e+00,2.000001501386485230e-03,1.000000130292122202e+00,1.000000260583465472e+00,2.000018792981567671e-03,1.000000130290834122e+00,1.000000260581597411e+00,1.999999022143460811e-03,1.171229505888052497e-34,4.600158110622819738e-21,-3.103535997911927360e-24,-1.059481212435875749e-17
3.072668329921543773e+04,3.543761691067996367e+01,1.000000130179901969e+00,1.000000260359820814e+00,1.999998048898512203e-03,1.000000130180093594e+00,1.000000260360204285e+00,2.000000992891082761e-03,1.000000130180096924e+00,1.000000260360174975e+00,2.000001306330085812e-03,1.000000130179915958e+00,1.000000260359782844e+00,1.999998523260335028e-03,1.313245136247114696e-34,4.599892352829372570e-21,-3.012377453340253273e-24,-1.028357814506049613e-17
3.075283366798072529e+04,3.546777658464650074e+01,1.000000130069211624e+00,1.000000260138439900e+00,1.999998155708516620e-03,1.000000130069421900e+00,1.000000260138860675e+00,2.000001389003646084e-03,1.000000130070490822e+00,1.000000260140235575e+00,2.000018086112697376e-03,1.000000130069152782e+00,1.000000260138300456e+00,1.999997508952692377e-03,1.441745856393330173e-34,4.599620716989836412e-21,-2.924682029267479220e-24,-9.984238439056053184e-18
3.077898403674601650e+04,3.549793625861303781e+01,1.000000129958663608e+00,1.000000259917343870e+00,1.999997556614992265e-03,1.000000129958924733e+00,1.000000259917866563e+00,2.000001575187714247e-03,1.000000129960566753e+00,1.000000259919997081e+00,2.000027105518448287e-03,1.000000129958700024e+00,1.000000259917357415e+00,1.999998375322121266e-03,1.558361852965909740e-34,4.599344561165866394e-21,-2.839343375045277397e-24,-9.692989631091958137e-18
3.080513440551130770e+04,3.552809593257957488e+01,1.000000129848373165e+00,1.000000259696763205e+00,1.999998033916166110e-03,1.000000129848585217e+00,1.000000259697187532e+00,2.000001300070552556e-03,1.000000129850267871e+00,1.000000259699383998e+00,2.000027478572864205e-03,1.000000129848416464e+00,1.000000259696764981e+00,1.999998960628686200e-03,1.653693651681082889e-34,4.599066519244568490e-21,-2.756096333104516509e-24,-9.408920082216108451e-18
3.083128477427659891e+04,3.555825560654611195e+01,1.000000129738246812e+00,1.000000259476510278e+00,1.999998156649177364e-03,1.000000129738439103e+00,1.000000259476894859e+00,2.000001120932731226e-03,1.000000129739594401e+00,1.000000259478396103e+00,2.000019190576976524e-03,1.000000129738286336e+00,1.000000259476502062e+00,1.999999027667779226e-03,1.735798364708816697e-34,4.598790678027393036e-21,-2.675360172575330537e-24,-9.133466750707973800e-18
3.085743514304189011e+04,3.558841528051264902e+01,1.000000129628261680e+00,1.000000259256540236e+00,1.999997580099577201e-03,1.000000129628518142e+00,1.000000259257053159e+00,2.000001536971916967e-03,1.000000129628546119e+00,1.000000259257033619e+00,2.000002226831815774e-03,1.000000129628309642e+00,1.000000259256567992e+00,1.999998579925754780e-03,1.806581065253137263e-34,4.598516888783809509e-21,-2.597446256389027328e-24,-8.867693926159794365e-18
3.088358551180717404e+04,3.561857495447917898e+01,1.000000129518528791e+00,1.000000259037074013e+00,1.999998020765785586e-03,1.000000129518753500e+00,1.000000259037523875e+00,2.000001490677758790e-03,1.000000129519764691e+00,1.000000259038817507e+00,2.000017363126901145e-03,1.000000129518486158e+00,1.000000259036962325e+00,1.999997620865610112e-03,1.857756093286028227e-34,4.598247986692849610e-21,-2.521432547499802073e-24,-8.608436830201937993e-18
3.090973588057246525e+04,3.564873462844571606e+01,1.000000129408961991e+00,1.000000258817940635e+00,1.999998158765664037e-03,1.000000129409144956e+00,1.000000258818307008e+00,2.000000986461782093e-03,1.000000129410790306e+00,1.000000258820467725e+00,2.000026674045343646e-03,1.000000129408953553e+00,1.000000258817868470e+00,1.999998288150868844e-03,1.896598031057427873e-34,4.597975454375910946e-21,-2.447293116362121121e-24,-8.355605634917193568e-18
3.093588624933775282e+04,3.567889430241225313e+01,1.000000129299535523e+00,1.000000258599087477e+00,1.999997602203654450e-03,1.000000129299779772e+00,1.000000258599576641e+00,2.000001380234306663e-03,1.000000129301445995e+00,1.000000258601747793e+00,2.000027412788942058e-03,1.000000129299603691e+00,1.000000258599141656e+00,1.999998915527342967e-03,1.925170231220112586e-34,4.597697601202061783e-21,-2.375979174918378710e-24,-8.112457872032975622e-18
3.096203661810304402e+04,3.570905397637879020e+01,1.000000129190355524e+00,1.000000258380727924e+00,1.999998001416914990e-03,1.000000129190585785e+00,1.000000258381188445e+00,2.000001566080143213e-03,1.000000129191731757e+00,1.000000258382658158e+00,2.000019564845972528e-03,1.000000129190405262e+00,1.000000258380740137e+00,1.999999028778988441e-03,1.936524862606001581e-34,4.597395445033104604e-21,-2.306578086286020317e-24,-7.875863052983772763e-18
3.098818698686833523e+04,3.573921365034532727e+01,1.000000129081344280e+00,1.000000258162705435e+00,1.999998158504369579e-03,1.000000129081546563e+00,1.000000258163110001e+00,2.000001292690429568e-03,1.000000129081647593e+00,1.000000258163198374e+00,2.000003115704713369e-03,1.000000129081358047e+00,1.000000258162662803e+00,1.999998631349462520e-03,1.936931498760107933e-34,4.597079766402016023e-21,-2.238879971034853212e-24,-7.645101168772304558e-18
3.101433735563362643e+04,3.576937332431186434e+01,1.000000128972472258e+00,1.000000257944961168e+00,1.999997623846111808e-03,1.000000128972697633e+00,1.000000257945412141e+00,2.000001118778501740e-03,1.000000128973681734e+00,1.000000257946685789e+00,2.000016636081292966e-03,1.000000128972462266e+00,1.000000257944910098e+00,1.999997726659443874e-03,1.928479491142543454e-34,4.596752898915214079e-21,-2.173231410496965714e-24,-7.421357661770489795e-18
3.104048772439891763e+04,3.579953299827840141e+01,1.000000128863841375e+00,1.000000257727699182e+00,1.999997984702765828e-03,1.000000128864069637e+00,1.000000257728156150e+00,2.000001527382402455e-03,1.000000128865644822e+00,1.000000257730200293e+00,2.000026233225677286e-03,1.000000128863838489e+00,1.000000257727642339e+00,1.999998198156336185e-03,1.905661910218208055e-34,4.596406469286890549e-21,-2.109874872995249338e-24,-7.205459639907268397e-18
3.106663809316420520e+04,3.582969267224493848e+01,1.000000128755381468e+00,1.000000257510779145e+00,1.999998162345401238e-03,1.000000128755595297e+00,1.000000257511207247e+00,2.000001483818773622e-03,1.000000128757242868e+00,1.000000257513349755e+00,2.000027331421308941e-03,1.000000128755410334e+00,1.000000257510757384e+00,1.999998866887429255e-03,1.873646423972440224e-34,4.596053570554212259e-21,-2.048065291941114418e-24,-6.994855162658883207e-18
3.109278846192949277e+04,3.585985234621146844e+01,1.000000128647059450e+00,1.000000257294135331e+00,1.999997645685991539e-03,1.000000128647274167e+00,1.000000257294564765e+00,2.000000983763188574e-03,1.000000128648475428e+00,1.000000257296133732e+00,2.000019916340546426e-03,1.000000128647131614e+00,1.000000257294193284e+00,1.999999025586958034e-03,1.834413724975171261e-34,4.595695536587179407e-21,-1.987781527051674079e-24,-6.789471189385782847e-18
3.111893883069478034e+04,3.589001202017800551e+01,1.000000128538973465e+00,1.000000257077963361e+00,1.999997968920567363e-03,1.000000128539192623e+00,1.000000257078401900e+00,2.000001378903155328e-03,1.000000128539342947e+00,1.000000257078552668e+00,2.000003973655746069e-03,1.000000128539002553e+00,1.000000257077950039e+00,1.999998677656572143e-03,1.783898360881863112e-34,4.595329179710703569e-21,-1.929802438239780717e-24,-6.591969730038138059e-18
3.114508919946007154e+04,3.592017169414454258e+01,1.000000128431060453e+00,1.000000256862137338e+00,1.999998159292608411e-03,1.000000128431278723e+00,1.000000256862573877e+00,2.000001558309530067e-03,1.000000128432183555e+00,1.000000256863723624e+00,2.000015905157136696e-03,1.000000128431022484e+00,1.000000256862026538e+00,1.999997826475320793e-03,1.726170760805349124e-34,4.594958835275325265e-21,-1.873375501534797631e-24,-6.399774919831627924e-18
3.117123956822536275e+04,3.595033136811107966e+01,1.000000128323284665e+00,1.000000256646585539e+00,1.999997668144268964e-03,1.000000128323516702e+00,1.000000256647050279e+00,2.000001284578681749e-03,1.000000128325072124e+00,1.000000256649078878e+00,2.000025783343533162e-03,1.000000128323296211e+00,1.000000256646562002e+00,1.999998105418148830e-03,1.662977688372784358e-34,4.594586311058352540e-21,-1.818334768740115810e-24,-6.212318631641211212e-18
3.119738993699065395e+04,3.598049104207761673e+01,1.000000128215739359e+00,1.000000256431495149e+00,1.999997952113513350e-03,1.000000128215942308e+00,1.000000256431901269e+00,2.000001117849453669e-03,1.000000128217600093e+00,1.000000256434073309e+00,2.000027234873039128e-03,1.000000128215778217e+00,1.000000256431495593e+00,1.999998814801937520e-03,1.591613914521815379e-34,4.594214218113348069e-21,-1.764966598086732397e-24,-6.030578470076832425e-18
3.122354030575594516e+04,3.601065071604415380e+01,1.000000128108369468e+00,1.000000256216754924e+00,1.999998162275723034e-03,1.000000128108584629e+00,1.000000256217185912e+00,2.000001521323269225e-03,1.000000128109767461e+00,1.000000256218707362e+00,2.000020245598992021e-03,1.000000128108407882e+00,1.000000256216746264e+00,1.999999018198824526e-03,1.515133388307199175e-34,4.593833166154967591e-21,-1.713459374176211666e-24,-5.855195846270948996e-18
3.124969067452123272e+04,3.604081039001069087e+01,1.000000128001135469e+00,1.000000256002286925e+00,1.999997687956211849e-03,1.000000128001377941e+00,1.000000256002771870e+00,2.000001476554781697e-03,1.000000128001574229e+00,1.000000256002980592e+00,2.000004801374728400e-03,1.000000128001184985e+00,1.000000256002313348e+00,1.999998718969132287e-03,1.434942649856993781e-34,4.593442197748819839e-21,-1.663211216326277595e-24,-5.684113345741301438e-18
3.127584104328652029e+04,3.607097006397722083e+01,1.000000127894126845e+00,1.000000255788269898e+00,1.999997935564850737e-03,1.000000127894321578e+00,1.000000255788659365e+00,2.000000980785880938e-03,1.000000127895212643e+00,1.000000255789815995e+00,2.000015170530418732e-03,1.000000127894109525e+00,1.000000255788196624e+00,1.999997920450953190e-03,1.349554889574597838e-34,4.593023944575234891e-21,-1.614204893468726097e-24,-5.517271589585639735e-18
3.130199141205180786e+04,3.610112973794375790e+01,1.000000127787295634e+00,1.000000255574607477e+00,1.999998159823907374e-03,1.000000127787501025e+00,1.000000255575018704e+00,2.000001374401628573e-03,1.000000127789014925e+00,1.000000255576988462e+00,2.000025324675384561e-03,1.000000127787269655e+00,1.000000255574513108e+00,1.999998010013876240e-03,1.261139488134922211e-34,4.592590863052467936e-21,-1.567077963756251119e-24,-5.356845644041439155e-18
3.132814178081709906e+04,3.613128941191029497e+01,1.000000127680599649e+00,1.000000255361215062e+00,1.999997708583974368e-03,1.000000127680844786e+00,1.000000255361706225e+00,2.000001548431139860e-03,1.000000127682461271e+00,1.000000255363804991e+00,2.000027123536915648e-03,1.000000127680650497e+00,1.000000255361242818e+00,1.999998759361508362e-03,1.170682458424505776e-34,4.592146440081561304e-21,-1.521210182305881947e-24,-5.200716579699030198e-18
3.135429214958239027e+04,3.616144908587683204e+01,1.000000127574123709e+00,1.000000255148263406e+00,1.999997916901152979e-03,1.000000127574337982e+00,1.000000255148692618e+00,2.000001276090959505e-03,1.000000127575551234e+00,1.000000255150265138e+00,2.000020553146292582e-03,1.000000127574177000e+00,1.000000255148285166e+00,1.999999006719065109e-03,1.077733606483830006e-34,4.591683314901548461e-21,-1.476470482438928690e-24,-5.048436557778837353e-18
3.138044251834768147e+04,3.619160875984336911e+01,1.000000127467827182e+00,1.000000254935670796e+00,1.999998157589838108e-03,1.000000127468016142e+00,1.000000254936048494e+00,2.000001122413400979e-03,1.000000127468285260e+00,1.000000254936369348e+00,2.000005599534796386e-03,1.000000127467849165e+00,1.000000254935640376e+00,1.999998755406209167e-03,9.837379566557394416e-35,4.591205760450524308e-21,-1.433095353174161558e-24,-4.900811528824946586e-18
3.140659288711297268e+04,3.622176843380990618e+01,1.000000127361664770e+00,1.000000254723345972e+00,1.999997722891309632e-03,1.000000127361906355e+00,1.000000254723828919e+00,2.000001516564803034e-03,1.000000127362712599e+00,1.000000254724849658e+00,2.000014432372007600e-03,1.000000127361666769e+00,1.000000254723307336e+00,1.999998008720731395e-03,8.892109655996398802e-35,4.590718498186175490e-21,-1.391230794483895765e-24,-4.758337736883654412e-18
3.143274325587826388e+04,3.625192810777644326e+01,1.000000127255717741e+00,1.000000254511451692e+00,1.999997897050016186e-03,1.000000127255944671e+00,1.000000254511905995e+00,2.000001463559726578e-03,1.000000127257417049e+00,1.000000254513816689e+00,2.000024857490314851e-03,1.000000127255702420e+00,1.000000254511382858e+00,1.999997912019087741e-03,7.945360262259273416e-35,4.590218631950717029e-21,-1.350390740056208318e-24,-4.619356734545032516e-18
3.145889362464355145e+04,3.628208778174298033e+01,1.000000127149952123e+00,1.000000254299920677e+00,1.999998154140748569e-03,1.000000127150131313e+00,1.000000254300279057e+00,2.000000972700262825e-03,1.000000127151769558e+00,1.000000254302431779e+00,2.000026997795725618e-03,1.000000127149970552e+00,1.000000254299885816e+00,1.999998700654499490e-03,7.006026628008164758e-35,4.589709186536541015e-21,-1.310561148798741541e-24,-4.483820258145427679e-18
3.148504399340883538e+04,3.631224745570951029e+01,1.000000127044319731e+00,1.000000254088655449e+00,1.999997744494572214e-03,1.000000127044550213e+00,1.000000254089116636e+00,2.000001372867248311e-03,1.000000127045770570e+00,1.000000254090695151e+00,2.000020839494492074e-03,1.000000127044382792e+00,1.000000254088697860e+00,1.999998991249573969e-03,6.074376260233575550e-35,4.589192523368135159e-21,-1.272263768263172680e-24,-4.353505276400471380e-18
3.151119436217412658e+04,3.634240712967604736e+01,1.000000126938897393e+00,1.000000253877810774e+00,1.999997880305382295e-03,1.000000126939129874e+00,1.000000253878275958e+00,2.000001543177665122e-03,1.000000126939420086e+00,1.000000253878607248e+00,2.000006368792868559e-03,1.000000126938938916e+00,1.000000253877818768e+00,1.999998787083967240e-03,5.160498982005380882e-35,4.588663936882268900e-21,-1.234987587695365409e-24,-4.226669202060680124e-18
3.153734473093941779e+04,3.637256680364258443e+01,1.000000126833658687e+00,1.000000253667333361e+00,1.999998154898503105e-03,1.000000126833856307e+00,1.000000253667728822e+00,2.000001271098779659e-03,1.000000126834627912e+00,1.000000253668714034e+00,2.000013690847813989e-03,1.000000126833638481e+00,1.000000253667247430e+00,1.999998091415819152e-03,4.269352229963034982e-35,4.588121397969817577e-21,-1.198629210210208761e-24,-4.102959373208466882e-18
3.156349509970470899e+04,3.640272647760912150e+01,1.000000126728551875e+00,1.000000253457119959e+00,1.999997758986265216e-03,1.000000126728764815e+00,1.000000253457545840e+00,2.000001119563837079e-03,1.000000126730222760e+00,1.000000253459452537e+00,2.000024382050233449e-03,1.000000126728538996e+00,1.000000253457060451e+00,1.999997811507412369e-03,3.396445270314524098e-35,4.587565831767789213e-21,-1.163383850919425293e-24,-3.983040018634083297e-18
3.158964546847000020e+04,3.643288615157565857e+01,1.000000126623650676e+00,1.000000253247317117e+00,1.999997863871399214e-03,1.000000126623881602e+00,1.000000253247779192e+00,2.000001511312779826e-03,1.000000126625470331e+00,1.000000253249843762e+00,2.000026858022543007e-03,1.000000126623683760e+00,1.000000253247314896e+00,1.999998638767045561e-03,2.556126969480157368e-35,4.586983367844333542e-21,-1.129364353905009001e-24,-3.867294117260779364e-18
3.161579583723529140e+04,3.646304582554219564e+01,1.000000126518934884e+00,1.000000253037885534e+00,1.999998154698177238e-03,1.000000126519144050e+00,1.000000253038303644e+00,2.000001461173235399e-03,1.000000126520370625e+00,1.000000253039887710e+00,2.000021105143056852e-03,1.000000126518970633e+00,1.000000253037874653e+00,1.999998971889728212e-03,1.750846600040758916e-35,4.586378945216865047e-21,-1.096178298795259543e-24,-3.754385013006624816e-18
3.164194620600057897e+04,3.649320549950873271e+01,1.000000126414350099e+00,1.000000252828715741e+00,1.999997779815805999e-03,1.000000126414551715e+00,1.000000252829119196e+00,2.000000969585049443e-03,1.000000126414923862e+00,1.000000252829584602e+00,2.000007109790091775e-03,1.000000126414399393e+00,1.000000252828739056e+00,1.999998814115752036e-03,9.717649395779446376e-36,4.585759474363778051e-21,-1.063814246841370755e-24,-3.644273480682263768e-18
3.166809657476587017e+04,3.652336517347526978e+01,1.000000126309965598e+00,1.000000252619947183e+00,1.999997841312958855e-03,1.000000126310188309e+00,1.000000252620392605e+00,2.000001367725550479e-03,1.000000126310903514e+00,1.000000252621298769e+00,2.000012946118936031e-03,1.000000126309970261e+00,1.000000252619907881e+00,1.999998168664232981e-03,2.356772717015131914e-36,4.585117841082934179e-21,-1.032699055391391759e-24,-3.538411078126381655e-18
3.169424694353115410e+04,3.655352484744179975e+01,1.000000126205768725e+00,1.000000252411553658e+00,1.999998148235488781e-03,1.000000126205982554e+00,1.000000252411980872e+00,2.000001536809333045e-03,1.000000126207377882e+00,1.000000252413786983e+00,2.000023898610084859e-03,1.000000126205725204e+00,1.000000252411437085e+00,1.999997708550589181e-03,-4.563082454909419254e-36,4.584454545071259095e-21,-1.002411877613756058e-24,-3.435365081309790520e-18
3.172039731229644531e+04,3.658368452140833682e+01,1.000000126101701969e+00,1.000000252203419926e+00,1.999997792312949076e-03,1.000000126101920905e+00,1.000000252203857798e+00,2.000001264681092097e-03,1.000000126103508968e+00,1.000000252205931917e+00,2.000026704581005319e-03,1.000000126101735276e+00,1.000000252203421036e+00,1.999998573783122371e-03,-1.116734405325349702e-35,4.583777253206950758e-21,-9.728712441564528538e-25,-3.334858076516958993e-18
3.174654768106173651e+04,3.661384419537487389e+01,1.000000125997831057e+00,1.000000251995677880e+00,1.999997823681374728e-03,1.000000125998038669e+00,1.000000251996093326e+00,2.000001119158830321e-03,1.000000125999297440e+00,1.000000251997734235e+00,2.000021350579226070e-03,1.000000125997886125e+00,1.000000251995706746e+00,1.999998948736461581e-03,-1.727918250307504785e-35,4.583080657676271139e-21,-9.442382274119146838e-25,-3.237437343284537423e-18
3.177269804982702772e+04,3.664400386934141096e+01,1.000000125894149328e+00,1.000000251788314642e+00,1.999998144198486278e-03,1.000000125894360714e+00,1.000000251788737193e+00,2.000001502357630703e-03,1.000000125894742631e+00,1.000000251789193273e+00,2.000007823152274468e-03,1.000000125894177083e+00,1.000000251788293548e+00,1.999998836612159551e-03,-2.289225339592590238e-35,4.582365258985220796e-21,-9.165997852400723277e-25,-3.143397618323558130e-18
3.179884841859231892e+04,3.667416354330794803e+01,1.000000125790596828e+00,1.000000251581209421e+00,1.999997808082082905e-03,1.000000125790825756e+00,1.000000251581667499e+00,2.000001447905272282e-03,1.000000125791486116e+00,1.000000251582497279e+00,2.000012198341811088e-03,1.000000125790608152e+00,1.000000251581180777e+00,1.999998240590933687e-03,-2.816079103879388920e-35,4.581637327359805673e-21,-8.896391946842728386e-25,-3.051661748164406856e-18
3.182499878735760649e+04,3.670432321727448510e+01,1.000000125687235286e+00,1.000000251374486337e+00,1.999997804421053960e-03,1.000000125687434016e+00,1.000000251374883797e+00,2.000000966710808233e-03,1.000000125688828456e+00,1.000000251376713001e+00,2.000023407418049463e-03,1.000000125687206864e+00,1.000000251374404847e+00,1.999997603218522328e-03,-3.291173491545600275e-35,4.580891260438027216e-21,-8.633471393770694968e-25,-2.962197860644389748e-18
3.185114915612289769e+04,3.673448289124102217e+01,1.000000125584064925e+00,1.000000251168145837e+00,1.999998140710202398e-03,1.000000125584267430e+00,1.000000251168550403e+00,2.000001365713581329e-03,1.000000125585832178e+00,1.000000251170589882e+00,2.000026537825577277e-03,1.000000125584072030e+00,1.000000251168097432e+00,1.999998505784604530e-03,-3.713784244529566031e-35,4.580120637397632159e-21,-8.380727503523546354e-25,-2.876191604118527320e-18
3.187729952488818162e+04,3.676464256520755214e+01,1.000000125481022906e+00,1.000000250962061354e+00,1.999997824651068238e-03,1.000000125481255164e+00,1.000000250962526094e+00,2.000001526540452247e-03,1.000000125482497282e+00,1.000000250964128146e+00,2.000021576278344319e-03,1.000000125481075974e+00,1.000000250962088000e+00,1.999998921884327350e-03,-4.101277926532356565e-35,4.579331848016069467e-21,-8.134695712624896436e-25,-2.792465259872069593e-18
3.190344989365347283e+04,3.679480223917408921e+01,1.000000125378166960e+00,1.000000250756349907e+00,1.999997782196490190e-03,1.000000125378384785e+00,1.000000250756785336e+00,2.000001256893059291e-03,1.000000125378823768e+00,1.000000250757328013e+00,2.000008509490299076e-03,1.000000125378218474e+00,1.000000250756375886e+00,1.999998854681118206e-03,-4.437681507312841785e-35,4.578514251890460289e-21,-7.894734920775304230e-25,-2.710800850537639042e-18
3.192960026241876403e+04,3.682496191314062628e+01,1.000000125275504415e+00,1.000000250551024372e+00,1.999998139399373782e-03,1.000000125275691154e+00,1.000000250551398295e+00,2.000001120658371264e-03,1.000000125276322427e+00,1.000000250552203207e+00,2.000011447668350630e-03,1.000000125275499308e+00,1.000000250550960423e+00,1.999998307317901389e-03,-4.721898999372909506e-35,4.577665561449212210e-21,-7.662173556619277718e-25,-2.631649183315998553e-18
3.195575063118405524e+04,3.685512158710716335e+01,1.000000125172968879e+00,1.000000250345953301e+00,1.999997839510025618e-03,1.000000125173197807e+00,1.000000250346411379e+00,2.000001497292868725e-03,1.000000125174522303e+00,1.000000250348125119e+00,2.000022908715738679e-03,1.000000125172931797e+00,1.000000250345859154e+00,1.999997495579328762e-03,-4.972252924811852775e-35,4.576796509488240783e-21,-7.437679515438864911e-25,-2.555236402942506985e-18
3.198190099994934644e+04,3.688528126107370042e+01,1.000000125070614976e+00,1.000000250141245717e+00,1.999997762754715178e-03,1.000000125070845014e+00,1.000000250141705793e+00,2.000001441284355794e-03,1.000000125072387558e+00,1.000000250143712410e+00,2.000026358101806689e-03,1.000000125070641399e+00,1.000000250141239277e+00,1.999998434851323146e-03,-5.174758319594490298e-35,4.575898459954488595e-21,-7.218697269602410402e-25,-2.480694567975276965e-18
3.200805136871463401e+04,3.691544093504023749e+01,1.000000124968456250e+00,1.000000249936928043e+00,1.999998133028139079e-03,1.000000124968632775e+00,1.000000249937281316e+00,2.000000958146149269e-03,1.000000124969918414e+00,1.000000249938965302e+00,2.000021782704191221e-03,1.000000124968488002e+00,1.000000249936913610e+00,1.999998891425563800e-03,-5.327905478559379022e-35,4.574968229562573890e-21,-7.005150960137579833e-25,-2.407997782551133223e-18
3.203420173747992521e+04,3.694560060900677456e+01,1.000000124866423645e+00,1.000000249732862612e+00,1.999997853689616713e-03,1.000000124866642581e+00,1.000000249733300928e+00,2.000001360409299142e-03,1.000000124867114648e+00,1.000000249733883573e+00,2.000009169400529703e-03,1.000000124866471385e+00,1.000000249732881485e+00,1.999998868427952606e-03,-5.449998085833955333e-35,4.574018723569154967e-21,-6.799895409195054594e-25,-2.338114434719149835e-18
3.206035210624521642e+04,3.697576028297331163e+01,1.000000124764568232e+00,1.000000249529151786e+00,1.999997744796512978e-03,1.000000124764803600e+00,1.000000249529622964e+00,2.000001517775468283e-03,1.000000124765360487e+00,1.000000249530312635e+00,2.000010694246075540e-03,1.000000124764591547e+00,1.000000249529142460e+00,1.999998368964222683e-03,-5.529417558880266050e-35,4.573043805813392705e-21,-6.600079556348296049e-25,-2.270076608517599960e-18
3.208650247501050035e+04,3.700591995693984160e+01,1.000000124662909551e+00,1.000000249325834645e+00,1.999998128559999679e-03,1.000000124663104062e+00,1.000000249326223889e+00,2.000001249150026948e-03,1.000000124664407020e+00,1.000000249327919422e+00,2.000022402738381010e-03,1.000000124662848267e+00,1.000000249325696533e+00,1.999997396120072393e-03,-5.564384277774364335e-35,4.572036450901949306e-21,-6.405199583721593069e-25,-2.203713234546901801e-18
3.211265284377579155e+04,3.703607963090637867e+01,1.000000124561376103e+00,1.000000249122767748e+00,1.999997864695928895e-03,1.000000124561578829e+00,1.000000249123173202e+00,2.000001119742388263e-03,1.000000124563123149e+00,1.000000249125196028e+00,2.000026165746573818e-03,1.000000124561391424e+00,1.000000249122742657e+00,1.999998361061121766e-03,-5.572276282437546642e-35,4.571008952951369729e-21,-6.216350628361866587e-25,-2.139395578219553358e-18
3.213880321254108276e+04,3.706623930487291574e+01,1.000000124460015405e+00,1.000000248920046575e+00,1.999997721695160550e-03,1.000000124460249884e+00,1.000000248920515311e+00,2.000001489634031619e-03,1.000000124461508877e+00,1.000000248922142010e+00,2.000021970309299318e-03,1.000000124460070472e+00,1.000000248920080326e+00,1.999998857450154943e-03,-5.543979402204340321e-35,4.569954146512670651e-21,-6.034043805160552221e-25,-2.077296557068169158e-18
3.216495358130637396e+04,3.709639897883945281e+01,1.000000124358853215e+00,1.000000248717721973e+00,1.999998122358606547e-03,1.000000124359059273e+00,1.000000248718133866e+00,2.000001436271852794e-03,1.000000124359564202e+00,1.000000248718757812e+00,2.000009803465204166e-03,1.000000124358884745e+00,1.000000248717707985e+00,1.999998877955461163e-03,-5.477713703382191576e-35,4.568862718128138831e-21,-5.856217745751402903e-25,-2.016716874479510373e-18
3.219110395007166153e+04,3.712655865280598988e+01,1.000000124257815370e+00,1.000000248515646284e+00,1.999997877210492065e-03,1.000000124258006773e+00,1.000000248516028867e+00,2.000000957938565319e-03,1.000000124258549228e+00,1.000000248516722978e+00,2.000009938218249694e-03,1.000000124257834022e+00,1.000000248515625190e+00,1.999998425646159171e-03,-5.389139209448707059e-35,4.567746643616881659e-21,-5.682810696751471317e-25,-1.957635492540550433e-18
3.221725431883695273e+04,3.715671832677252695e+01,1.000000124156945835e+00,1.000000248313907436e+00,1.999997701125463129e-03,1.000000124157172765e+00,1.000000248314361073e+00,2.000001356649559227e-03,1.000000124158431980e+00,1.000000248315994211e+00,2.000021889715008529e-03,1.000000124156918080e+00,1.000000248313831719e+00,1.999997503571655615e-03,-5.271587822345889985e-35,4.566595754607034519e-21,-5.516156417632377979e-25,-1.900843308983533561e-18
3.224340468760224394e+04,3.718687800073906402e+01,1.000000124056276585e+00,1.000000248112568713e+00,1.999998116187697277e-03,1.000000124056487083e+00,1.000000248112989709e+00,2.000001509778399564e-03,1.000000124057988327e+00,1.000000248114939039e+00,2.000025961088333377e-03,1.000000124056271700e+00,1.000000248112506318e+00,1.999998284489911023e-03,-5.123614609534394999e-35,4.565397900609166542e-21,-5.353909595626208114e-25,-1.845544995065262416e-18
3.226955505636753514e+04,3.721703767470560109e+01,1.000000123955730791e+00,1.000000247911476681e+00,1.999997892451229990e-03,1.000000123955938403e+00,1.000000247911892570e+00,2.000001242219912045e-03,1.000000123957218268e+00,1.000000247913557461e+00,2.000022139535256784e-03,1.000000123955772979e+00,1.000000247911486895e+00,1.999998820045896433e-03,-4.958519090017268401e-35,4.564172157214416649e-21,-5.195674860154504164e-25,-1.791606452589859871e-18
3.229570542513281907e+04,3.724719734867213106e+01,1.000000123855348866e+00,1.000000247710712831e+00,1.999997683746463847e-03,1.000000123855561807e+00,1.000000247711138712e+00,2.000001122282753317e-03,1.000000123856121803e+00,1.000000247711849477e+00,2.000010412252811731e-03,1.000000123855407930e+00,1.000000247710754131e+00,1.999998883363975945e-03,-4.771871729609386229e-35,4.562910131038912110e-21,-5.042354645645021385e-25,-1.739333368409350385e-18
3.232185579389811028e+04,3.727735702263866813e+01,1.000000123755168779e+00,1.000000247510352658e+00,1.999998111915529155e-03,1.000000123755377501e+00,1.000000247510770102e+00,2.000001485055568143e-03,1.000000123755838244e+00,1.000000247511333873e+00,2.000009179724005718e-03,1.000000123755176107e+00,1.000000247510307361e+00,1.999998477477228989e-03,-4.562908173341587186e-35,4.561602184584807845e-21,-4.894338489694025150e-25,-1.688857460958869230e-18
3.234800616266340148e+04,3.730751669660520520e+01,1.000000123655111262e+00,1.000000247310237622e+00,1.999997902763659286e-03,1.000000123655329087e+00,1.000000247310673496e+00,2.000001425878131320e-03,1.000000123656546780e+00,1.000000247312248902e+00,2.000021369868627743e-03,1.000000123655077511e+00,1.000000247310146362e+00,1.999997605399333415e-03,-4.342098358598855341e-35,4.560265010646265097e-21,-4.749964106856116933e-25,-1.639615365180138050e-18
3.237415653142868905e+04,3.733767637057174227e+01,1.000000123555213394e+00,1.000000247110441887e+00,1.999997661338994304e-03,1.000000123555416565e+00,1.000000247110848450e+00,2.000000950080853442e-03,1.000000123556932907e+00,1.000000247112841523e+00,2.000025744447345676e-03,1.000000123555231601e+00,1.000000247110429896e+00,1.999998205211719372e-03,-4.106941548822207285e-35,4.558888848750304706e-21,-4.609181238619270201e-25,-1.591589994811216107e-18
3.240030690019398025e+04,3.736783604453827934e+01,1.000000123455518919e+00,1.000000246911053159e+00,1.999998104342338816e-03,1.000000123455719647e+00,1.000000246911454393e+00,2.000001356171970772e-03,1.000000123456996626e+00,1.000000246913111512e+00,2.000022290813007961e-03,1.000000123455545342e+00,1.000000246911033619e+00,1.999998779298448916e-03,-3.857662533863255834e-35,4.557466912451788890e-21,-4.473897194097613752e-25,-1.545427266088485421e-18
3.242645726895927146e+04,3.739799571850481641e+01,1.000000123355946124e+00,1.000000246711907570e+00,1.999997911334124804e-03,1.000000123356167725e+00,1.000000246712350771e+00,2.000001504193951729e-03,1.000000123356737936e+00,1.000000246713059315e+00,2.000010996318463477e-03,1.000000123355990977e+00,1.000000246711920671e+00,1.999998884751433368e-03,-3.601617506909385141e-35,4.556016268189782231e-21,-4.342183407408224424e-25,-1.500473751419043611e-18
3.245260763772456266e+04,3.742815539247135348e+01,1.000000123256528983e+00,1.000000246513073066e+00,1.999997640137834987e-03,1.000000123256750584e+00,1.000000246513516711e+00,2.000001235895129334e-03,1.000000123257178020e+00,1.000000246514046065e+00,2.000008418898464695e-03,1.000000123256568285e+00,1.000000246513090163e+00,1.999998524568274896e-03,-3.337866266705622966e-35,4.554528155112922187e-21,-4.213730078205961226e-25,-1.456624471578924502e-18
3.247875800648984659e+04,3.745831506643788344e+01,1.000000123157316789e+00,1.000000246314648678e+00,1.999998097361415598e-03,1.000000123157502863e+00,1.000000246315021046e+00,2.000001119077538577e-03,1.000000123158702348e+00,1.000000246316584906e+00,2.000020843416393072e-03,1.000000123157277265e+00,1.000000246314541874e+00,1.999997701727480696e-03,-3.067857559653726447e-35,4.552982914586748860e-21,-4.089280539613108711e-25,-1.414131077398577088e-18
3.250490837525513780e+04,3.748847474040442052e+01,1.000000123058225387e+00,1.000000246116465874e+00,1.999997925124676838e-03,1.000000123058444101e+00,1.000000246116903302e+00,2.000001479762899496e-03,1.000000123059908042e+00,1.000000246118805114e+00,2.000025516135901273e-03,1.000000123058222501e+00,1.000000246116415026e+00,1.999998123298745573e-03,-2.795734694128889329e-35,4.551401946339427171e-21,-3.969130301061190758e-25,-1.373093489320780600e-18
3.253105874402042900e+04,3.751863441437095759e+01,1.000000122959285198e+00,1.000000245918585273e+00,1.999997619357650122e-03,1.000000122959518789e+00,1.000000245919052899e+00,2.000001418837691475e-03,1.000000122960795101e+00,1.000000245920706465e+00,2.000022424563136988e-03,1.000000122959338711e+00,1.000000245918622355e+00,1.999998735291397874e-03,-2.521729741517671655e-35,4.549775172753265138e-21,-3.851939280125676720e-25,-1.333057868433530505e-18
3.255720911278572021e+04,3.754879408833749466e+01,1.000000122860551732e+00,1.000000245721118342e+00,1.999998091438736584e-03,1.000000122860727148e+00,1.000000245721469616e+00,2.000000946954027387e-03,1.000000122861363749e+00,1.000000245722289627e+00,2.000011556204244877e-03,1.000000122860585261e+00,1.000000245721109460e+00,1.999998882213435778e-03,-2.248651438749467632e-35,4.548084433753590434e-21,-3.737666583223964594e-25,-1.294010337487271711e-18
3.258335948155100778e+04,3.757895376230403173e+01,1.000000122761937948e+00,1.000000245523890996e+00,1.999997931424781807e-03,1.000000122762147781e+00,1.000000245524310660e+00,2.000001349942995971e-03,1.000000122762519705e+00,1.000000245524761855e+00,2.000007655872854118e-03,1.000000122761961929e+00,1.000000245523875675e+00,1.999998567027539299e-03,-1.977506015777754696e-35,4.546355309197777281e-21,-3.627870598196436664e-25,-1.256478399327743644e-18
3.260950985031629898e+04,3.760911343627056880e+01,1.000000122663471602e+00,1.000000245326958082e+00,1.999997596558238024e-03,1.000000122663710744e+00,1.000000245327436588e+00,2.000001495710584509e-03,1.000000122664849611e+00,1.000000245328904525e+00,2.000020310569769044e-03,1.000000122663468494e+00,1.000000245326920778e+00,1.999997792677583614e-03,-1.709321400830825389e-35,4.544578503355087851e-21,-3.520966028974060598e-25,-1.219925284768914931e-18
3.263566021908159018e+04,3.763927311023710587e+01,1.000000122565213312e+00,1.000000245130441723e+00,1.999998083591186717e-03,1.000000122565406269e+00,1.000000245130827636e+00,2.000001232226842306e-03,1.000000122566864880e+00,1.000000245132732557e+00,2.000025276458541716e-03,1.000000122565195548e+00,1.000000245130364673e+00,1.999998038821406386e-03,-1.448290449215169617e-35,4.542733352744923556e-21,-3.416710512955714222e-25,-1.184268925773699524e-18
3.266181058784688139e+04,3.766943278420364294e+01,1.000000122467074037e+00,1.000000244934162952e+00,1.999997942960941855e-03,1.000000122467268548e+00,1.000000244934552418e+00,2.000001119502868487e-03,1.000000122468565289e+00,1.000000244936245730e+00,2.000022541196148397e-03,1.000000122467104680e+00,1.000000244934156512e+00,1.999998688106306103e-03,-1.192514459752963711e-35,4.540847864884510978e-21,-3.315716084045384457e-25,-1.149716466919138133e-18
3.268796095661216532e+04,3.769959245817017290e+01,1.000000122369077760e+00,1.000000244738170618e+00,1.999997573088169688e-03,1.000000122369316236e+00,1.000000244738647570e+00,2.000001470733716712e-03,1.000000122369951061e+00,1.000000244739444266e+00,2.000012092439564914e-03,1.000000122369142375e+00,1.000000244738224353e+00,1.999998875843313900e-03,-9.434771396076716976e-36,4.538913403516371037e-21,-3.218205741765533808e-25,-1.116343337881670043e-18
3.271411132537745652e+04,3.772975213213670997e+01,1.000000122271291314e+00,1.000000244542597727e+00,1.999998072812781205e-03,1.000000122271495373e+00,1.000000244543005845e+00,2.000001410617070676e-03,1.000000122271815339e+00,1.000000244543385541e+00,2.000006890774623687e-03,1.000000122271308856e+00,1.000000244542568195e+00,1.999998604960723670e-03,-7.066657625057421952e-36,4.536905392487360262e-21,-3.123099460210295214e-25,-1.083783930411303616e-18
3.274026169414274773e+04,3.775991180610324705e+01,1.000000122173622996e+00,1.000000244347261091e+00,1.999997950969623680e-03,1.000000122173805739e+00,1.000000244347626577e+00,2.000000942491694973e-03,1.000000122174941053e+00,1.000000244349112499e+00,2.000019771534693354e-03,1.000000122173603678e+00,1.000000244347187595e+00,1.999997878368319805e-03,-4.776399768450484126e-36,4.534854276782272327e-21,-3.030363973539440466e-25,-1.052026972100534108e-18
3.276641206290803530e+04,3.779007148006978412e+01,1.000000122076093678e+00,1.000000244152202455e+00,1.999997550512310103e-03,1.000000122076325271e+00,1.000000244152665640e+00,2.000001344740328681e-03,1.000000122077755904e+00,1.000000244154528817e+00,2.000025025712268579e-03,1.000000122076103226e+00,1.000000244152183804e+00,1.999997951848386454e-03,-2.580525440641507733e-36,4.532751902973301494e-21,-2.941272259484556444e-25,-1.021503293936920703e-18
3.279256243167333014e+04,3.782023115403632119e+01,1.000000121978775747e+00,1.000000243957566370e+00,1.999998065579274009e-03,1.000000121978984469e+00,1.000000243957984036e+00,2.000001487842711922e-03,1.000000121980259671e+00,1.000000243959634050e+00,2.000022641112738590e-03,1.000000121978795731e+00,1.000000243957540835e+00,1.999998637822771388e-03,-5.448956220407454001e-37,4.530565392641750154e-21,-2.854521658026662438e-25,-9.917719999499833939e-19
3.281871280043861771e+04,3.785039082800285826e+01,1.000000121881575055e+00,1.000000243763164764e+00,1.999997959572025023e-03,1.000000121881774007e+00,1.000000243763562890e+00,2.000001224245741716e-03,1.000000121882452797e+00,1.000000243764428420e+00,2.000012605541491312e-03,1.000000121881615467e+00,1.000000243763170982e+00,1.999998865732186253e-03,1.395663082689265071e-36,4.528329949741661095e-21,-2.769922886850973634e-25,-9.627690200400648064e-19
3.284486316920390527e+04,3.788055050196939533e+01,1.000000121784509366e+00,1.000000243569033387e+00,1.999997528810335684e-03,1.000000121784728080e+00,1.000000243569470815e+00,2.000001120624983909e-03,1.000000121785017848e+00,1.000000243569822533e+00,2.000006123727554163e-03,1.000000121784561991e+00,1.000000243569073577e+00,1.999998638471067909e-03,3.225167211961522261e-36,4.526037578536557427e-21,-2.687979672661531921e-25,-9.346648378734333570e-19
3.287101353796920012e+04,3.791071017593593240e+01,1.000000121687656396e+00,1.000000243375327447e+00,1.999998057709949460e-03,1.000000121687863786e+00,1.000000243375742448e+00,2.000001466264126650e-03,1.000000121688929600e+00,1.000000243377114906e+00,2.000019226511728226e-03,1.000000121687635524e+00,1.000000243375248177e+00,1.999997958915629946e-03,4.869622647682827922e-36,4.523651620281016606e-21,-2.608859278407035647e-25,-9.075160679186797246e-19
3.289716390673448041e+04,3.794086984990246236e+01,1.000000121590919999e+00,1.000000243181854431e+00,1.999997969512835351e-03,1.000000121591128943e+00,1.000000243182272541e+00,2.000001406344902553e-03,1.000000121592534263e+00,1.000000243184099968e+00,2.000024764186750757e-03,1.000000121590898683e+00,1.000000243181778270e+00,1.999997862446682099e-03,6.409634716337136627e-36,4.521211650952112403e-21,-2.531691513218395445e-25,-8.810281975259991536e-19
3.292331427549977525e+04,3.797102952386899943e+01,1.000000121494314609e+00,1.000000242988643651e+00,1.999997508204347414e-03,1.000000121494523109e+00,1.000000242989060872e+00,2.000000940457951574e-03,1.000000121495831618e+00,1.000000242990777943e+00,2.000022724704054750e-03,1.000000121494365235e+00,1.000000242988682286e+00,1.999998584518476816e-03,7.831331092207202272e-36,4.518710261693065373e-21,-2.456449322475937503e-25,-8.551920758089050790e-19
3.294946464426506282e+04,3.800118919783553650e+01,1.000000121397923269e+00,1.000000242795861194e+00,1.999998047062191177e-03,1.000000121398123332e+00,1.000000242796261318e+00,2.000001343033203354e-03,1.000000121398821884e+00,1.000000242797148831e+00,2.000013096015071466e-03,1.000000121397957464e+00,1.000000242795855865e+00,1.999998851969017263e-03,9.056119293833811423e-36,4.516106521817852104e-21,-2.384172287361019648e-25,-8.303596057890074014e-19
3.297561501303035766e+04,3.803134887180207357e+01,1.000000121301647615e+00,1.000000242603309886e+00,1.999997972646919923e-03,1.000000121301860334e+00,1.000000242603735545e+00,2.000001479912418348e-03,1.000000121302080602e+00,1.000000242603980016e+00,2.000005354851866653e-03,1.000000121301674927e+00,1.000000242603298339e+00,1.999998667659400649e-03,1.017433555020714663e-35,4.513445932076765090e-21,-2.313790369378905797e-25,-8.061686350583963935e-19
3.300176538179564523e+04,3.806150854576861065e+01,1.000000121205499415e+00,1.000000242411013263e+00,1.999997485516711790e-03,1.000000121205725678e+00,1.000000242411466234e+00,2.000001219063397145e-03,1.000000121206768844e+00,1.000000242412818707e+00,2.000018675696210030e-03,1.000000121205518067e+00,1.000000242411010154e+00,1.999998034432789312e-03,1.117513684765180203e-35,4.510722474607495256e-21,-2.245156010188065692e-25,-7.825692271511334216e-19
3.302791575056093279e+04,3.809166821973514772e+01,1.000000121109566598e+00,1.000000242219147850e+00,1.999998039075284034e-03,1.000000121109753115e+00,1.000000242219521107e+00,2.000001119216895853e-03,1.000000121111153772e+00,1.000000242221354085e+00,2.000024492164521363e-03,1.000000121109535733e+00,1.000000242219056146e+00,1.999997770681649460e-03,1.197928912416136791e-35,4.507890876303309349e-21,-2.178683634168676435e-25,-7.597016917813408553e-19
3.305406611932622764e+04,3.812182789370168479e+01,1.000000121013748577e+00,1.000000242027511810e+00,1.999997981210127358e-03,1.000000121013959076e+00,1.000000242027932806e+00,2.000001460122250146e-03,1.000000121015235166e+00,1.000000242029585928e+00,2.000022792351952017e-03,1.000000121013767007e+00,1.000000242027488273e+00,1.999998528269241078e-03,1.268111240883881079e-35,4.504997152958335208e-21,-2.114497813314173035e-25,-7.376082570217804802e-19
3.308021648809150793e+04,3.815198756766821475e+01,1.000000120918054014e+00,1.000000241836122683e+00,1.999997459657248348e-03,1.000000120918292046e+00,1.000000241836598747e+00,2.000001396729258335e-03,1.000000120919013025e+00,1.000000241837514237e+00,2.000013564353652490e-03,1.000000120918122404e+00,1.000000241836186854e+00,1.999998834640671040e-03,1.327312415738725075e-35,4.502036029448487850e-21,-2.051897619736867742e-25,-7.160516653401255291e-19
3.310636685685680277e+04,3.818214724163475182e+01,1.000000120822576388e+00,1.000000241645167431e+00,1.999998028501559413e-03,1.000000120822752026e+00,1.000000241645518484e+00,2.000000935857713848e-03,1.000000120822957861e+00,1.000000241645766286e+00,2.000004584264319322e-03,1.000000120822601923e+00,1.000000241645151444e+00,1.999998692624212118e-03,1.367955251371980677e-35,4.498949626705414090e-21,-1.990861055340548948e-25,-6.950244868259270090e-19
3.313251722562209034e+04,3.821230691560128889e+01,1.000000120727212893e+00,1.000000241454440220e+00,1.999997989456876995e-03,1.000000120727415176e+00,1.000000241454844785e+00,2.000001340523322596e-03,1.000000120728413489e+00,1.000000241456133088e+00,2.000018119278396296e-03,1.000000120727205344e+00,1.000000241454382044e+00,1.999998105030475429e-03,1.399319965589219876e-35,4.495795692393200460e-21,-1.932236889500583979e-25,-6.748141851893303728e-19
3.315866759438738518e+04,3.824246658956782596e+01,1.000000120631968858e+00,1.000000241263952372e+00,1.999997437188810213e-03,1.000000120632212441e+00,1.000000241264439538e+00,2.000001475631540612e-03,1.000000120633569134e+00,1.000000241266199907e+00,2.000024209921169843e-03,1.000000120631968858e+00,1.000000241263926171e+00,1.999997676617045264e-03,1.420978065587798057e-35,4.492570659519602564e-21,-1.875146468250909321e-25,-6.551232905593909061e-19
3.318481796315267275e+04,3.827262626353436303e+01,1.000000120536943315e+00,1.000000241073901064e+00,1.999998019560926890e-03,1.000000120537135606e+00,1.000000241074286089e+00,2.000001210125667683e-03,1.000000120538425019e+00,1.000000241075966745e+00,2.000022844429234174e-03,1.000000120536955972e+00,1.000000241073868645e+00,1.999998469149064876e-03,1.426096324346010382e-35,4.489203771354045777e-21,-1.819474984492409993e-25,-6.359129487735062943e-19
3.321096833191796031e+04,3.830278593750090010e+01,1.000000120442030793e+00,1.000000240884076019e+00,1.999997993743561284e-03,1.000000120442219087e+00,1.000000240884452607e+00,2.000001120453690807e-03,1.000000120442980922e+00,1.000000240885433822e+00,2.000014011039183068e-03,1.000000120442065654e+00,1.000000240884074243e+00,1.999998813831970357e-03,1.423303059818856592e-35,4.485762021853095403e-21,-1.765563261781650427e-25,-6.172986373961088212e-19
3.323711870068325516e+04,3.833294561146743717e+01,1.000000120347234400e+00,1.000000240694482789e+00,1.999997417675904599e-03,1.000000120347477317e+00,1.000000240694969067e+00,2.000001454603125926e-03,1.000000120347604771e+00,1.000000240695091636e+00,2.000003812078312345e-03,1.000000120347297905e+00,1.000000240694542963e+00,1.999998713461708776e-03,1.412435146306322073e-35,4.482243449131733770e-21,-1.713503303186001832e-25,-5.993116234822441051e-19
3.326326906944854272e+04,3.836310528543397425e+01,1.000000120252657387e+00,1.000000240505328986e+00,1.999998009453178051e-03,1.000000120252860780e+00,1.000000240505735771e+00,2.000001392208861258e-03,1.000000120253818237e+00,1.000000240506967897e+00,2.000017557443603631e-03,1.000000120252652724e+00,1.000000240505274141e+00,1.999998170816834862e-03,1.387762849996797338e-35,4.478573140392131791e-21,-1.662730676969747428e-25,-5.817607484836938379e-19
3.328941943821383029e+04,3.839326495940050421e+01,1.000000120158192729e+00,1.000000240316400113e+00,1.999997998115892340e-03,1.000000120158368810e+00,1.000000240316752276e+00,2.000000928939211185e-03,1.000000120159735495e+00,1.000000240318547950e+00,2.000023917725531498e-03,1.000000120158153205e+00,1.000000240316298861e+00,1.999997580315069756e-03,1.356833609971298673e-35,4.474822980414971184e-21,-1.613227500512695611e-25,-5.646399763860073080e-19
3.331556980697911786e+04,3.842342463336704128e+01,1.000000120063840425e+00,1.000000240127695506e+00,1.999997388071217842e-03,1.000000120064077347e+00,1.000000240128169127e+00,2.000001334660160644e-03,1.000000120065356324e+00,1.000000240129831575e+00,2.000022881299900416e-03,1.000000120063887277e+00,1.000000240127733919e+00,1.999998407230183829e-03,1.319668991621117188e-35,4.470992916683424721e-21,-1.565686586900426497e-25,-5.481841561161634506e-19
3.334172017574441270e+04,3.845358430733357835e+01,1.000000119969709278e+00,1.000000239939432989e+00,1.999997997546850564e-03,1.000000119969917334e+00,1.000000239939849322e+00,2.000001466015896394e-03,1.000000119970680945e+00,1.000000239940818991e+00,2.000014436542516590e-03,1.000000119969742363e+00,1.000000239939428770e+00,1.999998789625749996e-03,1.271942851207405493e-35,4.466997015436360215e-21,-1.519386680749134196e-25,-5.321489662983938023e-19
3.336787054450970027e+04,3.848374398130011542e+01,1.000000119875689375e+00,1.000000239751393183e+00,1.999998003304043464e-03,1.000000119875881444e+00,1.000000239751777320e+00,2.000001207763854247e-03,1.000000119875976923e+00,1.000000239751867248e+00,2.000003038403986785e-03,1.000000119875718685e+00,1.000000239751383857e+00,1.999998730265876642e-03,1.219778863574335864e-35,4.462913926772597819e-21,-1.474238644903989794e-25,-5.165042259532255869e-19
3.339402091327498783e+04,3.851390365526665249e+01,1.000000119781781160e+00,1.000000239563576754e+00,1.999997413418253076e-03,1.000000119782003205e+00,1.000000239564020843e+00,2.000001120899343003e-03,1.000000119782939345e+00,1.000000239565235205e+00,2.000016990372347359e-03,1.000000119781815799e+00,1.000000239563598070e+00,1.999998231897549134e-03,1.163200946764616166e-35,4.458743520926516024e-21,-1.430522668311165592e-25,-5.013449737938173867e-19
3.342017128204028268e+04,3.854406332923318956e+01,1.000000119688089439e+00,1.000000239376193312e+00,1.999997985422777985e-03,1.000000119688296829e+00,1.000000239376607647e+00,2.000001450921774261e-03,1.000000119689608891e+00,1.000000239378310507e+00,2.000023615839866160e-03,1.000000119688045030e+00,1.000000239376086508e+00,1.999997481836410067e-03,1.099773042102387220e-35,4.454392778712622137e-21,-1.388306018381530480e-25,-4.866941324356828658e-19
3.344632165080557024e+04,3.857422300319972663e+01,1.000000119594511405e+00,1.000000239189037021e+00,1.999998008557517769e-03,1.000000119594713244e+00,1.000000239189440698e+00,2.000001383935981480e-03,1.000000119595985781e+00,1.000000239191092932e+00,2.000022903319370864e-03,1.000000119594516956e+00,1.000000239188996165e+00,1.999998342583113146e-03,1.033685148887742235e-35,4.449941908983007811e-21,-1.347134304380104004e-25,-4.723976887634525661e-19
3.347247201957085781e+04,3.860438267716625660e+01,1.000000119501043949e+00,1.000000239002102331e+00,1.999997435255229314e-03,1.000000119501252449e+00,1.000000239002519331e+00,2.000000924758496383e-03,1.000000119502069573e+00,1.000000239003582481e+00,2.000014841323689146e-03,1.000000119501109008e+00,1.000000239002163394e+00,1.999998762102902280e-03,9.650497391186244005e-36,4.445393329294217291e-21,-1.306992992446241388e-25,-4.584507447020667583e-19
3.349862238833614538e+04,3.863454235113279367e+01,1.000000119407788768e+00,1.000000238815591969e+00,1.999997975058088844e-03,1.000000119407989274e+00,1.000000238815992759e+00,2.000001333400139476e-03,1.000000119408030574e+00,1.000000238816005638e+00,2.000002263348310896e-03,1.000000119407820520e+00,1.000000238815587084e+00,1.999998743128532895e-03,8.931684527673538470e-36,4.440654076480025633e-21,-1.268447460324676611e-25,-4.450451984442021924e-19
3.352477275710144022e+04,3.866470202509933074e+01,1.000000119314649272e+00,1.000000238629312754e+00,1.999998013506148684e-03,1.000000119314854885e+00,1.000000238629724203e+00,2.000001460075797721e-03,1.000000119315733071e+00,1.000000238630847971e+00,2.000016418240467726e-03,1.000000119314651492e+00,1.000000238629267235e+00,1.999998288375895873e-03,8.204383728409648187e-36,4.435804963281869696e-21,-1.230905853003972962e-25,-4.319803563530641299e-19
3.355092312586672779e+04,3.869486169906586781e+01,1.000000119221619688e+00,1.000000238443253364e+00,1.999997460147901873e-03,1.000000119221842620e+00,1.000000238443699674e+00,2.000001199948240205e-03,1.000000119223146022e+00,1.000000238445400536e+00,2.000023304520032533e-03,1.000000119221601924e+00,1.000000238443203626e+00,1.999997400544129868e-03,7.469651095168465973e-36,4.430850988366272506e-21,-1.194299121345870747e-25,-4.192328219432218380e-19
3.357707349463201535e+04,3.872502137303240488e+01,1.000000119128797937e+00,1.000000238257610086e+00,1.999997963256279314e-03,1.000000119128986009e+00,1.000000238257986007e+00,2.000001120706275219e-03,1.000000119130269649e+00,1.000000238259663998e+00,2.000022910834710343e-03,1.000000119128802378e+00,1.000000238257569674e+00,1.999998275276688390e-03,6.735579586958393456e-36,4.425690350224303240e-21,-1.158857522107804076e-25,-4.068808223045029805e-19
3.360322386339731020e+04,3.875518104699894195e+01,1.000000119036093871e+00,1.000000238072201730e+00,1.999998016316518242e-03,1.000000119036297708e+00,1.000000238072609626e+00,2.000001441105804609e-03,1.000000119037103952e+00,1.000000238073637915e+00,2.000015225832207488e-03,1.000000119036122292e+00,1.000000238072191294e+00,1.999998731342433021e-03,6.010440146163755901e-36,4.420406425578447008e-21,-1.124629631781229673e-25,-3.949409860122598270e-19
3.362937423216259776e+04,3.878534072096547902e+01,1.000000118943498828e+00,1.000000237887011867e+00,1.999997480200816496e-03,1.000000118943730643e+00,1.000000237887475274e+00,2.000001378090238754e-03,1.000000118943723093e+00,1.000000237887421539e+00,2.000001487015175099e-03,1.000000118943560334e+00,1.000000237887066712e+00,1.999998752139386590e-03,5.294350809435788248e-36,4.415007547612454173e-21,-1.091249747743972115e-25,-3.832891932951023020e-19
3.365552460092789261e+04,3.881550039493201609e+01,1.000000118851107844e+00,1.000000237702229455e+00,1.999997954681459640e-03,1.000000118851284370e+00,1.000000237702582728e+00,2.000000925209955999e-03,1.000000118852156561e+00,1.000000237703720263e+00,2.000015841219263037e-03,1.000000118851116726e+00,1.000000237702195927e+00,1.999998340352812133e-03,4.607624589444410142e-36,4.409386402727025489e-21,-1.058706060376150391e-25,-3.719214656014876441e-19
3.368167496969317290e+04,3.884566006889854606e+01,1.000000118758836098e+00,1.000000237517686186e+00,1.999998021170792343e-03,1.000000118759032386e+00,1.000000237518079205e+00,2.000001326815513836e-03,1.000000118760304257e+00,1.000000237519733215e+00,2.000022984015661660e-03,1.000000118758791023e+00,1.000000237517577828e+00,1.999997498651474165e-03,3.945598239411729068e-36,4.403628451862392599e-21,-1.027459843439416069e-25,-3.609946559643704378e-19
3.370782533845846774e+04,3.887581974286508313e+01,1.000000118666672932e+00,1.000000237333359410e+00,1.999997504714612004e-03,1.000000118666907190e+00,1.000000237333828590e+00,2.000001452862612810e-03,1.000000118668165960e+00,1.000000237335460174e+00,2.000022904184853029e-03,1.000000118666700466e+00,1.000000237333368736e+00,1.999998205378112313e-03,3.306753277770780140e-36,4.397745755106647864e-21,-9.970255861337264193e-26,-3.503438842475449641e-19
3.373397570722375531e+04,3.890597941683162020e+01,1.000000118574709163e+00,1.000000237149432092e+00,1.999997941368495628e-03,1.000000118574901897e+00,1.000000237149818005e+00,2.000001192222627521e-03,1.000000118575741448e+00,1.000000237150900695e+00,2.000015590507317042e-03,1.000000118574739805e+00,1.000000237149428095e+00,1.999998697421508792e-03,2.720423184952038833e-36,4.391625110107749230e-21,-9.673499327583284959e-26,-3.399510516375304355e-19
3.376012607598904287e+04,3.893613909079815727e+01,1.000000118482866851e+00,1.000000236965747469e+00,1.999998025235376082e-03,1.000000118483050260e+00,1.000000236966114509e+00,2.000001121188218697e-03,1.000000118483030942e+00,1.000000236966055445e+00,2.000001031763533593e-03,1.000000118482896161e+00,1.000000236965738587e+00,1.999998757386088968e-03,2.172046700797489231e-36,4.385352710422803012e-21,-9.386220376204484674e-26,-3.298805575886297416e-19
3.378627644475433772e+04,3.896629876476469434e+01,1.000000118391132231e+00,1.000000236782278007e+00,1.999997524768978158e-03,1.000000118391363824e+00,1.000000236782741858e+00,2.000001437093479415e-03,1.000000118392168069e+00,1.000000236783768370e+00,2.000015259475610221e-03,1.000000118391169313e+00,1.000000236782299323e+00,1.999998387926950772e-03,1.658008176540401333e-36,4.378944576760729370e-21,-9.108764364724145037e-26,-3.201442884582909935e-19
3.381242681351962528e+04,3.899645843873123141e+01,1.000000118299592788e+00,1.000000236599199788e+00,1.999997925115967225e-03,1.000000118299796403e+00,1.000000236599607017e+00,2.000001367472965200e-03,1.000000118301041629e+00,1.000000236601224168e+00,2.000022654570321728e-03,1.000000118299559038e+00,1.000000236599110304e+00,1.999997591682937774e-03,1.213317488494863797e-36,4.372277797637144827e-21,-8.838188851658960337e-26,-3.106422025709772058e-19
3.383857718228492013e+04,3.902661811269776848e+01,1.000000118208177025e+00,1.000000236416368038e+00,1.999998024230843687e-03,1.000000118208347999e+00,1.000000236416710431e+00,2.000000916995141754e-03,1.000000118209632305e+00,1.000000236418397082e+00,2.000022883700809315e-03,1.000000118208169475e+00,1.000000236416309862e+00,1.999998132952999965e-03,8.165850952662685597e-37,4.365440753101137673e-21,-8.574397897420969961e-26,-3.013710702901186905e-19
3.386472755105020769e+04,3.905677778666430555e+01,1.000000118116868064e+00,1.000000236233749895e+00,1.999997541224736355e-03,1.000000118117091441e+00,1.000000236234196871e+00,2.000001323523201233e-03,1.000000118117940540e+00,1.000000236235287554e+00,2.000015935778264725e-03,1.000000118116920245e+00,1.000000236233790529e+00,1.999998660415501159e-03,4.619211711387869778e-37,4.358454983445525086e-21,-8.321154008793572438e-26,-2.924591420441570833e-19
3.389087791981549526e+04,3.908693746063083552e+01,1.000000118025750506e+00,1.000000236051514779e+00,1.999997915735488192e-03,1.000000118025959006e+00,1.000000236051932001e+00,2.000001448857546132e-03,1.000000118025965890e+00,1.000000236051895142e+00,2.000001799713881871e-03,1.000000118025786477e+00,1.000000236051519220e+00,1.999998758954288965e-03,1.867027563171011613e-37,4.351193503463771204e-21,-8.074475729340791633e-26,-2.837709295996144327e-19
3.391702828858078283e+04,3.911709713459737259e+01,1.000000117934758181e+00,1.000000235869529908e+00,1.999998029376896542e-03,1.000000117934944477e+00,1.000000235869902943e+00,2.000001188670471556e-03,1.000000117935725852e+00,1.000000235870909249e+00,2.000014673172086695e-03,1.000000117934767951e+00,1.000000235869495047e+00,1.999998431194740297e-03,-3.438585403726582598e-38,4.343743490043164331e-21,-7.833951885072292150e-26,-2.752924622765211386e-19
3.394317865734607039e+04,3.914725680856390966e+01,1.000000117843871772e+00,1.000000235687757311e+00,1.999997561086034291e-03,1.000000117844081382e+00,1.000000235688176753e+00,2.000001118502690248e-03,1.000000117845316616e+00,1.000000235689790795e+00,2.000022316421675491e-03,1.000000117843864889e+00,1.000000235687718453e+00,1.999997679746226640e-03,-2.093777225952869336e-37,4.336132253360485360e-21,-7.601135811665661408e-26,-2.670767618412399946e-19
3.396932902611136524e+04,3.917741648253044673e+01,1.000000117753172990e+00,1.000000235506359747e+00,1.999997902875435760e-03,1.000000117753380602e+00,1.000000235506775415e+00,2.000001429090604143e-03,1.000000117754627826e+00,1.000000235508392787e+00,2.000022849705871807e-03,1.000000117753168327e+00,1.000000235506310453e+00,1.999998058065414249e-03,-3.016461095551861577e-37,4.328227079647149520e-21,-7.376268106032192936e-26,-2.591321839305478032e-19
3.399547939487665280e+04,3.920757615649698380e+01,1.000000117662600996e+00,1.000000235325215758e+00,1.999998027958647343e-03,1.000000117662797061e+00,1.000000235325608111e+00,2.000001360627044669e-03,1.000000117663659926e+00,1.000000235326715892e+00,2.000016262064557414e-03,1.000000117662621868e+00,1.000000235325195774e+00,1.999998620398037424e-03,-3.378596260050855001e-37,4.320112699734933712e-21,-7.156981926885016902e-26,-2.513780702372421659e-19
3.402162976364194765e+04,3.923773583046352087e+01,1.000000117572134473e+00,1.000000235144282712e+00,1.999997578701650722e-03,1.000000117572330760e+00,1.000000235144674843e+00,2.000000917710798888e-03,1.000000117572412472e+00,1.000000235144759220e+00,2.000002542537616251e-03,1.000000117572189762e+00,1.000000235144326233e+00,1.999998756927680050e-03,-3.277527391356659236e-37,4.311822736162203605e-21,-6.943199350797413481e-26,-2.438117978886099956e-19
3.404778013240723521e+04,3.926789550443005794e+01,1.000000117481851358e+00,1.000000234963716483e+00,1.999997887933735105e-03,1.000000117482053197e+00,1.000000234964120160e+00,2.000001324010951265e-03,1.000000117482788831e+00,1.000000234965060519e+00,2.000014082467087024e-03,1.000000117481871786e+00,1.000000234963701384e+00,1.999998470250440811e-03,-2.382419585454005814e-37,4.303215806494312218e-21,-6.737988659689150899e-26,-2.365382571520942601e-19
3.407393050117252278e+04,3.929805517839658791e+01,1.000000117391697030e+00,1.000000234783407826e+00,1.999998028460913974e-03,1.000000117391897314e+00,1.000000234783808617e+00,2.000001440696442395e-03,1.000000117393088583e+00,1.000000234785351605e+00,2.000021969801637264e-03,1.000000117391667720e+00,1.000000234783321007e+00,1.999997762946655391e-03,-9.522361233339211351e-38,4.294375253031063117e-21,-6.538085880909904809e-26,-2.294460940393096722e-19
3.410008086993781035e+04,3.932821485236312498e+01,1.000000117301647506e+00,1.000000234603308780e+00,1.999997598349558155e-03,1.000000117301857783e+00,1.000000234603729332e+00,2.000001183567967199e-03,1.000000117303111891e+00,1.000000234605366245e+00,2.000022802515814390e-03,1.000000117301656166e+00,1.000000234603289240e+00,1.999997980777907559e-03,9.060137925638299159e-38,4.285342267998506782e-21,-6.343175095432150684e-26,-2.225245538791562042e-19
3.412623123870309792e+04,3.935837452632966205e+01,1.000000117211777395e+00,1.000000234423568335e+00,1.999997874738353686e-03,1.000000117211967687e+00,1.000000234423948697e+00,2.000001121716614601e-03,1.000000117212859196e+00,1.000000234425104884e+00,2.000016569776206111e-03,1.000000117211804707e+00,1.000000234423563228e+00,1.999998577441041391e-03,3.464125709971219560e-37,4.275966371673143344e-21,-6.154531455166476845e-26,-2.158173077232842734e-19
3.415238160746839276e+04,3.938853420029619912e+01,1.000000117122037624e+00,1.000000234244089237e+00,1.999998026704433163e-03,1.000000117122236798e+00,1.000000234244487141e+00,2.000001427837841492e-03,1.000000117122330279e+00,1.000000234244567299e+00,2.000003260749400567e-03,1.000000117122066268e+00,1.000000234244079467e+00,1.999998751388052266e-03,6.486863847852159197e-37,4.266331225659599429e-21,-5.972318017792662547e-26,-2.093300807508291043e-19
3.417853197623368033e+04,3.941869387426273619e+01,1.000000117032401992e+00,1.000000234064817972e+00,1.999997613497390796e-03,1.000000117032621150e+00,1.000000234065255844e+00,2.000001358747174711e-03,1.000000117033317260e+00,1.000000234066142468e+00,2.000013487514933509e-03,1.000000117032440405e+00,1.000000234064837512e+00,1.999998505186198223e-03,9.867460223663000476e-37,4.256486938285921250e-21,-5.794631461427957725e-26,-2.029978245164900258e-19
3.420468234499897517e+04,3.944885354822927326e+01,1.000000116942942219e+00,1.000000233885897760e+00,1.999997861995883846e-03,1.000000116943120743e+00,1.000000233886254808e+00,2.000000915171885364e-03,1.000000116944317341e+00,1.000000233887826218e+00,2.000021614936525576e-03,1.000000116942927342e+00,1.000000233885837142e+00,1.999997841387205454e-03,1.380021218223061125e-36,4.246277318770949849e-21,-5.621408508809890836e-26,-1.968184095177886306e-19
3.423083271376426273e+04,3.947901322219581033e+01,1.000000116853614340e+00,1.000000233707242447e+00,1.999998028517527542e-03,1.000000116853806631e+00,1.000000233707626807e+00,2.000001319651685278e-03,1.000000116855044752e+00,1.000000233709237296e+00,2.000022742439087377e-03,1.000000116853593246e+00,1.000000233707166730e+00,1.999997901151563846e-03,1.808402100854724316e-36,4.235781260996626131e-21,-5.455150734521092015e-26,-1.908776625879057843e-19
3.425698308252955758e+04,3.950917289616234740e+01,1.000000116764389935e+00,1.000000233528793636e+00,1.999997631414947991e-03,1.000000116764611979e+00,1.000000233529237503e+00,2.000001434704085177e-03,1.000000116765498825e+00,1.000000233530375038e+00,2.000016859313968800e-03,1.000000116764428792e+00,1.000000233528813398e+00,1.999998531614778034e-03,2.262426222263161946e-36,4.225057920288436277e-21,-5.293183196473845443e-26,-1.850840306321029347e-19
3.428313345129483787e+04,3.953933257012887736e+01,1.000000116675337392e+00,1.000000233350688106e+00,1.999997847054183191e-03,1.000000116675531681e+00,1.000000233351077128e+00,2.000001177472543121e-03,1.000000116675680006e+00,1.000000233351239887e+00,2.000003954852517564e-03,1.000000116675376027e+00,1.000000233350699430e+00,1.999998742415341237e-03,2.752499832376326236e-36,4.213941870475046035e-21,-5.135263962278043033e-26,-1.794292597076771664e-19
3.430928382006013271e+04,3.956949224409541443e+01,1.000000116586418741e+00,1.000000233172850805e+00,1.999998032725823580e-03,1.000000116586598820e+00,1.000000233173211184e+00,2.000001121902424735e-03,1.000000116587271171e+00,1.000000233174075381e+00,2.000012888465988511e-03,1.000000116586434507e+00,1.000000233172824604e+00,1.999998536092094988e-03,3.262413688807353047e-36,4.202506712947201187e-21,-4.982439456991943015e-26,-1.739493350703684794e-19
3.433543418882542028e+04,3.959965191806195151e+01,1.000000116497602454e+00,1.000000232995218452e+00,1.999997648570394325e-03,1.000000116497822278e+00,1.000000232995658100e+00,2.000001422449364501e-03,1.000000116498963809e+00,1.000000232997136251e+00,2.000021252047206287e-03,1.000000116497604452e+00,1.000000232995188698e+00,1.999997915168579259e-03,3.785236632646252904e-36,4.190823553593998050e-21,-4.834815896425347445e-26,-1.686480454065069734e-19
3.436158455759070785e+04,3.962981159202848858e+01,1.000000116408954476e+00,1.000000232817922274e+00,1.999997833532184133e-03,1.000000116409159201e+00,1.000000232818331947e+00,2.000001350872043608e-03,1.000000116410386442e+00,1.000000232819926893e+00,2.000022669777006164e-03,1.000000116408940043e+00,1.000000232817863655e+00,1.999997819246032444e-03,4.321682485682376784e-36,4.178720886235581916e-21,-4.690863119004789890e-26,-1.634729112323519948e-19
3.438773492635600269e+04,3.965997126599502565e+01,1.000000116320441945e+00,1.000000232640897435e+00,1.999998029178022638e-03,1.000000116320609367e+00,1.000000232641232278e+00,2.000000907803375916e-03,1.000000116321539290e+00,1.000000232642447973e+00,2.000017131069588543e-03,1.000000116320454824e+00,1.000000232640867237e+00,1.999998482987893830e-03,4.859418909935617371e-36,4.166262556433480314e-21,-4.550529751316387540e-26,-1.584222035111137859e-19
3.441388529512129026e+04,3.969013093996156272e+01,1.000000116232031333e+00,1.000000232464075989e+00,1.999997663893875524e-03,1.000000116232243608e+00,1.000000232464500538e+00,2.000001316491471001e-03,1.000000116232422354e+00,1.000000232464699046e+00,2.000004625339152527e-03,1.000000116232079739e+00,1.000000232464107741e+00,1.999998730087671102e-03,5.395401589393840933e-36,4.153533007549205292e-21,-4.415854864700484347e-26,-1.535661807638632251e-19
3.444003566388658510e+04,3.972029061392809979e+01,1.000000116143785034e+00,1.000000232287583390e+00,1.999997816112539413e-03,1.000000116143994866e+00,1.000000232288003055e+00,2.000001429425932696e-03,1.000000116144611706e+00,1.000000232288781765e+00,2.000012285466760704e-03,1.000000116143814788e+00,1.000000232287584279e+00,1.999998563056206054e-03,5.920595461697743362e-36,4.140352882546952604e-21,-4.284646930353906678e-26,-1.488295500047956512e-19
3.446618603265187267e+04,3.975045028789463686e+01,1.000000116055676180e+00,1.000000232111365461e+00,1.999998031184185236e-03,1.000000116055858479e+00,1.000000232111730503e+00,2.000001172753271272e-03,1.000000116056988686e+00,1.000000232113203325e+00,2.000020881349240040e-03,1.000000116055659971e+00,1.000000232111297072e+00,1.999997984389263999e-03,6.426088946853780893e-36,4.126779021304308778e-21,-4.156721354178541359e-26,-1.442059943259090282e-19
3.449233640141716023e+04,3.978060996186116682e+01,1.000000115967668135e+00,1.000000231935349815e+00,1.999997678821059579e-03,1.000000115967867531e+00,1.000000231935748829e+00,2.000001117638966659e-03,1.000000115969098768e+00,1.000000231937358208e+00,2.000022584823931207e-03,1.000000115967657921e+00,1.000000231935302741e+00,1.999997735119564933e-03,6.914017765124148077e-36,4.112909775958656237e-21,-4.032936567838622633e-26,-1.397251748395392864e-19
3.451848677018244780e+04,3.981076963582770389e+01,1.000000115879821072e+00,1.000000231759655245e+00,1.999997803448457390e-03,1.000000115880030238e+00,1.000000231760074243e+00,2.000001413495666909e-03,1.000000115880942175e+00,1.000000231761246194e+00,2.000017385426013355e-03,1.000000115879843943e+00,1.000000231759647917e+00,1.999998431627461430e-03,7.366137213111742789e-36,4.098556890818694080e-21,-3.913357604419617202e-26,-1.353894686400801791e-19
3.454463713894773537e+04,3.984092930979424096e+01,1.000000115792112787e+00,1.000000231584238897e+00,1.999998027858484410e-03,1.000000115792304634e+00,1.000000231584623034e+00,2.000001341493016539e-03,1.000000115792518907e+00,1.000000231584867727e+00,2.000005272690667368e-03,1.000000115792139210e+00,1.000000231584227350e+00,1.999998714481403955e-03,7.776177080903073339e-36,4.083768061433294314e-21,-3.796754636318848870e-26,-1.311565167329051569e-19
3.457078750771303021e+04,3.987108898376077804e+01,1.000000115704504866e+00,1.000000231409023277e+00,1.999997693498562282e-03,1.000000115704690717e+00,1.000000231409394535e+00,2.000000906012055352e-03,1.000000115705300452e+00,1.000000231410184348e+00,2.000011678660005253e-03,1.000000115704543058e+00,1.000000231409040152e+00,1.999998586164643960e-03,8.152573004441192621e-36,4.068657485167809875e-21,-3.683085962929699465e-26,-1.270249148486415982e-19
3.459693787647831778e+04,3.990124865772731511e+01,1.000000115617053931e+00,1.000000231234121406e+00,1.999997785689129528e-03,1.000000115617257768e+00,1.000000231234529080e+00,2.000001311756231023e-03,1.000000115618353780e+00,1.000000231235951054e+00,2.000020503053013664e-03,1.000000115617055929e+00,1.000000231234086545e+00,1.999998049145579760e-03,8.468964497921242169e-36,4.053028342235177435e-21,-3.574013283434591361e-26,-1.230522196358898502e-19
3.462308824524361262e+04,3.993140833169385218e+01,1.000000115529743772e+00,1.000000231059500866e+00,1.999998026141197940e-03,1.000000115529939837e+00,1.000000231059893441e+00,2.000001420335781321e-03,1.000000115531143541e+00,1.000000231061454414e+00,2.000022487867445832e-03,1.000000115529708689e+00,1.000000231059407385e+00,1.999997648829052871e-03,8.720755353955371777e-36,4.036914923342903562e-21,-3.467741672995874387e-26,-1.191764714198709063e-19
3.464923861400890019e+04,3.996156800566038925e+01,1.000000115442533311e+00,1.000000230885079500e+00,1.999997710630782837e-03,1.000000115442732707e+00,1.000000230885478958e+00,2.000001165091531106e-03,1.000000115443669291e+00,1.000000230886693764e+00,2.000017622757624750e-03,1.000000115442558402e+00,1.000000230885079056e+00,1.999998377599016951e-03,8.923510485542911268e-36,4.020450628330658568e-21,-3.364130865520052022e-26,-1.153928541815796809e-19
3.467538898277418775e+04,3.999172767962691921e+01,1.000000115355476060e+00,1.000000230710965443e+00,1.999997770856301853e-03,1.000000115355669017e+00,1.000000230711351579e+00,2.000001116281685618e-03,1.000000115355931474e+00,1.000000230711669547e+00,2.000005897377874278e-03,1.000000115355516028e+00,1.000000230710982096e+00,1.999998695671181045e-03,9.044337247793716350e-36,4.003431687941804838e-21,-3.263884834236113332e-26,-1.117258304504533568e-19
3.470153935153947532e+04,4.002188735359345628e+01,1.000000115268561141e+00,1.000000230537135382e+00,1.999998024047937046e-03,1.000000115268756318e+00,1.000000230537525958e+00,2.000001410522714296e-03,1.000000115269299661e+00,1.000000230538207635e+00,2.000011068184827899e-03,1.000000115268581347e+00,1.000000230537116064e+00,1.999998605501610016e-03,9.079313331552036042e-36,3.985875415478798367e-21,-3.167039209674575921e-26,-1.081767717686292868e-19
3.472768972030476289e+04,4.005204702755999335e+01,1.000000115181745253e+00,1.000000230363503384e+00,1.999997725884584965e-03,1.000000115181953309e+00,1.000000230363919940e+00,2.000001338533128128e-03,1.000000115183021565e+00,1.000000230365304388e+00,2.000020117363879822e-03,1.000000115181754134e+00,1.000000230363480735e+00,1.999998109531734170e-03,9.051553051969463531e-36,3.967936701215127884e-21,-3.072605819690246830e-26,-1.047114636763109508e-19
3.475384008907005773e+04,4.008220670152653042e+01,1.000000115095079023e+00,1.000000230190171147e+00,1.999997756123637112e-03,1.000000115095260211e+00,1.000000230190533523e+00,2.000000904619935425e-03,1.000000115096482789e+00,1.000000230192140238e+00,2.000022379188531440e-03,1.000000115095054598e+00,1.000000230190102757e+00,1.999997560430062053e-03,8.923617412565188309e-36,3.949404797816595403e-21,-2.980550821881209190e-26,-1.013287636938147552e-19
3.477999045783534530e+04,4.011236637549306749e+01,1.000000115008556678e+00,1.000000230017126457e+00,1.999998022166615558e-03,1.000000115008745638e+00,1.000000230017504599e+00,2.000001308179397315e-03,1.000000115009683332e+00,1.000000230018715630e+00,2.000017843430447646e-03,1.000000115008560675e+00,1.000000230017085823e+00,1.999998320966597277e-03,8.691392816895942692e-36,3.930278680777200211e-21,-2.892228074476257924e-26,-9.807585045835037519e-20
3.480614082660064014e+04,4.014252604945960456e+01,1.000000114922132699e+00,1.000000229844278499e+00,1.999997737484617098e-03,1.000000114922344085e+00,1.000000229844701494e+00,2.000001416258132513e-03,1.000000114922622974e+00,1.000000229845030120e+00,2.000006499861293769e-03,1.000000114922173333e+00,1.000000229844297595e+00,1.999998673729966574e-03,8.385439519786009836e-36,3.910735468326009532e-21,-2.806167931908141035e-26,-9.490172146391673045e-20
3.483229119536592771e+04,4.017268572342614164e+01,1.000000114835855047e+00,1.000000229671722973e+00,1.999997741242905483e-03,1.000000114836051335e+00,1.000000229672116214e+00,2.000001159813378625e-03,1.000000114836571807e+00,1.000000229672776797e+00,2.000010454176781236e-03,1.000000114835892351e+00,1.000000229671737628e+00,1.999998621149442872e-03,7.966051672958376815e-36,3.890555153736722574e-21,-2.722264306715702477e-26,-9.180271666517137304e-20
3.485844156413121527e+04,4.020284539739267871e+01,1.000000114749722391e+00,1.000000229499458104e+00,1.999998015960866970e-03,1.000000114749900471e+00,1.000000229499814042e+00,2.000001119752549839e-03,1.000000114750954738e+00,1.000000229501188276e+00,2.000019724482284076e-03,1.000000114749717728e+00,1.000000229499405924e+00,1.999998165639877909e-03,7.428364971564728604e-36,3.869716229570946787e-21,-2.641094310736450245e-26,-8.879901811531426344e-20
3.488459193289650284e+04,4.023300507135920867e+01,1.000000114663687656e+00,1.000000229327388634e+00,1.999997748193343538e-03,1.000000114663897266e+00,1.000000229327808077e+00,2.000001404274868305e-03,1.000000114665079876e+00,1.000000229329342183e+00,2.000022259061731006e-03,1.000000114663658568e+00,1.000000229327314250e+00,1.999997469976862001e-03,6.809655659495871167e-36,3.848423412824684284e-21,-2.562672976483688212e-26,-8.589128064978956035e-20
3.491074230166179041e+04,4.026316474532574574e+01,1.000000114577795918e+00,1.000000229155604936e+00,1.999997724711662095e-03,1.000000114578002419e+00,1.000000229156018383e+00,2.000001329271683653e-03,1.000000114578946997e+00,1.000000229157237852e+00,2.000018047802359835e-03,1.000000114577813681e+00,1.000000229155594056e+00,1.999998261792778655e-03,6.070397697167913692e-36,3.826451370814614525e-21,-2.486206521459509108e-26,-8.305185629501089143e-20
3.493689267042708525e+04,4.029332441929228281e+01,1.000000114492050729e+00,1.000000228984114559e+00,1.999998015120369160e-03,1.000000114492215708e+00,1.000000228984444739e+00,2.000000897049648146e-03,1.000000114492556547e+00,1.000000228984875950e+00,2.000007080591410542e-03,1.000000114492073822e+00,1.000000228984099682e+00,1.999998648729088471e-03,5.204885495558295829e-36,3.803747768069975836e-21,-2.411667485836470523e-26,-8.027981706134090963e-20
3.496304303919237282e+04,4.032348409325881988e+01,1.000000114406402574e+00,1.000000228812818470e+00,1.999997759553855461e-03,1.000000114406605300e+00,1.000000228813223924e+00,2.000001303525448648e-03,1.000000114407080254e+00,1.000000228813818781e+00,2.000009836767954914e-03,1.000000114406439433e+00,1.000000228812831571e+00,1.999998633188660151e-03,4.255671626558648648e-36,3.780548155035120777e-21,-2.340158661821538582e-26,-7.761386985827494371e-20
3.498919340795766766e+04,4.035364376722535695e+01,1.000000114320894085e+00,1.000000228641801048e+00,1.999997707657830224e-03,1.000000114321105693e+00,1.000000228642224487e+00,2.000001409663345296e-03,1.000000114322116662e+00,1.000000228643530109e+00,2.000019324603891958e-03,1.000000114320910072e+00,1.000000228641788835e+00,1.999998217560150678e-03,3.185883259752470289e-36,3.756620241501502640e-21,-2.270477102480414444e-26,-7.501199065545525911e-20
3.501534377672295523e+04,4.038380344119189402e+01,1.000000114235533699e+00,1.000000228471080277e+00,1.999998012635166578e-03,1.000000114235713333e+00,1.000000228471439545e+00,2.000001157609793221e-03,1.000000114236897941e+00,1.000000228472986530e+00,2.000022127755313010e-03,1.000000114235485738e+00,1.000000228470971253e+00,1.999997404218101151e-03,1.989494513174402470e-36,3.731883734137288631e-21,-2.202542996434465522e-26,-7.247141457975181178e-20
3.504149414548824279e+04,4.041396311515843109e+01,1.000000114150269681e+00,1.000000228300552019e+00,1.999997775780254592e-03,1.000000114150460417e+00,1.000000228300933935e+00,2.000001117622998530e-03,1.000000114151424535e+00,1.000000228302188043e+00,2.000018236223296674e-03,1.000000114150281005e+00,1.000000228300531147e+00,1.999998200138716157e-03,7.121305413990962966e-37,3.706607926877369599e-21,-2.136829295472360857e-26,-7.000881158746512598e-20
3.506764451425353764e+04,4.044412278912496816e+01,1.000000114065141554e+00,1.000000228130296209e+00,1.999997689989955248e-03,1.000000114065353163e+00,1.000000228130719426e+00,2.000001400295931334e-03,1.000000114065696000e+00,1.000000228131134428e+00,2.000007640008920253e-03,1.000000114065181744e+00,1.000000228130316637e+00,1.999998620738280448e-03,-6.780768694370098863e-37,3.680555571990368372e-21,-2.073336963938681715e-26,-6.762433680106864786e-20
3.509379488301881793e+04,4.047428246309149813e+01,1.000000113980163308e+00,1.000000227960339494e+00,1.999998007998637136e-03,1.000000113980352268e+00,1.000000227960717636e+00,2.000001323659654582e-03,1.000000113980789029e+00,1.000000227961261201e+00,2.000009216087074524e-03,1.000000113980186400e+00,1.000000227960325283e+00,1.999998641698006157e-03,-2.186232907905171594e-36,3.653607187658129127e-21,-2.011428547074841578e-26,-6.529563176509866255e-20
3.511994525178411277e+04,4.050444213705803520e+01,1.000000113895280762e+00,1.000000227790574403e+00,1.999997784305719215e-03,1.000000113895457732e+00,1.000000227790928564e+00,2.000000891886175199e-03,1.000000113896471365e+00,1.000000227792257501e+00,2.000018917919713438e-03,1.000000113895295195e+00,1.000000227790557306e+00,1.999998265380733241e-03,-3.766623440863335102e-36,3.626069890659470490e-21,-1.951081767879846921e-26,-6.302194238428051546e-20
3.514609562054940034e+04,4.053460181102457227e+01,1.000000113810530777e+00,1.000000227621074655e+00,1.999997670397209420e-03,1.000000113810737501e+00,1.000000227621487658e+00,2.000001303159636232e-03,1.000000113811901459e+00,1.000000227623001781e+00,2.000021985531432768e-03,1.000000113810507685e+00,1.000000227621011595e+00,1.999997494135390477e-03,-5.444032664712389834e-36,3.597700334461822632e-21,-1.893194699373654531e-26,-6.083505208289481594e-20
3.517224598931469518e+04,4.056476148499110934e+01,1.000000113725932227e+00,1.000000227451877333e+00,1.999998005342141887e-03,1.000000113726125628e+00,1.000000227452263912e+00,2.000001406513293029e-03,1.000000113727079532e+00,1.000000227453494039e+00,2.000018409035446681e-03,1.000000113725926676e+00,1.000000227451825374e+00,1.999998136064172743e-03,-7.220624677970968543e-36,3.568340279824796403e-21,-1.836782996880681890e-26,-5.870031279362039674e-20
3.519839635807998275e+04,4.059492115895764641e+01,1.000000113641428490e+00,1.000000227282870080e+00,1.999997794686376052e-03,1.000000113641619448e+00,1.000000227283251331e+00,2.000001155400401697e-03,1.000000113642005584e+00,1.000000227283734278e+00,2.000008178544970643e-03,1.000000113641460686e+00,1.000000227282876075e+00,1.999998589825721044e-03,-9.054327208468378884e-36,3.538338618676022434e-21,-1.781786984546093812e-26,-5.661564704629171460e-20
3.522454672684527031e+04,4.062508083292418348e+01,1.000000113557054426e+00,1.000000227114121509e+00,1.999997658081520586e-03,1.000000113557250936e+00,1.000000227114514750e+00,2.000001119060118918e-03,1.000000113557662385e+00,1.000000227115032558e+00,2.000008592259583124e-03,1.000000113557097725e+00,1.000000227114147933e+00,1.999998646754496106e-03,-1.096117595974891461e-35,3.507447506352258838e-21,-1.728594120643323336e-26,-5.459483519382621435e-20
3.525069709561056516e+04,4.065524050689072055e+01,1.000000113472832686e+00,1.000000226945678028e+00,1.999997999802694947e-03,1.000000113473025420e+00,1.000000226946063719e+00,2.000001396819260559e-03,1.000000113473983099e+00,1.000000226947299398e+00,2.000018504616219578e-03,1.000000113472837349e+00,1.000000226945640058e+00,1.999998309187892530e-03,-1.293759840991789353e-35,3.475458341825125781e-21,-1.677196099717446264e-26,-5.263769613243873094e-20
3.527684746437584545e+04,4.068540018085725052e+01,1.000000113388705314e+00,1.000000226777423507e+00,1.999997803613943505e-03,1.000000113388904710e+00,1.000000226777822077e+00,2.000001320646056097e-03,1.000000113390054679e+00,1.000000226779317103e+00,2.000021832646279012e-03,1.000000113388679779e+00,1.000000226777352452e+00,1.999997579449593662e-03,-1.494955205981437758e-35,3.442770240605261245e-21,-1.627081153602964702e-26,-5.072613351043267234e-20
3.530299783314114029e+04,4.071555985482378759e+01,1.000000113304704286e+00,1.000000226609421450e+00,1.999997637613437629e-03,1.000000113304888583e+00,1.000000226609790044e+00,2.000000890732123518e-03,1.000000113305877125e+00,1.000000226611085674e+00,2.000018566573443218e-03,1.000000113304715832e+00,1.000000226609406129e+00,1.999998069627560021e-03,-1.700320095523360960e-35,3.409133743815581323e-21,-1.578231212934626795e-26,-4.885953439735419950e-20
3.532914820190642786e+04,4.074571952879032466e+01,1.000000113220857134e+00,1.000000226441727147e+00,1.999997995086325725e-03,1.000000113221044318e+00,1.000000226442101292e+00,2.000001301604932818e-03,1.000000113221450215e+00,1.000000226442604889e+00,2.000008696621393117e-03,1.000000113220876230e+00,1.000000226441708495e+00,1.999998556058070909e-03,-1.908574682701504021e-35,3.374284492548640643e-21,-1.531377455554383797e-26,-4.706401712663884266e-20
3.535529857067172270e+04,4.077587920275686173e+01,1.000000113137103686e+00,1.000000226274220250e+00,1.999997814411220640e-03,1.000000113137306634e+00,1.000000226274625703e+00,2.000001402068380275e-03,1.000000113137665236e+00,1.000000226275062909e+00,2.000007965407734050e-03,1.000000113137138102e+00,1.000000226274228909e+00,1.999998648433456028e-03,-2.117606659677163142e-35,3.338672058707728170e-21,-1.485714664856263240e-26,-4.531099453166494675e-20
3.538144893943701027e+04,4.080603887672339880e+01,1.000000113053473472e+00,1.000000226106959378e+00,1.999997623664657130e-03,1.000000113053672646e+00,1.000000226107358170e+00,2.000001147197200558e-03,1.000000113054617223e+00,1.000000226108585855e+00,2.000018084875460501e-03,1.000000113053501671e+00,1.000000226106967371e+00,1.999998349066029347e-03,-2.326997059771756535e-35,3.302043151736248541e-21,-1.441198539534776792e-26,-4.359891582346981710e-20
3.540759930820229783e+04,4.083619855068993587e+01,1.000000112969998245e+00,1.000000225940009146e+00,1.999997989818334820e-03,1.000000112970174992e+00,1.000000225940362641e+00,2.000001118920761642e-03,1.000000112971322963e+00,1.000000225941862775e+00,2.000021669350230454e-03,1.000000112969966937e+00,1.000000225939923659e+00,1.999997660254589603e-03,-2.534142202527931517e-35,3.264074272541502779e-21,-1.398146386798886951e-26,-4.193918326993423679e-20
3.543374967696759268e+04,4.086635822465647294e+01,1.000000112886616277e+00,1.000000225773244988e+00,1.999997825317369887e-03,1.000000112886817449e+00,1.000000225773647777e+00,2.000001389463815313e-03,1.000000112887782233e+00,1.000000225774893003e+00,2.000018709164551843e-03,1.000000112886613390e+00,1.000000225773203910e+00,1.999998000885968609e-03,-2.738738294136371924e-35,3.225273660091199034e-21,-1.356544118210293391e-26,-4.033139728195085908e-20
3.545990004573288024e+04,4.089651789862301001e+01,1.000000112803354213e+00,1.000000225606720639e+00,1.999997606240657387e-03,1.000000112803563157e+00,1.000000225607139415e+00,2.000001310806860232e-03,1.000000112803995034e+00,1.000000225607676985e+00,2.000009194650932600e-03,1.000000112803392849e+00,1.000000225606743509e+00,1.999998519500509244e-03,-2.939353219472364187e-35,3.185387704849258482e-21,-1.315980992355028352e-26,-3.876089899597001125e-20
3.548605041449816781e+04,4.092667757258953998e+01,1.000000112720248469e+00,1.000000225440509594e+00,1.999997985379228620e-03,1.000000112720412115e+00,1.000000225440837109e+00,2.000000888969836153e-03,1.000000112720762724e+00,1.000000225441282753e+00,2.000007335650670712e-03,1.000000112720273115e+00,1.000000225440499158e+00,1.999998646808564401e-03,-3.131632355990291816e-35,3.144018816568102544e-21,-1.276442355002904946e-26,-3.722719076145419512e-20
3.551220078326345538e+04,4.095683724655607705e+01,1.000000112637235317e+00,1.000000225274483512e+00,1.999997833387020304e-03,1.000000112637430272e+00,1.000000225274873644e+00,2.000001295030468321e-03,1.000000112638339100e+00,1.000000225276048038e+00,2.000017658875177275e-03,1.000000112637253746e+00,1.000000225274470189e+00,1.999998385097723035e-03,-3.317594838776946469e-35,3.101744132111014030e-21,-1.238523348412317986e-26,-3.575176418697058875e-20
3.553835115202875022e+04,4.098699692052261412e+01,1.000000112554338960e+00,1.000000225108690577e+00,1.999997585929351365e-03,1.000000112554553233e+00,1.000000225109119123e+00,2.000001393384687187e-03,1.000000112555671894e+00,1.000000225110569962e+00,2.000021495887994993e-03,1.000000112554334741e+00,1.000000225108656604e+00,1.999997736642255327e-03,-3.494889782907436108e-35,3.058313054939482025e-21,-1.201565498586378599e-26,-3.431100629875253458e-20
3.556450152079403779e+04,4.101715659448915119e+01,1.000000112471600477e+00,1.000000224943213389e+00,1.999997978051364610e-03,1.000000112471778335e+00,1.000000224943569327e+00,2.000001140762093337e-03,1.000000112472760883e+00,1.000000224944847860e+00,2.000018837128848554e-03,1.000000112471585156e+00,1.000000224943150107e+00,1.999997929895200224e-03,-3.656995019812865672e-35,3.013241538428756075e-21,-1.165536196193625920e-26,-3.290376768654799094e-20
3.559065188955932535e+04,4.104731626845568826e+01,1.000000112388953921e+00,1.000000224777920277e+00,1.999997842392976441e-03,1.000000112389137774e+00,1.000000224778288649e+00,2.000001114115843026e-03,1.000000112389606066e+00,1.000000224778882174e+00,2.000009673037463943e-03,1.000000112388977014e+00,1.000000224777913393e+00,1.999998480216772824e-03,-3.808728198884973973e-35,2.967181912015028558e-21,-1.130695202322608222e-26,-3.153949115639042252e-20
3.561680225832462020e+04,4.107747594242222533e+01,1.000000112306421052e+00,1.000000224612854316e+00,1.999997570077474696e-03,1.000000112306635325e+00,1.000000224613283084e+00,2.000001385937789054e-03,1.000000112306921318e+00,1.000000224613624367e+00,2.000006703104508562e-03,1.000000112306468569e+00,1.000000224612890287e+00,1.999998641951892479e-03,-3.946982576361872801e-35,2.919887608979693035e-21,-1.097025144548434595e-26,-3.021764862325998781e-20
3.564295262708990776e+04,4.110763561638876240e+01,1.000000112224047166e+00,1.000000224448106545e+00,1.999997974804052468e-03,1.000000112224234350e+00,1.000000224448481134e+00,2.000001310692181133e-03,1.000000112225114979e+00,1.000000224449618225e+00,2.000017226788912070e-03,1.000000112224059379e+00,1.000000224448080566e+00,1.999998417363777446e-03,-4.241246393442154252e-35,2.869722928928196342e-21,-1.064196467933224189e-26,-2.892634966304037330e-20
3.566910299585520261e+04,4.113779529035529947e+01,1.000000112141764541e+00,1.000000224283541739e+00,1.999997851033121030e-03,1.000000112141934627e+00,1.000000224283882133e+00,2.000000884443632089e-03,1.000000112143067499e+00,1.000000224285370942e+00,2.000021312498755002e-03,1.000000112141749664e+00,1.000000224283483785e+00,1.999997808702512394e-03,-4.520539701967831940e-35,2.814943574988093075e-21,-1.032197289406784147e-26,-2.766518901073428116e-20
3.569525336462048290e+04,4.116795496432182944e+01,1.000000112059592494e+00,1.000000224119197423e+00,1.999997549099867024e-03,1.000000112059802326e+00,1.000000224119617087e+00,2.000001294105775707e-03,1.000000112060779101e+00,1.000000224120882519e+00,2.000018950779400631e-03,1.000000112059597157e+00,1.000000224119176995e+00,1.999997856709801510e-03,-4.742549483752774702e-35,2.753469470603638322e-21,-1.001511885952497838e-26,-2.645188348807161015e-20
3.572140373338577774e+04,4.119811463828836651e+01,1.000000111977580985e+00,1.000000223955174405e+00,1.999997965663094079e-03,1.000000111977772610e+00,1.000000223955557654e+00,2.000001388211052663e-03,1.000000111978249562e+00,1.000000223956153178e+00,2.000010132176213533e-03,1.000000111977594974e+00,1.000000223955150869e+00,1.999998438269187228e-03,-4.670138626196660758e-35,2.694186651685503082e-21,-9.716019664234463270e-27,-2.526689992420559965e-20
3.574755410215106531e+04,4.122827431225490358e+01,1.000000111895660293e+00,1.000000223791332576e+00,1.999997860824412506e-03,1.000000111895843480e+00,1.000000223791699616e+00,2.000001135064417932e-03,1.000000111896106825e+00,1.000000223792020027e+00,2.000006067882416187e-03,1.000000111895690935e+00,1.000000223791335685e+00,1.999998633933944194e-03,-4.528574288812406229e-35,2.635499622551447627e-21,-9.424437723933423476e-27,-2.410939497429579280e-20
3.577370447091635288e+04,4.125843398622144065e+01,1.000000111813846626e+00,1.000000223627705909e+00,1.999997528078710420e-03,1.000000111814047354e+00,1.000000223628106921e+00,2.000001118476560976e-03,1.000000111814910886e+00,1.000000223629228691e+00,2.000016788786112241e-03,1.000000111813885484e+00,1.000000223627731666e+00,1.999998445943259109e-03,-4.335956050755744545e-35,2.577314321122484394e-21,-9.142498702096870199e-27,-2.298719961087602142e-20
3.579985483968164772e+04,4.128859366018797772e+01,1.000000111732195052e+00,1.000000223464402538e+00,1.999997959307827072e-03,1.000000111732386232e+00,1.000000223464784899e+00,2.000001381423197663e-03,1.000000111733476471e+00,1.000000223466198879e+00,2.000021119416301330e-03,1.000000111732177954e+00,1.000000223464337923e+00,1.999997876523376336e-03,-4.127135759921014941e-35,2.520795077083753741e-21,-8.870013627621104642e-27,-2.189971884705882309e-20
3.582600520844693528e+04,4.131875333415451479e+01,1.000000111650633405e+00,1.000000223301279467e+00,1.999997864213985416e-03,1.000000111650825474e+00,1.000000223301663160e+00,2.000001304739017390e-03,1.000000111651803802e+00,1.000000223302930813e+00,2.000019050422433171e-03,1.000000111650616308e+00,1.000000223301218183e+00,1.999997781383092230e-03,-3.916162836887316044e-35,2.464828570239153691e-21,-8.604339241283812568e-27,-2.083729366840379964e-20
3.585215557721223013e+04,4.134891300812105186e+01,1.000000111569176342e+00,1.000000223138365119e+00,1.999997511016168936e-03,1.000000111569364414e+00,1.000000223138741262e+00,2.000000882405533666e-03,1.000000111569892436e+00,1.000000223139424049e+00,2.000010572453958350e-03,1.000000111569213201e+00,1.000000223138389099e+00,1.999998393718707169e-03,-3.704511579118013628e-35,2.409403387733505821e-21,-8.345379192563932575e-27,-1.979959318938635883e-20
3.587830594597751042e+04,4.137907268208758182e+01,1.000000111487882259e+00,1.000000222975776953e+00,1.999997951422533959e-03,1.000000111488068555e+00,1.000000222976149322e+00,2.000001293404634738e-03,1.000000111488286825e+00,1.000000222976404229e+00,2.000005430094688608e-03,1.000000111487907350e+00,1.000000222975768960e+00,1.999998622823690852e-03,-3.505463395932596312e-35,2.354450613368425062e-21,-8.097072832141292365e-27,-1.880124210187598001e-20
3.590445631474280526e+04,4.140923235605411890e+01,1.000000111406677661e+00,1.000000222813367534e+00,1.999997872395411873e-03,1.000000111406873060e+00,1.000000222813758777e+00,2.000001380247371733e-03,1.000000111407694181e+00,1.000000222814813933e+00,2.000016345032236149e-03,1.000000111406698533e+00,1.000000222813357098e+00,1.999998470913542329e-03,-3.302666149245356509e-35,2.299211061312314403e-21,-7.855021343697992773e-27,-1.782606093571691726e-20
3.593060668350809283e+04,4.143939203002065597e+01,1.000000111325574537e+00,1.000000222651161286e+00,1.999997492856188473e-03,1.000000111325777041e+00,1.000000222651566517e+00,2.000001130914187426e-03,1.000000111326865948e+00,1.000000222652988047e+00,2.000020916869166884e-03,1.000000111325586971e+00,1.000000222651153736e+00,1.999997940190999159e-03,-3.093312931360546587e-35,2.243528386160614574e-21,-7.619053794823514926e-27,-1.687343914041420847e-20
3.595675705227338040e+04,4.146955170398719304e+01,1.000000111244635503e+00,1.000000222489283441e+00,1.999997944525806412e-03,1.000000111244812029e+00,1.000000222489636492e+00,2.000001118167362129e-03,1.000000111245801904e+00,1.000000222490926349e+00,2.000019136357496490e-03,1.000000111244609746e+00,1.000000222489207946e+00,1.999997703967199090e-03,-2.833167685283477774e-35,2.187554867163438325e-21,-7.390908868410766401e-27,-1.594988128559355012e-20
3.598290742103867524e+04,4.149971137795373011e+01,1.000000111163785510e+00,1.000000222327583455e+00,1.999997879572305501e-03,1.000000111163979799e+00,1.000000222327972033e+00,2.000001375114383081e-03,1.000000111164502048e+00,1.000000222328628841e+00,2.000010994249240212e-03,1.000000111163799055e+00,1.000000222327562804e+00,1.999998346624943819e-03,-2.552378070392368207e-35,2.131822845770314528e-21,-7.170394444162624470e-27,-1.505476794537105252e-20
3.600905778980396281e+04,4.152987105192026718e+01,1.000000111083034104e+00,1.000000222166080421e+00,1.999997475388639798e-03,1.000000111083246157e+00,1.000000222166504971e+00,2.000001293295762192e-03,1.000000111083428012e+00,1.000000222166711028e+00,2.000004789848826205e-03,1.000000111083084731e+00,1.000000222166124386e+00,1.999998608688612761e-03,-2.249894699793790111e-35,2.076427220852265315e-21,-6.955391249756101377e-27,-1.418024473294953198e-20
3.603520815856925765e+04,4.156003072588680425e+01,1.000000111002447900e+00,1.000000222004908235e+00,1.999997936055504261e-03,1.000000111002611103e+00,1.000000222005234862e+00,2.000000876578662129e-03,1.000000111003432446e+00,1.000000222006308892e+00,2.000015895688852900e-03,1.000000111002466552e+00,1.000000222004892247e+00,1.999998492350349086e-03,-1.930852869417822672e-35,2.021869576186475426e-21,-6.745821165398656253e-27,-1.332604276558662272e-20
3.606135852733454522e+04,4.159019039985334132e+01,1.000000110921950291e+00,1.000000221843912573e+00,1.999997886805813131e-03,1.000000110922138807e+00,1.000000221844290049e+00,2.000001285874993765e-03,1.000000110923203511e+00,1.000000221845673609e+00,2.000020705080759759e-03,1.000000110921944296e+00,1.000000221843866166e+00,1.999997999789714445e-03,-1.611936605590120978e-35,1.967839296013288677e-21,-6.544887405612353891e-27,-1.250424589573984779e-20
3.608750889609983278e+04,4.162035007381987128e+01,1.000000110841547940e+00,1.000000221683108537e+00,1.999997451310335777e-03,1.000000110841765544e+00,1.000000221683543078e+00,2.000001377698296633e-03,1.000000110842741430e+00,1.000000221684805179e+00,2.000019208877631786e-03,1.000000110841545276e+00,1.000000221683081891e+00,1.999997624513079591e-03,-1.294345505958679103e-35,1.914390620398567452e-21,-6.348996831502244016e-27,-1.170143768562543841e-20
3.611365926486512035e+04,4.165050974778640835e+01,1.000000110761312566e+00,1.000000221522637345e+00,1.999997928348762766e-03,1.000000110761489758e+00,1.000000221522991728e+00,2.000001127867201151e-03,1.000000110762046202e+00,1.000000221523703603e+00,2.000011397932555286e-03,1.000000110761320560e+00,1.000000221522607813e+00,1.999998297046197762e-03,-9.709787976124826249e-36,1.861687666756366578e-21,-6.158028398553373563e-27,-1.091718379867904990e-20
3.613980963363040792e+04,4.168066942175294542e+01,1.000000110681164678e+00,1.000000221362341790e+00,1.999997890064737945e-03,1.000000110681343202e+00,1.000000221362698838e+00,2.000001115973938301e-03,1.000000110681498633e+00,1.000000221362876474e+00,2.000004147249604975e-03,1.000000110681191323e+00,1.000000221362338459e+00,1.999998591594729161e-03,-6.502801770443758712e-36,1.809750498499372267e-21,-5.973403515707218470e-27,-1.015689768789334277e-20
3.616596000239570276e+04,4.171082909571948250e+01,1.000000110601109826e+00,1.000000221202231643e+00,1.999997436259762576e-03,1.000000110601327430e+00,1.000000221202667294e+00,2.000001371183349631e-03,1.000000110602093262e+00,1.000000221203649398e+00,2.000015440913739933e-03,1.000000110601156900e+00,1.000000221202272721e+00,1.999998510327786767e-03,-3.329534347481571289e-36,1.758659050160131932e-21,-5.794934964235952408e-27,-9.419955810963291638e-21
3.619211037116099033e+04,4.174098876968601957e+01,1.000000110521222618e+00,1.000000221042457227e+00,1.999997922680120128e-03,1.000000110521408692e+00,1.000000221042829818e+00,2.000001289874253890e-03,1.000000110522457186e+00,1.000000221044191839e+00,2.000020484269483811e-03,1.000000110521217733e+00,1.000000221042411042e+00,1.999998055402080720e-03,-3.043335799465554385e-37,1.708855091311959251e-21,-5.620924335658045012e-27,-8.699963277766525471e-21
3.621826073992628517e+04,4.177114844365255664e+01,1.000000110441422452e+00,1.000000220882856894e+00,1.999997896266131944e-03,1.000000110441586987e+00,1.000000220883186186e+00,2.000000875852843852e-03,1.000000110442590406e+00,1.000000220884503355e+00,2.000019268269524232e-03,1.000000110441390699e+00,1.000000220882775848e+00,1.999997543070555859e-03,2.632154789864426666e-36,1.659701248653936826e-21,-5.451308289357452066e-27,-7.996702131978387625e-21
3.624441110869157274e+04,4.180130811761909371e+01,1.000000110361712213e+00,1.000000220723436861e+00,1.999997412743241814e-03,1.000000110361925820e+00,1.000000220723863853e+00,2.000001283771571728e-03,1.000000110362492922e+00,1.000000220724584166e+00,2.000011783866550551e-03,1.000000110361745964e+00,1.000000220723460620e+00,1.999998245039494565e-03,5.476337644191887160e-36,1.611217168353954071e-21,-5.288690197520895355e-27,-7.320175847475038911e-21
3.627056147745686030e+04,4.183146779158562367e+01,1.000000110282171173e+00,1.000000220564354114e+00,1.999997913221252845e-03,1.000000110282361687e+00,1.000000220564735587e+00,2.000001368251042889e-03,1.000000110282467158e+00,1.000000220564837505e+00,2.000003502399146788e-03,1.000000110282195154e+00,1.000000220564347009e+00,1.999998571606637684e-03,8.107206225426623063e-36,1.564239365224390601e-21,-5.130136466256048511e-27,-6.659240094409212129e-21
3.629671184622214787e+04,4.186162746555216074e+01,1.000000110202716508e+00,1.000000220405444784e+00,1.999997903257215871e-03,1.000000110202893921e+00,1.000000220405800055e+00,2.000001123023088193e-03,1.000000110203645320e+00,1.000000220406772611e+00,2.000014980860977988e-03,1.000000110202738712e+00,1.000000220405435680e+00,1.999998524918388063e-03,1.063627385385616516e-35,1.517931317033010665e-21,-4.975563124378024162e-27,-6.013593785470469108e-21
3.632286221498744271e+04,4.189178713951869781e+01,1.000000110123349106e+00,1.000000220246709981e+00,1.999997398341550603e-03,1.000000110123553831e+00,1.000000220247119653e+00,2.000001116442817577e-03,1.000000110124595443e+00,1.000000220248479454e+00,2.000020254648864852e-03,1.000000110123375974e+00,1.000000220246725746e+00,1.999998107108923086e-03,1.306311235151457031e-35,1.472294059560781387e-21,-4.826131459938737378e-27,-5.387752919766914188e-21
3.634901258375273028e+04,4.192194681348523488e+01,1.000000110044151569e+00,1.000000220088314906e+00,1.999997905135634298e-03,1.000000110044342083e+00,1.000000220088696157e+00,2.000001367638451748e-03,1.000000110045317525e+00,1.000000220089958258e+00,2.000019314813659098e-03,1.000000110044114932e+00,1.000000220088227421e+00,1.999997459688336761e-03,1.521747908097697001e-35,1.428051760975002453e-21,-4.681664256748815422e-27,-4.781110722970084830e-21
3.637516295251801785e+04,4.195210648745177195e+01,1.000000109965039963e+00,1.000000219930092138e+00,1.999997903766740585e-03,1.000000109965225814e+00,1.000000219930463841e+00,2.000001283953025972e-03,1.000000109965811346e+00,1.000000219931208800e+00,2.000012152406209845e-03,1.000000109965043738e+00,1.000000219930058165e+00,1.999998190660612959e-03,1.721104575743187359e-35,1.384468304885357611e-21,-4.540801119394982912e-27,-4.188448049946312365e-21
3.640131332128331269e+04,4.198226616141830903e+01,1.000000109886014732e+00,1.000000219772041454e+00,1.999997405688285802e-03,1.000000109886205246e+00,1.000000219772422483e+00,2.000000873173121523e-03,1.000000109886302058e+00,1.000000219772531507e+00,2.000002855396988775e-03,1.000000109886065358e+00,1.000000219772088528e+00,1.999998548787546449e-03,1.904393435382406493e-35,1.341546726933209212e-21,-4.403490683042310681e-27,-3.609586928618785166e-21
3.642746369004860026e+04,4.201242583538484610e+01,1.000000109807157145e+00,1.000000219614326280e+00,1.999997894487876449e-03,1.000000109807343218e+00,1.000000219614698205e+00,2.000001283578503944e-03,1.000000109808057536e+00,1.000000219615615915e+00,2.000014515681043485e-03,1.000000109807180237e+00,1.000000219614318731e+00,1.999998536193148702e-03,2.059104033467675072e-35,1.300268636379026540e-21,-4.271847465202064809e-27,-3.052835978929503048e-21
3.645361405881389510e+04,4.204258550935138317e+01,1.000000109728386821e+00,1.000000219456785189e+00,1.999997913691583650e-03,1.000000109728576225e+00,1.000000219457164441e+00,2.000001365922617243e-03,1.000000109729587416e+00,1.000000219458474726e+00,2.000020016427671212e-03,1.000000109728388153e+00,1.000000219456748329e+00,1.999998154989374426e-03,2.200207794888350086e-35,1.259631668180303680e-21,-4.143477795136460031e-27,-2.508914168456546798e-21
3.647976442757917539e+04,4.207274518331791313e+01,1.000000109649701763e+00,1.000000219299415516e+00,1.999997426226046530e-03,1.000000109649904045e+00,1.000000219299820525e+00,2.000001115837484519e-03,1.000000109650891700e+00,1.000000219301107940e+00,2.000019348784468336e-03,1.000000109649688662e+00,1.000000219299376880e+00,1.999997407276194426e-03,2.327840295257951121e-35,1.219630261265224931e-21,-4.018325014624640695e-27,-1.977617428315300183e-21
3.650591479634447023e+04,4.210290485728445020e+01,1.000000109571181239e+00,1.000000219142374691e+00,1.999997884368514504e-03,1.000000109571358209e+00,1.000000219142728630e+00,2.000001114586173832e-03,1.000000109571970164e+00,1.000000219143515334e+00,2.000012503899033841e-03,1.000000109571183016e+00,1.000000219142338942e+00,1.999998133964113467e-03,2.424737006539889300e-35,1.181113278334768062e-21,-3.897337116011777444e-27,-1.462714363973597342e-21
3.653206516510975780e+04,4.213306453125098727e+01,1.000000109492749534e+00,1.000000218985511280e+00,1.999997911519934071e-03,1.000000109492938494e+00,1.000000218985888978e+00,2.000001363068698319e-03,1.000000109492972689e+00,1.000000218985896527e+00,2.000002206340149250e-03,1.000000109492771072e+00,1.000000218985500844e+00,1.999998523199306155e-03,2.506980460990722987e-35,1.143309791623931677e-21,-3.780349867317078472e-27,-9.636368901497922553e-22
3.655821553387504537e+04,4.216322420521752434e+01,1.000000109414403093e+00,1.000000218828817733e+00,1.999997446223799116e-03,1.000000109414612925e+00,1.000000218829237619e+00,2.000001281768312190e-03,1.000000109415299265e+00,1.000000218830118026e+00,2.000014045520898294e-03,1.000000109414451277e+00,1.000000218828860366e+00,1.999998544221559538e-03,2.574934936167832006e-35,1.106190244880760443e-21,-3.666274353750631198e-27,-4.761142810927645588e-22
3.658436590264034021e+04,4.219338387918406141e+01,1.000000109336217635e+00,1.000000218672446817e+00,1.999997876857744286e-03,1.000000109336381282e+00,1.000000218672774555e+00,2.000000870316299972e-03,1.000000109337402465e+00,1.000000218674116148e+00,2.000019769810022600e-03,1.000000109336223186e+00,1.000000218672417063e+00,1.999998199120913128e-03,2.609188427936181746e-35,1.070387853312801002e-21,-3.555068908916413788e-27,1.758558025728066131e-37
