# x,rho,A0_kg,C0_kg,M0_kg,A0_proca,C0_proca,M0_proca,A0_proca_sp,C0_proca_sp,M0_proca_sp,A0_kg_sp,C0_kg_sp,M0_kg_sp,A2_kg,C2_kg,A2_proca,C2_proca
1.000000000000000048e-04,0.000000000000000000e+00,1.000000000000000000e+00,1.895956429461775894e+00,0.000000000000000000e+00,1.000000000000000000e+00,1.081482721144342740e+00,0.000000000000000000e+00,1.000000000000000000e+00,1.066088862845344876e+00,1.040856904391817217e-21,1.000000000047771120e+00,1.227166497047560867e+00,2.388558781870743136e-15,-0.000000000000000000e+00,-8.689387322257524637e-01,9.469361457847946825e-14,-7.755804421446443886e-02
6.103735470133028751e-02,3.216583273766976392e-02,1.000132388177595644e+00,1.895903812018898016e+00,4.039777258334780601e-06,1.000000065260459259e+00,1.081482653362683122e+00,1.991662771122176649e-09,1.000000000036946446e+00,1.066088862865654852e+00,1.127559669618509456e-12,1.000017796332163922e+00,1.227174636245323081e+00,5.431205193346848848e-07,-1.686580697854324549e-05,-8.686122767467727712e-01,6.630344641838073892e-08,-7.755811069880134967e-02
1.220747094026605750e-01,6.433166547533952784e-02,1.000529273393248264e+00,1.895746045855121853e+00,3.228835846862235280e-05,1.000000146306309956e+00,1.081482569472941080e+00,8.930148827963959628e-09,1.000000000235754971e+00,1.066088863001626530e+00,1.438986196058933129e-11,1.000071166896029595e+00,1.227200765535154448e+00,4.343839075957819137e-06,-6.740396733644607094e-05,-8.676334661063820342e-01,1.484715489389805533e-07,-7.755819288106452492e-02
1.831120641039908625e-01,9.649749821300929176e-02,1.001189684768391652e+00,1.895483455645320170e+00,1.087933869512756820e-04,1.000000343520012880e+00,1.081482367055030647e+00,3.145131850458796601e-08,1.000000001129438765e+00,1.066088863645759055e+00,1.034069224005638936e-10,1.000160058739275160e+00,1.227244858190455368e+00,1.465434306327573343e-05,-1.514197426437548905e-04,-8.660043115207153308e-01,3.473828357911954682e-07,-7.755839056823037037e-02
2.441494188053211500e-01,1.286633309506790557e-01,1.002102291916208587e+00,1.895120450266387646e+00,2.560982814039719155e-04,1.000000573277806115e+00,1.081482133182289918e+00,6.998268147157735428e-08,1.000000003245022917e+00,1.066088865181167078e+00,3.961352207745848455e-10,1.000284385246013263e+00,1.227306849069581540e+00,3.471624626546958932e-05,-2.673675630023069011e-04,-8.637521996721929662e-01,5.779556445398549100e-07,-7.755861831432105113e-02
3.051867735066514653e-01,1.608291636883488196e-01,1.003266313066894400e+00,1.894657191997597412e+00,4.967950847970189782e-04,1.000000906394559408e+00,1.081481799410042965e+00,1.383096901894461841e-07,1.000000007563531801e+00,1.066088868419033497e+00,1.154144925658945544e-09,1.000444026276503084e+00,1.227386647653588847e+00,6.775547333907898275e-05,-4.149970100024608934e-04,-8.608782408728012925e-01,9.090844045990009207e-07,-7.755894152656753193e-02
3.662241282079817251e-01,1.929949964260185835e-01,1.004732687489360510e+00,1.894073057398777182e+00,8.625300895718269762e-04,1.000001290866516790e+00,1.081481420241190206e+00,2.363729272463155879e-07,1.000000015663729647e+00,1.066088874347009163e+00,2.868217884387953177e-09,1.000638828359521115e+00,1.227484138207446618e+00,1.169771795200900521e-04,-6.004407933879778647e-04,-8.572548855286632463e-01,1.287644979645478880e-06,-7.755930659288989837e-02
4.272614829093120403e-01,2.251608291636883474e-01,1.006358495823030053e+00,1.893425060941869686e+00,1.349787558656550569e-03,1.000001766629718736e+00,1.081480960373356837e+00,3.774057499589267680e-07,1.000000027830230565e+00,1.066088883605582405e+00,5.945392800620709656e-09,1.000868604936927309e+00,1.227599179985078059e+00,1.855607167069419283e-04,-8.057181156667145685e-04,-8.532357865122552898e-01,1.750522411936414079e-06,-7.755974606083790301e-02
4.882988376106423001e-01,2.573266619013581114e-01,1.008329086776301065e+00,1.892638343224387620e+00,2.016744059337178836e-03,1.000002315472197756e+00,1.081480443438080474e+00,5.653198823646462325e-07,1.000000048362144511e+00,1.066088898663009932e+00,1.180758944945649725e-08,1.001133135473764701e+00,1.227731568724055311e+00,2.766543673473209489e-04,-1.053399951338081231e-03,-8.483582275142627083e-01,2.276399358463124928e-06,-7.756023517277364776e-02
5.493361923119726153e-01,2.894924946390278753e-01,1.010501770194925930e+00,1.891769706111269711e+00,2.854523674066950564e-03,1.000002943303528680e+00,1.081479864820587666e+00,8.084291971931185281e-07,1.000000074648463855e+00,1.066088918820865761e+00,2.050355147409704142e-08,1.001432101991215573e+00,1.227879395250696559e+00,3.933527274284037787e-04,-1.325514469508622811e-03,-8.429751759412785761e-01,2.870370291120670421e-06,-7.756077794317094154e-02
6.103735470133029306e-01,3.216583273766976392e-01,1.012874430288110750e+00,1.890819727097183378e+00,3.879163816236519922e-03,1.000003669808914752e+00,1.081479220481249337e+00,1.119973031991819438e-06,1.000000116426679853e+00,1.066088949478648518e+00,3.553188278920965307e-08,1.001765258170850936e+00,1.228044187687001632e+00,5.387334455682693535e-04,-1.621635234921270981e-03,-8.370909871626329712e-01,3.542639091254410794e-06,-7.756137282347773387e-02
6.714109017146331349e-01,3.538241601143674031e-01,1.015509607522348201e+00,1.889762193395253975e+00,5.127139858984888603e-03,1.000004461790253041e+00,1.081478532531659376e+00,1.497840625464850161e-06,1.000000167794354411e+00,1.066088988298204976e+00,5.632947941929071047e-08,1.002132284419590347e+00,1.228225705938575052e+00,7.158195024346324445e-04,-1.948799382694813096e-03,-8.305463525606019415e-01,4.266863062732105627e-06,-7.756200228172853428e-02
7.324482564159634501e-01,3.859899928520371670e-01,1.018394560434765506e+00,1.888600809112521706e+00,6.614854517796235449e-03,1.000005382856469449e+00,1.081477773957098654e+00,1.971321306472920596e-06,1.000000239134783975e+00,1.066089041308011076e+00,8.757692782273602275e-08,1.002532830155652421e+00,1.228423686650929714e+00,9.275835156526551772e-04,-2.304688489345756673e-03,-8.233688518763356834e-01,5.084347898313388289e-06,-7.756267968851141004e-02
7.934856111172937654e-01,4.181558255897069309e-01,1.021462424542650238e+00,1.887362381267758016e+00,8.336148567534756859e-03,1.000006353706701878e+00,1.081476988144687290e+00,2.520771406341025104e-06,1.000000327736384254e+00,1.066089107714794926e+00,1.300270525936691472e-07,1.002966514361306460e+00,1.228637843671768870e+00,1.176943230434747412e-03,-2.681140714334031422e-03,-8.157252866272126646e-01,5.937800543707431849e-06,-7.756337558754931860e-02
8.545229658186240806e-01,4.503216583273766949e-01,1.024712070793324603e+00,1.886046849609146703e+00,1.030388566101446066e-02,1.000007489798579341e+00,1.081476131277041564e+00,3.200078479749372630e-06,1.000000439922954509e+00,1.066089191803005320e+00,1.879621338948017196e-07,1.003432926180809703e+00,1.228867868550939102e+00,1.466757130730918452e-03,-3.077774470100515507e-03,-8.076171231798220385e-01,6.899076605745419792e-06,-7.756410736237631665e-02
9.155603205199542849e-01,4.824874910650464588e-01,1.028245212071024817e+00,1.884607830570254272e+00,1.257491652444247578e-02,1.000008656845353450e+00,1.081475261098541640e+00,3.962897747076382231e-06,1.000000580196853228e+00,1.066089296400615449e+00,2.656026084230129988e-07,1.003931625562113572e+00,1.229113431076813256e+00,1.799820179906615148e-03,-3.504501800205412493e-03,-7.987767219770095517e-01,7.880551345454618243e-06,-7.756484585785382302e-02
9.765976752212846002e-01,5.146533238027162227e-01,1.031939384894080547e+00,1.883096200656529051e+00,1.511325640447303692e-02,1.000010031947947464e+00,1.081474324613166837e+00,4.898539379839025521e-06,1.000000746347922798e+00,1.066089421720849195e+00,3.644408231864540479e-07,1.004462133890023257e+00,1.229374091126908652e+00,2.178854791761446804e-03,-3.947372967585699270e-03,-7.895150773312722414e-01,8.983947624898566047e-06,-7.756559898390173735e-02
1.037635029922614693e+00,5.468191565403859311e-01,1.035790999466859041e+00,1.881512543718950603e+00,1.792735929442823908e-02,1.000011434971715962e+00,1.081473381280401158e+00,5.932595770269325422e-06,1.000000955026592031e+00,1.066089576786309001e+00,4.954845231444052834e-07,1.005023738049684701e+00,1.229647775858885295e+00,2.606403290753973173e-03,-4.405663623060076389e-03,-7.798395287393852238e-01,1.010247964179655867e-05,-7.756635136630919691e-02
1.098672384623945231e+00,5.789849892780557505e-01,1.039844500787350690e+00,1.879833612832948697e+00,2.104932644306089368e-02,1.000013056658390243e+00,1.081472390822824536e+00,7.172401356832377985e-06,1.000001190041064358e+00,1.066089754885881868e+00,6.537326269626486710e-07,1.005616090449150679e+00,1.229935857129493604e+00,3.085121743016011261e-03,-4.882702582806388268e-03,-7.696274695107823138e-01,1.133566020559631724e-05,-7.756708934569352121e-02
1.159709739325275546e+00,6.111508220157255700e-01,1.044081227926719757e+00,1.878063068436734762e+00,2.448153839981797447e-02,1.000014732062557421e+00,1.081471393837477146e+00,8.542332367900170426e-06,1.000001486120389416e+00,1.066089974344304414e+00,8.617341447559726953e-07,1.006238638320480216e+00,1.230237922261687045e+00,3.617504810194428592e-03,-5.375092072509852874e-03,-7.589190597430546248e-01,1.259398547402940101e-05,-7.756781711563469350e-02
1.220747094026605861e+00,6.433166547533952784e-01,1.048448397875387128e+00,1.876224162135125217e+00,2.820512723204766925e-02,1.000016617224214199e+00,1.081470371362318383e+00,1.014254554417474451e-05,1.000001815924358883e+00,1.066090222774526142e+00,1.108392192053051048e-06,1.006890803695380532e+00,1.230553540138232815e+00,4.205964293321751840e-03,-5.877467118421859059e-03,-7.478519066267681481e-01,1.395049645164564539e-05,-7.756850501947157306e-02
1.281784448727935954e+00,6.754824874910649868e-01,1.052943366871724518e+00,1.874316501460577156e+00,3.222489758451630576e-02,1.000018596749156607e+00,1.081469345403320403e+00,1.191829029143122990e-05,1.000002211360579985e+00,1.066090517541614213e+00,1.417243800998339525e-06,1.007571984282579880e+00,1.230882261931874444e+00,4.852825849711586530e-03,-6.389091468621403355e-03,-7.364302349323289532e-01,1.534639932982279144e-05,-7.756916442710987125e-02
1.342821803429266270e+00,7.076483202287348062e-01,1.057625745827536434e+00,1.872298294137278107e+00,3.658246229413713441e-02,1.000020772767062471e+00,1.081468312189912462e+00,1.394677255149889487e-05,1.000002658300466862e+00,1.066090852629415942e+00,1.784811913556471804e-06,1.008281554376101008e+00,1.231223621860661366e+00,5.560325891256696559e-03,-6.911549571897016193e-03,-7.244729812784587164e-01,1.682432808545412245e-05,-7.756976449702494836e-02
1.403859158130596807e+00,7.398141529664046256e-01,1.062407997660643755e+00,1.870214082063722305e+00,4.123276521327201571e-02,1.000023091461064162e+00,1.081467284487378278e+00,1.620820527363053985e-05,1.000003172554046360e+00,1.066091237787119894e+00,2.226909526317799405e-06,1.009018865792393083e+00,1.231577137966664015e+00,6.330608669300965934e-03,-7.437905701791702739e-03,-7.122194269755238727e-01,1.835535942437788070e-05,-7.757030719860955048e-02
1.464896512831926900e+00,7.719799857040743341e-01,1.067285470616213594e+00,1.868064026072134176e+00,4.617614217733029269e-02,1.000025588110477370e+00,1.081466263658383831e+00,1.874148734491283712e-05,1.000003760922921536e+00,1.066091677320259778e+00,2.754681436430954762e-06,1.009783215932429146e+00,1.231942167910081043e+00,7.165699451848537953e-03,-7.967246802934780173e-03,-6.996790877240064432e-01,1.995262394698625597e-05,-7.757077834647801984e-02
1.525933867533257215e+00,8.041458184417440425e-01,1.072278462916762987e+00,1.865825628168964911e+00,5.142887704651062653e-02,1.000028284249345978e+00,1.081465263924797693e+00,2.157933664209053760e-05,1.000004415362729659e+00,1.066092169373426657e+00,3.368775763316695564e-06,1.010573498162441020e+00,1.232316499769608997e+00,8.067229472184658107e-03,-8.498088512831063202e-03,-6.867784028583758804e-01,2.161610589611271109e-05,-7.757115150448910812e-02
1.586971222234587531e+00,8.363116511794138619e-01,1.077365491702215516e+00,1.863500942711681763e+00,5.698011021842729062e-02,1.000031133642456105e+00,1.081464280397385735e+00,2.470332820597426324e-05,1.000005171580067298e+00,1.066092732674724486e+00,4.103574370068314022e-06,1.011389386632021825e+00,1.232701422158011484e+00,9.037314411961061902e-03,-9.026715474898604208e-03,-6.735640369899873470e-01,2.333045821072838851e-05,-7.757144938352726615e-02
1.648008576935917846e+00,8.684774839170836813e-01,1.082514200762819456e+00,1.861110723326337757e+00,6.280938877305917989e-02,1.000034248641886059e+00,1.081463340752645719e+00,2.822006128953494100e-05,1.000005989227743974e+00,1.066093349413372193e+00,4.935149345729602989e-06,1.012230151303388004e+00,1.233096396146560192e+00,1.007769712260371195e-02,-9.551838851832585367e-03,-6.601316453316651289e-01,2.512348945716123301e-05,-7.757159577586504595e-02
1.709045931637248161e+00,9.006433166547533897e-01,1.087720374862979122e+00,1.858653842938081668e+00,6.891391999536375379e-02,1.000037485166293871e+00,1.081462421185894529e+00,3.203073479820054017e-05,1.000006941790782866e+00,1.066094057300603914e+00,5.931919647861759169e-06,1.013095044929895439e+00,1.233500870977270125e+00,1.119001663102246573e-02,-1.007241157442738053e-02,-6.464884267901253034e-01,2.695251930281760766e-05,-7.757167285728455708e-02
1.770083286338578255e+00,9.328091493924230981e-01,1.092995369828654972e+00,1.856087680414163499e+00,7.530203438390703496e-02,1.000041063487181914e+00,1.081461576076405251e+00,3.634140386493319856e-05,1.000007966203637855e+00,1.066094827093316821e+00,7.050421957559609473e-06,1.013983304124070006e+00,1.233914284944141571e+00,1.237580645890289099e-02,-1.058100251273022541e-02,-6.325532007828801317e-01,2.887198073198880632e-05,-7.757153099525430917e-02
1.831120641039908570e+00,9.649749821300929176e-01,1.098297306461268663e+00,1.853454501325946691e+00,8.194239654461094036e-02,1.000044723740039609e+00,1.081460748815051831e+00,4.094545053179288446e-05,1.000009126718490515e+00,1.066095692513942650e+00,8.356061306393334527e-06,1.014894150438594655e+00,1.234336066283959310e+00,1.363649314943219878e-02,-1.107966909329411061e-02,-6.184716885925457541e-01,3.081311949902622532e-05,-7.757133665033093262e-02
1.892157995741239107e+00,9.971408148677627370e-01,1.103621228088514039e+00,1.850753927455204284e+00,8.882926961988595049e-02,1.000048812786967778e+00,1.081460034927070435e+00,4.617849847649526702e-05,1.000010389917489029e+00,1.066096638566877530e+00,9.829682725926127193e-06,1.015826791458028344e+00,1.234765634074717955e+00,1.497339500211875354e-02,-1.156754093056564826e-02,-6.042542128001932022e-01,3.285568026389637731e-05,-7.757084090515665997e-02
1.953195350442569200e+00,1.029306647605432445e+00,1.108961077265817163e+00,1.847961199103257846e+00,9.595569847209091396e-02,1.000052959533007213e+00,1.081459337285227917e+00,5.171741788537553386e-05,1.000011785079075288e+00,1.066097682262081792e+00,1.150928082719754341e-05,1.016780349123879823e+00,1.235202191327986254e+00,1.638764994378253195e-02,-1.203840583117176365e-02,-5.898816908862261066e-01,3.491129059375708385e-05,-7.757030327196423602e-02
2.014232705143899516e+00,1.061472480343102154e+00,1.114297022031076612e+00,1.845076897554533302e+00,1.033031567543427620e-01,1.000057585518034031e+00,1.081458786109176895e+00,5.799197738539275411e-05,1.000013320341335499e+00,1.066098828828418110e+00,1.341513358081185900e-05,1.017753380499915039e+00,1.235643449379942194e+00,1.787971981489641649e-02,-1.248944677607739286e-02,-5.753989012188301944e-01,3.706832916781340669e-05,-7.756940223013170099e-02
2.075270059845229387e+00,1.093638313080771862e+00,1.119620621739475075e+00,1.842121998560938945e+00,1.108612551501253762e-01,1.000062303402233121e+00,1.081458266377373523e+00,6.464416508898173719e-05,1.000014979042851859e+00,1.066100073041750029e+00,1.554277957769879329e-05,1.018745685057290240e+00,1.236090675437885977e+00,1.945117947534118208e-02,-1.292393145329902120e-02,-5.608521635244120285e-01,3.924278573462858049e-05,-7.756842696740516574e-02
2.136307414546560146e+00,1.125804145818441793e+00,1.124926453712596697e+00,1.839094569992018702e+00,1.186216700916042921e-01,1.000067475443619180e+00,1.081457902040126262e+00,7.206928234496768173e-05,1.000016821526894084e+00,1.066101445707881235e+00,1.796797631395675220e-05,1.019756425235091912e+00,1.236543261639678537e+00,2.110289885733074300e-02,-1.334071323534891974e-02,-5.462512001239044901e-01,4.150332040646950282e-05,-7.756708491190301979e-02
2.197344769247890461e+00,1.157969978556111501e+00,1.130180379220197873e+00,1.835947047262875165e+00,1.265511154668859939e-01,1.000072818122304863e+00,1.081457601623490028e+00,7.999743481349845260e-05,1.000018774130715604e+00,1.066102913812316810e+00,2.062661896245214616e-05,1.020784755273547395e+00,1.237000595667653524e+00,2.283563664021348583e-02,-1.372541186007388697e-02,-5.316120205112416786e-01,4.379283762116448301e-05,-7.756559753146920200e-02
2.258382123949220777e+00,1.190135811293781209e+00,1.135389539809432913e+00,1.832724946128724275e+00,1.346504022428524350e-01,1.000078580914787407e+00,1.081457458581184250e+00,8.872589445782390393e-05,1.000020960811395465e+00,1.066104539444300281e+00,2.366876087951736555e-05,1.021829822321903336e+00,1.237462061650469902e+00,2.465004025038714311e-02,-1.408882817240870305e-02,-5.169783237224133687e-01,4.615371066578616429e-05,-7.756375235699503046e-02
2.319419478650551092e+00,1.222301644031451140e+00,1.140549634338795526e+00,1.829427687546675063e+00,1.429107290852805190e-01,1.000084604603882044e+00,1.081457420797713231e+00,9.810848268439119834e-05,1.000023270326029001e+00,1.066106271028881558e+00,2.698682373306452202e-05,1.022890767541335233e+00,1.237927041059085465e+00,2.654664605831748639e-02,-1.443043009253330150e-02,-5.023595141141138365e-01,4.855431417065410153e-05,-7.756167470943091391e-02
2.380456833351881407e+00,1.254467476769120848e+00,1.145631229727425371e+00,1.826026975703968436e+00,1.513003691583061916e-01,1.000091004662210237e+00,1.081457534860548853e+00,1.083064786181228256e-04,1.000025808704668062e+00,1.066108162591574038e+00,3.071825369348128151e-05,1.023966727200893212e+00,1.238394913595147084e+00,2.852587976922327934e-02,-1.474099905456561013e-02,-4.877871760726650296e-01,5.101223280414848241e-05,-7.755926169638227563e-02
2.441494188053211722e+00,1.286633309506790557e+00,1.150620769508616137e+00,1.822523852429574376e+00,1.598005803043323625e-01,1.000097768008757937e+00,1.081457804832052005e+00,1.193383451076344200e-04,1.000028516068400153e+00,1.066110186984180919e+00,3.481090763258001559e-05,1.025056704963405840e+00,1.238864783490699617e+00,3.058789976995983026e-02,-1.501979993188514578e-02,-4.732954156539466717e-01,5.351976715448037662e-05,-7.755651213124946375e-02
2.502531542754541594e+00,1.318799142244460265e+00,1.155532861511471499e+00,1.818941763687034197e+00,1.684183569466869701e-01,1.000104853578801967e+00,1.081458213088897669e+00,1.311859388461545446e-04,1.000031438770825343e+00,1.066112369919776093e+00,3.933825782785273131e-05,1.026159020847812853e+00,1.239334373571482129e+00,3.273188739961277460e-02,-1.527376866842599171e-02,-4.588816268071675974e-01,5.607130884910405957e-05,-7.755346405660429321e-02
2.563568897455871909e+00,1.350964974982129974e+00,1.160361624868665897e+00,1.815278378394370895e+00,1.771422223245824601e-01,1.000112417527082131e+00,1.081458837627511382e+00,1.440788409912476008e-04,1.000034585046567503e+00,1.066114716851538580e+00,4.433057484863625960e-05,1.027273672396490589e+00,1.239804971241844633e+00,3.495896913752195162e-02,-1.550198490022609496e-02,-4.445569160472981340e-01,5.868144551873469988e-05,-7.754995758947778872e-02
2.624606252157202668e+00,1.383130807719799904e+00,1.165039129577247534e+00,1.811482159311277984e+00,1.859005076920490773e-01,1.000120238493665159e+00,1.081459578367843344e+00,1.577703810388731722e-04,1.000037927504729307e+00,1.066117218312143455e+00,4.977238302074526484e-05,1.028399788143628202e+00,1.240275959402773909e+00,3.726913076085314885e-02,-1.568768366209759638e-02,-4.304153376886882265e-01,6.132306351399538231e-05,-7.754620484179618189e-02
2.685643606858532539e+00,1.415296640457469612e+00,1.169615402040653951e+00,1.807604265340191807e+00,1.947334650862388716e-01,1.000128666146194112e+00,1.081460605858399759e+00,1.727534789482383464e-04,1.000041555322208398e+00,1.066119918588790627e+00,5.580139270986752398e-05,1.029536497238447534e+00,1.240746723592505818e+00,3.966225248871571574e-02,-1.584720475025256856e-02,-4.164071382132805144e-01,6.403130920686923985e-05,-7.754185332772221828e-02
2.746680961559862855e+00,1.447462473195139321e+00,1.174087599256452119e+00,1.803644492149502065e+00,2.036317796151582149e-01,1.000137273937829363e+00,1.081461718491738111e+00,1.884979799171686028e-04,1.000045354203412007e+00,1.066122766657910503e+00,6.228676351920027672e-05,1.030682930454530855e+00,1.241216652790854802e+00,4.213811046216273115e-02,-1.598053400022788478e-02,-4.025392697154313026e-01,6.675933820606088341e-05,-7.753732402604074370e-02
2.807718316261193614e+00,1.479628305932809251e+00,1.178410477662957589e+00,1.799572954130429503e+00,2.125432416981897499e-01,1.000146630411561377e+00,1.081463198770269640e+00,2.058182669136538584e-04,1.000049507679740879e+00,1.066125852094572668e+00,6.950180960201853388e-05,1.031838221179451898e+00,1.241685140205216475e+00,4.469637838136097246e-02,-1.607826908633277693e-02,-3.888815148489027651e-01,6.956104345533425449e-05,-7.753203633904495740e-02
2.868755670962523485e+00,1.511794138670478960e+00,1.182579650925747794e+00,1.795393423366554941e+00,2.214550235942137346e-01,1.000156088771898544e+00,1.081464729260527946e+00,2.238553334746435871e-04,1.000053846320494877e+00,1.066129097293201156e+00,7.723596864010267248e-05,1.033001506383261381e+00,1.242151584037036738e+00,4.733662929364344796e-02,-1.614206288740611256e-02,-3.754511525843974296e-01,7.237266304124367194e-05,-7.752664518805228722e-02
2.929793025663853800e+00,1.543959971408148668e+00,1.186627366522230442e+00,1.791131601689834429e+00,2.303922748880067595e-01,1.000166430180320587e+00,1.081466707971955321e+00,2.437624213578184432e-04,1.000058525490016059e+00,1.066132579094843047e+00,8.573378623636613368e-05,1.034171731097311087e+00,1.242615047885198054e+00,5.005804972188130503e-02,-1.618030967699238265e-02,-3.622053554994421609e-01,7.526207353230783201e-05,-7.752033867371360687e-02
2.990830380365184116e+00,1.576125804145818377e+00,1.190548126268825779e+00,1.786785449131762071e+00,2.393423299705325913e-01,1.000176897582008673e+00,1.081468752508553344e+00,2.644885438584040644e-04,1.000063452756798199e+00,1.066136255888767481e+00,9.488821637502785681e-05,1.035347100822241240e+00,1.243073364542590653e+00,5.285859149849526928e-02,-1.619255773781004201e-02,-3.491551792877823357e-01,7.816140598443193071e-05,-7.751389884126536067e-02
3.051867735066514431e+00,1.608291636883488085e+00,1.194257062736404196e+00,1.782305594792024550e+00,2.482073920984950999e-01,1.000188188367937547e+00,1.081471227222173592e+00,2.871089735426270509e-04,1.000068694569486105e+00,1.066140163025705245e+00,1.048233700945842470e-04,1.036528335447862936e+00,1.243528665585244886e+00,5.573982418450971338e-02,-1.616459353050000644e-02,-3.364427294935223856e-01,8.112557988885720872e-05,-7.750658775566575398e-02
3.112905089767844746e+00,1.640457469621158015e+00,1.197832876585305018e+00,1.777745526781998597e+00,2.570621413403627598e-01,1.000199733929896473e+00,1.081473838455419001e+00,3.108143033247964555e-04,1.000074257823060364e+00,1.066144305400806847e+00,1.155787776797138764e-04,1.037714250739936617e+00,1.243979772623177604e+00,5.870044154256466584e-02,-1.611319340529983324e-02,-3.239487055651288916e-01,8.410765552686290728e-05,-7.749900206388479762e-02
3.173942444469175062e+00,1.672623302358827724e+00,1.201274491514064291e+00,1.773105818546087287e+00,2.658982839135562992e-01,1.000212030688517384e+00,1.081476852211173068e+00,3.364152705462365744e-04,1.000080103035057011e+00,1.066148668912707542e+00,1.271212114491182023e-04,1.038903111985624239e+00,1.244424661538130916e+00,6.173811917655527143e-02,-1.603878144451866342e-02,-3.116768369699895458e-01,8.714251369118148380e-05,-7.749060670705511245e-02
3.234979799170505377e+00,1.704789135096497432e+00,1.204530404299385404e+00,1.768359343590626853e+00,2.746513180003694043e-01,1.000224725035331108e+00,1.081480083814415627e+00,3.634088077747649518e-04,1.000086350828888859e+00,1.066153311622830113e+00,1.396715935486080615e-04,1.040094699370698983e+00,1.244863792342711939e+00,6.485277125901293960e-02,-1.593425863541302404e-02,-2.997179032417676692e-01,9.020223709283217131e-05,-7.748177563274684376e-02
3.296017153871835692e+00,1.736954967834167363e+00,1.207605372742601268e+00,1.763513408994745735e+00,2.833172513308374607e-01,1.000238085389297371e+00,1.081483680337915088e+00,3.922733690474711340e-04,1.000092841154841983e+00,1.066158163246812673e+00,1.530030194722937034e-04,1.041288677512993477e+00,1.245297359499945689e+00,6.804409467175435988e-02,-1.580276257326927378e-02,-2.880710872501550668e-01,9.330361270198068795e-05,-7.747221468023203494e-02
3.357054508573166007e+00,1.769120800571837071e+00,1.210541075965438473e+00,1.758593095517723581e+00,2.919346903391653036e-01,1.000252000490298832e+00,1.081487586872698081e+00,4.228831243055885918e-04,1.000099823143873357e+00,1.066163341739146730e+00,1.675558676000049726e-04,1.042483443776804020e+00,1.245723587640690244e+00,7.130961823531743737e-02,-1.565163896946663441e-02,-2.766678185163057857e-01,9.643577232911812035e-05,-7.746203655617130146e-02
3.418091863274496323e+00,1.801286633309506779e+00,1.213332997594894103e+00,1.753597249869295993e+00,3.004912026181154050e-01,1.000266482979875304e+00,1.081491810483282023e+00,4.553103201555714361e-04,1.000107062122875590e+00,1.066168741912142170e+00,1.829740855329649069e-04,1.043678174408120274e+00,1.246141943001048524e+00,7.464800627354002682e-02,-1.548090803895929395e-02,-2.655179223026460922e-01,9.959941747846269490e-05,-7.745122719649923104e-02
3.479129217975826194e+00,1.833452466047176488e+00,1.215895672670608718e+00,1.748486471828175848e+00,3.088788617748225440e-01,1.000281691985249743e+00,1.081496447262285887e+00,4.898834119451553814e-04,1.000114768042222435e+00,1.066174464195934535e+00,1.996464244930246806e-04,1.044872927927226192e+00,1.246553166566514825e+00,7.805935732386801162e-02,-1.528175497794039168e-02,-2.547801204587182844e-01,1.027986954823014836e-04,-7.743959841657339915e-02
3.540166572677156509e+00,1.865618298784846196e+00,1.218319042980984479e+00,1.743309107647226019e+00,3.171935063286258627e-01,1.000297355956723644e+00,1.081501342779812136e+00,5.261883438513057431e-04,1.000122811256915822e+00,1.066180451324223011e+00,2.173861532408619980e-04,1.046066455240381110e+00,1.246956033544530662e+00,8.154146248186276702e-02,-1.506696951400973011e-02,-2.442973394847143265e-01,1.060202878540483009e-04,-7.742745649097701466e-02
3.601203927378487268e+00,1.897784131522516127e+00,1.220603559956297657e+00,1.738066496645682690e+00,3.254285144542503616e-01,1.000313933030989588e+00,1.081506765727905384e+00,5.650910313265504990e-04,1.000131280543910428e+00,1.066186748569510012e+00,2.363840051592467197e-04,1.047257268318410928e+00,1.247349027537987487e+00,8.509153013272011123e-02,-1.483714814456068773e-02,-2.340702781903465368e-01,1.092812700387506373e-04,-7.741427171875930879e-02
3.662241282079817140e+00,1.929949964260185835e+00,1.222699918117596596e+00,1.732738700422018940e+00,3.335163524430760917e-01,1.000330838523555865e+00,1.081512378378463257e+00,6.056048919059284913e-04,1.000140179923117323e+00,1.066193359476391489e+00,2.566863506795909449e-04,1.048445854500676955e+00,1.247733432929505781e+00,8.871020414900583628e-02,-1.458851551066179392e-02,-2.241941071208767289e-01,1.125564196704712102e-04,-7.740071186290582717e-02
3.723278636781147455e+00,1.962115796997855544e+00,1.224619472892555683e+00,1.727335345774318576e+00,3.414615328835584052e-01,1.000348858676776365e+00,1.081518643892182441e+00,6.492225423315386990e-04,1.000149457252571317e+00,1.066200265432011074e+00,2.782354978052361009e-04,1.049631355221023465e+00,1.248108574402460480e+00,9.239568230446641717e-02,-1.432427078074721867e-02,-2.146534314719809877e-01,1.158736055937652595e-04,-7.738586424323208590e-02
3.784315991482478214e+00,1.994281629735525474e+00,1.226405110774504870e+00,1.721876997594913750e+00,3.493089166581496152e-01,1.000367066308105901e+00,1.081525019212909111e+00,6.942925984289925571e-04,1.000159265496348926e+00,1.066207537364662006e+00,3.013554823623901062e-04,1.050811571085248586e+00,1.248471976435420849e+00,9.614352050512733894e-02,-1.404917007871635780e-02,-2.053696195777717781e-01,1.191978617266610063e-04,-7.737080003070997969e-02
3.845353346183808085e+00,2.026447462473194960e+00,1.228053516512184640e+00,1.716363639299424149e+00,3.570472870432160883e-01,1.000386605225198622e+00,1.081532184018686227e+00,7.430295890632984419e-04,1.000169396190388804e+00,1.066215086214703289e+00,3.256941037712006871e-04,1.051987444752273237e+00,1.248825456091269936e+00,9.995504731885004879e-02,-1.376352729590645668e-02,-1.963506824897395253e-01,1.225656749161273425e-04,-7.735418140382781249e-02
3.906390700885138401e+00,2.058613295210864891e+00,1.229490164926273055e+00,1.710771310533669487e+00,3.645731669054657620e-01,1.000406314447214395e+00,1.081539450736644703e+00,7.932891642684460412e-04,1.000180166670008308e+00,1.066223056762747756e+00,3.519007021647865352e-04,1.053158312132163932e+00,1.249168583667929600e+00,1.038285680939173422e-01,-1.346401270883143021e-02,-1.877473964337489365e-01,1.259384228680688212e-04,-7.733736233618218603e-02
3.967428055586469160e+00,2.090779127948534821e+00,1.230801067719543340e+00,1.705135687568600567e+00,3.719880715680699002e-01,1.000427309944401211e+00,1.081547488773332510e+00,8.472986717758220539e-04,1.000191273323622010e+00,1.066231317113426336e+00,3.794315752117942723e-04,1.054321903691173956e+00,1.249498846387995021e+00,1.077591223686150540e-01,-1.315761691041306830e-02,-1.793949704970058123e-01,1.293473311741530764e-04,-7.731902660900055735e-02
4.028465410287799031e+00,2.122944960686204308e+00,1.231987644205700949e+00,1.699458531397018968e+00,3.792871644014553789e-01,1.000448628978069188e+00,1.081555722761440519e+00,9.032379413876194269e-04,1.000202983286639924e+00,1.066239990082077149e+00,4.088555745478255092e-04,1.055478961041908414e+00,1.249817689911611351e+00,1.117475377780162010e-01,-1.284486511356183400e-02,-1.712919486852770845e-01,1.327639581191752147e-04,-7.730030590565525883e-02
4.089502764989129346e+00,2.155110793423874238e+00,1.233008250640873271e+00,1.693729642400437108e+00,3.864077490016204486e-01,1.000471110778237804e+00,1.081564660984652537e+00,9.628508057173435506e-04,1.000215126776556218e+00,1.066249002886184849e+00,4.398807737747205361e-04,1.056629093307610789e+00,1.250125022713973966e+00,1.157924168301506795e-01,-1.252492410954632145e-02,-1.635258671174961709e-01,1.362083252892439943e-04,-7.728020162607283916e-02
4.150540119690458774e+00,2.187276626161543724e+00,1.233877280697189383e+00,1.687958640244542563e+00,3.933604467007035255e-01,1.000494116183483717e+00,1.081573919175580878e+00,1.024918093052279086e-03,1.000227816166229022e+00,1.066258410230033649e+00,4.727800689240123410e-04,1.057770440233126052e+00,1.250418902958592371e+00,1.198892649598847226e-01,-1.220007397395293097e-02,-1.560728293919539378e-01,1.396631216515400455e-04,-7.725946899322308492e-02
4.211577474391789977e+00,2.219442458899213655e+00,1.234632803979208715e+00,1.682158672089538731e+00,4.001895255039978894e-01,1.000518146054922841e+00,1.081583803403426636e+00,1.090541067127318671e-03,1.000241051074311827e+00,1.066268213586002434e+00,5.076026373747094447e-04,1.058903053705074537e+00,1.250699819551189140e+00,1.240373870785910076e-01,-1.187231373705762393e-02,-1.488567906466159718e-01,1.431383233829348347e-04,-7.723750694777219150e-02
4.272614829093120292e+00,2.251608291636883585e+00,1.235272625461074192e+00,1.676330772331970032e+00,4.068856087737912630e-01,1.000542914489824131e+00,1.081594142583390594e+00,1.159202902023789014e-03,1.000254766932433981e+00,1.066278390466643522e+00,5.442604867399003076e-04,1.060026984596944111e+00,1.250968207332078030e+00,1.282360922673240200e-01,-1.154206240426417819e-02,-1.418839338343142187e-01,1.466255380884561434e-04,-7.721465151220149870e-02
4.333652183794450607e+00,2.283774124374553072e+00,1.235738644170692790e+00,1.670467745699741435e+00,4.133597726890990143e-01,1.000568554194758208e+00,1.081605018462185930e+00,1.231258026943602346e-03,1.000269148156943899e+00,1.066289022527370234e+00,5.831972490519056517e-04,1.061140803422862211e+00,1.251222680441086865e+00,1.324814881362169350e-01,-1.120994950575958035e-02,-1.352830311316434164e-01,1.501269242834911530e-04,-7.719074216037485892e-02
4.394689538495780923e+00,2.315939957112223002e+00,1.236103291021896755e+00,1.664588379367938131e+00,4.197062942048158662e-01,1.000595162240826896e+00,1.081616495127474487e+00,1.306998760423839969e-03,1.000283937837029624e+00,1.066300004259953971e+00,6.239093209884221140e-04,1.062243847712901035e+00,1.251462813818862374e+00,1.367711931898051014e-01,-1.087780640377519065e-02,-1.289030144169384384e-01,1.536407752272583632e-04,-7.716565268974615033e-02
4.455726893197111238e+00,2.348105789849892933e+00,1.236368366952123932e+00,1.658694432624454151e+00,4.259219652820691038e-01,1.000622473417507985e+00,1.081628408035074429e+00,1.385923073073594977e-03,1.000299520487167415e+00,1.066311503147465478e+00,6.672907448677512085e-04,1.063336619992245380e+00,1.251689544293213219e+00,1.411053405118269655e-01,-1.054598268387717253e-02,-1.227413284629672863e-01,1.571636770582529271e-04,-7.713970631277927703e-02
4.516764247898441553e+00,2.380271622587562419e+00,1.236502120873077981e+00,1.652785589724187876e+00,4.319541010400431702e-01,1.000650997405034159e+00,1.081641078249040433e+00,1.469244427956613048e-03,1.000315523494297087e+00,1.066323364060623113e+00,7.125726192066222497e-04,1.064418134052040443e+00,1.251902019651623732e+00,1.454807624012929568e-01,-1.021560097470122948e-02,-1.168716233162658269e-01,1.606983615710983913e-04,-7.711227143617212232e-02
4.577801602599771869e+00,2.412437455325232349e+00,1.236518867662953047e+00,1.646869348089752050e+00,4.378163891178405431e-01,1.000680041449988122e+00,1.081654073198559773e+00,1.555489622376698532e-03,1.000332270872554385e+00,1.066335728860000609e+00,7.605350664384942548e-04,1.065487003603775795e+00,1.252098955785726053e+00,1.498932550234111372e-01,-9.887787347587009834e-03,-1.112674340064250811e-01,1.642380985381182933e-04,-7.708419828584117672e-02
4.638838957301102184e+00,2.444603288062902280e+00,1.236448795156408265e+00,1.640950533974631087e+00,4.435476368593597729e-01,1.000710557283803093e+00,1.081667992449379723e+00,1.646910180725346274e-03,1.000349551762922840e+00,1.066348510884414180e+00,8.107571677199107169e-04,1.066544183832545123e+00,1.252281760107356146e+00,1.543438761721083186e-01,-9.562471799512558060e-03,-1.058628815086569142e-01,1.677878038317385286e-04,-7.705430671411410415e-02
4.699876312002432499e+00,2.476769120800571766e+00,1.236290608551399828e+00,1.635030972672986804e+00,4.491406090921508665e-01,1.000741395234440390e+00,1.081682113993480909e+00,1.740942223820664573e-03,1.000367502286671595e+00,1.066361772908396954e+00,8.636076458673032840e-04,1.067589135472189588e+00,1.252450084768180094e+00,1.588302883772335083e-01,-9.240070122354601678e-03,-1.006626194341963126e-01,1.713396908008529157e-04,-7.702401716130582998e-02
4.760913666703762814e+00,2.508934953538241697e+00,1.236003229375332912e+00,1.629118052737376088e+00,4.545259160395155318e-01,1.000773978220453220e+00,1.081697337052982544e+00,1.840996852275902321e-03,1.000386116258891400e+00,1.066375513765820626e+00,9.191330869462695577e-04,1.068619753879092915e+00,1.252601852904721147e+00,1.633463620244107739e-01,-8.923405433343816265e-03,-9.576876221618155216e-02,1.748986043702647358e-04,-7.699155790686773582e-02
4.821951021405092241e+00,2.541100786275911183e+00,1.235641678571565150e+00,1.623213613580703596e+00,4.597824160428561346e-01,1.000806788456680030e+00,1.081712703897280248e+00,1.943579154146823093e-03,1.000405317689443851e+00,1.066389708218530741e+00,9.772110233036742765e-04,1.069637439288815495e+00,1.252738904594556058e+00,1.678941607533695479e-01,-8.610860240546571939e-03,-9.105492506863398228e-02,1.784581305174901987e-04,-7.695881521411590542e-02
4.882988376106423445e+00,2.573266619013581114e+00,1.235207710583306584e+00,1.617319109403996258e+00,4.649082526397613213e-01,1.000841395311103943e+00,1.081729209972756900e+00,2.052534768785078088e-03,1.000425319785716693e+00,1.066404445303766879e+00,1.038415784891360671e-03,1.070641806763283910e+00,1.252861048882531358e+00,1.724715606461358353e-01,-8.302613629203385928e-03,-8.651829648528658323e-02,1.820202785429858453e-04,-7.692382518526262591e-02
4.944025730807753760e+00,2.605432451751251044e+00,1.234679300803276147e+00,1.611442492848442098e+00,4.698631057087091500e-01,1.000876361564293715e+00,1.081745944857515074e+00,2.164480194430430833e-03,1.000445819847026740e+00,1.066419607251298363e+00,1.102072397502578327e-03,1.071630916427873004e+00,1.252966428182439751e+00,1.770725469703718635e-01,-8.000790309579371498e-03,-8.221707868596336843e-02,1.855820872607084513e-04,-7.688838299916506136e-02
5.005063085509083187e+00,2.637598284488920530e+00,1.234068719701678196e+00,1.605588001783789576e+00,4.746610499674789319e-01,1.000912942117752502e+00,1.081763707477813474e+00,2.282582580609806774e-03,1.000467264845866788e+00,1.066435377546080643e+00,1.169345015601811746e-03,1.072605734476723693e+00,1.253056336087588818e+00,1.816981407128621107e-01,-7.705577456660344000e-03,-7.812638416869477354e-02,1.891423719202513232e-04,-7.685090987242465532e-02
5.066100440210414391e+00,2.669764117226590461e+00,1.233397698730887670e+00,1.599753027227140523e+00,4.793328970458199945e-01,1.000950137690230113e+00,1.081781863028111523e+00,2.404461915477140374e-03,1.000489216871280673e+00,1.066451583955935867e+00,1.239210903476476279e-03,1.073566218020534757e+00,1.253130937792739541e+00,1.863469247492233472e-01,-7.415702247897719424e-03,-7.419334086610721024e-02,1.927006901492921208e-04,-7.681265871028333803e-02
5.127137794911743818e+00,2.701929949964259947e+00,1.232665608688609193e+00,1.593939904034551658e+00,4.838735775035570841e-01,1.000988750384134152e+00,1.081800923964267191e+00,2.532225992690844384e-03,1.000512053460529627e+00,1.066468381842387014e+00,1.312684325248374400e-03,1.074510886840996937e+00,1.253188894187883928e+00,1.910137920274336820e-01,-7.131532803484103358e-03,-7.042143343134148192e-02,1.962544773464272596e-04,-7.677261480579933295e-02
5.188175149613074133e+00,2.734095782701929878e+00,1.231846150720101951e+00,1.588166659928046620e+00,4.882340367733113418e-01,1.001028247412682148e+00,1.081820551631019978e+00,2.664623944389148125e-03,1.000535523901429746e+00,1.066485673907156650e+00,1.389195898710667270e-03,1.075439988140401093e+00,1.253230690115478607e+00,1.956979358785669865e-01,-6.856718901846253419e-03,-6.688748425500262718e-02,1.998035663235433427e-04,-7.673144620763809598e-02
5.249212504314405336e+00,2.766261615439599808e+00,1.230977361179602436e+00,1.582421127312312104e+00,4.924742285088273830e-01,1.001068949754892357e+00,1.081840951729494682e+00,2.802576396580340381e-03,1.000559786989650313e+00,1.066503528697481551e+00,1.469220432912661696e-03,1.076353907082901573e+00,1.253256916431195966e+00,2.003989419064134692e-01,-6.587867580587395723e-03,-6.349236658246426579e-02,2.033462518098340800e-04,-7.668874469581715703e-02
5.310249859015734764e+00,2.798427448177269294e+00,1.230060720026663335e+00,1.576704329738128019e+00,4.965933332381208265e-01,1.001110819044759515e+00,1.081862101656385855e+00,2.946090764184550875e-03,1.000584829573222478e+00,1.066521942080898899e+00,1.552795579376633085e-03,1.077251611696147027e+00,1.253266711852627280e+00,2.051126800591017152e-01,-6.325031897174441566e-03,-6.023351050428882303e-02,2.068804170433369283e-04,-7.664455143679477223e-02
5.371287213717065079e+00,2.830593280914939225e+00,1.229082467300675496e+00,1.571030117214533783e+00,5.005635342766068252e-01,1.001153667498580369e+00,1.081883880750277527e+00,3.094769407122210329e-03,1.000610565952527287e+00,1.066540887625436751e+00,1.639762546970224008e-03,1.078132657045849152e+00,1.253259833564389192e+00,2.098364708820552871e-01,-6.070635269395312922e-03,-5.715490254159443645e-02,2.104074330920757316e-04,-7.659910648059506388e-02
5.432324568418396282e+00,2.862759113652609155e+00,1.228052012801324588e+00,1.565399339396229550e+00,5.043974274314082518e-01,1.001197978360098828e+00,1.081906601643288335e+00,3.250010197113092133e-03,1.000637233775108825e+00,1.066560457284951635e+00,1.730830346174598794e-03,1.078997835609846856e+00,1.253237251290153731e+00,2.145709416176242168e-01,-5.824256368670177597e-03,-5.423533467367958744e-02,2.139210341871182518e-04,-7.655178278069191267e-02
5.493361923119725709e+00,2.894924946390278642e+00,1.226983576598300596e+00,1.559803810407299984e+00,5.081172073694572022e-01,1.001243028235004884e+00,1.081929798465247172e+00,3.409963307098143152e-03,1.000664489849257155e+00,1.066580527004689305e+00,1.825141618104533011e-03,1.079846545042318251e+00,1.253198536121451712e+00,2.193129851140675213e-01,-5.584120882321146409e-03,-5.143461830661752443e-02,2.174278561668746643e-04,-7.650350967608363084e-02
5.554399277821056025e+00,2.927090779127948572e+00,1.225877001924547516e+00,1.554246147649261944e+00,5.117197950513934224e-01,1.001289848323128950e+00,1.081954137465035659e+00,3.577551798055447242e-03,1.000692835270991399e+00,1.066601287107796114e+00,1.924141864421584748e-03,1.080677687346835114e+00,1.253142806396069009e+00,2.240580441677667844e-01,-5.350532391384109007e-03,-4.875536936955807837e-02,2.209153164818647170e-04,-7.645295140669365608e-02
5.615436632522387228e+00,2.959256611865618503e+00,1.224717463496630687e+00,1.548750876016166123e+00,5.151746072452261238e-01,1.001337153667408497e+00,1.081978789562035859e+00,3.749337403379536093e-03,1.000721774285892041e+00,1.066622556983722214e+00,2.026538882705552352e-03,1.081492435051646384e+00,1.253071359856782419e+00,2.288078025312334229e-01,-5.127088376676766299e-03,-4.625324201975088145e-02,2.243974693192498445e-04,-7.640176672108128786e-02
5.676473987223716655e+00,2.991422444603287989e+00,1.223528696926368786e+00,1.543296003316273035e+00,5.185227108640940719e-01,1.001386548824484413e+00,1.082004792119418024e+00,3.929905161718237790e-03,1.000751731523750854e+00,1.066644497775909972e+00,2.133592219973825740e-03,1.082290590392803287e+00,1.252984150557027609e+00,2.335601978790146638e-01,-4.909856209738656767e-03,-4.385400049585769927e-02,2.278532854353480211e-04,-7.634787160815241502e-02
5.737511341925046970e+00,3.023588277340957919e+00,1.222311836199720059e+00,1.537882133643207805e+00,5.217640228396116520e-01,1.001436223562950367e+00,1.082030975393025507e+00,4.114265485948650006e-03,1.000782419900772213e+00,1.066667006432013176e+00,2.244571527414262330e-03,1.083070452244671689e+00,1.252879753029576548e+00,2.383088309663233539e-01,-4.698810633543788924e-03,-4.155552570264495205e-02,2.313054818011415538e-04,-7.629361352114229222e-02
5.798548696626377286e+00,3.055754110078627406e+00,1.221059500113020224e+00,1.532526670773519895e+00,5.248819881990137715e-01,1.001488196422042565e+00,1.082058645524293539e+00,4.308278147554966964e-03,1.000814018520381099e+00,1.066690154012711389e+00,2.360063015192639165e-03,1.083833540232957526e+00,1.252759739002229367e+00,2.430564327256956869e-01,-4.496232061853380237e-03,-3.939001173808107797e-02,2.347251009428489145e-04,-7.623636113993106922e-02
5.859586051327707601e+00,3.087919942816297336e+00,1.219778221577400901e+00,1.527227594188361293e+00,5.278867005328109485e-01,1.001540522222979623e+00,1.082086544207237155e+00,4.506468949202423711e-03,1.000846506447816031e+00,1.066713933406360448e+00,2.480088686990781621e-03,1.084579737654197462e+00,1.252624130351154719e+00,2.478011254917464601e-01,-4.301393128930260275e-03,-3.734051963353475501e-02,2.381391916629986279e-04,-7.617864682934552545e-02
5.920623406029037916e+00,3.120085775553967267e+00,1.218476281981482057e+00,1.521973186653227117e+00,5.307923543075666606e-01,1.001594904088042082e+00,1.082115774318879176e+00,4.713895026568117562e-03,1.000879790599022545e+00,1.066738318899393745e+00,2.604454406488614874e-03,1.085307678262917630e+00,1.252471845466076372e+00,2.525373183187120674e-01,-4.112486257894492486e-03,-3.537767358190514050e-02,2.415210765413297730e-04,-7.611824154734884995e-02
5.981660760730368231e+00,3.152251608291636753e+00,1.217153854028776072e+00,1.516766188088651823e+00,5.335975741217143797e-01,1.001649942117329051e+00,1.082145429585156471e+00,4.926568457559728914e-03,1.000914127174961088e+00,1.066763399918774002e+00,2.733999326391133283e-03,1.086018312324311896e+00,1.252303885800686523e+00,2.572661817672926010e-01,-3.929748744609029218e-03,-3.350344330714117441e-02,2.448917584547408632e-04,-7.605697368124832158e-02
6.042698115431698547e+00,3.184417441029306683e+00,1.215804319946571566e+00,1.511634164247622980e+00,5.362871047787004519e-01,1.001706780962736909e+00,1.082176251671098877e+00,5.147994554390936291e-03,1.000949140278177607e+00,1.066789053737892345e+00,2.867684085111774084e-03,1.086711858834114475e+00,1.252120567890617320e+00,2.619867929812413343e-01,-3.756270041680986708e-03,-3.175707244028107279e-02,2.482316942849631413e-04,-7.599333848803359326e-02
6.103735470133028862e+00,3.216583273766976170e+00,1.214440498109844890e+00,1.506549367908066817e+00,5.388852218709800912e-01,1.001764590078105588e+00,1.082207702616369449e+00,5.375809425015616941e-03,1.000985373410844037e+00,1.066815466123987921e+00,3.007229319547501892e-03,1.087387362406394775e+00,1.251921200166306258e+00,2.666946717806407130e-01,-3.588344603759334884e-03,-3.008478964460034599e-02,2.515537673605357997e-04,-7.592842223502570265e-02
6.164772824834359177e+00,3.248749106504646100e+00,1.213063196193118864e+00,1.501512064136569791e+00,5.413923223397277829e-01,1.001823932115009974e+00,1.082240147091323434e+00,5.611827975210288179e-03,1.001022284012610175e+00,1.066842459219287997e+00,3.151074350101244238e-03,1.088045153443135016e+00,1.251706212755500758e+00,2.713891846523052709e-01,-3.425910202543861350e-03,-2.848495866449608782e-02,2.548476192168546524e-04,-7.586148204617984558e-02
6.225810179535689493e+00,3.280914939242316031e+00,1.211669613635531828e+00,1.496541295638639690e+00,5.438012228913075008e-01,1.001884568726368441e+00,1.082273430624667521e+00,5.855448585047283265e-03,1.001060334398238494e+00,1.066870190186483214e+00,3.300720345132818635e-03,1.088685786425168889e+00,1.251476194920575047e+00,2.760704359529724816e-01,-3.270892039902541411e-03,-2.698061242631620560e-02,2.581159950054241954e-04,-7.579282525949740390e-02
6.286847534237019808e+00,3.313080771979985517e+00,1.210263806199555203e+00,1.491632941829527770e+00,5.461191538462824013e-01,1.001946458310365218e+00,1.082307526252829000e+00,6.106656961316308911e-03,1.001099206858532709e+00,1.066898556706607160e+00,3.455272964091181138e-03,1.089308682379168225e+00,1.251230790583595320e+00,2.807350348007155993e-01,-3.122489259309620645e-03,-2.555881328142678086e-02,2.613597134127748352e-04,-7.572250703873209532e-02
6.347884888938350123e+00,3.345246604717655448e+00,1.208849736619518778e+00,1.486773513937727831e+00,5.483535492397902944e-01,1.002009976244857103e+00,1.082342676992787522e+00,6.366751895859141565e-03,1.001139097130409716e+00,1.066927628150276863e+00,3.615428730580570391e-03,1.089913615018444526e+00,1.250969959292045797e+00,2.853806390427023332e-01,-2.979116604644111224e-03,-2.419868563285052301e-02,2.645694232243536552e-04,-7.565002043511624696e-02
6.408922243639680438e+00,3.377412437455325378e+00,1.207427804306161701e+00,1.481965767838777426e+00,5.505044128626059852e-01,1.002074455786698515e+00,1.082378450819275528e+00,6.633751493236876920e-03,1.001179976125071036e+00,1.066957394793621283e+00,3.781187617465658988e-03,1.090501435073315317e+00,1.250694506916744331e+00,2.900083301613413655e-01,-2.840955546405523734e-03,-2.290171544350940586e-02,2.677590495737150423e-04,-7.557625331302959826e-02
6.469959598341010754e+00,3.409578270192994864e+00,1.205996873581340667e+00,1.477237817500584915e+00,5.525683683979891736e-01,1.002140906158739408e+00,1.082415500994360347e+00,6.910992389272662198e-03,1.001221746190654738e+00,1.066987833811704034e+00,3.952324246481586992e-03,1.091071901906481845e+00,1.250404357119665244e+00,2.946157629395068644e-01,-2.710453968545619829e-03,-2.169506016358925538e-02,2.709052523658916889e-04,-7.549985064613408403e-02
6.530996953042341069e+00,3.441744102930664795e+00,1.204562025919707846e+00,1.472559435450296883e+00,5.545559046532791969e-01,1.002208016038222294e+00,1.082452978279502265e+00,7.194387685554387568e-03,1.001264674877506922e+00,1.067019025875056260e+00,4.129793885793787804e-03,1.091624301913803441e+00,1.250099101233388632e+00,2.991990183118408142e-01,-2.584495664732832168e-03,-2.054068714628375439e-02,2.740369241451264893e-04,-7.542256603546865223e-02
6.592034307743671384e+00,3.473909935668334725e+00,1.203123801087312872e+00,1.467930645390322919e+00,5.564676986178639373e-01,1.002277447124745535e+00,1.082491957633350710e+00,7.489447968455678270e-03,1.001308363595295736e+00,1.067050858595427032e+00,4.312388853596274725e-03,1.092159740004642110e+00,1.249779705147902042e+00,3.037600839516685358e-01,-2.463011136289576172e-03,-1.943738813791598755e-02,2.771149141091742226e-04,-7.534216426351524054e-02
6.653071662445001699e+00,3.506075768406004212e+00,1.201682490069531539e+00,1.463370749145961103e+00,5.583039074719753359e-01,1.002347225607913339e+00,1.082531161789907159e+00,7.789845563698084840e-03,1.001353383523769125e+00,1.067083499904658783e+00,4.502078785204079343e-03,1.092678261153900321e+00,1.249446307615611262e+00,3.082975565038460486e-01,-2.347527885955711432e-03,-1.840138871848599755e-02,2.801848699417801248e-04,-7.526129597075911781e-02
6.714109017146332015e+00,3.538241601143674142e+00,1.200240209649669598e+00,1.458874284855526726e+00,5.600689705257153594e-01,1.002419682729047912e+00,1.082572097491245611e+00,8.103399159873094643e-03,1.001399159600718347e+00,1.067116787929298649e+00,4.697055045805250545e-03,1.093178774139400344e+00,1.249098259812107647e+00,3.128062238279945007e-01,-2.237312592817016377e-03,-1.742311044993258978e-02,2.831900837737264583e-04,-7.517681541818607704e-02
6.775146371847661442e+00,3.570407433881343628e+00,1.198797989924482055e+00,1.454427294484516686e+00,5.617649893842034947e-01,1.002492469653824214e+00,1.082613246130402551e+00,8.422430713059869678e-03,1.001446179663668223e+00,1.067150864276977806e+00,4.899039450670933729e-03,1.093662558317681555e+00,1.248736605863297155e+00,3.172887710820052054e-01,-2.131090359752039771e-03,-1.648800865070264299e-02,2.861870237595447630e-04,-7.509188839167851848e-02
6.836183726548992645e+00,3.602573266619013559e+00,1.197356382449156653e+00,1.450032480261446155e+00,5.633930339394140896e-01,1.002567691294210306e+00,1.082655966582244611e+00,8.754126824904229220e-03,1.001494103301339811e+00,1.067185635339495509e+00,5.106982337201198749e-03,1.094129699145934387e+00,1.248361511849812588e+00,3.217439587431947801e-01,-2.029001626655873355e-03,-1.559720433264286110e-02,2.891226921029148560e-04,-7.500366426422934440e-02
6.897221081250322960e+00,3.634739099356683489e+00,1.195917671020957140e+00,1.445716907932071749e+00,5.649584095540686191e-01,1.002643554111606328e+00,1.082699100322210173e+00,9.092551920982730115e-03,1.001543137942261907e+00,1.067221163712948284e+00,5.321681773322847579e-03,1.094579447803703198e+00,1.247972611596620318e+00,3.261676806223582914e-01,-1.932904684599158658e-03,-1.476925895987258458e-02,2.920416140647760696e-04,-7.491456820113252812e-02
6.958258435951652388e+00,3.666904932094352976e+00,1.194481798583471921e+00,1.441450184875365137e+00,5.664609612458346710e-01,1.002721545695526961e+00,1.082743606216680199e+00,9.442909836744719718e-03,1.001593246495343426e+00,1.067257437856291347e+00,5.543110433386899683e-03,1.095012570028238263e+00,1.247570550817436841e+00,3.305610084602180754e-01,-1.840344526314362803e-03,-1.397770735789861073e-02,2.949049365029350633e-04,-7.482257723165357255e-02
7.019295790652983591e+00,3.699070764832022906e+00,1.193049102743705348e+00,1.437232180640939161e+00,5.679015017747035543e-01,1.002800522606107636e+00,1.082788746079021758e+00,9.801399230224166689e-03,1.001644329907589226e+00,1.067294440149474166e+00,5.771018999392790901e-03,1.095429402702265076e+00,1.247155660409313693e+00,3.349236023462684453e-01,-1.751259379656794953e-03,-1.322168358425898811e-02,2.977416257203141796e-04,-7.472924066053759917e-02
7.080333145354313018e+00,3.731236597569692393e+00,1.191621832540066706e+00,1.433081560113320441e+00,5.692856471985415778e-01,1.002881313187042878e+00,1.082835052872880066e+00,1.017102272827022542e-02,1.001696658832012421e+00,1.067332235726162093e+00,6.006454882327962042e-03,1.095829496764824773e+00,1.246727800529241259e+00,3.392523811233065789e-01,-1.666823509752027050e-03,-1.251250251216821235e-02,3.005292917203878722e-04,-7.463342726838662067e-02
7.141370500055643333e+00,3.763402430307362323e+00,1.190200687312448213e+00,1.428992144556595623e+00,5.706153558567260697e-01,1.002963439080052588e+00,1.082882217041897022e+00,1.055024320946894301e-02,1.001749823873016032e+00,1.067370732633222019e+00,6.248070293525089317e-03,1.096213180261365938e+00,1.246287320267787324e+00,3.435469836175275016e-01,-1.586424699788549497e-03,-1.184321934135960930e-02,3.032796977044672202e-04,-7.453578257461329626e-02
7.202407854756974537e+00,3.795568263045032253e+00,1.188784832877161524e+00,1.424950363040839107e+00,5.718887579860093551e-01,1.003047055237530794e+00,1.082930338077671140e+00,1.093973331663552345e-02,1.001804406648161949e+00,1.067410066247520106e+00,6.498036307948516950e-03,1.096580997732369722e+00,1.245834660683696749e+00,3.478078683439428942e-01,-1.509084826662781143e-03,-1.120383374944645960e-02,3.059885199426977138e-04,-7.443609407116347221e-02
7.263445209458303964e+00,3.827734095782701740e+00,1.187374917880594793e+00,1.420958819402009077e+00,5.731077139820942579e-01,1.003132361597630640e+00,1.082979541833083426e+00,1.134034635487471063e-02,1.001859816708280615e+00,1.067450105595662446e+00,6.754338380115289427e-03,1.096932756247544383e+00,1.245369853091206958e+00,3.520328820029074435e-01,-1.434914165795653706e-03,-1.059518845527693785e-02,3.086487621964747888e-04,-7.433407762952831677e-02
7.324482564159634279e+00,3.859899928520371670e+00,1.185975184667239724e+00,1.417042631949695597e+00,5.742835158240529037e-01,1.003218827376681110e+00,1.083029488295701670e+00,1.175030031044692509e-02,1.001916552838530539e+00,1.067490963671800630e+00,7.018878924554196319e-03,1.097268423790869640e+00,1.244893049399765639e+00,3.562204370497575323e-01,-1.365291745189297886e-03,-1.002986519126715208e-02,3.112756803068168114e-04,-7.423046430500261639e-02
7.385519918860965483e+00,3.892065761258041601e+00,1.184582386844816870e+00,1.413172706432665571e+00,5.754082239667311915e-01,1.003307342197089280e+00,1.083080743950850966e+00,1.217296069098934737e-02,1.001974261843865843e+00,1.067532564854398514e+00,7.290475086459230654e-03,1.097588708444622974e+00,1.244404747840833547e+00,3.603716750368394783e-01,-1.298348783307889855e-03,-9.489645913821133025e-03,3.138420537142471833e-04,-7.412401660520705204e-02
7.446557273562294910e+00,3.924231593995711087e+00,1.183196718213255672e+00,1.409348825293653684e+00,5.764826902848900758e-01,1.003396679051735463e+00,1.083132524827749021e+00,1.260397090538564399e-02,1.002033156731368502e+00,1.067574959109242938e+00,7.570009023131919930e-03,1.097893629499048007e+00,1.243905097431618811e+00,3.644852593907740301e-01,-1.234034785690831578e-03,-8.973921402396979607e-03,3.163841378028906383e-04,-7.401643181098074842e-02
7.507594628263625225e+00,3.956397426733381018e+00,1.181821571741534571e+00,1.405588496358499917e+00,5.775163899308697335e-01,1.003488426753909257e+00,1.083185841673405037e+00,1.304932536365090850e-02,1.002093193137364446e+00,1.067618134328843116e+00,7.857422776997670388e-03,1.098182872935310916e+00,1.243394148957274403e+00,3.685586047183154190e-01,-1.173234776598557159e-03,-8.490527198532347997e-03,3.188531176392733952e-04,-7.390549757576389545e-02
7.568631982964956428e+00,3.988563259471050948e+00,1.180456667822420869e+00,1.401885283758590894e+00,5.785092095500450338e-01,1.003580653494782871e+00,1.083239463718153273e+00,1.350197837421238459e-02,1.002154273969424469e+00,1.067662080439538475e+00,8.152453432527148255e-03,1.098457266573794611e+00,1.242872407026607284e+00,3.725934083728638102e-01,-1.115458088947981303e-03,-8.034495390640558968e-03,3.213075715607844381e-04,-7.379389780204288762e-02
7.629669337666286744e+00,4.020729092208720878e+00,1.179100076306208056e+00,1.398226502828499473e+00,5.794564804235918798e-01,1.003675654854768950e+00,1.083294847972010366e+00,1.397066423083303567e-02,1.002216664013023673e+00,1.067706839974666089e+00,8.456206726037591992e-03,1.098716970902738677e+00,1.242340079042931977e+00,3.765889230019600076e-01,-1.059972901976896989e-03,-7.599010736178589236e-03,3.236758181174001535e-04,-7.367842609781613539e-02
7.690706692367616171e+00,4.052894924946389921e+00,1.177752501951903730e+00,1.394614631372547153e+00,5.803606250383581688e-01,1.003771007547567429e+00,1.083350454888155401e+00,1.444637908695088103e-02,1.002279956396533667e+00,1.067752352227512525e+00,8.767237958564036079e-03,1.098961549634994039e+00,1.241797230689392073e+00,3.805421260324589605e-01,-1.006864732283142003e-03,-7.184702130520607619e-03,3.260329902571309862e-04,-7.356246273318392537e-02
7.751744047068946486e+00,4.085060757684059851e+00,1.176419162705666821e+00,1.391072426993169353e+00,5.812367894226044829e-01,1.003869059682469755e+00,1.083407770433446826e+00,1.493818345732556355e-02,1.002344724033812584e+00,1.067798704388678743e+00,9.087850285562871708e-03,1.099191825026612612e+00,1.241244300549559476e+00,3.844548195839740945e-01,-9.571356205516539165e-04,-6.800045479831922680e-03,3.283043453254447458e-04,-7.344271538644260577e-02
7.812781401770276801e+00,4.117226590421729782e+00,1.175095000096543663e+00,1.387572907470798533e+00,5.820716453498868681e-01,1.003967685780017050e+00,1.083465447931191150e+00,1.543807739494200762e-02,1.002410380435696746e+00,1.067845812473555034e+00,9.415887719601551478e-03,1.099407997247472180e+00,1.240681508847542691e+00,3.883264760411411776e-01,-9.093934514202844932e-04,-6.432592670780012262e-03,3.305570540319521301e-04,-7.332215979560884056e-02
7.873818756471607117e+00,4.149392423159399712e+00,1.173780110296426482e+00,1.384115814920497511e+00,5.828660240324544661e-01,1.004068667911985235e+00,1.083524611191894138e+00,1.595306911919865817e-02,1.002477418797562247e+00,1.067893746733049598e+00,9.753373297940860429e-03,1.099609842359983825e+00,1.240109038067315428e+00,3.921549225516102188e-01,-8.635978991154255775e-04,-6.081919937857654251e-03,3.327332220948866310e-04,-7.319828647858046822e-02
7.934856111172938320e+00,4.181558255897069643e+00,1.172478471368150199e+00,1.380717245546450922e+00,5.836319753420892154e-01,1.004170579690925935e+00,1.083584358367900569e+00,1.647775309144323963e-02,1.002545484781038665e+00,1.067942459842695868e+00,1.009902773536122678e-02,1.099797876539259311e+00,1.239527200454598965e+00,3.959408952698122985e-01,-8.204011368864739520e-04,-5.753423992553094966e-03,3.348785621114076468e-04,-7.307309794410080106e-02
7.995893465874266859e+00,4.213724088634738685e+00,1.171189164586669884e+00,1.377370817165004313e+00,5.843677366286521568e-01,1.004274499617773930e+00,1.083645366870334970e+00,1.701648482394456374e-02,1.002614789839175957e+00,1.067991982664938222e+00,1.045379049485110033e-02,1.099972423394182997e+00,1.238936232002841864e+00,3.996844234925813200e-01,-7.794186651796478375e-04,-5.443583843870386865e-03,3.369573098851350013e-04,-7.294506838367133261e-02
8.056930820575598062e+00,4.245889921372408615e+00,1.169909688086909538e+00,1.374064975744429651e+00,5.850667861808971359e-01,1.004379705514325316e+00,1.083707179622546812e+00,1.756655583026881656e-02,1.002685283670546657e+00,1.068042304235851114e+00,1.081757238360757378e-02,1.100133428337263686e+00,1.238336382582195139e+00,4.033840524701987618e-01,-7.401144636965298991e-04,-5.147784854391121087e-03,3.389925734655497690e-04,-7.281521084330254412e-02
8.117968175276928378e+00,4.278055754110078546e+00,1.168640772411895457e+00,1.370802057539952434e+00,5.857319271295138297e-01,1.004486568192468399e+00,1.083770028531538587e+00,1.812956935213557927e-02,1.002756874539063370e+00,1.068093424271669090e+00,1.119010988567354162e-02,1.100281177783377418e+00,1.237727926751196028e+00,4.070397049123728461e-01,-7.025527805732710096e-04,-4.866492327111671123e-03,3.409718141001558578e-04,-7.268299822139082100e-02
8.179005529978258693e+00,4.310221586847748476e+00,1.167387979615609472e+00,1.367602357240347732e+00,5.863805499259790999e-01,1.004595072759073116e+00,1.083833899534282885e+00,1.870560911865279397e-02,1.002829812019047306e+00,1.068145355647496908e+00,1.157252407629346530e-02,1.100416077740075771e+00,1.237111070867229490e+00,4.106518275674033158e-01,-6.674433234485984030e-04,-4.605388120376687974e-03,3.428944938836097365e-04,-7.254844034441122747e-02
8.240042884679589008e+00,4.342387419585418407e+00,1.166145366966822028e+00,1.364441368880274341e+00,5.869958358872388038e-01,1.004704880277039525e+00,1.083898581638681025e+00,1.929343432640571662e-02,1.002903706037949760e+00,1.068198080011568463e+00,1.196333113860422251e-02,1.100538201437342156e+00,1.236486085805343027e+00,4.142195456961275668e-01,-6.337725797666444181e-04,-4.356014690813728336e-03,3.447722887435435320e-04,-7.241202134631673226e-02
8.301080239380917547e+00,4.374553252323087449e+00,1.164912967127351484e+00,1.361318824465650223e+00,5.875785622055293977e-01,1.004816684146118577e+00,1.083964500323721714e+00,1.989600800600862737e-02,1.002979100457005446e+00,1.068251620414758740e+00,1.236487596738902392e-02,1.100647679214437735e+00,1.235853291437370327e+00,4.177422305332593733e-01,-6.015091566381651836e-04,-4.118079834067425553e-03,3.465800802198614394e-04,-7.227273660174240999e-02
8.362117594082249639e+00,4.406719085060757379e+00,1.163694974904510904e+00,1.358249328266077471e+00,5.881423651520817364e-01,1.004929435702508034e+00,1.084031006025633292e+00,2.050916191345513243e-02,1.003055433646586225e+00,1.068305956536972801e+00,1.277494772683513899e-02,1.100744960256735627e+00,1.235212822337329541e+00,4.212206023389832854e-01,-5.711219355279036894e-04,-3.895285134139770972e-03,3.483546404084021360e-04,-7.213209145941229528e-02
8.423154948783579954e+00,4.438884917798427310e+00,1.162490081911667472e+00,1.355226745385267328e+00,5.886842214308505294e-01,1.005044535557354957e+00,1.084098958569188698e+00,2.113881680909048683e-02,1.003133175256023080e+00,1.068361101167686344e+00,1.319561033158835571e-02,1.100830205928016392e+00,1.234564927278138491e+00,4.246542240247190847e-01,-5.423180910289370675e-04,-3.685153632325510568e-03,3.500454439726544847e-04,-7.198805817604173041e-02
8.484192303484910269e+00,4.471050750536097240e+00,1.161295556283912012e+00,1.352240730105769950e+00,5.891964839636928408e-01,1.005160227443259169e+00,1.084167275876935399e+00,2.177780256471730652e-02,1.003211982810953584e+00,1.068417046296171513e+00,1.362553992180907253e-02,1.100903460828992930e+00,1.233910048351766653e+00,4.280421828801666551e-01,-5.147147414461004716e-04,-3.484576641978791821e-03,3.517151315996823262e-04,-7.184317070622173174e-02
8.545229658186240584e+00,4.503216583273767171e+00,1.160112132306089672e+00,1.349293470317708632e+00,5.896821968828638294e-01,1.005278615996093805e+00,1.084237245192661181e+00,2.243506687909702438e-02,1.003292058261043396e+00,1.068473796785448293e+00,1.406569694437279083e-02,1.100965180256937348e+00,1.233248209655434913e+00,4.313853263878508204e-01,-4.883592266294210175e-04,-3.293896155969047723e-03,3.532870541951038971e-04,-7.169437212445618768e-02
8.606267012887570900e+00,4.535382416011437101e+00,1.158945330027895793e+00,1.346402878838961481e+00,5.901598268827235039e-01,1.005397357832068961e+00,1.084307430499032554e+00,2.310086768431921650e-02,1.003373347303487595e+00,1.068531344962078800e+00,1.451596381050972856e-02,1.101015563212619286e+00,1.232579622989322665e+00,4.346834547325121312e-01,-4.637438802400962751e-04,-3.116908607973152556e-03,3.548461020797757004e-04,-7.154506025258951241e-02
8.667304367588901215e+00,4.567548248749106143e+00,1.157788920615181461e+00,1.343547003017938390e+00,5.906105061354514074e-01,1.005518907559183273e+00,1.084379325455392840e+00,2.378575441616623265e-02,1.003455766829360662e+00,1.068589702358520244e+00,1.497609146674298494e-02,1.101054673885711210e+00,1.231904848792202412e+00,4.379358081674479264e-01,-4.401485988785952758e-04,-2.947892244334820739e-03,3.563017397372324094e-04,-7.139165407709820166e-02
8.728341722290231530e+00,4.599714081486776074e+00,1.156642897275803605e+00,1.340725582844468189e+00,5.910349421645217927e-01,1.005640924044615137e+00,1.084451502753371654e+00,2.447986727353002739e-02,1.003539541850327454e+00,1.068648845435218098e+00,1.544716540500273155e-02,1.101082900120458730e+00,1.231223839943116349e+00,4.411430472657477120e-01,-4.175501469413119135e-04,-2.786647200737877444e-03,3.577399245301959288e-04,-7.123756353985760681e-02
8.789379076991561845e+00,4.631879914224446004e+00,1.155511438936925650e+00,1.337951756964256278e+00,5.914476229169011168e-01,1.005765385420766655e+00,1.084525158963191016e+00,2.519183833657119564e-02,1.003624313776526389e+00,1.068708809156934558e+00,1.592773383792649156e-02,1.101100454666463113e+00,1.230536779211588438e+00,4.443051104598724210e-01,-3.962806231989764671e-04,-2.635706535614257186e-03,3.590866908206385923e-04,-7.107988830015599113e-02
8.850416431692892161e+00,4.664045746962115935e+00,1.154393023369324700e+00,1.335219746570274202e+00,5.918445985485876193e-01,1.005890660227766853e+00,1.084599303780960922e+00,2.591474309023951428e-02,1.003710576610431726e+00,1.068769536784123453e+00,1.642007410201050052e-02,1.101107488549019298e+00,1.229844202759945437e+00,4.474216890107203803e-01,-3.761244761864458307e-04,-2.493338139481577221e-03,3.604025913437200945e-04,-7.092101361510674828e-02
8.911453786394222476e+00,4.696211579699785865e+00,1.153284901214793878e+00,1.332520391293697593e+00,5.922176349871546286e-01,1.006018017827655653e+00,1.084674699681310361e+00,2.665423819776796890e-02,1.003797815281462391e+00,1.068831088287957476e+00,1.692202768500656457e-02,1.101104284908783315e+00,1.229146167296832015e+00,4.504930812855286737e-01,-3.568140814187666966e-04,-2.357455147926821454e-03,3.616394599480518925e-04,-7.075906774552645495e-02
8.972491141095551015e+00,4.728377412437454907e+00,1.152187794946453403e+00,1.329855730038671968e+00,5.925699126171438680e-01,1.006146530636338854e+00,1.084750784304336468e+00,2.740639161581346836e-02,1.003886457132886489e+00,1.068893404223546284e+00,1.743560109753547818e-02,1.101091070460420429e+00,1.228442756633695954e+00,4.535193670749939066e-01,-3.383847028641791895e-04,-2.228307952776148026e-03,3.628318640501452716e-04,-7.059540845397650755e-02
9.033528495796883107e+00,4.760543245175124838e+00,1.151106961294305675e+00,1.327241471815548524e+00,5.929201571461907294e-01,1.006276766106278364e+00,1.084827895958905941e+00,2.817383218630773595e-02,1.003976185503794083e+00,1.068956527236524678e+00,1.795949252654893691e-02,1.101068047333186417e+00,1.227734445623950732e+00,4.565005427994437426e-01,-3.211763229388167498e-04,-2.108430019934669480e-03,3.639579621514170632e-04,-7.042919408696614314e-02
9.094565850498213422e+00,4.792709077912794768e+00,1.150036252804802039e+00,1.324658124936243242e+00,5.932485075002550401e-01,1.006408492614075945e+00,1.084905889448795513e+00,2.895566686334342596e-02,1.004067184321280060e+00,1.069020429098833658e+00,1.849463781799760495e-02,1.101035457722524535e+00,1.227021461220933363e+00,4.594368117463641932e-01,-3.046850495238298756e-04,-1.993959861525721432e-03,3.650258665618291254e-04,-7.026075476951279541e-02
9.155603205199543737e+00,4.824874910650464699e+00,1.148975639603927013e+00,1.322105447206058271e+00,5.935555970205549370e-01,1.006541584681133861e+00,1.084984690562972531e+00,2.975145517343281976e-02,1.004159397783511931e+00,1.069085107962466363e+00,1.904089783921130569e-02,1.100993509964108830e+00,1.226303755955964858e+00,4.623282517658734991e-01,-2.888945333992456056e-04,-1.884761573127754228e-03,3.660404745834038649e-04,-7.009027774277855338e-02
9.216640559900874052e+00,4.857040743388134629e+00,1.147929145554971830e+00,1.319595197915958806e+00,5.938562358978550781e-01,1.006676496619153482e+00,1.085064558782136812e+00,3.056337847600065077e-02,1.004252754405193793e+00,1.069150588876508046e+00,1.959805437110343981e-02,1.100942424157966615e+00,1.225581709947449749e+00,4.651750203545161333e-01,-2.740402981345433373e-04,-1.782567602454101239e-03,3.669830843637931659e-04,-6.991706802658140263e-02
9.277677914602204368e+00,4.889206576125804560e+00,1.146895154274699236e+00,1.317122005405954921e+00,5.941458220905680987e-01,1.006812421104667843e+00,1.085145020721682840e+00,3.138789684298902427e-02,1.004347445640549452e+00,1.069216805720961672e+00,2.016710020212918175e-02,1.100882460593312517e+00,1.224855780125874594e+00,4.679774883086511017e-01,-2.599669895416793753e-04,-1.686170976634739516e-03,3.678856354585413970e-04,-6.974233788507458454e-02
9.338715269303532907e+00,4.921372408863473602e+00,1.145871023575781411e+00,1.314677816500385399e+00,5.944159190643824031e-01,1.006950486261035671e+00,1.085226726363736294e+00,3.223028990036717889e-02,1.004443158918832957e+00,1.069283857141055449e+00,2.074669801962351900e-02,1.100813779584986385e+00,1.224125759020740611e+00,4.707355913832561578e-01,-2.464889005497406839e-04,-1.594172934304984328e-03,3.687023630579969635e-04,-6.956437244288911359e-02
9.399752624004864998e+00,4.953538241601143532e+00,1.144857453600143682e+00,1.312264524778373298e+00,5.946697666608274924e-01,1.007089216098466578e+00,1.085308818177023626e+00,3.308389989610564103e-02,1.004540317894035972e+00,1.069351591890877584e+00,2.133893251913993386e-02,1.100736588773531199e+00,1.223391902179628676e+00,4.734495073286498767e-01,-2.336328556437734739e-04,-1.506756148803497673e-03,3.694924423513761967e-04,-6.938540243566651555e-02
9.460789978706195313e+00,4.985704074338813463e+00,1.143859323501027481e+00,1.309895855812569065e+00,5.949257999472652436e-01,1.007230398348574862e+00,1.085392320802846644e+00,3.395711663905617850e-02,1.004638475760357919e+00,1.069420166152853957e+00,2.194182249503341328e-02,1.100651220652754558e+00,1.222654949583604322e+00,4.761200298480632864e-01,-2.216353663845599539e-04,-1.425610836600934911e-03,3.701829062699687795e-04,-6.920270097668641818e-02
9.521827333407525629e+00,5.017869907076483393e+00,1.142870778986031510e+00,1.307554596574475925e+00,5.951639124509662260e-01,1.007371915044157573e+00,1.085476015757450563e+00,3.484021200052041245e-02,1.004737998652573072e+00,1.069489433981611004e+00,2.255720253785896412e-02,1.100557760648744887e+00,1.221914508594663662e+00,4.787468169657349559e-01,-2.101438161328728006e-04,-1.348132824481364407e-03,3.708597792075148309e-04,-6.901949052254710559e-02
9.582864688108855944e+00,5.050035739814153324e+00,1.141891777908923267e+00,1.305240527191401156e+00,5.953846653254629695e-01,1.007516162949210647e+00,1.085561265325992508e+00,3.574452458669559463e-02,1.004838610137324784e+00,1.069559499930903934e+00,2.318387311224747935e-02,1.100456397341343484e+00,1.221170758803882261e+00,4.813300313884965043e-01,-1.991468332783945618e-04,-1.274229834894518958e-03,3.714242729272599752e-04,-6.883209530124312359e-02
9.643902042810184483e+00,5.082201572551822366e+00,1.140926112387385727e+00,1.302964143284142784e+00,5.956028214194080128e-01,1.007660748486558289e+00,1.085646704895492753e+00,3.665891922948118914e-02,1.004940467311658203e+00,1.069630295646104567e+00,2.382269139966887092e-02,1.100347521283745467e+00,1.220424545006896899e+00,4.838708327496252237e-01,-1.888125660853185209e-04,-1.205086491168699640e-03,3.719746959783445223e-04,-6.864417898903933668e-02
9.704939397511514798e+00,5.114367405289492297e+00,1.139972150592394762e+00,1.300720494060919386e+00,5.958133442701354365e-01,1.007807703459113968e+00,1.085733477853319195e+00,3.759312845315836149e-02,1.005043515876006488e+00,1.069701827953234208e+00,2.447350796351558527e-02,1.100231182155614995e+00,1.219675492457918731e+00,4.863687742805904435e-01,-1.790287270165235559e-04,-1.139862635474369473e-03,3.724263739203849725e-04,-6.845260576621073345e-02
9.765976752212846890e+00,5.146533238027162227e+00,1.139027424419827295e+00,1.298502529569315778e+00,5.960078597298203995e-01,1.007955312998714215e+00,1.085820614665955475e+00,3.853911021654546354e-02,1.005147698558238600e+00,1.069774136700002209e+00,2.513615222357837992e-02,1.100107542141465000e+00,1.218923697573872866e+00,4.888239646373579994e-01,-1.696657294126522090e-04,-1.077621035569304624e-03,3.728504253443835036e-04,-6.826001463759096000e-02
9.827014106914177205e+00,5.178699070764832157e+00,1.138092604995708967e+00,1.296312004533848539e+00,5.961896120739996752e-01,1.008104936684097508e+00,1.085908871083737459e+00,3.950349027763507687e-02,1.005253164964291734e+00,1.069847107879253301e+00,2.581146310502160923e-02,1.099976977932638933e+00,1.218169878403482675e+00,4.912375862553449157e-01,-1.607438728522279437e-04,-1.018494176491802723e-03,3.731894681580819159e-04,-6.806429134600400221e-02
9.888051461615507520e+00,5.210864903502502088e+00,1.137172146920097271e+00,1.294160890985391887e+00,5.963763936356368811e-01,1.008255521623088846e+00,1.085997654794865541e+00,4.048131693847459994e-02,1.005359662382360186e+00,1.069920913146902963e+00,2.649830872683150984e-02,1.099839598084312975e+00,1.217413931447961284e+00,4.936095418823474024e-01,-1.524276942063307219e-04,-9.636085243379329023e-04,3.734874250680317548e-04,-6.786706139010098560e-02
9.949088816316836059e+00,5.243030736240171130e+00,1.136260598978849012e+00,1.292034032942750210e+00,5.965483633875150460e-01,1.008407772931098512e+00,1.086087352588695154e+00,4.147611803694358640e-02,1.005467524707696958e+00,1.069995293579048656e+00,2.719844446114221340e-02,1.099695499105198149e+00,1.216655779073920307e+00,4.959396875923264836e-01,-1.444690541790729732e-04,-9.112083453195505634e-04,3.737141580298963860e-04,-6.766721957535497267e-02
1.001012617101816637e+01,5.275196568977841061e+00,1.135357913679262198e+00,1.289931234102248414e+00,5.967060157198905701e-01,1.008561280962499973e+00,1.086177729940529968e+00,4.248601658511751145e-02,1.005576394310848665e+00,1.070070516133192706e+00,2.791020531547122249e-02,1.099545018243391681e+00,1.215895988848118003e+00,4.982290961563284881e-01,-1.368597863273947432e-04,-8.612308787164893757e-04,3.738864934258524005e-04,-6.746539168468564107e-02
1.007116352571949669e+01,5.307362401715510991e+00,1.134467615371290927e+00,1.287861852448249023e+00,5.968638174279676800e-01,1.008716116110019767e+00,1.086268824914387032e+00,4.351146435118187494e-02,1.005686557752427435e+00,1.070146335168364882e+00,2.863512651157262487e-02,1.099388368900822144e+00,1.215134771099950273e+00,5.004782578773565582e-01,-1.297192154234190486e-04,-8.144850763949437484e-04,3.740013842902502827e-04,-6.726146647221248331e-02
1.013220088042082878e+01,5.339528234453180922e+00,1.133588106478823798e+00,1.285821348914777840e+00,5.970164658320608053e-01,1.008872491288228535e+00,1.086360739800852127e+00,4.455363032414778185e-02,1.005797793195404521e+00,1.070222927872263696e+00,2.937220265948727385e-02,1.099225559889771553e+00,1.214371854708803822e+00,5.026866526376964073e-01,-1.229652434016193343e-04,-7.703864285587126801e-04,3.740487637435876132e-04,-6.705508639087517930e-02
1.019323823512215910e+01,5.371694067190850852e+00,1.132717123124314273e+00,1.283803564932178620e+00,5.971558239336800522e-01,1.009029863845694708e+00,1.086453185692207724e+00,4.560992528956425013e-02,1.005910222115375952e+00,1.070300179049497258e+00,3.012215102225740404e-02,1.099056866165484703e+00,1.213607636314943727e+00,5.048551178246987181e-01,-1.165072811995024457e-04,-7.283074329211930127e-04,3.740524203792525561e-04,-6.684711644817858955e-02
1.025427558982348764e+01,5.403859899928519894e+00,1.131855303586866812e+00,1.281810124533416806e+00,5.972851020244414055e-01,1.009189046658100164e+00,1.086546579228753640e+00,4.668452216754397782e-02,1.006023795119215247e+00,1.070378107265223866e+00,3.088482762453315794e-02,1.098882646922386908e+00,1.212842676527445374e+00,5.069849562966832757e-01,-1.103601509913283886e-04,-6.883434522405140320e-04,3.739756983781250478e-04,-6.663623471247939745e-02
1.031531294452481795e+01,5.436025732666189825e+00,1.131006671598410396e+00,1.279851467277251187e+00,5.974212395442135559e-01,1.009348907599731726e+00,1.086640327757232072e+00,4.777183927905027244e-02,1.006138471220977326e+00,1.070456767958010147e+00,3.166012582267044989e-02,1.098702803935899253e+00,1.212076494459626286e+00,5.090751555504382520e-01,-1.046362785171440596e-04,-6.512434953567235478e-04,3.738688661966116356e-04,-6.642426220669434000e-02
1.037635029922614827e+01,5.468191565403859755e+00,1.130166224367381345e+00,1.277914263882981682e+00,5.975449947283865137e-01,1.009510835044273414e+00,1.086735138355484409e+00,4.887899794221093469e-02,1.006254350905656514e+00,1.070535995020527098e+00,3.244866794568718876e-02,1.098517529685069771e+00,1.211309298517527555e+00,5.111261993133474624e-01,-9.916203698619067768e-05,-6.158253272338169411e-04,3.736690821634547268e-04,-6.620893407834584077e-02
1.043738765392747858e+01,5.500357398141529686e+00,1.129333913339643836e+00,1.275998340983045765e+00,5.976568021115225005e-01,1.009673132801967022e+00,1.086830139274497231e+00,4.999748611804172294e-02,1.006371253944826183e+00,1.070616041015186815e+00,3.324962363188220527e-02,1.098327365186804405e+00,1.210542030193658913e+00,5.131404137219859329e-01,-9.393142337224160809e-05,-5.820462549630833239e-04,3.734526413460295354e-04,-6.599300462920451582e-02
1.049842500862881067e+01,5.532523230879199616e+00,1.128512984708034406e+00,1.274112044007846167e+00,5.977706729450779077e-01,1.009837738470463764e+00,1.086926302721585413e+00,5.113730436688739694e-02,1.006489406862871361e+00,1.070696528271067871e+00,3.406427565016751507e-02,1.098132088437105525e+00,1.209773985548861619e+00,5.151161856985414511e-01,-8.902737292626696126e-05,-5.504575147351568063e-04,3.731310153386692614e-04,-6.577329002125309465e-02
1.055946236333014099e+01,5.564689063616869547e+00,1.127701904813467770e+00,1.272251223443146007e+00,5.978811651588146203e-01,1.010002626351380828e+00,1.087022606044397932e+00,5.228815932559481572e-02,1.006608560552404663e+00,1.070777847117884374e+00,3.489142321445272421e-02,1.097931854388514372e+00,1.209005298580242638e+00,5.170538652933225343e-01,-8.439025729077266830e-05,-5.206533205512324123e-04,3.727963994701376325e-04,-6.555310897353870681e-02
1.062049971803146953e+01,5.596854896354538589e+00,1.126898621571218229e+00,1.270410502688129384e+00,5.979804876931119617e-01,1.010169633158305880e+00,1.087119953415257578e+00,5.345962823718410084e-02,1.006728904838101846e+00,1.070859640635613008e+00,3.573216596786013555e-02,1.097727229482288402e+00,1.208236932234771022e+00,5.189560065803201505e-01,-7.995765311401117675e-05,-4.922143660443908031e-04,3.723639059770843815e-04,-6.532941604520009493e-02
1.068153707273279984e+01,5.629020729092208519e+00,1.126103738649141928e+00,1.268591384115882015e+00,5.980717908843981023e-01,1.010337115426165111e+00,1.087217529434464369e+00,5.464328686129988483e-02,1.006850286282569007e+00,1.070942168412400086e+00,3.658579344304634107e-02,1.097518041355133755e+00,1.207468333546268591e+00,5.208212869975760162e-01,-7.574002878877543043e-05,-4.652089159412924795e-04,3.719091455112174074e-04,-6.510492631552115828e-02
1.074257442743413016e+01,5.661186561829878450e+00,1.125320865873662868e+00,1.266802977794040164e+00,5.981710504910584536e-01,1.010506389682547246e+00,1.087315967217876711e+00,5.584609572030879016e-02,1.006972782278469758e+00,1.071025262285648871e+00,3.745281629637781801e-02,1.097304374965812679e+00,1.206699499499691575e+00,5.226497450926009813e-01,-7.181250757420934373e-05,-4.401340521078988448e-04,3.713704619364932786e-04,-6.487743348137084420e-02
1.080361178213546225e+01,5.693352394567548380e+00,1.124545454788792753e+00,1.265033559362248372e+00,5.982598289103107092e-01,1.010676392557898096e+00,1.087414746099240936e+00,5.706257773434842556e-02,1.007096352025297126e+00,1.071108955725568856e+00,3.833311617534054111e-02,1.097086713202785280e+00,1.205931203011479935e+00,5.244435793232091747e-01,-6.805594279325302459e-05,-4.161952962167089396e-04,3.707971682625741967e-04,-6.464870520171896173e-02
1.086464913683679256e+01,5.725518227305218311e+00,1.123777458308621746e+00,1.263282976762962750e+00,5.983385080515197796e-01,1.010847873134748109e+00,1.087514216756384489e+00,5.829677176075216682e-02,1.007220972298065842e+00,1.071193320017494344e+00,3.922666522265218919e-02,1.096865259572794349e+00,1.205163650433835665e+00,5.262035294035161126e-01,-6.446605329115663271e-05,-3.933637266268640736e-04,3.701536823514562811e-04,-6.441747133307108852e-02
1.092568649153812110e+01,5.757684060042887353e+00,1.123019849593867248e+00,1.261558680771772023e+00,5.984205485703764094e-01,1.011020319748602958e+00,1.087614126336916565e+00,5.954606265464679193e-02,1.007346688473773844e+00,1.071278134024104212e+00,4.013380750772541083e-02,1.096639730076591546e+00,1.204396135742618723e+00,5.279276967218534677e-01,-6.109953996615703862e-05,-3.720146004537508953e-04,3.694636310589469023e-04,-6.418457898976781539e-02
1.098672384623945142e+01,5.789849892780557283e+00,1.122271175042377944e+00,1.259856882672227840e+00,5.985004624640231086e-01,1.011193943295150444e+00,1.087714570662269731e+00,6.081165959791775405e-02,1.007473403751198315e+00,1.071363737329541488e+00,4.105411160293299250e-02,1.096410427713116587e+00,1.203629081557643810e+00,5.296173725909211205e-01,-5.791429537048690712e-05,-3.518671492078517598e-04,3.687168486894547032e-04,-6.394966610995135581e-02
1.104776120094078173e+01,5.822015725518227214e+00,1.121529588714408332e+00,1.258172886250718880e+00,5.985708662864464014e-01,1.011368753795199193e+00,1.087815536548050188e+00,6.209371043466318379e-02,1.007601222112438411e+00,1.071449625029835540e+00,4.198824336676451607e-02,1.096177494653537421e+00,1.202862603662453234e+00,5.312729969185202572e-01,-5.486822554434134540e-05,-3.326417206273787897e-04,3.679119740374811598e-04,-6.371268843990335329e-02
1.110879855564211205e+01,5.854181558255897144e+00,1.120795659354553830e+00,1.256508081535592902e+00,5.986348336406284165e-01,1.011544454812364435e+00,1.087916893736849300e+00,6.339070039638472487e-02,1.007730020043246189e+00,1.071536320914731499e+00,4.293561774574886775e-02,1.095941070398327222e+00,1.202096814850025508e+00,5.328950121338483781e-01,-5.196877433448981272e-05,-3.143871313644898261e-04,3.670635153935099260e-04,-6.347416165184718850e-02
1.116983591034344414e+01,5.886347390993567075e+00,1.120072612043992111e+00,1.254870430237351675e+00,5.987073335407306907e-01,1.011721546473822064e+00,1.088018839404581106e+00,6.470542768629528041e-02,1.007859875299827790e+00,1.071623347304824669e+00,4.389675868741919895e-02,1.095701291783013120e+00,1.201331824949561922e+00,5.344838628120781587e-01,-4.926606637065704999e-05,-2.974334277069718866e-04,3.661459045370492782e-04,-6.323318153257648233e-02
1.123087326504477446e+01,5.918513223731237005e+00,1.119356335705071759e+00,1.253249608566574080e+00,5.987708457644305149e-01,1.011899257390504570e+00,1.088121047122540652e+00,6.603377298918751415e-02,1.007990715575378671e+00,1.071711054584753242e+00,4.487135696204875429e-02,1.095458602026654793e+00,1.200568292922871816e+00,5.360417307098529482e-01,-4.667962889141771360e-05,-2.812472160215994115e-04,3.651975001346574232e-04,-6.299110894258476423e-02
1.129191061974610300e+01,5.950679056468906047e+00,1.118646786107881042e+00,1.251645483705712047e+00,5.988257065090794029e-01,1.012078544731360941e+00,1.088223894024632266e+00,6.738105863084727087e-02,1.008122566357129601e+00,1.071799216341172034e+00,4.585964665383190225e-02,1.095213047814950436e+00,1.199806158632934272e+00,5.375686128800163388e-01,-4.420659412660234340e-05,-2.658090067777572722e-04,3.641693871226095382e-04,-6.274621327626181411e-02
1.135294797444743331e+01,5.982844889206575978e+00,1.117946677343830908e+00,1.250064719458267914e+00,5.988847763405534819e-01,1.012258195983402054e+00,1.088326888479812071e+00,6.874069373424263052e-02,1.008255399265480801e+00,1.071887884087332932e+00,4.686155918464776637e-02,1.094964546817039475e+00,1.199045143105869293e+00,5.390637797154134159e-01,-4.188603632739394515e-05,-2.513746103864937455e-04,3.631228736983761903e-04,-6.250066591411389261e-02
1.141398532914876363e+01,6.015010721944245908e+00,1.117254643091414090e+00,1.248503856657869893e+00,5.989425885565425878e-01,1.012439590883822849e+00,1.088430556152788942e+00,7.012038502199334500e-02,1.008389209662249986e+00,1.071977144655323455e+00,4.787715800403666982e-02,1.094713224558452991e+00,1.198285343813872750e+00,5.405276777932775945e-01,-3.968889768919555788e-05,-2.377501110547171044e-04,3.619866332591267907e-04,-6.225194550583211528e-02
1.147502268385009394e+01,6.047176554681915839e+00,1.116569030726214606e+00,1.246958788125781092e+00,5.989921961868033273e-01,1.012621207153222569e+00,1.088534307250977218e+00,7.151175452267895249e-02,1.008523983324312479e+00,1.072066720366700698e+00,4.890645100162233083e-02,1.094459203971526184e+00,1.197526855438821869e+00,5.419607541358435476e-01,-3.758696939141707553e-05,-2.247489870832799510e-04,3.608389083577160750e-04,-6.200281921566723475e-02
1.153606003855142603e+01,6.079342387419585769e+00,1.115890374741124624e+00,1.245430800745026989e+00,5.990365860149968746e-01,1.012804522821133091e+00,1.088638678345514199e+00,7.292312618141855163e-02,1.008659715749206764e+00,1.072157041886696138e+00,4.994950039981941453e-02,1.094202605411927376e+00,1.196769769906161018e+00,5.433634559099811412e-01,-3.558577009320017899e-05,-2.124061843649007321e-04,3.596020906602500765e-04,-6.175054667188836777e-02
1.159709739325275457e+01,6.111508220157254812e+00,1.115221549952055247e+00,1.243926866568453748e+00,5.990897219718216427e-01,1.012988138038795283e+00,1.088743151703067458e+00,7.434672536469091875e-02,1.008796376184877941e+00,1.072247471555159315e+00,5.100621566185939426e-02,1.093943546676614087e+00,1.196014176419673669e+00,5.447362301381395433e-01,-3.371956818960212561e-05,-2.009413214146955310e-04,3.583492545152589057e-04,-6.149770915832263735e-02
1.165813474795408489e+01,6.143674052894924742e+00,1.114558853496671942e+00,1.242437879165071202e+00,5.991350508074899661e-01,1.013173174217960160e+00,1.088848110161369842e+00,7.578893914645613850e-02,1.008933980891701720e+00,1.072338673751358717e+00,5.207677653555236458e-02,1.093682143023137598e+00,1.195260161497071261e+00,5.460795234204223192e-01,-3.193364845915798694e-05,-1.899958442642722212e-04,3.570204323374615062e-04,-6.124219162144672879e-02
1.171917210265541520e+01,6.175839885632594672e+00,1.113902244662887675e+00,1.240963722769539812e+00,5.991728692885081031e-01,1.013358694758094813e+00,1.088953221398882842e+00,7.724453529967750809e-02,1.009072482609932875e+00,1.072430043078173911e+00,5.316099255207588914e-02,1.093418860353019495e+00,1.194508401426104927e+00,5.473958510554843837e-01,-3.022614272048629614e-05,-1.795566203053624275e-04,3.556651539653181600e-04,-6.098574204415804778e-02
1.178020945735674552e+01,6.208005718370264603e+00,1.113254196957321751e+00,1.239510370590565902e+00,5.992154198602728243e-01,1.013545374750153716e+00,1.089058698355685362e+00,7.871741892884473457e-02,1.009211901351326546e+00,1.072522027373226328e+00,5.425906370956697089e-02,1.093153682051188902e+00,1.193758755268822691e+00,5.486849431435094626e-01,-2.862465635911768709e-05,-1.697983958551629966e-04,3.542465453759491636e-04,-6.072706137039977914e-02
1.184124681205807583e+01,6.240171551107934533e+00,1.112613432847179507e+00,1.238074661755466099e+00,5.992573041672680789e-01,1.013732704773048221e+00,1.089164361559749272e+00,8.020474521989345851e-02,1.009352203804245063e+00,1.072614337763241332e+00,5.537087674136655091e-02,1.092886498330213563e+00,1.193010934909466636e+00,5.499459761179393835e-01,-2.710892856756690194e-05,-1.605870505821771314e-04,3.527916124750450503e-04,-6.046710234865634859e-02
1.190228416675940615e+01,6.272337383845603576e+00,1.111978476803094251e+00,1.236652997627228912e+00,5.992920183595028538e-01,1.013920950316370195e+00,1.089270287079326271e+00,8.170809888338781413e-02,1.009493377828498240e+00,1.072707046779330042e+00,5.649644030859996696e-02,1.092617413867546405e+00,1.192265015833752662e+00,5.511793893209498973e-01,-2.565969679185991129e-05,-1.517979356026289100e-04,3.512855194638909106e-04,-6.020534286818170905e-02
1.196332152146073646e+01,6.304503216583273506e+00,1.111349830372046155e+00,1.235246570769336527e+00,5.993224571127846456e-01,1.014109991902897079e+00,1.089376414922920810e+00,8.322685465450400943e-02,1.009635437531385849e+00,1.072800255952330417e+00,5.763591859395917477e-02,1.092346530930608184e+00,1.191521071048569080e+00,5.523856204571928608e-01,-2.428113566817467569e-05,-1.434560123227738269e-04,3.497338314645416610e-04,-5.994198033697604316e-02
1.202435887616206678e+01,6.336669049320943436e+00,1.110730053777920556e+00,1.233861500966415115e+00,5.993616092739008083e-01,1.014299723264452835e+00,1.089482718081189461e+00,8.476045118507559428e-02,1.009778306235640244e+00,1.072893631045804153e+00,5.878893168917530276e-02,1.092073949402581512e+00,1.190779171120906810e+00,5.535651053811138089e-01,-2.299710583037668210e-05,-1.357074961651738001e-04,3.481426352021957079e-04,-5.967722875507894958e-02
1.208539623086339709e+01,6.368834882058613367e+00,1.110115817705046082e+00,1.232489737764359328e+00,5.993938952253504704e-01,1.014490376553294437e+00,1.089589221946196229e+00,8.631030230959338412e-02,1.009922078234818610e+00,1.072987695617674042e+00,5.995612345070455013e-02,1.091799766809020689e+00,1.190039384217147944e+00,5.547182778939390158e-01,-2.176954186931295734e-05,-1.283108893225719336e-04,3.464971961946081125e-04,-5.941057181695108547e-02
1.214643358556472741e+01,6.401000714796283297e+00,1.109507085172793506e+00,1.231131180328367547e+00,5.994195778357578330e-01,1.014681512622129578e+00,1.089695830914066521e+00,8.787388741295489025e-02,1.010066579243411145e+00,1.073081676953483443e+00,6.113651810695854699e-02,1.091524078345220694e+00,1.189301776142666522e+00,5.558455695501232086e-01,-2.059715603730216503e-05,-1.212572849309523078e-04,3.448233522220975323e-04,-5.914291711263975487e-02
1.220747094026605772e+01,6.433166547533952340e+00,1.108906109389745209e+00,1.229791196388417385e+00,5.994502845350840881e-01,1.014873675949438780e+00,1.089802621015663497e+00,8.945446671372414560e-02,1.010211976093202901e+00,1.073176383858690075e+00,6.233120070023311088e-02,1.091247365092568478e+00,1.188567032402533918e+00,5.569497788716891717e-01,-1.949959633293729561e-05,-1.146660086678106942e-04,3.430872637797822543e-04,-5.887307788548237081e-02
1.226850829496738804e+01,6.465332380271622270e+00,1.108311699592230193e+00,1.228466893529515103e+00,5.994807171025046122e-01,1.015066134331581882e+00,1.089909463143486246e+00,9.104775923877143906e-02,1.010358086408145617e+00,1.073271079108509829e+00,6.353913450916237604e-02,1.090969549300089048e+00,1.187834937192850493e+00,5.580303350887940717e-01,-1.846225218973047055e-05,-1.084440745899845597e-04,3.413332971381896294e-04,-5.860261120764719001e-02
1.232954564966871835e+01,6.497498213009292201e+00,1.107722540045418924e+00,1.227155111671579757e+00,5.995048069229504950e-01,1.015259704372796223e+00,1.090016448656184300e+00,9.265866696692739990e-02,1.010505031750442040e+00,1.073366312601381267e+00,6.476113425914759025e-02,1.090690504721417931e+00,1.187105204300731076e+00,5.590863589771091213e-01,-1.747169634501346668e-05,-1.025080882688452107e-04,3.395097510543716810e-04,-5.832970466879152521e-02
1.239058300437004867e+01,6.529664045746962131e+00,1.107139101036583639e+00,1.225856957357032151e+00,5.995253546570900038e-01,1.015453422224187108e+00,1.090123452099810208e+00,9.428148380797628236e-02,1.010652714302941790e+00,1.073461730065688791e+00,6.599667039622050813e-02,1.090410316983731809e+00,1.186377889960538168e+00,5.601182685191686828e-01,-1.653097193665233527e-05,-9.687574857242446202e-05,3.376769058159781846e-04,-5.805647208814302546e-02
1.245162035907137899e+01,6.561829878484632061e+00,1.106563662708015316e+00,1.224577816129545305e+00,5.995544209653211887e-01,1.015648273400958423e+00,1.090230539744245108e+00,9.592216359076480292e-02,1.010801141817490700e+00,1.073557427727345859e+00,6.724585867794227734e-02,1.090129069544980123e+00,1.185653048264437404e+00,5.611264786452171416e-01,-1.565637249759242692e-05,-9.164408660532629596e-05,3.357705223193468373e-04,-5.778066305701685945e-02
1.251265771377270930e+01,6.593995711222301992e+00,1.105993233192723135e+00,1.223310552997119105e+00,5.995773785559552760e-01,1.015843272572986011e+00,1.090337628932593006e+00,9.757481893326894196e-02,1.010950346652142340e+00,1.073653520454360022e+00,6.850896975270769074e-02,1.089846843724483927e+00,1.184930731202613163e+00,5.621114010936478778e-01,-1.482121800001861497e-05,-8.665048838853003563e-05,3.338541404291766072e-04,-5.750450404322698245e-02
1.257369506847403962e+01,6.626161543959971034e+00,1.105427779189058102e+00,1.222055080094449409e+00,5.995944611786863110e-01,1.016039192150181902e+00,1.090444727722774676e+00,9.924415947689198270e-02,1.011100188532218835e+00,1.073749618942764661e+00,6.978519290334643521e-02,1.089563718733902231e+00,1.184210988703474632e+00,5.630734442793307037e-01,-1.402454672447413074e-05,-8.188887932436172328e-05,3.318755769979959080e-04,-5.722616843363980549e-02
1.263473242317536993e+01,6.658327376697640965e+00,1.104869354038337192e+00,1.220816234186216098e+00,5.996166980388796253e-01,1.016235366096590154e+00,1.090551809951883389e+00,1.009261797346331924e-01,1.011250864468955957e+00,1.073846339106549808e+00,7.107583104733534995e-02,1.089279771708513422e+00,1.183493868673809457e+00,5.640130131696242666e-01,-1.327995584921683212e-05,-7.744045652349346436e-05,3.298790270984001201e-04,-5.694720384036871391e-02
1.269576977787670025e+01,6.690493209435310895e+00,1.104316849668287137e+00,1.219591363645459614e+00,5.996389114862111791e-01,1.016432267520149146e+00,1.090658844817548268e+00,1.026238009313091698e-01,1.011402051508635713e+00,1.073942774237239828e+00,7.237891047456600224e-02,1.088995492477670357e+00,1.182780058950592350e+00,5.649331418826303297e-01,-1.257680716383224911e-05,-7.324080827372075051e-05,3.278310372281883589e-04,-5.666644040023832013e-02
1.275680713257803056e+01,6.722659042172980826e+00,1.103769093106744759e+00,1.218377686626743062e+00,5.996554511955585198e-01,1.016629508517405078e+00,1.090765826770616398e+00,1.043346819508869094e-01,1.011554074110754486e+00,1.074039877905075269e+00,7.369654751320373065e-02,1.088710746530473505e+00,1.182069276586493745e+00,5.658329420381335018e-01,-1.190583204150637417e-05,-6.923425906245758374e-05,3.257577536265854855e-04,-5.638479339915181132e-02
1.281784448727936088e+01,6.754824874910650756e+00,1.103226525266892910e+00,1.217176231342139037e+00,5.996690242346883748e-01,1.016827304440493851e+00,1.090872722254776939e+00,1.060601788113064992e-01,1.011706607878915198e+00,1.074136780014970594e+00,7.502673963274722468e-02,1.088425400090636819e+00,1.181361245692513773e+00,5.667115135436201490e-01,-1.126911074567709584e-05,-6.543326178530745659e-05,3.236431354190345789e-04,-5.610170249706915996e-02
1.287888184198068942e+01,6.786990707648319798e+00,1.102691178314062492e+00,1.215991750004971506e+00,5.996908190299765629e-01,1.017025503735606407e+00,1.090979510132471297e+00,1.077993865963456921e-01,1.011859882864224458e+00,1.074234134851089761e+00,7.637101503403849467e-02,1.088139521871550608e+00,1.180656006078120157e+00,5.675692438961866815e-01,-1.067728059135565964e-05,-6.190192553517760775e-05,3.214966106523299170e-04,-5.581749840932717643e-02
1.293991919668202151e+01,6.819156540385989729e+00,1.102160362675700833e+00,1.214817901654993149e+00,5.997071219826959343e-01,1.017224106118631788e+00,1.091086190479490847e+00,1.095523297518958966e-01,1.012013732437861968e+00,1.074331521227571695e+00,7.772836349824631397e-02,1.087853178683751976e+00,1.179953595745973693e+00,5.684065166697094273e-01,-1.011211741665651554e-05,-5.853110344650265838e-05,3.193182017995404784e-04,-5.553218191998716274e-02
1.300095655138335182e+01,6.851322373123659659e+00,1.101634048528000731e+00,1.213654609636706905e+00,5.997181418000347985e-01,1.017423154077551795e+00,1.091192690130552645e+00,1.113193012378814878e-01,1.012168187578244227e+00,1.074429061317197842e+00,7.909903900691805934e-02,1.087566435467093973e+00,1.179254050930851783e+00,5.692237114336020642e-01,-9.572910364324932188e-06,-5.531666903427248481e-05,3.171019792066736166e-04,-5.524554804572105043e-02
1.306199390608468214e+01,6.883488205861329590e+00,1.101114108956038340e+00,1.212506244613609896e+00,5.997343346436431188e-01,1.017622474288434553e+00,1.091299079374319581e+00,1.130992374783295062e-01,1.012323297789554211e+00,1.074526881508292231e+00,8.048342031501221072e-02,1.087279355322960495e+00,1.178557406138313723e+00,5.700212036777548841e-01,-9.068709713060999996e-06,-5.231370610699395267e-05,3.148626519865921109e-04,-5.495810923421377836e-02
1.312303126078601245e+01,6.915654038598999520e+00,1.100599513414862285e+00,1.211370370563487509e+00,5.997506555617894142e-01,1.017822260544752222e+00,1.091405196426220581e+00,1.148933813559353118e-01,1.012478859768748851e+00,1.074624540378643411e+00,8.188023342212796818e-02,1.086991999546493615e+00,1.177863694183086452e+00,5.707993647434596030e-01,-8.592050834273532800e-06,-4.947781540194111827e-05,3.125803183063630033e-04,-5.466917468031809446e-02
1.318406861548734277e+01,6.947819871336669451e+00,1.100089215669663778e+00,1.210244532166574905e+00,5.997618503404202883e-01,1.018022209459295446e+00,1.091511218478272705e+00,1.166998342011791451e-01,1.012635174495892576e+00,1.074722743307393591e+00,8.329150376125202260e-02,1.086704861285486379e+00,1.177173599490257239e+00,5.715614202420820078e-01,-8.136776652734343867e-06,-4.677197456979894264e-05,3.102829745992993164e-04,-5.437971808547064495e-02
1.324510597018867131e+01,6.979985704074338493e+00,1.099583629219465841e+00,1.209129686358464184e+00,5.997705344358780222e-01,1.018222623062942755e+00,1.091616858467671314e+00,1.185205317857883078e-01,1.012791769002195474e+00,1.074820454011525594e+00,8.471416799012626564e-02,1.086417755024373433e+00,1.176486780626844419e+00,5.723061615018155690e-01,-7.704277841527247154e-06,-4.420493640477561831e-05,3.079381526103699843e-04,-5.408861359203743363e-02
1.330614332489000340e+01,7.012151536812008423e+00,1.099084567396813261e+00,1.208030038070491363e+00,5.997870838044043751e-01,1.018423111165125849e+00,1.091722437205131735e+00,1.203530020902086606e-01,1.012949128486152262e+00,1.074918767598344482e+00,8.615147978457969591e-02,1.086130546446085310e+00,1.175802978134841803e+00,5.730326978313531328e-01,-7.301361852740645810e-06,-4.181904904343692150e-05,3.055857189463305652e-04,-5.379724490899674000e-02
1.336718067959133371e+01,7.044317369549678354e+00,1.098589609999241379e+00,1.206939935925475327e+00,5.997986500123614340e-01,1.018624040730801816e+00,1.091827505707878565e+00,1.221996082352861529e-01,1.013106783046489046e+00,1.075016683229359726e+00,8.760036855531225242e-02,1.085843289598473316e+00,1.175122218135109531e+00,5.737413810966377481e-01,-6.916029811770620596e-06,-3.954126357295907162e-05,3.031820601660094208e-04,-5.350410267472028442e-02
1.342821803429266403e+01,7.076483202287348284e+00,1.098098730405607792e+00,1.205859312928968308e+00,5.998054201771207961e-01,1.018825015205875539e+00,1.091932503782007791e+00,1.240578141047564281e-01,1.013265075620734423e+00,1.075114959467863063e+00,8.906316383830054084e-02,1.085556036895801935e+00,1.174444525258400374e+00,5.744325587934077104e-01,-6.547808752023325380e-06,-3.736880904669852391e-05,3.007724201713699594e-04,-5.321075388286173463e-02
1.348925538899399434e+01,7.108649035025018215e+00,1.097613639722044176e+00,1.204792129917265475e+00,5.998173072964670949e-01,1.019026312067873974e+00,1.092036967821499616e+00,1.259294188750820775e-01,1.013423768023107296e+00,1.075213108220160363e+00,9.053831757315317086e-02,1.085268839150271614e+00,1.173769922681360267e+00,5.751065740105322233e-01,-6.202711598024059825e-06,-3.533911761519197432e-05,2.983186602704625441e-04,-5.291588214384858324e-02
1.355029274369532288e+01,7.140814867762687257e+00,1.097133379309164436e+00,1.203736143835979489e+00,5.998294052690031908e-01,1.019227669112199530e+00,1.092141281897148986e+00,1.278127317109418737e-01,1.013582917334495903e+00,1.075311279320532165e+00,9.202625309791709340e-02,1.084981745603375236e+00,1.173098432162128724e+00,5.757637653979891246e-01,-5.875755221414212467e-06,-3.342171238827712309e-05,2.958545727077186685e-04,-5.262065522791471023e-02
1.361133009839665320e+01,7.172980700500357187e+00,1.096657015006375691e+00,1.202689181706831034e+00,5.998368311945780906e-01,1.019429235261250621e+00,1.092245074920365155e+00,1.297087259973062068e-01,1.013742588560156976e+00,1.075409608483802737e+00,9.352745464937349540e-02,1.084694803957065412e+00,1.172430074075518469e+00,5.764044671393036001e-01,-5.562959398415004036e-06,-3.159200567354957342e-05,2.933546014729205794e-04,-5.232419424251320839e-02
1.367236745309798529e+01,7.205146533238027118e+00,1.096184934849051995e+00,1.201652135610678851e+00,5.998421119013183089e-01,1.019630863062018999e+00,1.092348611150280480e+00,1.316164422482010987e-01,1.013902517583688212e+00,1.075507606471645783e+00,9.504016446367012649e-02,1.084408506168592190e+00,1.171765524734919017e+00,5.770320562520410146e-01,-5.265316471751453265e-06,-2.985618782815487490e-05,2.908397557619593469e-04,-5.202722404119571736e-02
1.373340480779931561e+01,7.237312365975697048e+00,1.095718759376011375e+00,1.200628736491464066e+00,5.998548710435996911e-01,1.019832608410574659e+00,1.092451657767164575e+00,1.335362477384789137e-01,1.014063107946101105e+00,1.075606062969431509e+00,9.656717713979288964e-02,1.084122622191159069e+00,1.171104393162582413e+00,5.776450120223745044e-01,-4.987381563296163403e-06,-2.824238284497068623e-05,2.882965497419389344e-04,-5.172928294714915914e-02
1.379444216250064592e+01,7.269478198713366979e+00,1.095256307664939088e+00,1.199613932947365402e+00,5.998630720049459297e-01,1.020034395207571665e+00,1.092554322769077713e+00,1.354676407236687641e-01,1.014223739079499031e+00,1.075703819769536773e+00,9.810427303332451554e-02,1.083837022424063656e+00,1.170446440473802641e+00,5.782424784525085348e-01,-4.721276031468715836e-06,-2.670162740274934247e-05,2.857346404026608585e-04,-5.143070517398688063e-02
1.385547951720197446e+01,7.301644031451036021e+00,1.094797555993925808e+00,1.198607666299019936e+00,5.998668832258218231e-01,1.020236229770941527e+00,1.092656547986952553e+00,1.374106598623845432e-01,1.014385056038268118e+00,1.075802106791514889e+00,9.965592464601313871e-02,1.083551748453723373e+00,1.169791681631987990e+00,5.788247696634882811e-01,-4.466716468813465842e-06,-2.523207168677176157e-05,2.831511768218358599e-04,-5.113139367355089282e-02
1.391651687190330478e+01,7.333809864188705951e+00,1.094344070201513253e+00,1.197613536291449066e+00,5.998757065872450944e-01,1.020438064000457778e+00,1.092758248968726420e+00,1.393649808477169239e-01,1.014546443442144508e+00,1.075899797732375651e+00,1.012179127943962920e-01,1.083266840490106686e+00,1.169140130398028221e+00,5.793921952753248172e-01,-4.227913714699830676e-06,-2.385929564229071829e-05,2.805458966173990246e-04,-5.083134474171760453e-02
1.397755422660463687e+01,7.365975696926375882e+00,1.093894957868716711e+00,1.196629472656244086e+00,5.998847767667719877e-01,1.020639897993277145e+00,1.092859578276100585e+00,1.413305975985469365e-01,1.014708358823193102e+00,1.075997752839799704e+00,1.027934415177704647e-01,1.082982337396201089e+00,1.168491799362475936e+00,5.799450604029008360e-01,-4.001543771784409470e-06,-2.256233671299746868e-05,2.779251488011941782e-04,-5.053077298367793235e-02
1.403859158130596718e+01,7.398141529664045812e+00,1.093449383732338465e+00,1.195653547059830846e+00,5.998895565083481873e-01,1.020841668430260585e+00,1.092960223159127331e+00,1.433070769022073143e-01,1.014870491354942006e+00,1.076095418684401617e+00,1.043803773726860312e-01,1.082698276717185770e+00,1.167846699977251657e+00,5.804836656551983776e-01,-3.784966238329061185e-06,-2.132480089826835362e-05,2.752801820227859298e-04,-5.022938983150393444e-02
1.409962893600729750e+01,7.430307362401715743e+00,1.093007712250911645e+00,1.194686592543464654e+00,5.998924875947053703e-01,1.021043412361779756e+00,1.093060582608335274e+00,1.452946575318355971e-01,1.015032926516174161e+00,1.076192973846933132e+00,1.059793428501606821e-01,1.082414694709295855e+00,1.167204842586864855e+00,5.810083071376982433e-01,-3.578950382482698413e-06,-2.015108589636239431e-05,2.726251149156921146e-04,-4.992766829375496623e-02
1.416066629070862604e+01,7.462473195139384785e+00,1.092571394191042433e+00,1.193731928497120842e+00,5.999024998158524191e-01,1.021245008259980658e+00,1.093160080148953828e+00,1.472925056571479929e-01,1.015195742718111527e+00,1.076290560891365988e+00,1.075909208353207913e-01,1.082132078461372604e+00,1.166566891630782088e+00,5.815224774268969998e-01,-3.386749942042043556e-06,-1.905995641839676943e-05,2.699441308224026503e-04,-4.962508821129796299e-02
1.422170364540995635e+01,7.494639027877054716e+00,1.092138460848091297e+00,1.192785026705291962e+00,5.999083135979883519e-01,1.021446573028029325e+00,1.093259396437500364e+00,1.493013995387430237e-01,1.015358618764242049e+00,1.076387648261894814e+00,1.092128622339422206e-01,1.081850160086364143e+00,1.165932415337497030e+00,5.820243600388163019e-01,-3.202934276562357139e-06,-1.801842049402571354e-05,2.672576966065396157e-04,-4.932232758416425777e-02
1.428274100011128667e+01,7.526804860614724646e+00,1.091708891095104272e+00,1.191845835643921658e+00,5.999100811594830773e-01,1.021647884257886441e+00,1.093357656346218620e+00,1.513198083312095876e-01,1.015522056802059314e+00,1.076485102694969331e+00,1.108487585464152242e-01,1.081568818470104221e+00,1.165301197925114440e+00,5.825131539467968134e-01,-3.027326047145537146e-06,-1.702523034373842439e-05,2.645443430333056117e-04,-4.901868804114070666e-02
1.434377835481261876e+01,7.558970693352394576e+00,1.091284120589564921e+00,1.190917636152085235e+00,5.999167257850898105e-01,1.021849157275601661e+00,1.093455776916526290e+00,1.533491841575914116e-01,1.015685294677663331e+00,1.076581654690305090e+00,1.124931951431616672e-01,1.081288084798200266e+00,1.164673245461817164e+00,5.829891356162985039e-01,-2.863014994882595542e-06,-1.609791434663207442e-05,2.618277581902140206e-04,-4.871494404989535482e-02
1.440481570951394907e+01,7.591136526090064507e+00,1.090863317623419260e+00,1.189998512850410028e+00,5.999236219492281030e-01,1.022050098425402398e+00,1.093552789954998827e+00,1.553874925915623151e-01,1.015849132525465937e+00,1.076678658957700874e+00,1.141519165924995971e-01,1.081007989115736034e+00,1.164048563066590214e+00,5.834525771052446741e-01,-2.707626972658978644e-06,-1.522195605776866573e-05,2.590873740008097816e-04,-4.841043758700327299e-02
1.446585306421527939e+01,7.623302358827734437e+00,1.090445734130247368e+00,1.189086749898028650e+00,5.999265526297902218e-01,1.022250956292539703e+00,1.093649566535302764e+00,1.574364212059695400e-01,1.016012812981688551e+00,1.076774872026581287e+00,1.158194998689329319e-01,1.080728560353888090e+00,1.163427154937212382e+00,5.839037460824898496e-01,-2.559300619198205733e-06,-1.438636849538305941e-05,2.563427377006691666e-04,-4.810579829631262544e-02
1.452689041891660793e+01,7.655468191565403480e+00,1.090031712782426609e+00,1.188183126543546075e+00,5.999278784647346097e-01,1.022451454220666411e+00,1.093745321167996387e+00,1.594940345884404698e-01,1.016176907146066233e+00,1.076871250782738265e+00,1.175000787139472702e-01,1.080449826356177701e+00,1.162809024377748024e+00,5.843429058485313243e-01,-2.418623822466086479e-06,-1.359425580399145746e-05,2.535797242201663464e-04,-4.780058493769130668e-02
1.458792777361793824e+01,7.687634024303073410e+00,1.089622554790462994e+00,1.187290603853631277e+00,5.999358908378179533e-01,1.022651788710511545e+00,1.093840666066369316e+00,1.615616680575411301e-01,1.016341032167151104e+00,1.076967179584540135e+00,1.191908985003833354e-01,1.080171813904356792e+00,1.162194173825541466e+00,5.847703153583484470e-01,-2.287906960641058239e-06,-1.285809017310524428e-05,2.508106126755436731e-04,-4.749518758530447277e-02
1.464896512831926856e+01,7.719799857040743341e+00,1.089216479584208530e+00,1.186405110994908974e+00,5.999400132099446115e-01,1.022851756777398258e+00,1.093935092354606953e+00,1.636378810198361455e-01,1.016505303539218419e+00,1.077062866147291409e+00,1.208928079891668644e-01,1.079895002279737781e+00,1.161583252912092412e+00,5.851895511614335632e-01,-2.163235636998937280e-06,-1.215558105225752894e-05,2.480278294826749317e-04,-4.718937772527714847e-02
1.471000248302060065e+01,7.751965689778413271e+00,1.088813468342084478e+00,1.185526602604861868e+00,5.999403836485578401e-01,1.023051460718930050e+00,1.094028919210960238e+00,1.657233567578433875e-01,1.016669810639680316e+00,1.077158457226237154e+00,1.226064779505897095e-01,1.079619092303813144e+00,1.160975797311855073e+00,5.855985227424682638e-01,-2.044473264853287092e-06,-1.148587149214295453e-05,2.452377776060903959e-04,-4.688335917028726985e-02
1.477103983772193097e+01,7.784131522516083201e+00,1.088414840046201038e+00,1.184658077146805377e+00,5.999454787444883364e-01,1.023250813118740998e+00,1.094121948244187736e+00,1.678174512217548153e-01,1.016834180263688880e+00,1.077253385445956058e+00,1.243291736551706966e-01,1.079343973884588914e+00,1.160371615593523531e+00,5.859964995662156895e-01,-1.933825084513110491e-06,-1.086090854565773001e-05,2.424380513626325296e-04,-4.657706284951321218e-02
1.483207719242325950e+01,7.816297355253752244e+00,1.088019818500144398e+00,1.183797758310437320e+00,5.999508098376852283e-01,1.023449780521915597e+00,1.094214172137417895e+00,1.699198932208804136e-01,1.016999006867313371e+00,1.077348585488860477e+00,1.260652910252628711e-01,1.079069669667606757e+00,1.159770706896907422e+00,5.863837220446764809e-01,-1.829499910852847307e-06,-1.027061245327221832e-05,2.396305472464001945e-04,-4.627055940977300996e-02
1.489311454712458982e+01,7.848463187991422174e+00,1.087627732525162427e+00,1.182944115307275501e+00,5.999524556863236047e-01,1.023648432365746208e+00,1.094305736104233651e+00,1.720311392794416361e-01,1.017163396029043154e+00,1.077442689823365329e+00,1.278082115391009910e-01,1.078796201367909546e+00,1.159173069630243358e+00,5.867604264252851420e-01,-1.730164083526819358e-06,-9.707626963753002657e-06,2.368166680603575125e-04,-4.596388620666604780e-02
1.495415190182592013e+01,7.880629020729092105e+00,1.087238904684339813e+00,1.182097878316433981e+00,5.999526998057947980e-01,1.023846558543332952e+00,1.094396273656090379e+00,1.741496593494157863e-01,1.017328294535823519e+00,1.077537164947728554e+00,1.295649743441419921e-01,1.078523589793446646e+00,1.158578701493986118e+00,5.871268448239345128e-01,-1.636219837659195094e-06,-9.174111381181163048e-06,2.339951476825411077e-04,-4.565703349913289438e-02
1.501518925652725045e+01,7.912794853466762035e+00,1.086854504309149094e+00,1.181261695535479550e+00,5.999592469889518664e-01,1.024044425940194181e+00,1.094486305913169089e+00,1.762773161550575951e-01,1.017492809840018886e+00,1.077630661297337200e+00,1.313289251881631647e-01,1.078251854868098158e+00,1.157987599504119780e+00,5.874832052593980114e-01,-1.549167648741882157e-06,-8.678264812665677509e-06,2.311698656152957594e-04,-4.535009242319825579e-02
1.507622661122858254e+01,7.944960686204431966e+00,1.086472917679597749e+00,1.180431897074586400e+00,5.999621718395140579e-01,1.024241607625973494e+00,1.094575075388676488e+00,1.784110151689545509e-01,1.017657622902994774e+00,1.077724225024558891e+00,1.331051621505847105e-01,1.077981015654308594e+00,1.157399760014985457e+00,5.878297316890604973e-01,-1.466254345217270015e-06,-8.205100091879800441e-06,2.283377077800137760e-04,-4.504302520747167221e-02
1.513726396592991286e+01,7.977126518942101896e+00,1.086094128012343729e+00,1.179608442883991692e+00,5.999616000246879022e-01,1.024438607761452014e+00,1.094663510527492889e+00,1.805543318273027942e-01,1.017822281138744955e+00,1.077817182879601487e+00,1.348902870360976503e-01,1.077711541333800538e+00,1.156815815636287548e+00,5.881700571845053238e-01,-1.387365706497980784e-06,-7.754027163863540947e-06,2.255037295020010150e-04,-4.473592459470988880e-02
1.519830132063124317e+01,8.009292351679771826e+00,1.085719349637531028e+00,1.178794080718136073e+00,5.999655920448858648e-01,1.024634743224597910e+00,1.094750431931758694e+00,1.827023009709463630e-01,1.017986930928205247e+00,1.077909771364411018e+00,1.366853980401231128e-01,1.077443107600922767e+00,1.156235277017698238e+00,5.885018422624453960e-01,-1.313944310622478414e-06,-7.333113503154497644e-06,2.226642510215162576e-04,-4.442877662001324529e-02
1.525933867533257349e+01,8.041458184417441757e+00,1.085347857048169384e+00,1.177987159375078363e+00,5.999697919217831243e-01,1.024830761738131368e+00,1.094837151078585258e+00,1.848602798992940444e-01,1.018151669944602711e+00,1.078002138693937795e+00,1.384912396037731863e-01,1.077175616927490198e+00,1.155657977340839304e+00,5.888244380871507921e-01,-1.244692287842414919e-06,-6.935411563273507185e-06,2.198241277999764406e-04,-4.412162576839254169e-02
1.532037603003390025e+01,8.073624017155109911e+00,1.084979046915454104e+00,1.177186309668917019e+00,5.999705510995455571e-01,1.025025783592574458e+00,1.094922201014278729e+00,1.870218394608147150e-01,1.018316079164747423e+00,1.078093688943091211e+00,1.403046100998999179e-01,1.076909085054554627e+00,1.155083910487962662e+00,5.891380515808178897e-01,-1.178711995258782153e-06,-6.556037550349630261e-06,2.169806877457105599e-04,-4.381452788638372925e-02
1.538141338473523234e+01,8.105789849892779841e+00,1.084613223248468428e+00,1.176392216955029379e+00,5.999700799800390394e-01,1.025220636602894420e+00,1.095006979015736848e+00,1.891929520170017864e-01,1.018480836991547456e+00,1.078185414091566763e+00,1.421306967314483194e-01,1.076643526975203713e+00,1.154513069792729496e+00,5.894428858348567113e-01,-1.116249427832678114e-06,-6.196481143437143308e-06,2.141371155282842452e-04,-4.350745443899509818e-02
1.544245073943656266e+01,8.137955682630449772e+00,1.084251438918876875e+00,1.175607255453656075e+00,5.999755446618083576e-01,1.025414549961858768e+00,1.095090243648721984e+00,1.913679379064549824e-01,1.018644928961506047e+00,1.078275864030678655e+00,1.439616985141762839e-01,1.076378956954707533e+00,1.153945448060033963e+00,5.897391401513089049e-01,-1.058192948175929300e-06,-5.862099336659680571e-06,2.112928077964066926e-04,-4.320051697516078676e-02
1.550348809413789297e+01,8.170121515368119702e+00,1.083892228329114360e+00,1.174828107742423411e+00,5.999776218970176433e-01,1.025608139623961579e+00,1.095173004794743443e+00,1.935512562910603473e-01,1.018809436797729617e+00,1.078366601481817399e+00,1.458059397255201395e-01,1.076115388550286323e+00,1.153381037585379021e+00,5.900270100850213417e-01,-1.002758384242237422e-06,-5.542903343463362452e-06,2.084489462319231046e-04,-4.289365183842303725e-02
1.556452544883922329e+01,8.202287348105789633e+00,1.083535576492740349e+00,1.174054738360790884e+00,5.999764264378193435e-01,1.025800866716089166e+00,1.095254424275801997e+00,1.957388902829922672e-01,1.018973342595603127e+00,1.078456184301967102e+00,1.476555368394055767e-01,1.075852834630500521e+00,1.152819830173807292e+00,5.903066874865096070e-01,-9.498636357639555463e-07,-5.238495699972394325e-06,2.056062735902981179e-04,-4.258697943503959166e-02
1.562556280354055360e+01,8.234453180843459563e+00,1.083182603755168838e+00,1.173289671849586435e+00,5.999796316116825512e-01,1.025993097070917903e+00,1.095335094890160788e+00,1.979334811801754801e-01,1.019137430943526157e+00,1.078545738421185174e+00,1.495165645532441634e-01,1.075591752544210467e+00,1.152262439816339690e+00,5.905818384046291891e-01,-9.003967276961697898e-07,-4.954313106550895031e-06,2.027652061506263963e-04,-4.228045202425637777e-02
1.568660015824188392e+01,8.266619013581129494e+00,1.082832630878697078e+00,1.172531369802555457e+00,5.999830091908824325e-01,1.026184561556578778e+00,1.095414610902443187e+00,2.001329794096095016e-01,1.019301183402043787e+00,1.078634538943782140e+00,1.513849733043770296e-01,1.075331798489719271e+00,1.151708358851925018e+00,5.908499010547377805e-01,-8.535129259192388468e-07,-4.685621499448053996e-06,1.999266136100364354e-04,-4.197414816294770673e-02
1.574763751294321423e+01,8.298784846318799424e+00,1.082485114485162381e+00,1.171778604560294701e+00,5.999831617748144774e-01,1.026375338626890565e+00,1.095493119422082495e+00,2.023379052214296647e-01,1.019464777326113181e+00,1.078722850064929517e+00,1.532621288008929328e-01,1.075072888267526006e+00,1.151157444607075586e+00,5.911103157433438282e-01,-8.086597359481277402e-07,-4.429202974961282311e-06,1.970913438970033635e-04,-4.166808626707112218e-02
1.580867486764454632e+01,8.330950679056469355e+00,1.082140341462841215e+00,1.171032020469153112e+00,5.999822305617040774e-01,1.026565465661013254e+00,1.095570675232882651e+00,2.045484790744037662e-01,1.019628315900208415e+00,1.078810818759049939e+00,1.551488321329064501e-01,1.074815032120732816e+00,1.150609687097200018e+00,5.913632590045243553e-01,-7.659930689283746898e-07,-4.186095314581584023e-06,1.942592163281874442e-04,-4.136225317942191643e-02
1.586971222234587664e+01,8.363116511794139285e+00,1.081799261659559086e+00,1.170293751127987836e+00,5.999868869138186289e-01,1.026754697542669792e+00,1.095646952282924191e+00,2.067627991448409419e-01,1.019791341342807023e+00,1.078897828348340582e+00,1.570414458022825199e-01,1.074558239700009077e+00,1.150065075940045256e+00,5.916089039219134538e-01,-7.260585474696506537e-07,-3.959830794479765686e-06,1.914326646479232934e-04,-4.105678283042937804e-02
1.593074957704720696e+01,8.395282344531809215e+00,1.081460541163745015e+00,1.169560789864178441e+00,5.999883640201523205e-01,1.026943413834676244e+00,1.095722492792724934e+00,2.089836561433349171e-01,1.019954605917044343e+00,1.078984916267494487e+00,1.589459148865483840e-01,1.074302520080620660e+00,1.149523600371914700e+00,5.918474201739438723e-01,-6.877656151850095705e-07,-3.743765954125048327e-06,1.886093245662842318e-04,-4.075152141154011337e-02
1.599178693174853372e+01,8.427448177269477370e+00,1.081124166570807787e+00,1.168833105190026034e+00,5.999867669830072359e-01,1.027131010783254306e+00,1.095796471257066695e+00,2.112064279696505564e-01,1.020116989769936255e+00,1.079070566980474544e+00,1.608533070544934940e-01,1.074047881779105262e+00,1.148985249263485109e+00,5.920789740793787059e-01,-6.510689301227693283e-07,-3.537639979115570964e-06,1.857943247729867736e-04,-4.044676675859978227e-02
1.605282428644986581e+01,8.459614010007147300e+00,1.080791173687789986e+00,1.168113022353709729e+00,5.999894089997395152e-01,1.027318244654047641e+00,1.095869943045806760e+00,2.134367726494305062e-01,1.020279695017083377e+00,1.079156421795384180e+00,1.627731903460157004e-01,1.073794332769597570e+00,1.148450011135228266e+00,5.923037286430804516e-01,-6.165554123690124346e-07,-3.345157236353720169e-06,1.829820302918737905e-04,-4.014217648368094415e-02
1.611386164115119612e+01,8.491779842744817230e+00,1.080460925525621896e+00,1.167399104881512439e+00,5.999921842652955473e-01,1.027504119166679830e+00,1.095941558133225913e+00,2.156670530786059803e-01,1.020441590880220462e+00,1.079240961538987742e+00,1.646964835844444974e-01,1.073542317310724581e+00,1.147918480283234954e+00,5.925253629573273839e-01,-5.837108663987266202e-07,-3.163097053388406586e-06,1.801813269021919632e-04,-3.983825967226728437e-02
1.617489899585252644e+01,8.523945675482487161e+00,1.080132931762648241e+00,1.166690249414589875e+00,5.999919266359322600e-01,1.027689800602632264e+00,1.096012909503740751e+00,2.179060878585343253e-01,1.020603557046104504e+00,1.079325380590479888e+00,1.666302270880127001e-01,1.073291477125440041e+00,1.147390136599634181e+00,5.927411198804135584e-01,-5.521988169375263751e-07,-2.989330677863645078e-06,1.773822698552555630e-04,-3.953443851636307543e-02
1.623593635055385676e+01,8.556111508220157091e+00,1.079807463480812357e+00,1.165987062717698475e+00,5.999907118611267354e-01,1.027873867495003646e+00,1.096082098809428196e+00,2.201429342666163524e-01,1.020765014556503258e+00,1.079408909561330843e+00,1.685697273288564724e-01,1.073041741519496828e+00,1.146864860569983602e+00,5.929505331220790154e-01,-5.221420924886051926e-07,-2.824595022778283487e-06,1.745985154336642941e-04,-3.923147957247066775e-02
1.629697370525518707e+01,8.588277340957827022e+00,1.079485379210434415e+00,1.165291466450204982e+00,5.999947567109052970e-01,1.028057731238396277e+00,1.096151020856351632e+00,2.223883417862394796e-01,1.020926171038448516e+00,1.079491838520878266e+00,1.705166295826344436e-01,1.072793116425539317e+00,1.146342639479060121e+00,5.931537521552965320e-01,-4.939447298606745087e-07,-2.671259230966655458e-06,1.718168526515863629e-04,-3.892863602842518145e-02
1.635801105995651739e+01,8.620443173695496952e+00,1.079165462317672297e+00,1.164600728706050914e+00,5.999958085101549932e-01,1.028240104677340838e+00,1.096217983390496364e+00,2.246323317603091951e-01,1.021087132401728326e+00,1.079574310632216427e+00,1.724717725251202205e-01,1.072545607314075999e+00,1.145823460336262256e+00,5.933509233974596508e-01,-4.668956845433397587e-07,-2.524859427970710403e-06,1.690505724810043497e-04,-3.862664065298423294e-02
1.641904841465784770e+01,8.652609006433166883e+00,1.078847700789806074e+00,1.163914821445046544e+00,5.999939637932782954e-01,1.028422062394721781e+00,1.096284408524897280e+00,2.268831229741994637e-01,1.021247409773456738e+00,1.079655696537815679e+00,1.744311248782300927e-01,1.072299219207652365e+00,1.145307309888652814e+00,5.935421902562015850e-01,-4.409738924851838543e-07,-2.385223750920762101e-06,1.662888954154037200e-04,-3.832489520776802272e-02
1.648008576935917802e+01,8.684774839170836813e+00,1.078533054253652645e+00,1.163235891480714379e+00,5.999962007309757039e-01,1.028602683844865640e+00,1.096349106277960894e+00,2.291335082051677297e-01,1.021407817845046972e+00,1.079737066467277185e+00,1.764013371105953576e-01,1.072053956694700272e+00,1.144794174633646078e+00,5.937276931751755971e-01,-4.166332735954854505e-07,-2.254910333053026278e-06,1.635420142586857040e-04,-3.802395312133840383e-02
1.654112312406050833e+01,8.716940671908506744e+00,1.078220924330129282e+00,1.162562594678535843e+00,5.999985304618026261e-01,1.028782655869484808e+00,1.096412977709259273e+00,2.313887446771898115e-01,1.021567147916917495e+00,1.079816857769303695e+00,1.783724245642793749e-01,1.071809823943076667e+00,1.144284040831361038e+00,5.939075696797689874e-01,-3.935277870758043898e-07,-2.131697349509583361e-06,1.608027587340144556e-04,-3.772342058913242396e-02
1.660216047876183509e+01,8.749106504646174898e+00,1.077910867740039302e+00,1.161893937163499535e+00,5.999979998214813870e-01,1.028961462457707032e+00,1.096475366252337880e+00,2.336447306170375271e-01,1.021726705660604084e+00,1.079896771174789105e+00,1.803551270260866368e-01,1.071567251263504383e+00,1.143777482439469306e+00,5.940854952502846453e-01,-3.714230974058770501e-07,-2.014156170937933302e-06,1.580771879026596975e-04,-3.742362302865243767e-02
1.666319783346316896e+01,8.781272337383844828e+00,1.077603140960772476e+00,1.161230491199838788e+00,5.999966226780669709e-01,1.029139371661282665e+00,1.096536629746954983e+00,2.359034782387925411e-01,1.021885262120562521e+00,1.079975227597328669e+00,1.823392261760645727e-01,1.071325870289102200e+00,1.143273971931181521e+00,5.942585436356210282e-01,-3.504263701857956806e-07,-1.902811971151959967e-06,1.553626910626967395e-04,-3.712441575800234927e-02
1.672423518816449928e+01,8.813438170121514759e+00,1.077298521411071297e+00,1.160573991238414759e+00,6.000001977552330557e-01,1.029316302403695982e+00,1.096596666547725363e+00,2.381642722950250979e-01,1.022043781563048093e+00,1.080053477029767173e+00,1.843326936484700751e-01,1.071085623577354706e+00,1.142773411619539825e+00,5.944263436025049030e-01,-3.308623508572852098e-07,-1.799257807098697356e-06,1.526602687222541573e-04,-3.682585210842943824e-02
1.678527254286582959e+01,8.845604002859184689e+00,1.076995897107826616e+00,1.159921949025415344e+00,6.000009475931790126e-01,1.029492074251612488e+00,1.096655270470080268e+00,2.404256023668827902e-01,1.022201631117468867e+00,1.080130713731078274e+00,1.863302146014434446e-01,1.070846513737065742e+00,1.142275786970641915e+00,5.945890208942677946e-01,-3.121933880428129094e-07,-1.700455632339113510e-06,1.499727675856542242e-04,-3.652807989016453732e-02
1.684630989756715991e+01,8.877769835596854620e+00,1.076695257263500682e+00,1.159274339520127484e+00,5.999989610887506153e-01,1.029667070088926994e+00,1.096712914918691828e+00,2.426904146928513528e-01,1.022359047216939487e+00,1.080207251147466296e+00,1.883337192154501405e-01,1.070608543022446124e+00,1.141781083272576991e+00,5.947466985859162225e-01,-2.944049249879319650e-07,-1.606287265208273594e-06,1.472952578783052763e-04,-3.623083762444263140e-02
1.690734725226849022e+01,8.909935668334524550e+00,1.076397492720759796e+00,1.158633149333929691e+00,6.000009045764423954e-01,1.029840632690389501e+00,1.096768810267446437e+00,2.449534049777047917e-01,1.022516135813303473e+00,1.080283226276159025e+00,1.903440634873811432e-01,1.070371713344743014e+00,1.141289285645733065e+00,5.948994971283330102e-01,-2.778576008374027688e-07,-1.518515103543202433e-06,1.446368881536430671e-04,-3.593460760524595787e-02
1.696838460696982054e+01,8.942101501072194480e+00,1.076102040428384976e+00,1.157997118187652941e+00,6.000029006774942886e-01,1.030013636520131559e+00,1.096824023699449535e+00,2.472214492460431678e-01,1.022672384951005986e+00,1.080358005183406522e+00,1.923568739029726249e-01,1.070136026283587949e+00,1.140800379052804958e+00,5.950475343922322358e-01,-2.622712887970055326e-07,-1.435583591501809156e-06,1.419859804813975595e-04,-3.563877222781848542e-02
1.702942196167115085e+01,8.974267333809864411e+00,1.075808498901440036e+00,1.157365348911777891e+00,6.000021924867591228e-01,1.030184920673277826e+00,1.096877164139004712e+00,2.494851849942012201e-01,1.022828659373341331e+00,1.080432677799757046e+00,1.943794366439439147e-01,1.069901483098071315e+00,1.140314348308517634e+00,5.951909257118408458e-01,-2.474615773081435685e-07,-1.356526197422288812e-06,1.393587756373187666e-04,-3.534418882950420004e-02
1.709045931637248117e+01,9.006433166547534341e+00,1.075517111109574486e+00,1.156738382042405311e+00,6.000007353563493462e-01,1.030355877378862806e+00,1.096929909855317797e+00,2.517556791523419824e-01,1.022983679401573198e+00,1.080505653288732493e+00,1.964008188765678231e-01,1.069668499624279123e+00,1.139831746742684171e+00,5.953333292307275704e-01,-2.335095376496053358e-07,-1.281708564167972019e-06,1.367360841030625541e-04,-3.504984382340156635e-02
1.715149667107381148e+01,9.038598999285204272e+00,1.075228582268714872e+00,1.156117786207530029e+00,6.000039431750361363e-01,1.030524816610846717e+00,1.096980251742576851e+00,2.540192540961297984e-01,1.023138835713410799e+00,1.080578671681463598e+00,1.984328318555438342e-01,1.069436701167594039e+00,1.139352043648103274e+00,5.954716744631676217e-01,-2.206419390747082415e-07,-1.212178331757830293e-06,1.341419746884903478e-04,-3.475700866794063926e-02
1.721253402577514180e+01,9.070764832022874202e+00,1.074941893974348694e+00,1.155501289828809508e+00,6.000044780189257576e-01,1.030693498511930040e+00,1.097030289301608841e+00,2.562900068106709339e-01,1.023292817592501791e+00,1.080650112168626276e+00,2.004642076835549125e-01,1.069206042982744576e+00,1.138875161623599919e+00,5.956056848148731930e-01,-2.084400383494514739e-07,-1.145871696374923187e-06,1.315515709161198146e-04,-3.446436942877901394e-02
1.727357138047646856e+01,9.102930664760542356e+00,1.074657036518382958e+00,1.154888870482264629e+00,6.000024219508593992e-01,1.030860203689595078e+00,1.097077997432928331e+00,2.585539384197509949e-01,1.023446661732037022e+00,1.080721266385489487e+00,2.025037925311138909e-01,1.068976525162725899e+00,1.138401085035725124e+00,5.957354654877885514e-01,-1.968874134161714777e-07,-1.082704572036159084e-06,1.289898509005780601e-04,-3.417324728578420567e-02
1.733460873517780243e+01,9.135096497498212287e+00,1.074374838508628693e+00,1.154282370556057424e+00,6.000041508226173770e-01,1.031026465061944286e+00,1.097125188027099130e+00,2.608233883948626319e-01,1.023599689010789016e+00,1.080791301136608817e+00,2.045456876369514121e-01,1.068748147533507442e+00,1.137929798149194482e+00,5.958611193808156514e-01,-1.862310819792564293e-07,-1.023865766085426624e-06,1.264347070106815565e-04,-3.388247372556175280e-02
1.739564608987913275e+01,9.167262330235882217e+00,1.074094769265901306e+00,1.153680606109656059e+00,6.000058934007281852e-01,1.031190969924891121e+00,1.097170330293239404e+00,2.630875802049496004e-01,1.023752162491262219e+00,1.080860550141254040e+00,2.065921062836495181e-01,1.068520909663455809e+00,1.137461285134890643e+00,5.959827471310282787e-01,-1.762432175964763051e-07,-9.682722891277957445e-07,1.239055903586805342e-04,-3.359307979937193461e-02
1.745668344458046306e+01,9.199428162973552148e+00,1.073816464515044533e+00,1.153082765627870154e+00,6.000050737810166401e-01,1.031354750602326176e+00,1.097214636454703296e+00,2.653548429523963637e-01,1.023904185677808831e+00,1.080929142164726908e+00,2.086439011889920925e-01,1.068294810872516543e+00,1.136995530077621552e+00,5.961004471545058303e-01,-1.667873783297732376e-07,-9.152782377682330334e-07,1.213874024973251914e-04,-3.330426694551748973e-02
1.751772079928179338e+01,9.231593995711222078e+00,1.073540154717723683e+00,1.152489360416040665e+00,6.000035919568386111e-01,1.031517008205903307e+00,1.097257184159039722e+00,2.676185393879032537e-01,1.024055231626762597e+00,1.080996446601170557e+00,2.106964156998394344e-01,1.068069850241158969e+00,1.136532516983632668e+00,5.962143156867744098e-01,-1.579104734203874655e-07,-8.651304060821006359e-07,1.188921995687846066e-04,-3.301667617643180841e-02
1.757875815398312369e+01,9.263759828448892009e+00,1.073266480675194368e+00,1.151901811825299049e+00,6.000065071316111887e-01,1.031678250848351297e+00,1.097298571167391490e+00,2.698827420014274225e-01,1.024206202216169315e+00,1.081063559929624551e+00,2.127574872922243787e-01,1.067846428874011266e+00,1.136072778550174744e+00,5.963279823938314461e-01,-1.497346626480358725e-07,-8.184989726716201070e-07,1.164125604444466659e-04,-3.272991604933939841e-02
1.763979550868445401e+01,9.295925661186561939e+00,1.072994507842566225e+00,1.151318041498498923e+00,6.000068882872859888e-01,1.031838216332604974e+00,1.097338497634698706e+00,2.721451951375370992e-01,1.024355765410724928e+00,1.081128882144319237e+00,2.148153606513390212e-01,1.067624168923117178e+00,1.135615784404920614e+00,5.964382556242602273e-01,-1.419761004840974536e-07,-7.740094452359269245e-07,1.139525057549211609e-04,-3.244420114575132658e-02
1.770083286338578432e+01,9.328091493924231870e+00,1.072724227464022295e+00,1.150738029300792942e+00,6.000048113496545543e-01,1.031996866444632621e+00,1.097376933523471321e+00,2.744054771405189386e-01,1.024505377228982939e+00,1.081194172064491310e+00,2.168827932922237078e-01,1.067403037587688397e+00,1.135161475784554508e+00,5.965449514120904073e-01,-1.346192747215624702e-07,-7.316034307448862412e-07,1.115129049785558646e-04,-3.215958270909617667e-02
1.776187021808711464e+01,9.360257326661901800e+00,1.072456411718237357e+00,1.150163487438151888e+00,6.000063813063098994e-01,1.032154497044956099e+00,1.097414214102566010e+00,2.766659473341904762e-01,1.024653662811473520e+00,1.081257785915770819e+00,2.189475796289364062e-01,1.067183033097955258e+00,1.134709836512784120e+00,5.966481573716658771e-01,-1.278004681961856385e-07,-6.920676566150679948e-07,1.090891575123477137e-04,-3.187581411619602734e-02
1.782290757278844495e+01,9.392423159399571730e+00,1.072190559638333429e+00,1.149593301635554177e+00,6.000079279264940446e-01,1.032310502989541634e+00,1.097449669661259675e+00,2.789214614910968670e-01,1.024801717883015550e+00,1.081321042261205179e+00,2.210193627376796643e-01,1.066964153487530487e+00,1.134260850369959828e+00,5.967479591491371416e-01,-1.213660632252694909e-07,-6.546676015926464586e-07,1.066909821505897081e-04,-3.159342323298147681e-02
1.788394492748977527e+01,9.424588992137241661e+00,1.071926340148906753e+00,1.149026736447825048e+00,6.000070424056637153e-01,1.032465758044379900e+00,1.097484281724882216e+00,2.811792179891063892e-01,1.024948825548708919e+00,1.081383089861832847e+00,2.230917110593305663e-01,1.066746396600953162e+00,1.133814501099172700e+00,5.968444404599179132e-01,-1.152333045470892777e-07,-6.189820579891508335e-07,1.043046258041460759e-04,-3.131166910502124895e-02
1.794498228219110203e+01,9.456754824874909815e+00,1.071663972114603514e+00,1.148464276202389778e+00,6.000055723299390076e-01,1.032619071052003124e+00,1.097516730496607140e+00,2.834291310799599839e-01,1.025095272690499604e+00,1.081444279091467120e+00,2.251671118988842479e-01,1.066529760101028845e+00,1.133370772412147787e+00,5.969376831256938409e-01,-1.094239620868089215e-07,-5.851772833505474377e-07,1.019491611373862940e-04,-3.103158849931117458e-02
1.800601963689243235e+01,9.488920657612579745e+00,1.071404038743360543e+00,1.147907211104213676e+00,6.000082495835868945e-01,1.032771912007663495e+00,1.097548653438589650e+00,2.856834526034829902e-01,1.025241158144372999e+00,1.081504728761252698e+00,2.272463946027434845e-01,1.066314241475970537e+00,1.132929647994939115e+00,5.970277671109766038e-01,-1.039930762829074241e-07,-5.536833282334021199e-07,9.960120528808482775e-05,-3.075191467540179871e-02
1.806705699159376621e+01,9.521086490350249676e+00,1.071145680806625089e+00,1.147353635568165275e+00,6.000085202561196152e-01,1.032922486180807953e+00,1.097578071713408043e+00,2.879269461607478764e-01,1.025385947922385910e+00,1.081563819092029144e+00,2.293246839496888290e-01,1.066100227058697003e+00,1.132491640132155419e+00,5.971182847133827964e-01,-9.878402752396622831e-08,-5.236014322108231753e-07,9.728963576479653108e-05,-3.047422389968061640e-02
1.812809434629509653e+01,9.553252323087919606e+00,1.070888890390112591e+00,1.146803531467613269e+00,6.000064547443353380e-01,1.033072763371855052e+00,1.097607162812739956e+00,2.901761598770724038e-01,1.025530567969154427e+00,1.081622640252402290e+00,2.314102724296657476e-01,1.065887338484597269e+00,1.132056221654555994e+00,5.972059441375298094e-01,-9.378749534013770049e-08,-4.948937970955334208e-07,9.498284757714410976e-05,-3.019679435029726938e-02
1.818913170099642684e+01,9.585418155825589537e+00,1.070634388398047587e+00,1.146258493198516026e+00,6.000079051793724139e-01,1.033220668906592143e+00,1.097633653747254190e+00,2.924133924733891554e-01,1.025673652721009077e+00,1.081679601669681912e+00,2.334907252940406075e-01,1.065675554025972582e+00,1.131623350759863866e+00,5.972906508571599327e-01,-8.907377138389674297e-08,-4.680865380354261401e-07,9.271442633839193823e-05,-2.992146929117572851e-02
1.825016905569775716e+01,9.617583988563259467e+00,1.070381701182574030e+00,1.145717470213953204e+00,6.000092974265482937e-01,1.033368156309152353e+00,1.097659689709314046e+00,2.946551478294204829e-01,1.025816703346387859e+00,1.081736460595741134e+00,2.355796002661874611e-01,1.065464870571437572e+00,1.131193011151234495e+00,5.973724775690547606e-01,-8.456198104659040902e-08,-4.426912151103888433e-07,9.045281403065444153e-05,-2.964652027595320732e-02
1.831120641039908747e+01,9.649749821300929398e+00,1.070130527354406391e+00,1.145179794802656748e+00,6.000083771235978913e-01,1.033513544736652801e+00,1.097683441762393297e+00,2.968869824407392999e-01,1.025958299139506202e+00,1.081791569121957952e+00,2.376638868031910046e-01,1.065255284868916519e+00,1.130765186532421529e+00,5.974514953020609864e-01,-8.021086192633832741e-08,-4.184355895448200821e-07,8.822538176733775721e-05,-2.937345895751376432e-02
1.837224376510041779e+01,9.681915654038599328e+00,1.069881075011451799e+00,1.144645926349650678e+00,6.000069422033269539e-01,1.033658202952556282e+00,1.097706405052913725e+00,2.991204962981215409e-01,1.026099580625976948e+00,1.081846257677480994e+00,2.397539287136695174e-01,1.065046793531611247e+00,1.130339860612316061e+00,5.975277734504590432e-01,-7.603433959294073494e-08,-3.954364679127362819e-07,8.600990593923128920e-05,-2.910106275097653142e-02
1.843328111980174810e+01,9.714081486776269259e+00,1.069633875755235719e+00,1.144117037984404783e+00,6.000094220797325129e-01,1.033801044142774295e+00,1.097727405622169083e+00,3.013462563017775819e-01,1.026239802176966975e+00,1.081899666653947545e+00,2.418428250280087732e-01,1.064839393043802263e+00,1.129917017109328681e+00,5.976013798068618987e-01,-7.206948713941560264e-08,-3.739823727152871295e-07,8.382418196658321559e-05,-2.883032157897345155e-02
1.849431847450307842e+01,9.746247319513939189e+00,1.069388138150078049e+00,1.143591379013327636e+00,6.000096127493532716e-01,1.033942836628818362e+00,1.097747281401802555e+00,3.035707624747324140e-01,1.026379271147290995e+00,1.081952159053225726e+00,2.439333208616342452e-01,1.064633079766482027e+00,1.129496639755603882e+00,5.976723805946408952e-01,-6.823537844214824372e-08,-3.534800863059236377e-07,8.165570686668834131e-05,-2.856054721543560895e-02
1.855535582920440874e+01,9.778413152251609120e+00,1.069143855026724266e+00,1.143068933076455185e+00,6.000075796122507077e-01,1.034083102542254551e+00,1.097765519853131977e+00,3.057897831808698008e-01,1.026518079809363160e+00,1.082003842391282777e+00,2.460262033849878460e-01,1.064428225391211180e+00,1.129079220816282092e+00,5.977443237890519567e-01,-6.452934820530373995e-08,-3.339062508649997925e-07,7.951234052226075952e-05,-2.829218021095738361e-02
1.861639318390573550e+01,9.810578984989277274e+00,1.068901700599375504e+00,1.142551187690874936e+00,6.000089384638763734e-01,1.034221995595895782e+00,1.097782295953253495e+00,3.080045330035792728e-01,1.026655694714648570e+00,1.082054114633596686e+00,2.481164466990285478e-01,1.064224453192810449e+00,1.128664238625569860e+00,5.978138363293549196e-01,-6.100499009316094463e-08,-3.156265262133061621e-07,7.739163575191380549e-05,-2.802509347553415464e-02
1.867743053860706581e+01,9.842744817726947204e+00,1.068661226383922580e+00,1.142037150742156060e+00,6.000102066118065958e-01,1.034359660272333059e+00,1.097797763603018284e+00,3.102161620928219343e-01,1.026793053016304524e+00,1.082104047389352397e+00,2.502126933146220367e-01,1.064021751586827325e+00,1.128251666692118516e+00,5.978809091114613006e-01,-5.762119234588170716e-08,-2.983104924999779397e-07,7.529120760493944605e-05,-2.775915227101495575e-02
1.873846789330839613e+01,9.874910650464617135e+00,1.068422157592483046e+00,1.141526214981690268e+00,6.000092726112571384e-01,1.034495623013415466e+00,1.097811430497849017e+00,3.124204249475941997e-01,1.026928774146547596e+00,1.082152077258462297e+00,2.523019848756177796e-01,1.063820116531001947e+00,1.127841488911367707e+00,5.979456022816903582e-01,-5.435467523129193324e-08,-2.817774746777989091e-07,7.321894996724293339e-05,-2.749481569575479983e-02
1.879950524800973000e+01,9.907076483202287065e+00,1.068184692313151052e+00,1.141018816694089555e+00,6.000078873060773477e-01,1.034630662558222891e+00,1.097824120592801656e+00,3.146240228834938368e-01,1.027064384266626051e+00,1.082199940230238910e+00,2.543985170272938245e-01,1.063619543886271668e+00,1.127433689211563728e+00,5.980079745829742777e-01,-5.122165528345232263e-08,-2.661130551656777483e-07,7.116197311512230124e-05,-2.723134953413871781e-02
1.886054260271106031e+01,9.939242315939956995e+00,1.067949315806499655e+00,1.140516024241676085e+00,6.000102002152321035e-01,1.034763666906874491e+00,1.097834671367992954e+00,3.168170866896942717e-01,1.027198435295725076e+00,1.082246002700152365e+00,2.564886238110513639e-01,1.063420029421438207e+00,1.127028251557052441e+00,5.980680833841125477e-01,-4.826358350079799686e-08,-2.515180259704458601e-07,6.913874859918520534e-05,-2.696982239915137608e-02
1.892157995741239063e+01,9.971408148677626926e+00,1.067715297791713258e+00,1.140016226143952593e+00,6.000103324153374107e-01,1.034896059474967212e+00,1.097844579063038895e+00,3.190120271059852519e-01,1.027332097900014451e+00,1.082291591939345432e+00,2.585832379094724076e-01,1.063221568817698248e+00,1.126625159951443855e+00,5.981259847085637071e-01,-4.542047941106544952e-08,-2.375863245592567375e-07,6.712567004536113306e-05,-2.670887813613485526e-02
1.898261731211372094e+01,1.000357398141529686e+01,1.067482631760445111e+00,1.139519407599420164e+00,6.000083447775900192e-01,1.035026080125811099e+00,1.097852009380854366e+00,3.211931987698731783e-01,1.027464607065216029e+00,1.082335849663097038e+00,2.606750627732845604e-01,1.063024159874728536e+00,1.126224401415607312e+00,5.981817541597220789e-01,-4.269229119764264402e-08,-2.243026236399648931e-07,6.515197593579912080e-05,-2.645021647558174274e-02
1.904365466681505126e+01,1.003573981415296679e+01,1.067251949321687654e+00,1.139026958930230427e+00,6.000096319179147875e-01,1.035155779112278962e+00,1.097859103907031342e+00,3.233786307657046111e-01,1.027596286846159890e+00,1.082379147183195389e+00,2.627670783923196640e-01,1.062828153299515188e+00,1.125826439793434330e+00,5.982388273948424651e-01,-4.013462492754075641e-08,-2.119267861016818124e-07,6.318362313067849370e-05,-2.619186461626075296e-02
1.910469202151638157e+01,1.006790564689063672e+01,1.067022825212562198e+00,1.138537941720310309e+00,6.000107981958329173e-01,1.035282820296165918e+00,1.097863439775972783e+00,3.255474746581442647e-01,1.027727221420480230e+00,1.082421579779972554e+00,2.648600129253333435e-01,1.062633182346043537e+00,1.125430769657593588e+00,5.982938295243195315e-01,-3.771247727027574983e-08,-2.002249956079360500e-07,6.125942514491835200e-05,-2.593609519766031449e-02
1.916572937621771189e+01,1.010007147962830665e+01,1.066795008533039102e+00,1.138051802823599967e+00,6.000098645881192239e-01,1.035409508991738559e+00,1.097867412018236344e+00,3.277201246399914503e-01,1.027856884925964165e+00,1.082462569359656568e+00,2.669487588777336162e-01,1.062439242427320796e+00,1.125037375267589956e+00,5.983468114090407797e-01,-3.540437596966344022e-08,-1.890725864924790594e-07,5.934108249082551735e-05,-2.568067145370214049e-02
1.922676673091903865e+01,1.013223731236597480e+01,1.066568688052123681e+00,1.137568957094192701e+00,6.000085372368203496e-01,1.035533849767072745e+00,1.097868962147758864e+00,3.298786614637007064e-01,1.027986213397676041e+00,1.082503157604434829e+00,2.690421983394191141e-01,1.062246328889838942e+00,1.124646240936172825e+00,5.983978227104989056e-01,-3.322716599638914849e-08,-1.785312631354824701e-07,5.746174212750388376e-05,-2.542755024419904308e-02
1.928780408562036897e+01,1.016440314510364473e+01,1.066344307331153596e+00,1.137090378924600964e+00,6.000107062990520657e-01,1.035657509036838952e+00,1.097869813458298704e+00,3.320378805167934488e-01,1.028113829030407489e+00,1.082541824777213169e+00,2.711270132175624403e-01,1.062054437017297515e+00,1.124257351031747953e+00,5.984469119165515272e-01,-3.121926379261671610e-08,-1.687370479868914235e-07,5.559371444023689823e-05,-2.517510334347771925e-02
1.934884144032169928e+01,1.019656897784131466e+01,1.066121191375315913e+00,1.136614582261313622e+00,6.000107952622844021e-01,1.035779135552320263e+00,1.097868580373131175e+00,3.341855405807465096e-01,1.028241263365245795e+00,1.082580267014926934e+00,2.732178634642539183e-01,1.061863562034211617e+00,1.123870689980683624e+00,5.984941263667333811e-01,-2.932058415996183928e-08,-1.594058429492508194e-07,5.375942953042762881e-05,-2.492466773089472079e-02
1.940987879502302960e+01,1.022873481057898459e+01,1.065899334263835874e+00,1.136141553681428551e+00,6.000088608823334058e-01,1.035899748925279917e+00,1.097866314542237820e+00,3.363307000191693152e-01,1.028367059122720306e+00,1.082616882642353895e+00,2.753005896716274048e-01,1.061673699109404900e+00,1.123486242269513102e+00,5.985395122771343113e-01,-2.752993472341392598e-08,-1.505262010303756556e-07,5.194194071477357819e-05,-2.467524320863559786e-02
1.947091614972436346e+01,1.026090064331665452e+01,1.065679328647927804e+00,1.135672594914531652e+00,6.000100905102971893e-01,1.036018649266727376e+00,1.097862302534538426e+00,3.384669282715891403e-01,1.028492402409348694e+00,1.082652981145029392e+00,2.773865891083172053e-01,1.061484854226024677e+00,1.123104007095890200e+00,5.985832205564763919e-01,-2.589498624324003951e-08,-1.422773675183450731e-07,5.015285090316123527e-05,-2.442752824801196904e-02
1.953195350442569378e+01,1.029306647605432445e+01,1.065460770732690854e+00,1.135206817000160351e+00,6.000111714275241370e-01,1.036136202895638680e+00,1.097856925742680678e+00,3.405974199200905161e-01,1.028616518236932453e+00,1.082687715043793464e+00,2.794682518311564778e-01,1.061297338077315633e+00,1.122724394402676129e+00,5.986283786355951486e-01,-2.437724373328843496e-08,-1.344909375982371289e-07,4.838604649299519788e-05,-2.418116847229988958e-02
1.959299085912702409e+01,1.032523230879199438e+01,1.065243431113570560e+00,1.134743715316028689e+00,6.000102474652037055e-01,1.036252367057685309e+00,1.097850140838612321e+00,3.427216761876911710e-01,1.028739743279565744e+00,1.082721459470979530e+00,2.815487636850934061e-01,1.061110814657153734e+00,1.122346942490683785e+00,5.986718164857096625e-01,-2.295556485495250732e-08,-1.270808214628565854e-07,4.664223498298246553e-05,-2.393620690480206467e-02
1.965402821382835441e+01,1.035739814152966431e+01,1.065027489871478439e+00,1.134283684802282144e+00,6.000089822858486466e-01,1.036366849676053858e+00,1.097841661605948538e+00,3.448369126263709505e-01,1.028862152472889369e+00,1.082754296933626570e+00,2.836287795069909468e-01,1.060925278985793474e+00,1.121971636176028575e+00,5.987135760610750035e-01,-2.164129922392109165e-08,-1.200884292995759170e-07,4.492618475328098233e-05,-2.369295110611073507e-02
1.971506556852968473e+01,1.038956397426733425e+01,1.064813352969561144e+00,1.133827615379111586e+00,6.000110253818741191e-01,1.036480269532117360e+00,1.097832111530708588e+00,3.469486718295140548e-01,1.028983233910739425e+00,1.082785678648692018e+00,2.857031784691314580e-01,1.060740726043859272e+00,1.121598460344365833e+00,5.987536983173911143e-01,-2.045647745720015609e-08,-1.135988758961381539e-07,4.322768009355184622e-05,-2.345077338039066109e-02
1.977610292323101504e+01,1.042172980700500418e+01,1.064600395498508600e+00,1.133374134264046429e+00,6.000110819335708889e-01,1.036591672408490927e+00,1.097820540664190991e+00,3.490480866019838868e-01,1.029103910987837045e+00,1.082816606105518442e+00,2.877809695820087721e-01,1.060557150775188751e+00,1.121227399952505976e+00,5.987922232338750428e-01,-1.935044707550512715e-08,-1.074188027217073953e-07,4.156238073485070330e-05,-2.321065768496143392e-02
1.983714027793234536e+01,1.045389563974267411e+01,1.064388612061007988e+00,1.132923229256876052e+00,6.000092049473991773e-01,1.036702341679113681e+00,1.097808234805590644e+00,3.511468389460513650e-01,1.029222825284567877e+00,1.082845618156750289e+00,2.898486422437397958e-01,1.060374548089584090e+00,1.120858440029949721e+00,5.988291898349255016e-01,-1.832043948353327327e-08,-1.015394187441715966e-07,3.990915864193574954e-05,-2.297129198086222610e-02
1.989817763263367212e+01,1.048606147248034226e+01,1.064178559613845998e+00,1.132476121155855164e+00,6.000103872917107450e-01,1.036810658568843024e+00,1.097793585343823874e+00,3.532298867317409385e-01,1.029341495099419301e+00,1.082874353977590465e+00,2.919211407476470233e-01,1.060192912865470349e+00,1.120491565680341584e+00,5.988646362113855259e-01,-1.739328324941047907e-08,-9.607687200130814267e-08,3.829453648796743675e-05,-2.273434944775627048e-02
1.995921498733500243e+01,1.051822730521801219e+01,1.063969854244970925e+00,1.132031966644280407e+00,6.000113952899125414e-01,1.036918572788495085e+00,1.097778534714512144e+00,3.553151378750795120e-01,1.029458471415826359e+00,1.082901260270016319e+00,2.939839820933695114e-01,1.060012258403327357e+00,1.120126786907239547e+00,5.988987836737561521e-01,-1.653692639185175892e-08,-9.091490588024202867e-08,3.668652169951422377e-05,-2.249782170226124339e-02
2.002025234203633275e+01,1.055039313795568212e+01,1.063762285931422413e+00,1.131590304716977524e+00,6.000104868985947082e-01,1.037023799883125319e+00,1.097760821870534587e+00,3.573812946263926760e-01,1.029574941399981292e+00,1.082927614824729101e+00,2.960488949142807691e-01,1.059832859056871079e+00,1.119764464928876491e+00,5.989344683320259044e-01,-1.573629150449873893e-08,-8.599705219144371569e-08,3.512243549896134937e-05,-2.226408236390625683e-02
2.008128969673766306e+01,1.058255897069335205e+01,1.063556026642957786e+00,1.131151511779773022e+00,6.000092853685035088e-01,1.037128694437725152e+00,1.097742781000890622e+00,3.594501208308721885e-01,1.029690129335433024e+00,1.082952590030558326e+00,2.981080441592201535e-01,1.059654407379269303e+00,1.119404178321443455e+00,5.989687181351568412e-01,-1.499525445208402082e-08,-8.134940740621692758e-08,3.356376784399945306e-05,-2.203069005157668597e-02
2.014232705143899338e+01,1.061472480343102198e+01,1.063351448375849495e+00,1.130716401656566061e+00,6.000112165727199409e-01,1.037231092240024521e+00,1.097722280171107956e+00,3.615013288703687322e-01,1.029804380247807405e+00,1.082976560299082402e+00,3.001647872583936283e-01,1.059476898190199856e+00,1.119045912565039824e+00,5.990015676760718222e-01,-1.431903754445200229e-08,-7.702240545131805354e-08,3.204574737603089086e-05,-2.179990720527812120e-02
2.020336440614032725e+01,1.064689063616869191e+01,1.063147971688244153e+00,1.130283704088984598e+00,6.000112484343539387e-01,1.037332895714762726e+00,1.097701196981952787e+00,3.635525777585977281e-01,1.029917759070458683e+00,1.082999595215996091e+00,3.022196943577925010e-01,1.059300326289999594e+00,1.118689653219725466e+00,5.990330507199423948e-01,-1.367911735366799986e-08,-7.289205169379269782e-08,3.053735852142400420e-05,-2.156974986626080532e-02
2.026440176084165756e+01,1.067905646890636184e+01,1.062945591650202859e+00,1.129853407964067857e+00,6.000094305360053060e-01,1.037432535600058214e+00,1.097677993772336436e+00,3.655890452133533919e-01,1.030029773442855179e+00,1.083021179785288890e+00,3.042676969165363787e-01,1.059124686461807352e+00,1.118335385926527259e+00,5.990632002229292485e-01,-1.307298763037925522e-08,-6.895237553087712351e-08,2.906403258219577613e-05,-2.134186962330705123e-02
2.032543911554298788e+01,1.071122230164403177e+01,1.062744832449983079e+00,1.129426659989305914e+00,6.000105730164053686e-01,1.037531249502493536e+00,1.097653888176262749e+00,3.676222412862142352e-01,1.030141323621190041e+00,1.083042266305372925e+00,3.063178190621881347e-01,1.058949973473628070e+00,1.117983096408376564e+00,5.990920483505512983e-01,-1.250847204238326401e-08,-6.527649653472343683e-08,2.760563882338960077e-05,-2.111497060435576362e-02
2.038647647024431819e+01,1.074338813438170170e+01,1.062545328623230034e+00,1.129002659059165747e+00,6.000115176043047116e-01,1.037628133901601801e+00,1.097627999697268653e+00,3.696435367070296518e-01,1.030251085739267269e+00,1.083061465343444940e+00,3.083565238114582274e-01,1.058776182080327422e+00,1.117632770470989412e+00,5.991196264956951678e-01,-1.196923222058864861e-08,-6.178957286161370157e-08,2.617674720219045233e-05,-2.089001023098241080e-02
2.044751382494564851e+01,1.077555396711937163e+01,1.062346887656757888e+00,1.128580983458812970e+00,6.000106284096289322e-01,1.037723761992081606e+00,1.097600893578024150e+00,3.716582259720549453e-01,1.030360547593815346e+00,1.083080343782056865e+00,3.103988583287293213e-01,1.058603332080945814e+00,1.117284427659411383e+00,5.991462214565097533e-01,-1.144886098891401046e-08,-5.845672959306708672e-08,2.476800667388148329e-05,-2.066639001011817689e-02
2.050855117964697527e+01,1.080771979985703979e+01,1.062149673937530237e+00,1.128161992317235240e+00,6.000094901978835216e-01,1.037817894964043308e+00,1.097572338359055877e+00,3.736639337884356538e-01,1.030468284817916524e+00,1.083097411671247734e+00,3.124301892721502716e-01,1.058431664910116421e+00,1.116938385221606156e+00,5.991743951605532637e-01,-1.094737845070509807e-08,-5.529504369151298350e-08,2.338324773054838537e-05,-2.044436468941411220e-02
2.056958853434830559e+01,1.083988563259470972e+01,1.061954028718002485e+00,1.127746430768423513e+00,6.000113207880273247e-01,1.037910443196661481e+00,1.097542255507158115e+00,3.756596837528663468e-01,1.030575471895452067e+00,1.083113902192286648e+00,3.144624380664907681e-01,1.058260899542657674e+00,1.116594258727663602e+00,5.992013656167358704e-01,-1.046399986369857355e-08,-5.233659212060562963e-08,2.202376327050723881e-05,-2.022404092959211724e-02
2.063062588904963590e+01,1.087205146533237965e+01,1.061759413913730521e+00,1.127333121551803208e+00,6.000113334924790376e-01,1.038001830388312730e+00,1.097511053452648433e+00,3.776494043113127197e-01,1.030681341256304728e+00,1.083129016063965055e+00,3.164876366165436106e-01,1.058091030740846428e+00,1.116252034386146619e+00,5.992271613618411763e-01,-9.990014899726418521e-09,-4.950409296848933970e-08,2.068279586857336532e-05,-2.000496379868682215e-02
2.069166324375096622e+01,1.090421729807004958e+01,1.061565825013016884e+00,1.126922054523699757e+00,6.000095747606722929e-01,1.038091306850376094e+00,1.097478019499802171e+00,3.796258039448014432e-01,1.030786241941300085e+00,1.083143122497473021e+00,3.185092753950120037e-01,1.057922053262670303e+00,1.115911698491518722e+00,5.992518102488905152e-01,-9.524557952804888193e-09,-4.679418275414163693e-08,1.937211788115884446e-05,-1.978795140396069283e-02
2.075270059845229653e+01,1.093638313080771951e+01,1.061373756064839302e+00,1.126514308424149791e+00,6.000106828240852064e-01,1.038179955455044823e+00,1.097444191844595407e+00,3.815991535270497059e-01,1.030890228495930483e+00,1.083156278372344739e+00,3.205278316969123464e-01,1.057753961863413084e+00,1.115573237424684505e+00,5.992753394629226626e-01,-9.069273138846692243e-09,-4.425611430131847072e-08,1.807456331840377452e-05,-1.957183359270931594e-02
2.081373795315362685e+01,1.096854896354538944e+01,1.061182858750524538e+00,1.126109121260008283e+00,6.000115714070383133e-01,1.038266370305205744e+00,1.097408234197064125e+00,3.835558131950108640e-01,1.030992832848599550e+00,1.083168006029849417e+00,3.225383506683218715e-01,1.057586751297178163e+00,1.115236637653476803e+00,5.992977755364480297e-01,-8.620625748398201686e-09,-4.184255929351682273e-08,1.681219263058147657e-05,-1.935814476670831563e-02
2.087477530785495716e+01,1.100071479628305937e+01,1.060992956405322651e+00,1.125706106781399374e+00,6.000107034812897089e-01,1.038352289020616936e+00,1.097371803461193895e+00,3.855124240167177585e-01,1.031094922807238579e+00,1.083179200958571897e+00,3.245497634080988791e-01,1.057420416318356260e+00,1.114901885733103004e+00,5.993191443645884409e-01,-8.177525454207497804e-09,-3.953179573622457063e-08,1.555763656291158129e-05,-1.914499543776736895e-02
2.093581266255629103e+01,1.103288062902072930e+01,1.060804206317894183e+00,1.125305607988588807e+00,6.000096271231105671e-01,1.038435654425826193e+00,1.097332951232284026e+00,3.874489753853720964e-01,1.031195222537577116e+00,1.083188556601598185e+00,3.265486675067343914e-01,1.057254982461728332e+00,1.114569009594502669e+00,5.993397934083447565e-01,-7.740745028580791913e-09,-3.733664428950801086e-08,1.434302726589806737e-05,-1.893463974430302857e-02
2.099685001725762135e+01,1.106504646175839923e+01,1.060616921863652085e+00,1.124908307890571724e+00,6.000113663293726862e-01,1.038518692649651243e+00,1.097293789542514997e+00,3.893869307070885188e-01,1.031295173732396764e+00,1.083197554214387459e+00,3.285500345615767204e-01,1.057090661399203935e+00,1.114238286855716131e+00,5.993620273925623909e-01,-7.312824304296946141e-09,-3.528091184645384620e-08,1.313351901577884739e-05,-1.872464309727465970e-02
2.105788737195895166e+01,1.109721229449606916e+01,1.060430602649277798e+00,1.124513113758582206e+00,6.000113638878873390e-01,1.038599183482743493e+00,1.097252225117041347e+00,3.913045914900320499e-01,1.031393391692762229e+00,1.083204780457946992e+00,3.305392532449885623e-01,1.056927196468910202e+00,1.113909366995473826e+00,5.993832458218456560e-01,-6.891677024788164639e-09,-3.331329713170512051e-08,1.196358389066507154e-05,-1.851745056011103174e-02
2.111892472666028198e+01,1.112937812723373909e+01,1.060245244538111420e+00,1.124120016315134141e+00,6.000096633745766184e-01,1.038679189411430892e+00,1.097210205820515538e+00,3.932219389757489747e-01,1.031490716346599390e+00,1.083211099672482858e+00,3.325250340562220797e-01,1.056764582480220316e+00,1.113582236982860296e+00,5.994034722700367634e-01,-6.477719443650727956e-09,-3.143202762674509378e-08,1.080112611319100506e-05,-1.831079499193644794e-02
2.117996208136160874e+01,1.116154395997140725e+01,1.060061313807136640e+00,1.123730031826903897e+00,6.000107410878283698e-01,1.038756985043938652e+00,1.097166113126143427e+00,3.951219993884317883e-01,1.031586025950071317e+00,1.083215373822244532e+00,3.344954159617062883e-01,1.056602814249150146e+00,1.113256883875437309e+00,5.994227297476780736e-01,-6.076376518143049698e-09,-2.967407333571913464e-08,9.672751657619567574e-06,-1.810658704125770249e-02
2.124099943606293905e+01,1.119370979270907718e+01,1.059878478099909094e+00,1.123342434609193141e+00,6.000115795504356031e-01,1.038833975151618239e+00,1.097121268945588479e+00,3.970184187397297060e-01,1.031681360314190998e+00,1.083219672732654182e+00,3.364718782837183841e-01,1.056441886599505331e+00,1.112933294819434149e+00,5.994410407152107600e-01,-5.686813454833934306e-09,-2.800659276822337021e-08,8.556703135681053242e-06,-1.790327637360738730e-02
2.130203679076426937e+01,1.122587562544674711e+01,1.059696575122430540e+00,1.122956870486719883e+00,6.000107339186780964e-01,1.038909089865255542e+00,1.097074675181828995e+00,3.989005736355260567e-01,1.031776719438958656e+00,1.083223996403711809e+00,3.384544232892448545e-01,1.056281794363982396e+00,1.112611457049905495e+00,5.994584270958903671e-01,-5.308232990621489190e-09,-2.641454656784899144e-08,7.469351410783352730e-06,-1.770205472815383763e-02
2.136307414546559968e+01,1.125804145818441704e+01,1.059515755509836454e+00,1.122573667381033147e+00,6.000097172543819024e-01,1.038983082418100112e+00,1.097027040318009350e+00,4.007757653658983177e-01,1.031869300552054947e+00,1.083225524767279069e+00,3.404131153288377232e-01,1.056122532385225021e+00,1.112291357890851762e+00,5.994749102884284753e-01,-4.943530280495390812e-09,-2.490819010825966293e-08,6.399033453666016255e-06,-1.750209035753458667e-02
2.142411150016693000e+01,1.129020729092208697e+01,1.059336307315840831e+00,1.122193452009077275e+00,6.000113727640451478e-01,1.039055531779758734e+00,1.096977973737409684e+00,4.026397251909433761e-01,1.031960758261000199e+00,1.083225922760144622e+00,3.423654243067736358e-01,1.055964131231105663e+00,1.111973032610723555e+00,5.994908937525914583e-01,-4.599175760647988442e-09,-2.350566539429853659e-08,5.352140268185512001e-06,-1.730385498640962458e-02
2.148514885486826032e+01,1.132237312365975690e+01,1.059157764561059478e+00,1.121815208632093608e+00,6.000113581012884723e-01,1.039126546769536752e+00,1.096927583799479189e+00,4.044934104194837787e-01,1.032052218263760146e+00,1.083226323046825090e+00,3.443233402628077533e-01,1.055806775703638012e+00,1.111656723141325465e+00,5.995084415514533305e-01,-4.269651322483278630e-09,-2.216919328184410216e-08,4.326839418002903064e-06,-1.710723595196247254e-02
2.154618620956959063e+01,1.135453895639742683e+01,1.058980123445869115e+00,1.121438928748518915e+00,6.000097142017116747e-01,1.039196347586279989e+00,1.096876073660568496e+00,4.063389011088126002e-01,1.032143248896076670e+00,1.083226295712931275e+00,3.462822130477056226e-01,1.055650231548838747e+00,1.111342109993551652e+00,5.995251257784729448e-01,-3.955409103944171918e-09,-2.089749742371832693e-08,3.319816137005564107e-06,-1.691198512086377129e-02
2.160722356427092450e+01,1.138670478913509676e+01,1.058803824611294520e+00,1.121065571092951352e+00,6.000107646366275027e-01,1.039264406663515050e+00,1.096822965596313759e+00,4.081708213315664024e-01,1.032230846547162351e+00,1.083222849274410926e+00,3.482095535051237811e-01,1.055494493697460845e+00,1.111029180905026559e+00,5.995409659535291258e-01,-3.665680638769566004e-09,-1.971847413373417457e-08,2.338786829801529416e-06,-1.671870817333500833e-02
2.166826091897225481e+01,1.141887062187276669e+01,1.058628550585730022e+00,1.120694443746531155e+00,6.000115577318747562e-01,1.039331576937372104e+00,1.096769042116529258e+00,4.099975841900952989e-01,1.032318424651856859e+00,1.083219383289499405e+00,3.501420289232908267e-01,1.055339557094622904e+00,1.110717923701952214e+00,5.995559811333256439e-01,-3.395870908336845742e-09,-1.860671729551895748e-08,1.371022153509260857e-06,-1.652643849146044966e-02
2.172929827367358513e+01,1.145103645461043662e+01,1.058454152128841752e+00,1.120325221596616849e+00,6.000107347057211937e-01,1.039396703344238393e+00,1.096713254142636762e+00,4.118075010301763816e-01,1.032405983210160416e+00,1.083215897758197155e+00,3.520796375126168387e-01,1.055185416700619605e+00,1.110408326299051396e+00,5.995701899223667697e-01,-3.143384723086852645e-09,-1.755092456806375952e-08,4.334893304953440245e-07,-1.633649816317948866e-02
2.179033562837491544e+01,1.148320228734810655e+01,1.058280773631322225e+00,1.119958218448152243e+00,6.000097751706273685e-01,1.039461262226870630e+00,1.096656948451302238e+00,4.136152925991147256e-01,1.032491588423265716e+00,1.083210486670829642e+00,3.540013084209894245e-01,1.055032067491693537e+00,1.110100376699478808e+00,5.995836104836910208e-01,-2.911445926585813445e-09,-1.655851539089834043e-08,-4.956489592865864016e-07,-1.614720463071254997e-02
2.185137298307624221e+01,1.151536812008577471e+01,1.058108680108085453e+00,1.119594009920898081e+00,6.000113534964730544e-01,1.039523480729955596e+00,1.096598519983774889e+00,4.154029875367674096e-01,1.032575308243351309e+00,1.083203216772945510e+00,3.559076052320749861e-01,1.054879504460772610e+00,1.109794062994710284e+00,5.995962605493688757e-01,-2.705651302257437578e-09,-1.564133587728522377e-08,-1.390487294544232575e-06,-1.596059330641441329e-02
2.191241033777757252e+01,1.154753395282344464e+01,1.057937437057758778e+00,1.119231650531320454e+00,6.000113287698406461e-01,1.039585387373527459e+00,1.096539808973258090e+00,4.171909599942018598e-01,1.032658987320238086e+00,1.083195906131862341e+00,3.578185656886661570e-01,1.054727762567432059e+00,1.109489426845256421e+00,5.996085951230170075e-01,-2.516935257244065990e-09,-1.477135335689487105e-08,-2.280763581538195169e-06,-1.577433977973480284e-02
2.197344769247890284e+01,1.157969978556111457e+01,1.057767040984252338e+00,1.118871132474523078e+00,6.000097394959624797e-01,1.039644785300330110e+00,1.096478835660047224e+00,4.189568535298858754e-01,1.032742625653925606e+00,1.083188554747579913e+00,3.597341860604770791e-01,1.054577002381030582e+00,1.109186678066873766e+00,5.996224535159369040e-01,-2.345069469176268281e-09,-1.394732412055598565e-08,-3.134620905005899949e-06,-1.559097735083060307e-02
2.203448504718023315e+01,1.161186561829878450e+01,1.057597908824132515e+00,1.118513361407319051e+00,6.000107650294358441e-01,1.039703815549244625e+00,1.096417532724546007e+00,4.207222850161776995e-01,1.032822848809082705e+00,1.083177871874284603e+00,3.616172856447952833e-01,1.054427010216979710e+00,1.108885525538439110e+00,5.996355713943819499e-01,-2.197468933106372826e-09,-1.318786069347238589e-08,-3.983192721314994187e-06,-1.540804097892565193e-02
2.209552240188156347e+01,1.164403145103645443e+01,1.057429737007582915e+00,1.118157676865573658e+00,6.000115166877109107e-01,1.039760665983933796e+00,1.096354275591141292e+00,4.224687058777978899e-01,1.032902678729082036e+00,1.083166804021477247e+00,3.635009374701723694e-01,1.054277781178343920e+00,1.108585957756720530e+00,5.996479649752626262e-01,-2.067064440093481773e-09,-1.247379920722626000e-08,-4.800428892842793557e-06,-1.522763052750183282e-02
2.215655975658289378e+01,1.167619728377412436e+01,1.057262388171355649e+00,1.117803780117163859e+00,6.000107161277621337e-01,1.039816847806590783e+00,1.096290422604670356e+00,4.242114222357691311e-01,1.032982447366767254e+00,1.083155674886356001e+00,3.653887830000643877e-01,1.054129310387809992e+00,1.108287963305399026e+00,5.996596500950678310e-01,-1.950714262301455655e-09,-1.179711520266705034e-08,-5.608149999836779969e-06,-1.504799909846762235e-02
2.221759711128422410e+01,1.170836311651179429e+01,1.057096000838385619e+00,1.117451971733362859e+00,6.000098109758805753e-01,1.039871174046051783e+00,1.096224915961245383e+00,4.259381851418841403e-01,1.033061036120098919e+00,1.083143405560705430e+00,3.672683902989855032e-01,1.053981592988233462e+00,1.107991530854827600e+00,5.996706422189479468e-01,-1.849951478959056254e-09,-1.116223209760556077e-08,-6.389464172765237127e-06,-1.487052967188802130e-02
2.227863446598555441e+01,1.174052894924946422e+01,1.056930819028149227e+00,1.117102780873239887e+00,6.000113177433672451e-01,1.039924536712279801e+00,1.096158555768386833e+00,4.276580310571105326e-01,1.033137052932261213e+00,1.083128652923547763e+00,3.691241447789314623e-01,1.053834624143160204e+00,1.107696649161773239e+00,5.996809564495932943e-01,-1.766301582979912985e-09,-1.057524205300285650e-08,-7.157207205571859514e-06,-1.469418906583888108e-02
2.233967182068688828e+01,1.177269478198713415e+01,1.056766437081475107e+00,1.116755326280497895e+00,6.000112845805924966e-01,1.039976362976970270e+00,1.096090834605114583e+00,4.293649650525517281e-01,1.033212988592587145e+00,1.083113819134553735e+00,3.709836326713081833e-01,1.053688399037320478e+00,1.107403307069142029e+00,5.996906075359116350e-01,-1.692529595141526365e-09,-1.001763594291170209e-08,-7.903311280558445056e-06,-1.451964834540182478e-02
2.240070917538821860e+01,1.180486061472480408e+01,1.056602851776150986e+00,1.116409600777088951e+00,6.000097477513653965e-01,1.040026936991600870e+00,1.096022010953463077e+00,4.310618037086866305e-01,1.033288843101076937e+00,1.083098904193723566e+00,3.728468465461752812e-01,1.053542956440768119e+00,1.107111551781015502e+00,5.997000978100621715e-01,-1.627985773634346292e-09,-9.488352330489305099e-09,-8.631965467893484118e-06,-1.434658260718320484e-02
2.246174653008954891e+01,1.183702644746247401e+01,1.056440458093966361e+00,1.116066460965750018e+00,6.000107502679778992e-01,1.040076288380915592e+00,1.095952110895232146e+00,4.327487519594418464e-01,1.033362114935675535e+00,1.083081522400141994e+00,3.746856846964292109e-01,1.053398435084582863e+00,1.106821564220167753e+00,5.997110569866697105e-01,-1.574857718011908471e-09,-8.997934999573334977e-09,-9.343582583245004094e-06,-1.417495695721796879e-02
2.252278388479087567e+01,1.186919228020014216e+01,1.056278965468387510e+00,1.115725275732074806e+00,6.000114638002022049e-01,1.040124105417835620e+00,1.095880868368587002e+00,4.344224646795606937e-01,1.033434259725487081e+00,1.083063061227906410e+00,3.765163030725564020e-01,1.053254640138854503e+00,1.106533079178657841e+00,5.997213753548655824e-01,-1.528202592458159835e-09,-8.533966977571947216e-09,-1.003405153783043963e-05,-1.400514836916649797e-02
2.258382123949220599e+01,1.190135811293781209e+01,1.056118247360160023e+00,1.115385770330878268e+00,6.000106852728488427e-01,1.040171007865806629e+00,1.095808825630216976e+00,4.360892842576956085e-01,1.033506304173124057e+00,1.083044499713496034e+00,3.783501919209425468e-01,1.053111566912056096e+00,1.106246085890776998e+00,5.997310664456018126e-01,-1.486237563703828285e-09,-8.091602388043760609e-09,-1.071191460461981204e-05,-1.383642288611203371e-02
2.264485859419353631e+01,1.193352394567548203e+01,1.055958436771773812e+00,1.115048232911339587e+00,6.000098316951156807e-01,1.040216100702583413e+00,1.095735209582615832e+00,4.377397701327409019e-01,1.033577879096553076e+00,1.083025489908795214e+00,3.801831620171845505e-01,1.052969210735655414e+00,1.105960573674833913e+00,5.997401434774769502e-01,-1.448684318531935377e-09,-7.673147756973339591e-09,-1.136511418616571293e-05,-1.366985204073195917e-02
2.270589594889486662e+01,1.196568977841315196e+01,1.055799758559960999e+00,1.114713150318956458e+00,6.000112718173045145e-01,1.040260580933966894e+00,1.095661060924626229e+00,4.393863317919676215e-01,1.033646280161699904e+00,1.083003482433157805e+00,3.819844682094626354e-01,1.052827566964466222e+00,1.105676531932793472e+00,5.997486193642229679e-01,-1.414192652759046117e-09,-7.281450793736088540e-09,-1.200996446918389759e-05,-1.350401060212408008e-02
2.276693330359619694e+01,1.199785561115082189e+01,1.055641833536868912e+00,1.114379700117659633e+00,6.000112314511895084e-01,1.040302983387142000e+00,1.095585117415308840e+00,4.410135072973917492e-01,1.033714562380892543e+00,1.082981356111566429e+00,3.837885965428576851e-01,1.052686630976977789e+00,1.105393950149902160e+00,5.997565067220198554e-01,-1.380555960274495990e-09,-6.906069463480408325e-09,-1.262682072160695676e-05,-1.334065647455530065e-02
2.282797065829752725e+01,1.203002144388849182e+01,1.055484658727926961e+00,1.114047875694672118e+00,6.000097447902658088e-01,1.040345068873943957e+00,1.095508900100291783e+00,4.426396952398981566e-01,1.033782725754130771e+00,1.082959110944020420e+00,3.855955361363058165e-01,1.052546398175664200e+00,1.105112817894302824e+00,5.997638178766412365e-01,-1.347328212269211634e-09,-6.546377798888290776e-09,-1.323940646704231235e-05,-1.317768178785113341e-02
2.288900801299885757e+01,1.206218727662616175e+01,1.055328608748493879e+00,1.113718488241385973e+00,6.000107258033070545e-01,1.040384815735079682e+00,1.095430675829675904e+00,4.442434938415609214e-01,1.033849078128444621e+00,1.082935171369796112e+00,3.873859102572965174e-01,1.052406910617449842e+00,1.104833187155186192e+00,5.997710985296617059e-01,-1.313178967354499147e-09,-6.208232741918561865e-09,-1.382085363129843780e-05,-1.301752180800908910e-02
2.295004536770018788e+01,1.209435310936383168e+01,1.055173405212762816e+00,1.113390934072061356e+00,6.000114040346252731e-01,1.040424280437862059e+00,1.095352210873272947e+00,4.458465106250361076e-01,1.033913650647277249e+00,1.082909565461949386e+00,3.891599104696747968e-01,1.052268287362199795e+00,1.104555212866016545e+00,5.997797831272367874e-01,-1.277272512456781312e-09,-5.884827851813434646e-09,-1.439858458735058162e-05,-1.285770308162194689e-02
2.301108272240152175e+01,1.212651894210150161e+01,1.055018931461036980e+00,1.113064960287780014e+00,6.000106469154946609e-01,1.040461661626131740e+00,1.095271969826062453e+00,4.474295772270827087e-01,1.033978086508187122e+00,1.082883822896179682e+00,3.909362796944044760e-01,1.052130350845425832e+00,1.104278653479319194e+00,5.997879078259539254e-01,-1.239541620410659214e-09,-5.573632004903602080e-09,-1.494890734547999493e-05,-1.270040558345470090e-02
2.307212007710285206e+01,1.215868477483917154e+01,1.054865315296197537e+00,1.112740843362958421e+00,6.000098421221365941e-01,1.040498513535463632e+00,1.095191280668403877e+00,4.490090831843101538e-01,1.034042385711174017e+00,1.082857943672487222e+00,3.927150054196283935e-01,1.051993096600646549e+00,1.104003498937051297e+00,5.997954839752622780e-01,-1.199276873838428373e-09,-5.276153734653886968e-09,-1.549235328826390165e-05,-1.254375202765597476e-02
2.313315743180417883e+01,1.219085060757683969e+01,1.054712764059360541e+00,1.112419031546729720e+00,6.000112199472301677e-01,1.040533586451545256e+00,1.095109085338092036e+00,4.505716340483099103e-01,1.034103610194904377e+00,1.082829226645404708e+00,3.944620918158026068e-01,1.051856520186335686e+00,1.103729739261485543e+00,5.998025226680177013e-01,-1.155340521082982602e-09,-4.994521723275299851e-09,-1.601268512768059347e-05,-1.238926286768883903e-02
2.319419478650550914e+01,1.222301644031450962e+01,1.054560922896853770e+00,1.112098756362540852e+00,6.000111733349858811e-01,1.040567862330360915e+00,1.095026219895756325e+00,4.521276002390118842e-01,1.034164376113784645e+00,1.082800075695781850e+00,3.962075971712782918e-01,1.051720617186125084e+00,1.103457364554769837e+00,5.998090347466346062e-01,-1.108887307406265479e-09,-4.722968651016474548e-09,-1.652279176530980495e-05,-1.223574868233011197e-02
2.325523214120683946e+01,1.225518227305217955e+01,1.054409789058454949e+00,1.111780011708399130e+00,6.000097345636077328e-01,1.040600657010984031e+00,1.094942109130570884e+00,4.536695693562224352e-01,1.034224988257814948e+00,1.082770770971309027e+00,3.979550234827827770e-01,1.051585383208990532e+00,1.103186364998478108e+00,5.998150308090933747e-01,-1.059935504369012253e-09,-4.461282857674643972e-09,-1.701389609143319739e-05,-1.208404637038029000e-02
2.331626949590816977e+01,1.228734810578984948e+01,1.054259718237743115e+00,1.111463566668881242e+00,6.000106953332176030e-01,1.040632394391107773e+00,1.094857115756777244e+00,4.552019824644395474e-01,1.034284490355065422e+00,1.082740445154906972e+00,3.996932083242855649e-01,1.051450813889423408e+00,1.102916730853154892e+00,5.998205212148063348e-01,-1.007435189427714953e-09,-4.213881573355535594e-09,-1.749161128488387572e-05,-1.193364444612633746e-02
2.337730685060950009e+01,1.231951393852751941e+01,1.054110443474897796e+00,1.111148843229852634e+00,6.000113407307157143e-01,1.040662941411104603e+00,1.094771128699451923e+00,4.567233159695203160e-01,1.034341647905775874e+00,1.082707977586520265e+00,4.014076204244565460e-01,1.051316954101778389e+00,1.102648518217304696e+00,5.998260913379575010e-01,-9.527015313180223708e-10,-3.976855480204207301e-09,-1.795425234408975089e-05,-1.178470656134207942e-02
2.343834420531083040e+01,1.235167977126518934e+01,1.053961857141032743e+00,1.110835608420111420e+00,6.000106043022075397e-01,1.040692178533491941e+00,1.094684056125312166e+00,4.582321778741276774e-01,1.034398635261060351e+00,1.082675339822707583e+00,4.031235267208380102e-01,1.051183905191435786e+00,1.102381858647144108e+00,5.998329938244335580e-01,-8.962948992424054646e-10,-3.748718625941751158e-09,-1.840052446013645240e-05,-1.163738854910308443e-02
2.349938156001216072e+01,1.238384560400285928e+01,1.053814082136073527e+00,1.110524127728396371e+00,6.000098455953903898e-01,1.040720508965898405e+00,1.094596232173955519e+00,4.597328337741530269e-01,1.034455452420919075e+00,1.082642531863469149e+00,4.048409116310120459e-01,1.051051505393558738e+00,1.102116532194879595e+00,5.998394022281270388e-01,-8.382475246785835796e-10,-3.530951399845292125e-09,-1.883546625795270985e-05,-1.149119178649224936e-02
2.356041891471349103e+01,1.241601143674052921e+01,1.053667309768293148e+00,1.110214814145575657e+00,6.000111650254844609e-01,1.040747284722016053e+00,1.094507129451089522e+00,4.612181611140240833e-01,1.034509962783956905e+00,1.082607642876451948e+00,4.065345899605976587e-01,1.050919750476343006e+00,1.101852529475087827e+00,5.998453261276611714e-01,-7.791466263079923741e-10,-3.325852379394693941e-09,-1.925124260045446448e-05,-1.134692816598078559e-02
2.362145626941482135e+01,1.244817726947819914e+01,1.053521207588097530e+00,1.109906948776096414e+00,6.000111129337653004e-01,1.040773430098898888e+00,1.094417508220923096e+00,4.626981090128625129e-01,1.034563391281874356e+00,1.082571766942360680e+00,4.082188178437339277e-01,1.050788636233853213e+00,1.101589841178467033e+00,5.998507748905910208e-01,-7.199366682553345895e-10,-3.129174464486809080e-09,-1.965924786858962235e-05,-1.120344838236590930e-02
2.368249362411615166e+01,1.248034310221586907e+01,1.053375773048859987e+00,1.109600525980403152e+00,6.000097198235373464e-01,1.040797783973290480e+00,1.094326424665493569e+00,4.641599327474715264e-01,1.034616633859632984e+00,1.082535705088110367e+00,4.099041053345600094e-01,1.050658158486114990e+00,1.101328458071351157e+00,5.998557576784427914e-01,-6.608657946531430040e-10,-2.940868368823290060e-09,-2.004547318786336206e-05,-1.106220852969616759e-02
2.374353097881748553e+01,1.251250893495353900e+01,1.053231344238458878e+00,1.109296275739587223e+00,6.000106614201701216e-01,1.040821776247331298e+00,1.094235045951485796e+00,4.656191535660871850e-01,1.034669389006465989e+00,1.082499191731301824e+00,4.115868559458488729e-01,1.050528313079195808e+00,1.101068370995216483e+00,5.998602834516381099e-01,-6.029892831316397293e-10,-2.765115191860360980e-09,-2.042730239985162216e-05,-1.092142078904970864e-02
2.380456833351881230e+01,1.254467476769120715e+01,1.053087664929584166e+00,1.108993644101268883e+00,6.000112761589212473e-01,1.040843748261424340e+00,1.094142031089689882e+00,4.670575185325110956e-01,1.034719327902087649e+00,1.082460174568610878e+00,4.132393067695471212e-01,1.050399095885274914e+00,1.100809570866188691e+00,5.998643609742970728e-01,-5.468512343951276403e-10,-2.598650684956662320e-09,-2.078491747966949423e-05,-1.078317304330222298e-02
2.386560568822014261e+01,1.257684060042887708e+01,1.052944635760122649e+00,1.108692416299219552e+00,6.000105596460744151e-01,1.040865467003974532e+00,1.094048812104255974e+00,4.684943216480556560e-01,1.034769065846439240e+00,1.082420956454649641e+00,4.148924078194411447e-01,1.050270554176910620e+00,1.100552117291529353e+00,5.998686118572280623e-01,-4.925482933704905627e-10,-2.440199780394262572e-09,-2.113952338114308738e-05,-1.064524480163367599e-02
2.392664304292147293e+01,1.260900643316654701e+01,1.052802375001729907e+00,1.108392847472873921e+00,6.000098444320067781e-01,1.040885250425481301e+00,1.093954038345169799e+00,4.699109686927872009e-01,1.034818602839520540e+00,1.082381537389418336e+00,4.165461406972296166e-01,1.050142773348809122e+00,1.100296120797623622e+00,5.998741195495347345e-01,-4.408399063048103014e-10,-2.291163485584781838e-09,-2.147126823637825709e-05,-1.050976339009939732e-02
2.398768039762280324e+01,1.264117226590421694e+01,1.052661059267264054e+00,1.108095318358443437e+00,6.000111089806541287e-01,1.040904635750929064e+00,1.093858947406042059e+00,4.713243151552495847e-01,1.034866523515272307e+00,1.082340690256317739e+00,4.181835113302749263e-01,1.050015606089044207e+00,1.100041381155659526e+00,5.998791868786941262e-01,-3.931999452643071702e-10,-2.153498444744441783e-09,-2.179838002457352338e-05,-1.037478813247142556e-02
2.404871775232413356e+01,1.267333809864188687e+01,1.052520376765058607e+00,1.107799155689591863e+00,6.000110520190681251e-01,1.040922364079071016e+00,1.093762536266770224e+00,4.727203571834633911e-01,1.034912829764580433e+00,1.082298415262004765e+00,4.198043944716692288e-01,1.049889048402810277e+00,1.099787889614879610e+00,5.998838219856104104e-01,-3.486738031728134889e-10,-2.023291367156540642e-09,-2.210620757362404521e-05,-1.024191964189197918e-02
2.410975510702546387e+01,1.270550393137955680e+01,1.052380325133620342e+00,1.107504354246271916e+00,6.000097024037436277e-01,1.040939457020334524e+00,1.093665623178663004e+00,4.741103223237595476e-01,1.034958920721299913e+00,1.082255924975103367e+00,4.214255086982281462e-01,1.049763096321320921e+00,1.099535637496198870e+00,5.998880328371823945e-01,-3.073902917352918109e-10,-1.900438807998210487e-09,-2.240675213721999377e-05,-1.010986360281733269e-02
2.417079246172679419e+01,1.273766976411722673e+01,1.052241226056545687e+00,1.107211607641200857e+00,6.000106257436564894e-01,1.040955163522132132e+00,1.093567614818213185e+00,4.754857809533750146e-01,1.035004796385430081e+00,1.082213219395612436e+00,4.230468342986167252e-01,1.049637745901821573e+00,1.099284616191694486e+00,5.998918272304292199e-01,-2.714541000072859024e-10,-1.788346596396964086e-09,-2.269140493659842648e-05,-9.979580365272079992e-03
2.423182981642812450e+01,1.276983559685489666e+01,1.052102833400803794e+00,1.106920384506048904e+00,6.000112117562418357e-01,1.040970005471723470e+00,1.093468929425717828e+00,4.768524524964798950e-01,1.035048013267634293e+00,1.082168215595447958e+00,4.246387464526144573e-01,1.049512993227594615e+00,1.099034817164096234e+00,5.998952127965156977e-01,-2.397149576599920858e-10,-1.683860435824744967e-09,-2.296630105417163983e-05,-9.850408955152448187e-03
2.429286717112945482e+01,1.280200142959256659e+01,1.051965055381983261e+00,1.106630486729623053e+00,6.000105143590139800e-01,1.040983723654957283e+00,1.093369364010211120e+00,4.782073592046652277e-01,1.035090734477020824e+00,1.082122755579550732e+00,4.262272757938210810e-01,1.049388834407955384e+00,1.098786231946273118e+00,5.998981970046829426e-01,-2.116553076560142556e-10,-1.585808352782612438e-09,-2.322851519522610929e-05,-9.722682725841834406e-03
2.435390452583078513e+01,1.283416726233023653e+01,1.051828005898273632e+00,1.106342159690714588e+00,6.000098401700215689e-01,1.040996356314682458e+00,1.093268956150070581e+00,4.795508368200785410e-01,1.035133226736960843e+00,1.082077066614206995e+00,4.278156248181546606e-01,1.049265318740492559e+00,1.098538923121703981e+00,5.999014345202893228e-01,-1.879936963450947395e-10,-1.495139742858301667e-09,-2.347867245180928439e-05,-9.596360592234431594e-03
2.441494188053211545e+01,1.286633309506790468e+01,1.051691848075619218e+00,1.106055754578497252e+00,6.000110530346115523e-01,1.041008119894510031e+00,1.093167873821169200e+00,4.808852326511205977e-01,1.035174710062006120e+00,1.082030496114811280e+00,4.293942509142234520e-01,1.049142517257291685e+00,1.098292982295289821e+00,5.999058513499111456e-01,-1.695970802681081411e-10,-1.412862380618320685e-09,-2.371917685809778187e-05,-9.471162590292611649e-03
2.447597923523344576e+01,1.289849892780557461e+01,1.051556289197368654e+00,1.105770640182048625e+00,6.000109917100403534e-01,1.041018585226593851e+00,1.093065793276165820e+00,4.822056275038709705e-01,1.035214140158271956e+00,1.081982168981299397e+00,4.309502816502325806e-01,1.049020295865581653e+00,1.098048227243900721e+00,5.999098718554872756e-01,-1.545708445377795700e-10,-1.335836060573261844e-09,-2.394549463382375989e-05,-9.347653677821062337e-03
2.453701658993477608e+01,1.293066476054324454e+01,1.051421327070653611e+00,1.105486811662568680e+00,6.000096835225712244e-01,1.041028428093066172e+00,1.092963234120512661e+00,4.835195627762975401e-01,1.035253328325964839e+00,1.081933599919214783e+00,4.325057509923084798e-01,1.048898650804648280e+00,1.097804649812267108e+00,5.999135030095414933e-01,-1.428188326980994160e-10,-1.263878606075042877e-09,-2.416501040299257112e-05,-9.224954626267637195e-03
2.459805394463610639e+01,1.296283059328091447e+01,1.051287268073327619e+00,1.105204928759649485e+00,6.000105894237516280e-01,1.041036768272730395e+00,1.092859530574983973e+00,4.848169970792547412e-01,1.035292274565084769e+00,1.081884788928557217e+00,4.340606367904311091e-01,1.048777578339405547e+00,1.097562241912258818e+00,5.999167516407065692e-01,-1.356087070367738852e-10,-1.198929440848362125e-09,-2.436837693235106221e-05,-9.104222235134585769e-03
2.465909129933743671e+01,1.299499642601858440e+01,1.051153875577988117e+00,1.104924481329909058e+00,6.000111484624260916e-01,1.041044724459218029e+00,1.092755534594663569e+00,4.861105310925833423e-01,1.035329239338470098e+00,1.081834309021503238e+00,4.355934691917376367e-01,1.048657074760351415e+00,1.097320995522370612e+00,5.999196244370968989e-01,-1.312935667166521672e-10,-1.138564357521086766e-09,-2.456761672161748706e-05,-8.983992399942219639e-03
2.472012865403876702e+01,1.302716225875625433e+01,1.051021064755308876e+00,1.104645286520094416e+00,6.000104693957354351e-01,1.041050981828726796e+00,1.092650257591656571e+00,4.873851376606678776e-01,1.035365204757340507e+00,1.081782963970091771e+00,4.371162057389413325e-01,1.048537136383518087e+00,1.097080902687207704e+00,5.999221279495977610e-01,-1.292862187423652103e-10,-1.081957691833243481e-09,-2.474890822173311165e-05,-8.865999243006045250e-03
2.478116600874009734e+01,1.305932809149392426e+01,1.050888945366525773e+00,1.104367580493484047e+00,6.000098339114898760e-01,1.041057017157884790e+00,1.092544813678940852e+00,4.886575572925268562e-01,1.035400915938219368e+00,1.081731364680688756e+00,4.386379873632324511e-01,1.048417759550417161e+00,1.096841955516973721e+00,5.999242685950753051e-01,-1.297283026022836873e-10,-1.029493258404716608e-09,-2.492786632050335147e-05,-8.748298972494199591e-03
2.484220336344142765e+01,1.309149392423159419e+01,1.050757668144216783e+00,1.104091687337033223e+00,6.000109980256854714e-01,1.041061302505451147e+00,1.092438063575748464e+00,4.899102602091309211e-01,1.035436138890577062e+00,1.081679323389799441e+00,4.401558843674341914e-01,1.048298995252375576e+00,1.096604219099968303e+00,5.999267311547031856e-01,-1.324174092188604519e-10,-9.813440486602235164e-10,-2.508865554227601152e-05,-8.632916729645992091e-03
2.490324071814275797e+01,1.312365975696926412e+01,1.050626958009463152e+00,1.103817014657493489e+00,6.000109327699213457e-01,1.041065305750584313e+00,1.092331105123202306e+00,4.911599630791746995e-01,1.035468964639308043e+00,1.081625306994089541e+00,4.416460822179910095e-01,1.048180901587624225e+00,1.096367768012761035e+00,5.999302951268775663e-01,-1.362078979616625589e-10,-9.357259953153095440e-10,-2.524656777159613492e-05,-8.517910457846550668e-03
2.496427807284408829e+01,1.315582558970693405e+01,1.050496812923227274e+00,1.103543557963141186e+00,6.000096640464349651e-01,1.041067807076297536e+00,1.092223037414218112e+00,4.923925937993536284e-01,1.035501524501119652e+00,1.081571024711460050e+00,4.431349648279185871e-01,1.048063356554792325e+00,1.096132436479081207e+00,5.999334990740440299e-01,-1.409267477110626147e-10,-8.924803054032866523e-10,-2.538916283123928967e-05,-8.404905863994687268e-03
2.502531542754541860e+01,1.318799142244460398e+01,1.050367524963575550e+00,1.103271945400710052e+00,6.000105532403797737e-01,1.041069820793642409e+00,1.092114613492861874e+00,4.936197358646655098e-01,1.035533818476011669e+00,1.081516476541910965e+00,4.446225078536655828e-01,1.047946356620721220e+00,1.095898216899961586e+00,5.999363490175633196e-01,-1.463927311531979895e-10,-8.522717649700829439e-10,-2.552687527235249318e-05,-8.292555179359253209e-03
2.508635278224674536e+01,1.322015725518227214e+01,1.050238866465254661e+00,1.103001686799939485e+00,6.000110868917555296e-01,1.041070572406908257e+00,1.092005267567051519e+00,4.948323848912931089e-01,1.035564721365649588e+00,1.081460780578785030e+00,4.460945733904971844e-01,1.047829898277114591e+00,1.095665101739079939e+00,5.999388508593376246e-01,-1.518785005822851940e-10,-8.138690531681125097e-10,-2.565194975816295671e-05,-8.181897044612496464e-03
2.514739013694807923e+01,1.325232308791994207e+01,1.050110758990635329e+00,1.102732613304095777e+00,6.000104253799591891e-01,1.041070639177746004e+00,1.091895426976102534e+00,4.960371312518910836e-01,1.035594215087575876e+00,1.081403920868402979e+00,4.475508067128581291e-01,1.047713978040456295e+00,1.095433083522253215e+00,5.999410103845648212e-01,-1.571879854727458908e-10,-7.768987426406850253e-10,-2.577029405497476914e-05,-8.072163127216753012e-03
2.520842749164940955e+01,1.328448892065761200e+01,1.049983308383886316e+00,1.102464952366549067e+00,6.000098264072964982e-01,1.041069675387334081e+00,1.091784842005568024e+00,4.972298966070656245e-01,1.035623431923837989e+00,1.081346784272356976e+00,4.490053503278895741e-01,1.047598592451922439e+00,1.095202154836933062e+00,5.999428332644277662e-01,-1.620230461490159028e-10,-7.414334044513889636e-10,-2.587851066153383668e-05,-7.963819986076965327e-03
2.526946484635073986e+01,1.331665475339528193e+01,1.049856653975617560e+00,1.102199003183600645e+00,6.000109444573757944e-01,1.041067837778574479e+00,1.091673633236795116e+00,4.984124210751216810e-01,1.035652371874435707e+00,1.081289370790646354e+00,4.504581788850389734e-01,1.047483738077291227e+00,1.094972308331702893e+00,5.999443250587181975e-01,-1.657746818797068084e-10,-7.074166791079853017e-10,-2.597830342987782302e-05,-7.856663658083198887e-03
2.533050220105207018e+01,1.334882058613295186e+01,1.049730537017499410e+00,1.101934209241264062e+00,6.000108756292521495e-01,1.041065192866636568e+00,1.091561848153389525e+00,4.995854080140291753e-01,1.035679106818971462e+00,1.081230207891174411e+00,4.518848469047653249e-01,1.047369467308169266e+00,1.094743611183016441e+00,5.999461979561236946e-01,-1.685793971140952533e-10,-6.742225237937333206e-10,-2.607031358369960847e-05,-7.750603802859867136e-03
2.539153955575340049e+01,1.338098641887062179e+01,1.049604955611093349e+00,1.101670566364365111e+00,6.000096444986502409e-01,1.041061493392904991e+00,1.091449319357099323e+00,5.007458926879944094e-01,1.035705333500459346e+00,1.081170589078194411e+00,4.533066939641403059e-01,1.047255826593914918e+00,1.094516122639076938e+00,5.999490950996073657e-01,-1.703617667840360014e-10,-6.417914040791103362e-10,-2.615235587959050250e-05,-7.645985577417440358e-03
2.545257691045473081e+01,1.341315225160829172e+01,1.049480188457676322e+00,1.101408673194467447e+00,6.000105176418910613e-01,1.041057201589925763e+00,1.091336372830054913e+00,5.018992134148181350e-01,1.035731272936418979e+00,1.081110683019686380e+00,4.547264862613253911e-01,1.047142704995364992e+00,1.094289691953393762e+00,5.999516623307040719e-01,-1.703414559145537844e-10,-6.103426039743720446e-10,-2.622879940087636979e-05,-7.542177090663420083e-03
2.551361426515606112e+01,1.344531808434596165e+01,1.049356016351500553e+00,1.101148058379382455e+00,6.000110273514219772e-01,1.041051682677147650e+00,1.091222571782699324e+00,5.030378482588496736e-01,1.035756322887027459e+00,1.081050043206416067e+00,4.561365148399935676e-01,1.047030099197963304e+00,1.094064312044961795e+00,5.999539048944315667e-01,-1.688876617568736838e-10,-5.795243300968701242e-10,-2.629387624571677713e-05,-7.440057219237016482e-03
2.557465161985739144e+01,1.347748391708363158e+01,1.049232366735934008e+00,1.100888565917938378e+00,6.000103826426529396e-01,1.041045778137831279e+00,1.091108502197263741e+00,5.041716216450624621e-01,1.035779647289140293e+00,1.080988048138196822e+00,4.575260072505704101e-01,1.046918005911002814e+00,1.093839975891051308e+00,5.999558279361536517e-01,-1.661652976071016875e-10,-5.492473518978002970e-10,-2.635538104501234706e-05,-7.338468005200827517e-03
2.563568897455872175e+01,1.350964974982130151e+01,1.049109341742829438e+00,1.100630415023218678e+00,6.000098181248955109e-01,1.041038482088308736e+00,1.090993476270655460e+00,5.052886040742142759e-01,1.035802674712541283e+00,1.080925756091265511e+00,4.589131166940034201e-01,1.046806421867517711e+00,1.093616676526720566e+00,5.999574365038345958e-01,-1.619126940621270841e-10,-5.196003499272402137e-10,-2.640426100568523491e-05,-7.238806523319908648e-03
2.569672632926005207e+01,1.354181558255897144e+01,1.048987070200972038e+00,1.100373882004617831e+00,6.000108925963486550e-01,1.041030995793367664e+00,1.090878319623093562e+00,5.064029189234952044e-01,1.035825405157229984e+00,1.080863167065622132e+00,4.602978159801003333e-01,1.046695343824172841e+00,1.093394407044327998e+00,5.999587355502369324e-01,-1.558928103729401929e-10,-4.907375052464374261e-10,-2.645141550337479740e-05,-7.139408627567854319e-03
2.575776368396137883e+01,1.357398141529663960e+01,1.048865308501600202e+00,1.100118443555792469e+00,6.000108205152667740e-01,1.041021967827362671e+00,1.090762117839845002e+00,5.074984898510331854e-01,1.035846500970815542e+00,1.080799320880321046e+00,4.616628504515792319e-01,1.046584768561149792e+00,1.093173160593048365e+00,5.999597299350653001e-01,-1.487719947087431294e-10,-4.624459814129448629e-10,-2.648487763599567598e-05,-7.042161109838139359e-03
2.581880103866271270e+01,1.360614724803430953e+01,1.048744054874960474e+00,1.099864095790725305e+00,6.000096252199075275e-01,1.041012754705181731e+00,1.090645792312483486e+00,5.085913448200014564e-01,1.035866705511849561e+00,1.080734748944746748e+00,4.630176667613741803e-01,1.046474749610877497e+00,1.092953006069647515e+00,5.999611567624575370e-01,-1.406007488991761415e-10,-4.347440975754017452e-10,-2.651673090949848476e-05,-6.945173653790824228e-03
2.587983839336404301e+01,1.363831308077197946e+01,1.048623575493544013e+00,1.099611409760086644e+00,6.000104829267226547e-01,1.041002215785019391e+00,1.090528580723962859e+00,5.096678480582975679e-01,1.035886603954660812e+00,1.080669870910949681e+00,4.643697554166409946e-01,1.046365322929417419e+00,1.092733988920824961e+00,5.999635322347297572e-01,-1.310600719039350440e-10,-4.080429186965563973e-10,-2.653706405862993529e-05,-6.850048351422452844e-03
2.594087574806537333e+01,1.367047891350964939e+01,1.048503659145344935e+00,1.099359931862135431e+00,6.000109700339593122e-01,1.040991317735267430e+00,1.090411132665353611e+00,5.107394567100803640e-01,1.035906025609974801e+00,1.080604568781266206e+00,4.657168744776050695e-01,1.046256387701639534e+00,1.092515972142281466e+00,5.999656029612842056e-01,-1.207641646715385199e-10,-3.821735134103455763e-10,-2.655434610742758613e-05,-6.755431043846063174e-03
2.600191310276670364e+01,1.370264474624731932e+01,1.048384238691032921e+00,1.099109517917555401e+00,6.000103414176408689e-01,1.040979301489864062e+00,1.090292948327049372e+00,5.117970332486478924e-01,1.035923496788505815e+00,1.080537822353869748e+00,4.670398209211241713e-01,1.046147940821126499e+00,1.092298949134056896e+00,5.999673735512768280e-01,-1.099135900667951475e-10,-3.570823609342906161e-10,-2.656212816729161012e-05,-6.662395442662186196e-03
2.606295045746803396e+01,1.373481057898498925e+01,1.048265412740879476e+00,1.098860379335749204e+00,6.000098094363714996e-01,1.040966760183130946e+00,1.090174423590154706e+00,5.128476152629883877e-01,1.035940653349254781e+00,1.080470761308691241e+00,4.683597338253290832e-01,1.046039979204146597e+00,1.092082913350281403e+00,5.999688485302655527e-01,-9.855380164216581171e-11,-3.329885817642101767e-10,-2.656555151060336771e-05,-6.570107917057116387e-03
2.612398781216936428e+01,1.376697641172265918e+01,1.048147300440166019e+00,1.098612771357338813e+00,6.000108426361182579e-01,1.040953300058844233e+00,1.090055303181511892e+00,5.138864114004366712e-01,1.035957495292221253e+00,1.080403385645730241e+00,4.696765843850638777e-01,1.045932499789528292e+00,1.091867858298708249e+00,5.999700323420532611e-01,-8.694975026399692075e-11,-3.102339739072924446e-10,-2.656134743011758555e-05,-6.479129467048896224e-03
2.618502516687069459e+01,1.379914224446032911e+01,1.048029672232997145e+00,1.098366201450807322e+00,6.000107675853942890e-01,1.040939156908105678e+00,1.089935747099723962e+00,5.149161921880948123e-01,1.035973182936589687e+00,1.080335138736511880e+00,4.709793502635229445e-01,1.045825499538535652e+00,1.091653777540250614e+00,5.999709293504886798e-01,-7.537805331968227132e-11,-2.884575741793717508e-10,-2.655160690224809921e-05,-6.389131320497416083e-03
2.624606252157202491e+01,1.383130807719799904e+01,1.047912526467574379e+00,1.098120665994693157e+00,6.000096064665864093e-01,1.040924286150080036e+00,1.089815726908596627e+00,5.159363592708227086e-01,1.035987687884863728e+00,1.080265999759152384e+00,4.722675531164765572e-01,1.045718975434741571e+00,1.091440664688519968e+00,5.999715438412207558e-01,-6.391999087153305931e-11,-2.676834120062398679e-10,-2.653596856551577099e-05,-6.300177461376980578e-03
2.630709987627335522e+01,1.386347390993566897e+01,1.047796117567801888e+00,1.097876710206767692e+00,6.000104493004597694e-01,1.040908582283576411e+00,1.089695184273249629e+00,5.169455695954685570e-01,1.036001870281393566e+00,1.080196538230048908e+00,4.735523986126278229e-01,1.045612981922371398e+00,1.091228590036193546e+00,5.999726355432388747e-01,-5.295246571898805414e-11,-2.485377205451655619e-10,-2.651374115465302930e-05,-6.212428291832695036e-03
2.636813723097468554e+01,1.389563974267333890e+01,1.047680241883520491e+00,1.097633897247744628e+00,6.000109150338036601e-01,1.040892333917964097e+00,1.089574300181274324e+00,5.179472637602772211e-01,1.036015730126178980e+00,1.080126754149200785e+00,4.748338572204189867e-01,1.045507545503559621e+00,1.091017586600436795e+00,5.999746024413414869e-01,-4.257698632163368612e-11,-2.306294236547086912e-10,-2.648720728780536499e-05,-6.125466477618234443e-03
2.642917458567601230e+01,1.392780557541100706e+01,1.047564837271159011e+00,1.097392093822249670e+00,6.000103018221742968e-01,1.040875110153474115e+00,1.089452815220619986e+00,5.189361393681599655e-01,1.036027844623424343e+00,1.080055749026259004e+00,4.760930977490442362e-01,1.045402574632629422e+00,1.090807529949440857e+00,5.999762858024725309e-01,-3.280579997309918803e-11,-2.138276256159409328e-10,-2.645315201617231006e-05,-6.039925919650209959e-03
2.649021194037734261e+01,1.395997140814867699e+01,1.047449998997404430e+00,1.097151503942551232e+00,6.000098005704669335e-01,1.040857516970518759e+00,1.089331102689491182e+00,5.199195212889355933e-01,1.036039458250406886e+00,1.079984306176517528e+00,4.773464436348283657e-01,1.045298066400004888e+00,1.090598413929170007e+00,5.999776897127073738e-01,-2.387747889721555933e-11,-1.983751698821066854e-10,-2.641624811934603856e-05,-5.954923642291337291e-03
2.655124929507867648e+01,1.399213724088634692e+01,1.047335837269331771e+00,1.096912363433005355e+00,6.000107946301953543e-01,1.040838813791006956e+00,1.089208719049106877e+00,5.208883025465484984e-01,1.036050741962380561e+00,1.079912533411767406e+00,4.785961185578600507e-01,1.045194017917548512e+00,1.090390232435711315e+00,5.999788181875423954e-01,-1.615650928144920510e-11,-1.845404972915362003e-10,-2.637100596262504916e-05,-5.871551401297994861e-03
2.661228664978000680e+01,1.402430307362401685e+01,1.047222135590883951e+00,1.096674208318002552e+00,6.000107168524985157e-01,1.040819908328978416e+00,1.089086213107740564e+00,5.218535371852049964e-01,1.036061262946275985e+00,1.079840172954855904e+00,4.798363332396922698e-01,1.045090426318429078e+00,1.090182979414831888e+00,5.999796751734109979e-01,-9.330852374591938361e-12,-1.717891866320207539e-10,-2.632424426587778220e-05,-5.788476213350856811e-03
2.667332400448133711e+01,1.405646890636168678e+01,1.047108892418572301e+00,1.096437035218533085e+00,6.000095883392320140e-01,1.040799765859589110e+00,1.088962973832343639e+00,5.228024687250993896e-01,1.036070398301641049e+00,1.079766852037284730e+00,4.810587104351818355e-01,1.044987288756988431e+00,1.089976648861543218e+00,5.999802645491567610e-01,-3.423312489032391771e-12,-1.601075942732380714e-10,-2.626843810985456391e-05,-5.707232098261039513e-03
2.673436135918266743e+01,1.408863473909935671e+01,1.046996351146877835e+00,1.096201365136704187e+00,6.000104168211256583e-01,1.040779471864518024e+00,1.088839646046735554e+00,5.237483858658211755e-01,1.036079196934061919e+00,1.079693194396769140e+00,4.822771441921624436e-01,1.044884602408607366e+00,1.089771234819663093e+00,5.999805901274761766e-01,1.012217235535500898e-12,-1.500024334790062060e-10,-2.621154595605265490e-05,-5.626213590384565588e-03
2.679539871388399774e+01,1.412080057183702664e+01,1.046884315286245926e+00,1.095966777079808940e+00,6.000108623171538369e-01,1.040758038375930505e+00,1.088715656581540125e+00,5.246790554618605551e-01,1.036087658843538373e+00,1.079619200033309356e+00,4.834916036816173102e-01,1.044782422427430468e+00,1.089566808691950328e+00,5.999814321582911392e-01,4.382087565374358690e-12,-1.409575278115318007e-10,-2.614655218423574438e-05,-5.546895589104019510e-03
2.685643606858532806e+01,1.415296640457469657e+01,1.046772727304985606e+00,1.095733147784013761e+00,6.000102638582275327e-01,1.040736352488145666e+00,1.088591523719693477e+00,5.256053772166578986e-01,1.036094831467930133e+00,1.079544339100522832e+00,4.846892668624148137e-01,1.044680766796841409e+00,1.089363392299522948e+00,5.999830784873719791e-01,6.823961952762766939e-12,-1.328135436924104160e-10,-2.607981515657597317e-05,-5.467957397849489316e-03
2.691747342328665837e+01,1.418513223731236650e+01,1.046661679292516522e+00,1.095500674243466976e+00,6.000097916507421969e-01,1.040713702675245544e+00,1.088466843218889313e+00,5.265184877009810860e-01,1.036101235591625036e+00,1.079468898924243803e+00,4.858770247926890717e-01,1.044579552462499894e+00,1.089160872720410289e+00,5.999844593156775652e-01,8.170839909977422954e-12,-1.256994814679215650e-10,-2.600642054797005584e-05,-5.390469720013694663e-03
2.697851077798798869e+01,1.421729807005003643e+01,1.046551273197304122e+00,1.095269574370251853e+00,6.000107485635651772e-01,1.040690664129537035e+00,1.088341946902996016e+00,5.274254678264134188e-01,1.036107296724008364e+00,1.079393115756653421e+00,4.870605469163357126e-01,1.044478776700027423e+00,1.088959244213391964e+00,5.999855782967056239e-01,8.321043845792253448e-12,-1.196658339636781095e-10,-2.593042057494277587e-05,-5.313572004248991697e-03
2.703954813268931545e+01,1.424946390278770458e+01,1.046441304674137429e+00,1.095039410717499440e+00,6.000106682869659203e-01,1.040666829378536606e+00,1.088216608553108200e+00,5.283211972084617125e-01,1.036112900522086377e+00,1.079316931216732778e+00,4.882382559389865095e-01,1.044378436805206922e+00,1.088758501083640029e+00,5.999864390239518785e-01,7.736137581004288795e-12,-1.142832486161669217e-10,-2.584908427605658488e-05,-5.237882652976388366e-03
2.710058548739064577e+01,1.428162973552537451e+01,1.046331772279095018e+00,1.094810180128693355e+00,6.000095709112287512e-01,1.040642476984866116e+00,1.088090989753820903e+00,5.292090926073593771e-01,1.036117000050218451e+00,1.079239809230000846e+00,4.893959237045182875e-01,1.044278530093847301e+00,1.088558637682304431e+00,5.999870450321533877e-01,6.455458864206177739e-12,-1.095128271681438484e-10,-2.576438529687216208e-05,-5.162985773086935758e-03
2.716162284209197608e+01,1.431379556826304444e+01,1.046222909040808169e+00,1.094582380879933536e+00,6.000103855409764098e-01,1.040617488361910370e+00,1.087965026257060153e+00,5.300876220213883716e-01,1.036120750842158378e+00,1.079162338507076990e+00,4.905491055739405470e-01,1.044179053901647780e+00,1.088359648406102220e+00,5.999873997985039065e-01,4.278253973220586417e-12,-1.055272790026870923e-10,-2.567555328189864998e-05,-5.089062911628594761e-03
2.722266019679330640e+01,1.434596140100071437e+01,1.046114525256980787e+00,1.094355606974805717e+00,6.000108118653874056e-01,1.040591860487996234e+00,1.087838725281057739e+00,5.309566924260551435e-01,1.036124152897906159e+00,1.079084519047960766e+00,4.916977696183513769e-01,1.044080005584062221e+00,1.088161527696909658e+00,5.999875067438383835e-01,1.616405602380920507e-12,-1.019771910705239781e-10,-2.558270134245964653e-05,-5.016127455851861899e-03
2.728369755149464027e+01,1.437812723373838431e+01,1.046006567657737252e+00,1.094129744405216487e+00,6.000102275489728187e-01,1.040565748727879880e+00,1.087712168847404293e+00,5.318182059108119697e-01,1.036126633810240616e+00,1.079006087803481728e+00,4.928340752161035621e-01,1.043981440827434604e+00,1.087964347815932875e+00,5.999881647073427304e-01,-1.409103279982633487e-12,-9.876488153985995355e-11,-2.548680648856451559e-05,-4.943939424821141432e-03
2.734473490619597058e+01,1.441029306647605424e+01,1.045899125310675304e+00,1.093904983500826988e+00,6.000097828143169387e-01,1.040538883282982940e+00,1.087585225326175298e+00,5.326687135750777236e-01,1.036128163861824047e+00,1.078927029009623118e+00,4.939575317245945563e-01,1.043883369938249706e+00,1.087768120497973667e+00,5.999895588759847076e-01,-4.774984472199954120e-12,-9.588803192648298460e-11,-2.538632986412782093e-05,-4.872926234193685792e-03
2.740577226089730090e+01,1.444245889921372417e+01,1.045792292526078526e+00,1.093681525632125062e+00,6.000107044405297296e-01,1.040511678778606175e+00,1.087458107666214646e+00,5.335133978584305492e-01,1.036129339939486638e+00,1.078847616241843443e+00,4.950762311590554132e-01,1.043785717645098421e+00,1.087572743365260886e+00,5.999907030307600753e-01,-8.327808012673541016e-12,-9.326163859294350842e-11,-2.528379204278656645e-05,-4.802441567939195848e-03
2.746680961559863121e+01,1.447462473195139410e+01,1.045685876276574833e+00,1.093458958026507721e+00,6.000106218698608718e-01,1.040483613198484703e+00,1.087330560546026392e+00,5.343456072585909267e-01,1.036130162043228164e+00,1.078767849500142706e+00,4.961901411110385407e-01,1.043688481397162082e+00,1.087378211058396271e+00,5.999916004652359192e-01,-1.189722315540538808e-11,-9.073630790371398231e-11,-2.517620138551382954e-05,-4.733311759883978252e-03
2.752784697029996153e+01,1.450679056468906403e+01,1.045579875209904364e+00,1.093237277731941459e+00,6.000095542445896823e-01,1.040455345991029290e+00,1.087202912864509541e+00,5.351736515471730016e-01,1.036129679500866985e+00,1.078687347958697806e+00,4.972861441929251058e-01,1.043591658662511357e+00,1.087184518260888799e+00,5.999922544215831044e-01,-1.543741075773351206e-11,-8.828353849563534435e-11,-2.506742756886839508e-05,-4.664499202022292026e-03
2.758888432500129184e+01,1.453895639742673396e+01,1.045474512601997086e+00,1.093016961672672815e+00,6.000103554843533304e-01,1.040426117224034108e+00,1.087074800397523910e+00,5.359878290918862476e-01,1.036128718704261598e+00,1.078606439972136455e+00,4.983755205711931646e-01,1.043495246927972797e+00,1.086991659698768098e+00,5.999926680916032318e-01,-1.875603943716432643e-11,-8.583901544033905682e-11,-2.495321607850752721e-05,-4.597214192605219608e-03
2.764992167970262216e+01,1.457112223016440389e+01,1.045369605190253903e+00,1.092797618058392706e+00,6.000107636194580429e-01,1.040396765429973058e+00,1.086946629285814092e+00,5.367987662814661665e-01,1.036127399186635545e+00,1.078525173264554438e+00,4.994598790009127098e-01,1.043399243698992063e+00,1.086799630140201200e+00,5.999928446177303920e-01,-2.179293722239740691e-11,-8.333380245435358162e-11,-2.483831994903026036e-05,-4.530125436028160056e-03
2.771095903440394892e+01,1.460328806290207204e+01,1.045265103647034621e+00,1.092579141429735667e+00,6.000101928565815257e-01,1.040366461488120509e+00,1.086818013124138060e+00,5.375958386149517487e-01,1.036125442361607307e+00,1.078443455866234357e+00,5.005353266911107823e-01,1.043303646499502468e+00,1.086608424395114181e+00,5.999927870940120478e-01,-2.453860465761358758e-11,-8.075517299934144753e-11,-2.471824407572503716e-05,-4.464564235616010936e-03
2.777199638910527923e+01,1.463545389563974197e+01,1.045161094163687077e+00,1.092361715782347309e+00,6.000097741131245055e-01,1.040335989957519081e+00,1.086689321402030339e+00,5.383890292485934426e-01,1.036122432652857084e+00,1.078361148740705433e+00,5.015960346004224579e-01,1.043208511391786386e+00,1.086418115361812209e+00,5.999933111756542425e-01,-2.687103689465748034e-11,-7.805852619165008552e-11,-2.459729289611226280e-05,-4.399274631816562503e-03
2.783303374380660955e+01,1.466761972837741190e+01,1.045057663979716445e+00,1.092145527196252575e+00,6.000106621814549346e-01,1.040304711238031921e+00,1.086560265744150211e+00,5.391700988201347799e-01,1.036119059949963006e+00,1.078278478621032432e+00,5.026515071909481991e-01,1.043113841763735117e+00,1.086228705687923402e+00,5.999945063175904370e-01,-2.862266207892275857e-11,-7.518482058535199154e-11,-2.447212581579334294e-05,-4.335293169340230686e-03
2.789407109850793987e+01,1.469978556111508183e+01,1.044954630621084846e+00,1.091930185874072867e+00,6.000105774957846805e-01,1.040273155768665081e+00,1.086431090063835203e+00,5.399458133389748449e-01,1.036115324252925296e+00,1.078195445507215799e+00,5.037017112283843634e-01,1.043019569481873798e+00,1.086040102662041873e+00,5.999954648772952703e-01,-2.994524371586524161e-11,-7.218179046995751043e-11,-2.434557400215533126e-05,-4.271764887652537354e-03
2.795510845320927373e+01,1.473195139385275176e+01,1.044851992820051700e+00,1.091715689051987903e+00,6.000095383093411172e-01,1.040240930821408671e+00,1.086301624040607372e+00,5.407110756939169649e-01,1.036110625833794430e+00,1.078111900618193619e+00,5.047382307484918895e-01,1.042925692157555373e+00,1.085852301277733911e+00,5.999961898467671695e-01,-3.082966238494838640e-11,-6.904807963491429818e-11,-2.421567241889285550e-05,-4.209332882929688220e-03
2.801614580791060405e+01,1.476411722659042169e+01,1.044749964667381015e+00,1.091502493571972376e+00,6.000103265949108255e-01,1.040208326685271079e+00,1.086172000338486043e+00,5.414695855667236435e-01,1.036105287096963146e+00,1.078027921517131560e+00,5.057654938724966964e-01,1.042832207419781332e+00,1.085665296568233407e+00,5.999966841736320555e-01,-3.101812940161000940e-11,-6.571901174725312068e-11,-2.408395764875976043e-05,-4.147528456061856834e-03
2.807718316261193436e+01,1.479628305932809162e+01,1.044648369015952261e+00,1.091290221114229908e+00,6.000107174597214543e-01,1.040175183669454606e+00,1.086042152552918028e+00,5.422192377727921286e-01,1.036099581550118609e+00,1.077943575606056248e+00,5.067872816381640000e-01,1.042739112915070487e+00,1.085479083606082362e+00,5.999969507619938858e-01,-3.072248163854450607e-11,-6.227046669527088872e-11,-2.394966609009802630e-05,-4.086615903850651481e-03
2.813822051731326468e+01,1.482844889206576156e+01,1.044547160188125989e+00,1.091078774122814954e+00,6.000101596982050367e-01,1.040141565603463158e+00,1.085912116045298248e+00,5.429608152449565406e-01,1.036093442724729030e+00,1.077858853103194958e+00,5.078026253087223330e-01,1.042646406307327966e+00,1.085293657502775844e+00,5.999969924732673210e-01,-3.000714274749600320e-11,-5.872737401697887393e-11,-2.381320955485038789e-05,-4.026498244682047943e-03
2.819925787201459499e+01,1.486061472480343149e+01,1.044446421635440547e+00,1.090868330568478983e+00,6.000097655672540498e-01,1.040107532281756786e+00,1.085781914570029150e+00,5.436950557132544937e-01,1.036086223705714904e+00,1.077773657243683791e+00,5.088023639523291397e-01,1.042554085277714870e+00,1.085109013408410261e+00,5.999968121269905197e-01,-2.880187466760332573e-11,-5.508813823847012025e-11,-2.367486054813867257e-05,-3.967075425545392789e-03
2.826029522671592531e+01,1.489278055754110142e+01,1.044346234045986588e+00,1.090659062384074840e+00,6.000106217060569014e-01,1.040072934479417732e+00,1.085651499749769044e+00,5.444199735646515492e-01,1.036078634501328199e+00,1.077688091198800047e+00,5.097964311921556746e-01,1.042462206127224178e+00,1.084925224663844778e+00,5.999972405665099373e-01,-2.709176353574347640e-11,-5.138756732109677399e-11,-2.353406721998187160e-05,-3.908607842763583452e-03
2.832133258141725207e+01,1.492494639027876957e+01,1.044246424796333672e+00,1.090450601188506896e+00,6.000105350803743853e-01,1.040038038212661942e+00,1.085520972125127770e+00,5.451390018758291989e-01,1.036070675111568917e+00,1.077602154968543724e+00,5.107847931354980719e-01,1.042370766008685168e+00,1.084742285729840994e+00,5.999982779306903824e-01,-2.508322217330395851e-11,-4.767646773734370549e-11,-2.339198147729001166e-05,-3.850645333220777990e-03
2.838236993611858239e+01,1.495711222301643950e+01,1.044146992696745935e+00,1.090242944391395463e+00,6.000095231084381364e-01,1.040002494316671022e+00,1.085390212759188122e+00,5.458475331875168868e-01,1.036062013021133765e+00,1.077515840305278694e+00,5.117626971034708871e-01,1.042279703339129560e+00,1.084560112762913198e+00,5.999990904802605662e-01,-2.279898255006724449e-11,-4.396868592182239315e-11,-2.324724038936855318e-05,-3.793791545831215646e-03
2.844340729081991270e+01,1.498927805575410943e+01,1.044048143178519794e+00,1.090036529926669440e+00,6.000102988626080380e-01,1.039966762059156169e+00,1.085259385991806491e+00,5.465515499230941820e-01,1.036052624831601765e+00,1.077429144492109137e+00,5.127297459941881907e-01,1.042189015881107794e+00,1.084378701082835850e+00,5.999996809526106922e-01,-2.018883610469963352e-11,-4.032571126698013314e-11,-2.310172700018759740e-05,-3.737260227816197392e-03
2.850444464552124302e+01,1.502144388849177936e+01,1.043949704907228382e+00,1.089830992259458231e+00,6.000106733237750012e-01,1.039930305154899148e+00,1.085128315119674447e+00,5.472439678527589724e-01,1.036042863505135525e+00,1.077342075542005340e+00,5.136909038241056491e-01,1.042098701413625816e+00,1.084198046046050745e+00,6.000000520465121889e-01,-1.743490892601173949e-11,-3.677599396026553491e-11,-2.295341153848943220e-05,-3.681984378558123775e-03
2.856548200022257333e+01,1.505360972122944929e+01,1.043851635587701665e+00,1.089626241147518160e+00,6.000101280463849829e-01,1.039893751082775708e+00,1.084997211786082216e+00,5.479330110839742973e-01,1.036032729041734823e+00,1.077254633454966859e+00,5.146461364302861163e-01,1.042008757732017399e+00,1.084018143045333948e+00,6.000002064228259213e-01,-1.458701012666432953e-11,-3.332774193838621601e-11,-2.280472327434067485e-05,-3.626877140137140746e-03
2.862651935492390365e+01,1.508577555396711922e+01,1.043754016059579071e+00,1.089422448826072420e+00,6.000097572384788247e-01,1.039856426060121297e+00,1.084865865614584868e+00,5.486097519977189974e-01,1.036021694192810649e+00,1.077166886714398197e+00,5.155878630038234212e-01,1.041919182647819353e+00,1.083838987509468055e+00,6.000001467051969684e-01,-1.167890304738232111e-11,-3.003081069866092197e-11,-2.265323637520858243e-05,-3.573122115906029322e-03
2.868755670962523752e+01,1.511794138670478915e+01,1.043656920935502663e+00,1.089219774126887419e+00,6.000105829711906980e-01,1.039818997745115325e+00,1.084734489266725666e+00,5.492829802160632546e-01,1.036010214396643425e+00,1.077078773456548566e+00,5.165225338147360068e-01,1.041829973988647184e+00,1.083660574902916229e+00,5.999998754807326362e-01,-8.811216322774625649e-12,-2.696176240075847230e-11,-2.250139934218693655e-05,-3.519550572405738889e-03
2.874859406432656783e+01,1.515010721944245908e+01,1.043560186796119504e+00,1.089017868653088694e+00,6.000104945612205753e-01,1.039780915116270466e+00,1.084602921764235006e+00,5.499453603921976574e-01,1.035998358919138829e+00,1.076990284517361562e+00,5.174511037741257313e-01,1.041741188173839205e+00,1.083482978838253397e+00,6.000002372861872324e-01,-6.026102310746984625e-12,-2.407243595782809123e-11,-2.234734435743777222e-05,-3.467141302584326925e-03
2.880963141902789815e+01,1.518227305218012901e+01,1.043463812523789613e+00,1.088816729974348529e+00,6.000095086419485746e-01,1.039742644361437041e+00,1.084471303791998631e+00,5.506030467634128733e-01,1.035985984027420370e+00,1.076901467997469330e+00,5.183714680405020481e-01,1.041652816737765885e+00,1.083306186401315374e+00,6.000011488896739298e-01,-3.345935663788127109e-12,-2.137133736405584493e-11,-2.219269763916960537e-05,-3.415070601302273249e-03
2.887066877372922846e+01,1.521443888491779894e+01,1.043367995378009949e+00,1.088616778204133606e+00,6.000102722556315271e-01,1.039703829418085812e+00,1.084339539826875365e+00,5.512512677864063182e-01,1.035972867517243268e+00,1.076812396414487782e+00,5.192803714657853176e-01,1.041564804112740772e+00,1.083130121889831043e+00,6.000018460919382957e-01,-9.144306939204755112e-13,-1.899259457615579404e-11,-2.203633922445329669e-05,-3.363979270881695127e-03
2.893170612843055878e+01,1.524660471765546887e+01,1.043272569554164475e+00,1.088417659952941152e+00,6.000106311134834058e-01,1.039664747453665772e+00,1.084207710893291932e+00,5.518936848625891622e-01,1.035959373171963405e+00,1.076722946996403474e+00,5.201830085869080245e-01,1.041477148202057057e+00,1.082954780925055482e+00,6.000023314136381236e-01,1.286502411482700729e-12,-1.685591787482267671e-11,-2.187920729720817549e-05,-3.313375019963035045e-03
2.899274348313188554e+01,1.527877055039313703e+01,1.043177495894390017e+00,1.088219291752667628e+00,6.000100978198084078e-01,1.039625225065271552e+00,1.084075774800870251e+00,5.525279485723602058e-01,1.035945500991581225e+00,1.076633119743217071e+00,5.210793448107873260e-01,1.041389846924326346e+00,1.082780159162138878e+00,6.000026073415452021e-01,3.263369328270307092e-12,-1.493965388424014086e-11,-2.172079954006788299e-05,-3.263574156923348436e-03
2.905378083783321586e+01,1.531093638313080696e+01,1.043082852746602063e+00,1.088021840374312488e+00,6.000097491164962937e-01,1.039585362545750957e+00,1.083943764843922075e+00,5.531553681046591509e-01,1.035930962181083714e+00,1.076543090861425966e+00,5.219651502508400043e-01,1.041302898213359640e+00,1.082606252289821658e+00,6.000026763291410603e-01,4.940192259828878170e-12,-1.329689100306240405e-11,-2.156149260171708274e-05,-3.214402434388709782e-03
2.911481819253454617e+01,1.534310221586847689e+01,1.042988709084901044e+00,1.087825452507066748e+00,6.000105458652523760e-01,1.039545157157877320e+00,1.083811680428018454e+00,5.537758764586045990e-01,1.035915909314584438e+00,1.076452764849361365e+00,5.228425849568417716e-01,1.041216300018046992e+00,1.082433056030130292e+00,6.000025407971989466e-01,6.234163348084830585e-12,-1.196820963874801293e-11,-2.140127924593826980e-05,-3.165864915407029263e-03
2.917585554723587649e+01,1.537526804860614682e+01,1.042894910098298489e+00,1.087629798420887139e+00,6.000104558098127150e-01,1.039504544159771227e+00,1.083679518663132946e+00,5.543885692180937630e-01,1.035900476833488959e+00,1.076362059222700340e+00,5.237135630853823054e-01,1.041130050302240262e+00,1.082260566138077529e+00,6.000022031343521522e-01,7.255901629213554178e-12,-1.084871386143435260e-11,-2.124009355037147291e-05,-3.118092277268754656e-03
2.923689290193720680e+01,1.540743388134381675e+01,1.042801454735885480e+00,1.087434875833343417e+00,6.000094948453721377e-01,1.039463679792845374e+00,1.083547309197967268e+00,5.549955241580459830e-01,1.035884637160602750e+00,1.076271001879182787e+00,5.245776467447100799e-01,1.041044205498190545e+00,1.082088856348083494e+00,6.000025201978508305e-01,8.004117821546470439e-12,-9.933812488665716273e-12,-2.107830822337812920e-05,-3.070791332870610214e-03
2.929793025663853712e+01,1.543959971408148668e+01,1.042708532538444866e+00,1.087241088046168480e+00,6.000102466930760103e-01,1.039422345813180160e+00,1.083415024121152648e+00,5.555937597647286896e-01,1.035868104257344546e+00,1.076179880636697117e+00,5.254306084847608638e-01,1.040958752078484650e+00,1.081917907103941978e+00,6.000033308971964852e-01,8.331768783965262419e-12,-9.313280517387226576e-12,-2.091552641938894072e-05,-3.024384820370748083e-03
2.935896761133986743e+01,1.547176554681915661e+01,1.042615982966302202e+00,1.087048093217598987e+00,6.000105907035173658e-01,1.039380846061681574e+00,1.083282712353661692e+00,5.561873630887832487e-01,1.035851190318092696e+00,1.076088378358217801e+00,5.262769676884340164e-01,1.040873640002794032e+00,1.081747650182708576e+00,6.000039364997975522e-01,8.381757039355725913e-12,-8.874279553461813235e-12,-2.075239286212541030e-05,-2.978294039543778228e-03
2.942000496604120130e+01,1.550393137955682654e+01,1.042523769773874287e+00,1.086855814159298328e+00,6.000100689279865840e-01,1.039338820017141396e+00,1.083150331745257544e+00,5.567714098485294638e-01,1.035833895342847422e+00,1.075996495043744838e+00,5.271166894695862304e-01,1.040788867305276755e+00,1.081578081484318110e+00,6.000043393402196834e-01,8.192038286664342926e-12,-8.587784585251056472e-12,-2.058828433582553474e-05,-2.933221185546783412e-03
2.948104232074253161e+01,1.553609721229449647e+01,1.042431968930299657e+00,1.086664412432582827e+00,6.000097411969524952e-01,1.039296708049197049e+00,1.083017939897780835e+00,5.573518630876878044e-01,1.035816094192221204e+00,1.075904435425032890e+00,5.279478943222860599e-01,1.040704432034338600e+00,1.081409196940048778e+00,6.000045417230610578e-01,7.726022634755075998e-12,-8.470018347009110540e-12,-2.042401663459443461e-05,-2.888314519835902955e-03
2.954207967544386193e+01,1.556826304503216640e+01,1.042340644172420561e+00,1.086474023463134930e+00,6.000105103089297121e-01,1.039254018275906466e+00,1.082885490826784425e+00,5.579219878369964247e-01,1.035797775706151169e+00,1.075812215654838422e+00,5.287703710573927740e-01,1.040620332252518487e+00,1.081240992512237931e+00,6.000045459234508716e-01,6.989125306353155687e-12,-8.505692331291914199e-12,-2.025883785447092088e-05,-2.844543354408760310e-03
2.960311703014519225e+01,1.560042887776983633e+01,1.042249648747980428e+00,1.086284334974255250e+00,6.000104187472937722e-01,1.039211259688754163e+00,1.082753036852331707e+00,5.584887089335702770e-01,1.035779075104832359e+00,1.075719613769395178e+00,5.295860737793539608e-01,1.040536566036377231e+00,1.081073464194006073e+00,6.000043541875422770e-01,6.095302116565564131e-12,-8.624421104048942014e-12,-2.009356671939124903e-05,-2.800909289842032617e-03
2.966415438484651901e+01,1.563259471050750449e+01,1.042158981667878459e+00,1.086095344820317665e+00,6.000094817118852841e-01,1.039167991087189824e+00,1.082620549429045953e+00,5.590459600950140606e-01,1.035759992388264994e+00,1.075626629768703157e+00,5.303949675032135769e-01,1.040453131476385185e+00,1.080906608008977310e+00,6.000039687329918880e-01,5.058637158514408255e-12,-8.815940101337506372e-12,-1.992763553800236954e-05,-2.758294176723674433e-03
2.972519173954784932e+01,1.566476054324517442e+01,1.042068825175344937e+00,1.085907440427754223e+00,6.000102221579405315e-01,1.039124601813533166e+00,1.082488058347878201e+00,5.595990551138100288e-01,1.035740366382705391e+00,1.075533708012247125e+00,5.311946217838032780e-01,1.040370084925489991e+00,1.080740497682090684e+00,6.000042574760112712e-01,3.861207752311553977e-12,-9.078427258996279975e-12,-1.976158319607805521e-05,-2.715924312034975318e-03
2.978622909424917964e+01,1.569692637598284435e+01,1.041979023747485744e+00,1.085720290943597455e+00,6.000105520351426414e-01,1.039080787943491568e+00,1.082355554396098762e+00,5.601437907308873809e-01,1.035720335417637417e+00,1.075440464465090784e+00,5.319870470365856141e-01,1.040287408297484228e+00,1.080575107677204993e+00,6.000049865812088212e-01,2.601355272167140898e-12,-9.358997816830212913e-12,-1.959510453913414912e-05,-2.674417377579538929e-03
2.984726644895050995e+01,1.572909220872051428e+01,1.041889543844276123e+00,1.085533825005833064e+00,6.000100413388816945e-01,1.039036795006630376e+00,1.082223051684969350e+00,5.606835231800052499e-01,1.035699921584505079e+00,1.075346838049870302e+00,5.327725358696798752e-01,1.040205056634306846e+00,1.080410376647370052e+00,6.000055189796522637e-01,1.304030879303816030e-12,-9.644786708302008574e-12,-1.942849950786695813e-05,-2.633280886153347745e-03
2.990830380365184027e+01,1.576125804145818421e+01,1.041800459162265158e+00,1.085348199205088182e+00,6.000097335157961176e-01,1.038992457334328545e+00,1.082090551362311359e+00,5.612159413544084430e-01,1.035679094753859886e+00,1.075252990638392525e+00,5.335506026688625614e-01,1.040123028091713087e+00,1.080246300750218325e+00,6.000058568447057539e-01,-8.316356080978915664e-15,-9.918816585164677266e-12,-1.926165118357560908e-05,-2.592857563371870049e-03
2.996934115835317058e+01,1.579342387419585414e+01,1.041711828570081044e+00,1.085163538510760084e+00,6.000104762520716006e-01,1.038947887180530660e+00,1.081958061804831450e+00,5.617425728050737810e-01,1.035657806660494451e+00,1.075159179738103932e+00,5.343204863834775109e-01,1.040041320838698935e+00,1.080082876172375306e+00,6.000060023230224804e-01,-1.278827263002799544e-12,-1.014744318398398283e-11,-1.909471021888269464e-05,-2.552924128848250464e-03
3.003037851305450090e+01,1.582558970693352407e+01,1.041623512866703738e+00,1.084979546980569642e+00,6.000103833053855862e-01,1.038903046749323211e+00,1.081825584762689418e+00,5.622628708466587133e-01,1.035636135257261392e+00,1.075064985527947492e+00,5.350833152589835606e-01,1.039959933057396757e+00,1.079920099129201505e+00,6.000059575349711016e-01,-2.492251739252137166e-12,-1.033079566761964526e-11,-1.892766155268156965e-05,-2.513560226659729366e-03
3.009141586775583477e+01,1.585775553967119400e+01,1.041535511120367463e+00,1.084796222595606041e+00,6.000094692202631030e-01,1.038857925250045833e+00,1.081693132455820550e+00,5.627766608104078916e-01,1.035614080544160931e+00,1.074970408007923650e+00,5.358390542010499358e-01,1.039878862942968718e+00,1.079757965864533764e+00,6.000057245750534118e-01,-3.637077630637045569e-12,-1.046344187176493456e-11,-1.876058999624925737e-05,-2.474800045336037532e-03
3.015245322245716508e+01,1.588992137240886393e+01,1.041447998668862951e+00,1.084613937777553216e+00,6.000101986007697619e-01,1.038812602682110287e+00,1.081560697843911178e+00,5.632850351413534185e-01,1.035591618104167777e+00,1.074875890418831581e+00,5.365872999987382208e-01,1.039798108703502422e+00,1.079596472650433014e+00,6.000053055123122370e-01,-4.631219526298903641e-12,-1.049807554347043000e-11,-1.859350206475142645e-05,-2.436471749939835008e-03
3.021349057715849540e+01,1.592208720514653386e+01,1.041360824773465588e+00,1.084432372139017220e+00,6.000105150049468428e-01,1.038766955136704029e+00,1.081428306204872181e+00,5.637862409542042652e-01,1.035568760607378458e+00,1.074781200417115778e+00,5.373282067261160311e-01,1.039717726532119579e+00,1.079435693087429593e+00,6.000055781621754791e-01,-5.494841464218599874e-12,-1.045555318277432285e-11,-1.842649419007509539e-05,-2.398855532529424722e-03
3.027452793185982571e+01,1.595425303788420379e+01,1.041273958409612677e+00,1.084251459727939126e+00,6.000100149622181744e-01,1.038721170635019231e+00,1.081295932676025418e+00,5.642828870174743106e-01,1.035545519654804236e+00,1.074686126959615073e+00,5.380619138209224994e-01,1.039637694238681132e+00,1.079275596258137959e+00,6.000062406917350266e-01,-6.232831156659974491e-12,-1.034135249032097102e-11,-1.825952005399706117e-05,-2.361539408386075130e-03
3.033556528656115248e+01,1.598641887062187195e+01,1.041187471101328255e+00,1.084071352389006870e+00,6.000097260395768073e-01,1.038675021773888707e+00,1.081163624449586802e+00,5.647717637309165317e-01,1.035521897818685977e+00,1.074590725484894760e+00,5.387884251906529531e-01,1.039557971541090975e+00,1.079116127141186876e+00,6.000067141443470309e-01,-6.804261018605704149e-12,-1.013616625942302694e-11,-1.809275941052451811e-05,-2.325038381163532352e-03
3.039660264126248634e+01,1.601858470335954365e+01,1.041101417188917466e+00,1.083892165377525973e+00,6.000104435827383620e-01,1.038628795124489912e+00,1.081031330164769377e+00,5.652568759029643619e-01,1.035497923614692173e+00,1.074495609085457826e+00,5.395081393528440294e-01,1.039478556708044232e+00,1.078957282132618101e+00,6.000070005524842376e-01,-7.172597062608245825e-12,-9.828125712395755852e-12,-1.792604434627416139e-05,-2.288711371601169671e-03
3.045763999596381311e+01,1.605075053609721181e+01,1.041015664553293751e+00,1.083713618052487559e+00,6.000103493617890971e-01,1.038582169112684639e+00,1.080899127430907436e+00,5.657336761815924264e-01,1.035473566090074238e+00,1.074400109365396982e+00,5.402205526722552165e-01,1.039399448020539296e+00,1.078799057655308591e+00,6.000071019246392412e-01,-7.398670880427443118e-12,-9.452317386022880762e-12,-1.775970410111080031e-05,-2.253297276963112626e-03
3.051867735066514697e+01,1.608291636883488351e+01,1.040930212315941850e+00,1.083535708512490370e+00,6.000094573032304091e-01,1.038535493370050578e+00,1.080766937501238978e+00,5.662070753561706526e-01,1.035448825244831950e+00,1.074304226324711564e+00,5.409256300535711937e-01,1.039320643771779462e+00,1.078641450158732251e+00,6.000070202456876389e-01,-7.483068852838506303e-12,-9.010899219110505807e-12,-1.759342018823397162e-05,-2.217998234940071409e-03
3.057971470536647374e+01,1.611508220157255167e+01,1.040845229274753647e+00,1.083358794984747187e+00,6.000101759449679717e-01,1.038488440128390700e+00,1.080634854246350196e+00,5.666724217148034759e-01,1.035423748954584999e+00,1.074208335987306251e+00,5.416240684128650340e-01,1.039242142267072788e+00,1.078484456118722790e+00,6.000067574772459666e-01,-7.354021713214337081e-12,-8.478972807451142155e-12,-1.742762910740149577e-05,-2.183581800895873903e-03
3.064075206006780050e+01,1.614724803431021982e+01,1.040760569256634183e+00,1.083182567056841572e+00,6.000104795052937368e-01,1.038441315334190707e+00,1.080502795289448370e+00,5.671340280017449498e-01,1.035398342407302330e+00,1.074112477068564830e+00,5.423159165197672937e-01,1.039163941823737058e+00,1.078328072037241459e+00,6.000063155580219743e-01,-7.090691621789876913e-12,-7.896912520927715897e-12,-1.726195883652760436e-05,-2.149336644034811981e-03
3.070178941476913437e+01,1.617941386704789153e+01,1.040676203577411751e+00,1.083006963803844425e+00,6.000099897225520396e-01,1.038393876827664819e+00,1.080370842863745962e+00,5.675884399379892420e-01,1.035372552941163038e+00,1.074016235230966787e+00,5.430003357311815604e-01,1.039086098404890635e+00,1.078172371289988885e+00,6.000065811359474033e-01,-6.712085320191849168e-12,-7.274748799378401225e-12,-1.709681824039281029e-05,-2.115842428556057551e-03
3.076282676947046468e+01,1.621157969978555968e+01,1.040592201682858597e+00,1.082832132535940906e+00,6.000097187648162356e-01,1.038346325881799759e+00,1.080238935484064466e+00,5.680385007120221097e-01,1.035346380556167345e+00,1.073919610474512343e+00,5.436772909885764227e-01,1.039008586128149947e+00,1.078017318120154222e+00,6.000071887911226920e-01,-6.202920791182942552e-12,-6.612405446224339236e-12,-1.693191252730358578e-05,-2.082624067685248832e-03
3.082386412417179855e+01,1.624374553252323139e+01,1.040508613698096330e+00,1.082658179477248295e+00,6.000104122400750084e-01,1.038298520256257795e+00,1.080107130135452564e+00,5.684821664988866097e-01,1.035319969771160586e+00,1.073823349951998019e+00,5.443489745480548647e-01,1.038931369016200978e+00,1.077862863329362542e+00,6.000076143616868141e-01,-5.574432330045599219e-12,-5.924672094150650902e-12,-1.676753883386595791e-05,-2.050030528721289835e-03
3.088490147887312531e+01,1.627591136526089954e+01,1.040425314151500302e+00,1.082484838332991028e+00,6.000103168576784718e-01,1.038250565508022527e+00,1.079975394300381364e+00,5.689209264472731009e-01,1.035293197361336404e+00,1.073726814041953581e+00,5.450134616896502582e-01,1.038854445442626950e+00,1.077709003534353283e+00,6.000078597558921034e-01,-4.880274389227375134e-12,-5.230310354429832440e-12,-1.660353932425016638e-05,-2.017812388770591579e-03
3.094593883357445918e+01,1.630807719799857125e+01,1.040342302214039227e+00,1.082312107310837934e+00,6.000094459604041752e-01,1.038202410507303775e+00,1.079843751813001518e+00,5.693540329368209640e-01,1.035266042686911359e+00,1.073629895867308282e+00,5.456703999456924414e-01,1.038777813792441274e+00,1.077555735376717561e+00,6.000079268603122351e-01,-4.128445724601528155e-12,-4.534172886846301847e-12,-1.644004229509445089e-05,-1.986098361124857825e-03
3.100697618827578594e+01,1.634024303073623940e+01,1.040259740484579920e+00,1.082140331198281347e+00,6.000101541803524174e-01,1.038154073760575447e+00,1.079712206861793700e+00,5.697817339840830497e-01,1.035238567880257365e+00,1.073532845879930031e+00,5.463207175860386178e-01,1.038701472461995845e+00,1.077403055522679898e+00,6.000078175401578617e-01,-3.321296285912524357e-12,-3.855633925710283235e-12,-1.627708169015466467e-05,-1.954854379456716276e-03
3.106801354297711981e+01,1.637240886347391111e+01,1.040177487150321101e+00,1.081969209097613183e+00,6.000104454907208007e-01,1.038105586730129870e+00,1.079580742562141982e+00,5.702044665435966886e-01,1.035210876064942109e+00,1.073436078040733710e+00,5.469659872228557207e-01,1.038625419858890009e+00,1.077250960662882173e+00,6.000075336395849224e-01,-2.502766724507134828e-12,-3.203419659050691483e-12,-1.611456464832411496e-05,-1.923999073484274243e-03
3.112905089767844657e+01,1.640457469621157927e+01,1.040095515706144447e+00,1.081798684758739748e+00,6.000099655933278653e-01,1.038056889248857306e+00,1.079449407215068879e+00,5.706213477819255253e-01,1.035182802878016339e+00,1.073338928829926875e+00,5.476036307563788563e-01,1.038549654401878630e+00,1.077099447512168240e+00,6.000070769819964012e-01,-1.683613523913648058e-12,-2.580094251723257327e-12,-1.595276702567663882e-05,-1.893703697786173513e-03
3.119008825237978044e+01,1.643674052894925097e+01,1.040013893608443984e+00,1.081628901156422184e+00,6.000097117157249249e-01,1.038008087139549618e+00,1.079318135978244886e+00,5.710338902337079858e-01,1.035154348319479833e+00,1.073241398247509304e+00,5.482336132697367415e-01,1.038474231763058198e+00,1.076948589133828404e+00,6.000073420661489187e-01,-8.804080099713271897e-13,-2.000824126502111029e-12,-1.579132707050182472e-05,-1.863686697826187275e-03
3.125112560708110720e+01,1.646890636168691913e+01,1.039932667056068238e+00,1.081459956112739151e+00,6.000103821758558942e-01,1.037959049653526478e+00,1.079187028345957033e+00,5.714401878589339123e-01,1.035125705079517733e+00,1.073144140465345897e+00,5.488589107386492305e-01,1.038399122740713665e+00,1.076798345422381509e+00,6.000079039858831065e-01,-1.250900807885186137e-13,-1.484705423924342315e-12,-1.563080820006253264e-05,-1.834314883589311610e-03
3.131216296178243397e+01,1.650107219442458728e+01,1.039851716822375760e+00,1.081291596795510790e+00,6.000102857272053836e-01,1.037909949025610956e+00,1.079055964602037454e+00,5.718427224236508621e-01,1.035096775009950232e+00,1.073046820035610027e+00,5.494779692722879805e-01,1.038324295322943680e+00,1.076648672543139007e+00,6.000082902737432500e-01,5.832177211068754691e-13,-1.017932669479258272e-12,-1.547053641877504289e-05,-1.805116146146495135e-03
3.137320031648376784e+01,1.653323802716225899e+01,1.039771042124391753e+00,1.081123821513777727e+00,6.000094351611034993e-01,1.037860591736507798e+00,1.078925102195108066e+00,5.722386696765674463e-01,1.035067464687118299e+00,1.072949119352609726e+00,5.500892971100929119e-01,1.038249747980748872e+00,1.076499567317277029e+00,6.000085027275285920e-01,1.238968153063757499e-12,-6.024568420886278691e-13,-1.531140407335426423e-05,-1.776643353754578424e-03
3.143423767118509460e+01,1.656540385989992714e+01,1.039690799680388578e+00,1.080956962319350900e+00,6.000101332512860486e-01,1.037811200877409856e+00,1.078794266889730569e+00,5.726312618367198626e-01,1.035037798836776490e+00,1.072851112459554557e+00,5.506932480552038101e-01,1.038175479195751594e+00,1.076351026589005055e+00,6.000085431253187052e-01,1.791536191312073039e-12,-2.737776304095602805e-13,-1.515242519217724321e-05,-1.748266261630168975e-03
3.149527502588642847e+01,1.659756969263759885e+01,1.039610851844796624e+00,1.080790727397006323e+00,6.000104128615610932e-01,1.037761551351398470e+00,1.078663659674262032e+00,5.730172040328920247e-01,1.035008071378212158e+00,1.072753678097922991e+00,5.512944180913265102e-01,1.038101487460108885e+00,1.076203047225362752e+00,6.000084132257473835e-01,2.262545427008510518e-12,-6.212080623842220054e-15,-1.499474000969260651e-05,-1.720645396895120966e-03
3.155631238058775878e+01,1.662973552537526700e+01,1.039531174142722003e+00,1.080625064846946426e+00,6.000099424858038599e-01,1.037711864119731597e+00,1.078533089719861504e+00,5.733997103454243627e-01,1.034977964997091826e+00,1.072655864813735427e+00,5.518877949427460905e-01,1.038027771276429201e+00,1.076055626116023456e+00,6.000081147682696514e-01,2.656192552889796740e-12,2.055984796988630132e-13,-1.483726613603221541e-05,-1.693138688822471783e-03
3.161734973528909265e+01,1.666190135811293871e+01,1.039451832125154906e+00,1.080460113496234831e+00,6.000097048502525121e-01,1.037661963454242331e+00,1.078402730682685107e+00,5.737761969642470872e-01,1.034947479693415495e+00,1.072557672606991863e+00,5.524733439168166838e-01,1.037954329157686484e+00,1.075908760173094780e+00,6.000076494734266630e-01,2.949222845688934433e-12,3.486138521451498048e-13,-1.468098838135864711e-05,-1.666278167447699790e-03
3.167838708999041941e+01,1.669406719085060686e+01,1.039372868331553734e+00,1.080295963345170085e+00,6.000103532875327161e-01,1.037611998879078179e+00,1.078272442266968945e+00,5.741488441762793160e-01,1.034916802636569599e+00,1.072459609527822932e+00,5.530539949330239846e-01,1.037881216432037013e+00,1.075762522071240790e+00,6.000079187868857522e-01,3.126029419027016271e-12,4.182768612285705054e-13,-1.452511030443997873e-05,-1.639618434818362978e-03
3.173942444469175328e+01,1.672623302358827857e+01,1.039294169406829171e+00,1.080132374205496015e+00,6.000102558627792293e-01,1.037561862114644740e+00,1.078142344123815377e+00,5.745160496550552054e-01,1.034885957769943410e+00,1.072361738637678030e+00,5.536301104099140558e-01,1.037808400916499174e+00,1.075616867801179710e+00,6.000084421319197281e-01,3.222872242258856556e-12,4.402466130536473528e-13,-1.437030906323847517e-05,-1.613499679238781766e-03
3.180046179939308004e+01,1.675839885632594672e+01,1.039215734610915876e+00,1.079969344480566029e+00,6.000094248459764135e-01,1.037511638718636497e+00,1.078012352867236068e+00,5.748790613943829397e-01,1.034854735511228974e+00,1.072263490355444659e+00,5.541983425763929993e-01,1.037735854254041579e+00,1.075471758471760353e+00,6.000087958365575291e-01,3.240902245454423763e-12,4.164214302736013616e-13,-1.421611056656599137e-05,-1.587664006125116389e-03
3.186149915409441391e+01,1.679056468906361843e+01,1.039137715079246460e+00,1.079807194143891147e+00,6.000101130943469308e-01,1.037461280527195662e+00,1.077882527922096934e+00,5.752371583554491963e-01,1.034823135860426069e+00,1.072164864681123042e+00,5.547586568799388607e-01,1.037663575006168237e+00,1.075327191093675028e+00,6.000089815995991449e-01,3.142897780022421157e-12,3.300207986609071732e-13,-1.406284991743458632e-05,-1.562268798551673258e-03
3.192253650879574067e+01,1.682273052180128659e+01,1.039059977151545411e+00,1.079645640056207778e+00,6.000103815330948276e-01,1.037410816333528718e+00,1.077752848887974624e+00,5.755907550933858641e-01,1.034791549850193615e+00,1.072066842730502900e+00,5.553172601451962231e-01,1.037591561744254376e+00,1.075183162698977846e+00,6.000090011018042180e-01,2.975319793882208312e-12,2.094887298479327478e-13,-1.391040806367309300e-05,-1.537234757356695973e-03
3.198357386349706744e+01,1.685489635453895474e+01,1.038982498245655695e+00,1.079484634368675922e+00,6.000099203445787843e-01,1.037360251023176527e+00,1.077623309039969612e+00,5.759399143065205839e-01,1.034759646283877510e+00,1.071968591094058398e+00,5.558688571947144608e-01,1.037519813049468054e+00,1.075039670340900200e+00,6.000088560061300758e-01,2.748226695257011402e-12,6.105582856265954735e-14,-1.375874726778640627e-05,-1.512545236727401259e-03
3.204461121819840486e+01,1.688706218727662645e+01,1.038905342086452022e+00,1.079324311937705838e+00,6.000096981730718149e-01,1.037309563562678782e+00,1.077493956744699721e+00,5.762843133251718264e-01,1.034727367043491997e+00,1.071869963783544266e+00,5.564124877701900340e-01,1.037448327512690671e+00,1.074896711093668689e+00,6.000085479579678749e-01,2.454888662145697590e-12,-1.159710258818035334e-13,-1.360813267732848536e-05,-1.488290883562709945e-03
3.210564857289973162e+01,1.691922802001429460e+01,1.038828547800565660e+00,1.079164755477299398e+00,6.000103255346446174e-01,1.037258805082523327e+00,1.077364713494990189e+00,5.766247036729159614e-01,1.034694846358077402e+00,1.071771276862415245e+00,5.569502722315914367e-01,1.037377103734439920e+00,1.074754282052323262e+00,6.000080785853735277e-01,2.104900042640308807e-12,-3.127345054628723143e-13,-1.345812636409568452e-05,-1.464289542330991876e-03
3.216668592760106549e+01,1.695139385275196631e+01,1.038752007557684376e+00,1.079005736683916306e+00,6.000102272258820424e-01,1.037207911400922944e+00,1.077235701918320521e+00,5.769601190367625865e-01,1.034662315031173119e+00,1.071673072165628682e+00,5.574859005656545019e-01,1.037306196653184687e+00,1.074612455436746661e+00,6.000083554481575598e-01,1.725167278443863336e-12,-5.169350390699822186e-13,-1.330940348720451149e-05,-1.440793412142302382e-03
3.222772328230239225e+01,1.698355968548963446e+01,1.038675720657736390e+00,1.078847254048725501e+00,6.000094150231300993e-01,1.037156973346022193e+00,1.077106766377061708e+00,5.772919074825410002e-01,1.034629409923961907e+00,1.071574493688535412e+00,5.580135202294295160e-01,1.037235571411388335e+00,1.074471183737447877e+00,6.000088458523165080e-01,1.320264503868864729e-12,-7.257298242789673784e-13,-1.316110183588830723e-05,-1.417463092913744940e-03
3.228876063700372612e+01,1.701572551822730617e+01,1.038599832931797362e+00,1.078689616081173863e+00,6.000100937070846907e-01,1.037105890011331910e+00,1.076978108972421522e+00,5.776185500141133300e-01,1.034596131036443767e+00,1.071475541431134992e+00,5.585330970010748963e-01,1.037165203022482274e+00,1.074330432622135678e+00,6.000091722092883995e-01,8.956542332346092925e-13,-9.299680984775034394e-13,-1.301432921832441188e-05,-1.394704194372779456e-03
3.234979799170505288e+01,1.704789135096497432e+01,1.038524214533506740e+00,1.078532547935491248e+00,6.000103514716091935e-01,1.037054785627707476e+00,1.076849491865743191e+00,5.779419015730763443e-01,1.034562843030910839e+00,1.071377028793393915e+00,5.590504950344897805e-01,1.037095090132082342e+00,1.074190199277324620e+00,6.000093361284768445e-01,4.720367788199239384e-13,-1.123328946296037911e-12,-1.286777813557261953e-05,-1.372028086400994829e-03
3.241083534640638675e+01,1.708005718370264603e+01,1.038448844646383984e+00,1.078376005537508675e+00,6.000098991481169763e-01,1.037003528737726166e+00,1.076721201570611131e+00,5.782599788326199253e-01,1.034529363696067739e+00,1.071278547229683964e+00,5.595627606847159985e-01,1.037025231394983038e+00,1.074050480909356731e+00,6.000093392026955019e-01,5.437143524643788744e-14,-1.304134609753083490e-12,-1.272300867763420662e-05,-1.349985896581876177e-03
3.247187270110771351e+01,1.711222301644031418e+01,1.038373785244127490e+00,1.078220119940112687e+00,6.000096916997933461e-01,1.036952254791034811e+00,1.076592952054123975e+00,5.785748128949211866e-01,1.034495512639016512e+00,1.071179693943765665e+00,5.600669475867969815e-01,1.036955625475084464e+00,1.073911274744233646e+00,6.000091830083789102e-01,-3.468157081536994078e-13,-1.464732366381346015e-12,-1.257845963305970686e-05,-1.328018740390614740e-03
3.253291005580904738e+01,1.714438884917798589e+01,1.038299072268707102e+00,1.078064967065823110e+00,6.000102988709616891e-01,1.036900856117360270e+00,1.076465002493916190e+00,5.788847728140742444e-01,1.034461329778583849e+00,1.071080554053164713e+00,5.605636710451200599e-01,1.036886271045319718e+00,1.073772578027448299e+00,6.000088691057890999e-01,-7.145064506226383172e-13,-1.596007700164557917e-12,-1.243553117981040334e-05,-1.306601990991381954e-03
3.259394741051037414e+01,1.717655468191565404e+01,1.038224603092374521e+00,1.077910329791155419e+00,6.000101997532968356e-01,1.036849427201178120e+00,1.076337134839516541e+00,5.791912792702865742e-01,1.034427325803637610e+00,1.070982215145225735e+00,5.610612233641371072e-01,1.036817166787582067e+00,1.073634388023817721e+00,6.000083990392209854e-01,-1.052071947522588910e-12,-1.704137139566592429e-12,-1.229304104936450201e-05,-1.285327673692240403e-03
3.265498476521170090e+01,1.720872051465332220e+01,1.038150377052397877e+00,1.077756206689152396e+00,6.000094056558135103e-01,1.036797899893752373e+00,1.076209533658203377e+00,5.794932939897968760e-01,1.034392952317912950e+00,1.070883506726508339e+00,5.615506669860498290e-01,1.036748367211256738e+00,1.073496776441204892e+00,6.000086857149986574e-01,-1.356824081739401330e-12,-1.788171083716217046e-12,-1.215197696223974584e-05,-1.264516746258923831e-03
3.271602211991303477e+01,1.724088634739099390e+01,1.038076534936452466e+00,1.077602895379951242e+00,6.000100750311635478e-01,1.036746331069549054e+00,1.076082059673879154e+00,5.797916732711192456e-01,1.034358209321409428e+00,1.070784428797012078e+00,5.620319680799177320e-01,1.036679835062723543e+00,1.073359692636322249e+00,6.000091476334109553e-01,-1.600003981867563962e-12,-1.831350721560729912e-12,-1.201158680146172633e-05,-1.243915784869704553e-03
3.277705947461436153e+01,1.727305218012866206e+01,1.038002950550493075e+00,1.077450128951064068e+00,6.000103225832529308e-01,1.036694687029641404e+00,1.075954816131601488e+00,5.800858990697850270e-01,1.034323391905033640e+00,1.070685586054680227e+00,5.625099289208933540e-01,1.036611548465182109e+00,1.073223106483219613e+00,6.000094507504989405e-01,-1.797174394385067327e-12,-1.846582996085211553e-12,-1.187241758913360695e-05,-1.223695217743610807e-03
3.283809682931569540e+01,1.730521801286633377e+01,1.037929604726165689e+00,1.077297866847714003e+00,6.000098788125929339e-01,1.036642992914265315e+00,1.075827747143972113e+00,5.803763482989602318e-01,1.034288543704012575e+00,1.070587066104943919e+00,5.629852591442948695e-01,1.036543506142459492e+00,1.073087015331662508e+00,6.000095965943872400e-01,-1.950927415797314556e-12,-1.836289724744815475e-12,-1.173416362085010766e-05,-1.203748578634156793e-03
3.289913418401702216e+01,1.733738384560400192e+01,1.037856557756975162e+00,1.077146236477259711e+00,6.000096853862879609e-01,1.036591243720046851e+00,1.075700870151912847e+00,5.806629394175210068e-01,1.034253328346367296e+00,1.070488178998583395e+00,5.634524227581647615e-01,1.036475706826921250e+00,1.072951416549837056e+00,6.000095866778750731e-01,-2.048775496603658916e-12,-1.794646081609450155e-12,-1.159691634476082011e-05,-1.184103237520295901e-03
3.296017153871835603e+01,1.736954967834167363e+01,1.037783842611557539e+00,1.076995307428371795e+00,6.000102732062915223e-01,1.036539438493566001e+00,1.075574217016611378e+00,5.809456524040684799e-01,1.034217745832097579e+00,1.070388924735598435e+00,5.639113861470996802e-01,1.036408149259404832e+00,1.072816307524193880e+00,6.000094224986222136e-01,-2.084821630456426759e-12,-1.721023541146012710e-12,-1.146083018889438066e-05,-1.164792330343753434e-03
3.302120889341968279e+01,1.740171551107934178e+01,1.037711361564855883e+00,1.076844873102736022e+00,6.000101733542393401e-01,1.036487595405418016e+00,1.075447715143990290e+00,5.812247610303582501e-01,1.034182378647610312e+00,1.070290456321253414e+00,5.643717328983559600e-01,1.036340832189150962e+00,1.072681685659294226e+00,6.000091055393336203e-01,-2.078916059249247583e-12,-1.627052133237196042e-12,-1.132552861580687635e-05,-1.145707404166201090e-03
3.308224624812101666e+01,1.743388134381701349e+01,1.037639113989023754e+00,1.076694932149792727e+00,6.000093966962551928e-01,1.036435692819004384e+00,1.075321488256016700e+00,5.814999282689200522e-01,1.034146736784985698e+00,1.070191801534874365e+00,5.648253774453333431e-01,1.036273754373738809e+00,1.072547548377657201e+00,6.000086372679414026e-01,-2.032043330660430651e-12,-1.513837404887652168e-12,-1.119163751250146324e-05,-1.127014075661335237e-03
3.314328360282234343e+01,1.746604717655468164e+01,1.037567235873018578e+00,1.076545771838591570e+00,6.000100570185870064e-01,1.036383766784849669e+00,1.075195369737065532e+00,5.817717045251423746e-01,1.034110730252408850e+00,1.070092782078543081e+00,5.652708033274798094e-01,1.036206969859693627e+00,1.072413966825785714e+00,6.000089352293336287e-01,-1.926242131973397211e-12,-1.375696015167743914e-12,-1.105830226288700148e-05,-1.108475072342651442e-03
3.320432095752367019e+01,1.749821300929234980e+01,1.037495604522401749e+00,1.076397132850184013e+00,6.000102948056973418e-01,1.036331780168696204e+00,1.075069579041102008e+00,5.820395131968294500e-01,1.034074547190169779e+00,1.069993759516957521e+00,5.657111006923435381e-01,1.036140439250323286e+00,1.072280887559490026e+00,6.000093722068116087e-01,-1.786915612722816643e-12,-1.225474450360549340e-12,-1.092662928897714236e-05,-1.090381600021123141e-03
3.326535831222501116e+01,1.753037884203002150e+01,1.037424202308054433e+00,1.076248977913059512e+00,6.000098593019710380e-01,1.036279781829348545e+00,1.074943851782011350e+00,5.823041051289045145e-01,1.034038522719186393e+00,1.069895376358164674e+00,5.661518273362753373e-01,1.036074143539431169e+00,1.072148284335818769e+00,6.000096553229080643e-01,-1.619100041015950842e-12,-1.065874497760669160e-12,-1.079527798125888066e-05,-1.072374342193799842e-03
3.332639566692633792e+01,1.756254467476768966e+01,1.037353087910440896e+00,1.076101430938387615e+00,6.000096792464113538e-01,1.036227724100609038e+00,1.074818506782689642e+00,5.825647391055118751e-01,1.034002136187629706e+00,1.069796631138798526e+00,5.665843220548308912e-01,1.036008081523610569e+00,1.072016154656245890e+00,6.000097860313913234e-01,-1.420398965013505515e-12,-8.979053369349937296e-13,-1.066584226012152467e-05,-1.054863427925721185e-03
3.338743302162767179e+01,1.759471050750536136e+01,1.037282291520600364e+00,1.075954555604450302e+00,6.000102485178304690e-01,1.036175659694794637e+00,1.074693210439056523e+00,5.828222289205833295e-01,1.033965387595499497e+00,1.069697523858858856e+00,5.670085516991809627e-01,1.035942252007402864e+00,1.071884496039372525e+00,6.000097657718143074e-01,-1.197691618190253427e-12,-7.271186315680678618e-13,-1.053664843594847583e-05,-1.037413873999129630e-03
3.344847037632899855e+01,1.762687634024302952e+01,1.037211720036923523e+00,1.075808155229006635e+00,6.000101480067046023e-01,1.036123547465876316e+00,1.074568288140634875e+00,5.830759325253501713e-01,1.033928772438391430e+00,1.069598981364703771e+00,5.674327699053723917e-01,1.035876653803236236e+00,1.071753306020784668e+00,6.000095959696802872e-01,-9.635367521976168321e-13,-5.575825664070360591e-13,-1.040930655563832972e-05,-1.020428812093731978e-03
3.350950773103033242e+01,1.765904217298070122e+01,1.037141372864170519e+00,1.075662228532838105e+00,6.000093881588890454e-01,1.036071426822809505e+00,1.074443448260119949e+00,5.833264602687225908e-01,1.033892048000573549e+00,1.069500547673619240e+00,5.678529222478356786e-01,1.035811285731362164e+00,1.071622582152909287e+00,6.000092780366086398e-01,-7.204594624160031353e-13,-3.907338182853805919e-13,-1.028236774053119669e-05,-1.003541726482829778e-03
3.357054508573165919e+01,1.769120800571836938e+01,1.037071381422051575e+00,1.075517052938242957e+00,6.000100396719301177e-01,1.036019272422117776e+00,1.074318939040845855e+00,5.835734146021190893e-01,1.033854964224846240e+00,1.069401754644625058e+00,5.682648014430171646e-01,1.035746146619794805e+00,1.071492322004875763e+00,6.000088133704973847e-01,-4.742523318874511653e-13,-2.341208263784458903e-13,-1.015704602594726055e-05,-9.870477224773429367e-04
3.363158244043299305e+01,1.772337383845604109e+01,1.037001626371566010e+00,1.075372376399364116e+00,6.000102681128943738e-01,1.035967107553203981e+00,1.074194564169535404e+00,5.838171569348679091e-01,1.033817570417542075e+00,1.069302692383012454e+00,5.686692037163553204e-01,1.035681290023404921e+00,1.071362596119490362e+00,6.000091235015699853e-01,-2.334413800897340431e-13,-8.803070423168904512e-14,-1.003237314257317539e-05,-9.707067437886009132e-04
3.369261979513431982e+01,1.775553967119370924e+01,1.036932091521935106e+00,1.075228164709422396e+00,6.000098405968462556e-01,1.035914920446756371e+00,1.074070474692189414e+00,5.840575011040454179e-01,1.033780548283994349e+00,1.069204605433565103e+00,5.690775849018999688e-01,1.035616674632461098e+00,1.071233348554305520e+00,6.000095383792574122e-01,-1.750269933089115361e-16,4.712793675471033674e-14,-9.909078564504449923e-06,-9.546908351684982785e-04
3.375365714983565368e+01,1.778770550393138095e+01,1.036862834004210532e+00,1.075084538424720515e+00,6.000096732873989591e-01,1.035862722976799821e+00,1.073946572969791236e+00,5.842946314062623658e-01,1.033743169639452342e+00,1.069106161973123470e+00,5.694776895794080307e-01,1.035552284091767028e+00,1.071104556652520357e+00,6.000098040635296615e-01,2.188412527922215347e-13,1.663894187914028570e-13,-9.786679232429586190e-06,-9.388800044589204388e-04
3.381469450453698045e+01,1.781987133666904910e+01,1.036793881413466734e+00,1.074941555705526852e+00,6.000102247595981986e-01,1.035810512350315404e+00,1.073822909603265430e+00,5.845285024329456292e-01,1.033705434483915608e+00,1.069007362001686889e+00,5.698694851081471668e-01,1.035488117265660923e+00,1.070976218056713725e+00,6.000099219397551087e-01,4.147733587574507838e-13,2.652957889470171078e-13,-9.665416419747394961e-06,-9.233295212112861217e-04
3.387573185923830721e+01,1.785203716940671725e+01,1.036725145011351046e+00,1.074799029218697966e+00,6.000101236488050160e-01,1.035758293525445684e+00,1.073699488773062649e+00,5.847591908189605503e-01,1.033667717842239098e+00,1.068908876153744414e+00,5.702592909680931355e-01,1.035424173025884853e+00,1.070848330425403505e+00,6.000098933800679379e-01,5.912956057155609517e-13,3.488499486374361208e-13,-9.545295137044605970e-06,-9.080332752720491176e-04
3.393676921393964108e+01,1.788420300214438896e+01,1.036656624233152524e+00,1.074656957751721986e+00,6.000093800021945034e-01,1.035706068289682813e+00,1.073576257599042405e+00,5.849867236392455316e-01,1.033630082798657090e+00,1.068810815554603666e+00,5.706481792918522977e-01,1.035360450251526121e+00,1.070720891432912492e+00,6.000097197435189100e-01,7.471599070566950338e-13,4.167269447877541547e-13,-9.426066496793686667e-06,-8.929358353374033897e-04
3.399780656864096784e+01,1.791636883488205712e+01,1.036588446144986797e+00,1.074515609353424939e+00,6.000100229317092415e-01,1.035653838985254316e+00,1.073453325017755811e+00,5.852111369749902758e-01,1.033592094166591924e+00,1.068712401366979758e+00,5.710287598556835764e-01,1.035296947828961533e+00,1.070593898769241603e+00,6.000094023762226891e-01,8.658675394639602440e-13,4.590032966230227796e-13,-9.308224815407912435e-06,-8.781389999379682430e-04
3.405884392334230171e+01,1.794853466761972882e+01,1.036520494626972599e+00,1.074374738948417729e+00,6.000102424173296978e-01,1.035601607781330147e+00,1.073330531837342949e+00,5.854324644407106204e-01,1.033553751946044041e+00,1.068613633590873357e+00,5.714010002864283733e-01,1.035233664651799224e+00,1.070467350139937324e+00,6.000089426115055025e-01,9.582926422009724918e-13,4.846677358892271141e-13,-9.191030649033126901e-06,-8.634825046407631479e-04
3.411988127804362847e+01,1.798070050035739698e+01,1.036452754833083079e+00,1.074234315192186706e+00,6.000098226198117279e-01,1.035549378509788454e+00,1.073208094484897179e+00,5.856507663631177474e-01,1.033515780904505910e+00,1.068515783139812214e+00,5.717772327013325162e-01,1.035170653758870296e+00,1.070341315447981945e+00,6.000092653619175653e-01,1.026015864680926247e-12,4.951961365475661907e-13,-9.075467343997955147e-06,-8.491702877432042666e-04
3.418091863274496234e+01,1.801286633309506868e+01,1.036385282405356767e+00,1.074094455420071093e+00,6.000096674667521057e-01,1.035497149714476484e+00,1.073085744825167609e+00,5.858660192446910608e-01,1.033477575555373562e+00,1.068417786153829319e+00,5.721471430398963331e-01,1.035107872136675988e+00,1.070215736527980743e+00,6.000096604362663566e-01,1.062274184557399352e-12,4.873532106960238700e-13,-8.960305959762347985e-06,-8.349429172064607146e-04
3.424195598744628910e+01,1.804503216583273684e+01,1.036318102511526451e+00,1.073955212638121770e+00,6.000102018547056604e-01,1.035444930633185434e+00,1.072963809314351202e+00,5.860783701830621917e-01,1.033439019627585997e+00,1.068319438589191428e+00,5.725087191755773297e-01,1.035045305879208843e+00,1.070090594036522846e+00,6.000099107412295574e-01,1.065242210082521117e-12,4.615712240879873522e-13,-8.847017192366911655e-06,-8.211009021592359427e-04
3.430299334214762297e+01,1.807719799857040854e+01,1.036251130533660803e+00,1.073816408333861050e+00,6.000101002066396960e-01,1.035392713162029521e+00,1.072841928121704314e+00,5.862876899384000806e-01,1.033400339388603761e+00,1.068221130515762951e+00,5.728658098363743623e-01,1.034982953913921033e+00,1.069965885747544254e+00,6.000100175989442342e-01,1.045898979481638740e-12,4.245017657831722590e-13,-8.733972817270770715e-06,-8.073087378663754924e-04
3.436403069684894973e+01,1.810936383130807670e+01,1.036184365935645335e+00,1.073678041357190249e+00,6.000093721910877420e-01,1.035340513283206532e+00,1.072720481020869032e+00,5.864942343728750673e-01,1.033361952324631572e+00,1.068123580241986170e+00,5.732255768952254638e-01,1.034920815175165432e+00,1.069841609449825315e+00,6.000099823191883397e-01,1.004972570616798591e-12,3.768619031919888157e-13,-8.622864489030734902e-06,-7.939052494285386103e-04
3.442506805155028360e+01,1.814152966404574840e+01,1.036117931632700273e+00,1.073540370827828605e+00,6.000100067651920055e-01,1.035288317667611535e+00,1.072599109088436364e+00,5.866977905580286201e-01,1.033323217771235258e+00,1.068025682478785043e+00,5.735770197357034084e-01,1.034858888604142990e+00,1.069717762946870598e+00,6.000098061995171594e-01,9.337435060112422954e-13,3.158830648625838990e-13,-8.512086789926859485e-06,-7.805665636412414347e-04
3.448610540625161036e+01,1.817369549678341656e+01,1.036051714594932838e+00,1.073403158354708564e+00,6.000102176767501128e-01,1.035236143794201702e+00,1.072478120509949839e+00,5.868986396393837124e-01,1.033284135728415043e+00,1.067927437226160237e+00,5.739201065430550308e-01,1.034797173148849003e+00,1.069594344056787882e+00,6.000094905253984257e-01,8.461762640835179297e-13,2.488102766516534852e-13,-8.402995277834576028e-06,-7.675583671414977580e-04
3.454714276095293712e+01,1.820586132952108471e+01,1.035985701234153566e+00,1.073266375267822426e+00,6.000098053517035623e-01,1.035183979416204769e+00,1.072357263654445614e+00,5.870965857081473782e-01,1.033245296416589909e+00,1.067829845608601724e+00,5.742650007170625459e-01,1.034735667764021594e+00,1.069471350612170690e+00,6.000090365703431017e-01,7.448133992150993812e-13,1.770482853629272733e-13,-8.294475075251306481e-06,-7.546595680533931417e-04
3.460818011565427099e+01,1.823802716225875642e+01,1.035919945760632732e+00,1.073130135808371577e+00,6.000096618063160969e-01,1.035131838919984171e+00,1.072236738093513608e+00,5.872918614915447755e-01,1.033206416603816624e+00,1.067732425385300221e+00,5.746068234101676664e-01,1.034674424951975036e+00,1.069348851845555171e+00,6.000093720723439494e-01,6.289463706627759875e-13,1.013436298119754229e-13,-8.187391764970493863e-06,-7.420359128167620033e-04
3.466921747035560486e+01,1.827019299499642457e+01,1.035854471071314231e+00,1.072994488165657678e+00,6.000101797940625703e-01,1.035079714832190634e+00,1.072116401795824014e+00,5.874843477695076421e-01,1.033167192462699058e+00,1.067634660833654436e+00,5.749403041852260143e-01,1.034613400185937060e+00,1.069226787619188768e+00,6.000097492173495084e-01,5.030015611881953203e-13,2.487968772080951310e-14,-8.081117765704517512e-06,-7.295637613367063736e-04
3.473025482505693873e+01,1.830235882773409628e+01,1.035789196441986526e+00,1.072859262155065219e+00,6.000100776701955407e-01,1.035027614846602440e+00,1.071996343505376981e+00,5.876741702764840536e-01,1.033127678032865093e+00,1.067536642328036134e+00,5.752663499219239363e-01,1.034552581823472872e+00,1.069105141652206381e+00,6.000099857964235062e-01,3.728877649938214714e-13,-5.040225200477377299e-14,-7.976032556829568286e-06,-7.173141524968954658e-04
3.479129217975826549e+01,1.833452466047176443e+01,1.035724121363332806e+00,1.072724456684934990e+00,6.000093647432058752e-01,1.034975539779762865e+00,1.071876532919709524e+00,5.878613439895526982e-01,1.033088684661799705e+00,1.067439725595126454e+00,5.755990479562786977e-01,1.034491968850877353e+00,1.068983911840933887e+00,6.000100830729974133e-01,2.399866083671755735e-13,-1.237312167746901382e-13,-7.871991491932412940e-06,-7.052557554503374954e-04
3.485232953445959936e+01,1.836669049320943614e+01,1.035659364790266768e+00,1.072590322363376814e+00,6.000099911767643457e-01,1.034923487205003045e+00,1.071756945916524373e+00,5.880458312181237046e-01,1.033049350188115501e+00,1.067342467759598179e+00,5.759234218279759565e-01,1.034431560260881788e+00,1.068863096095534981e+00,6.000100422989292914e-01,1.086590678789045546e-13,-1.907594677892238956e-13,-7.768892888875696430e-06,-6.933699493705590498e-04
3.491336688916092612e+01,1.839885632594710430e+01,1.035594816660722062e+00,1.072456627213122848e+00,6.000101938687809611e-01,1.034871469575521008e+00,1.071637665879430878e+00,5.882278365224219430e-01,1.033009674611812478e+00,1.067244868821451087e+00,5.762394403070133508e-01,1.034371355052606134e+00,1.068742692339901268e+00,6.000098647146279163e-01,-1.776341063356711970e-14,-2.517918823605299642e-13,-7.667069646202970314e-06,-6.817127527223246913e-04
3.497440424386225999e+01,1.843102215868477600e+01,1.035530464563627628e+00,1.072323345064468469e+00,6.000097887724574752e-01,1.034819471083576081e+00,1.071518553950172370e+00,5.884071044581783427e-01,1.032970088785155838e+00,1.067147639556891514e+00,5.765546065640352325e-01,1.034311352231509273e+00,1.068622698511540792e+00,6.000095515491746800e-01,-1.383260601736353330e-13,-3.066489811158166821e-13,-7.565944845732198782e-06,-6.701807524317329517e-04
3.503544159856358675e+01,1.846318799142244416e+01,1.035466361331853768e+00,1.072190587184775667e+00,6.000096563047524478e-01,1.034767519000939329e+00,1.071399808989439206e+00,5.885840824712121888e-01,1.032930674123198722e+00,1.067050912721017486e+00,5.768703550223288623e-01,1.034251550809340614e+00,1.068503112561468127e+00,6.000091040204448278e-01,-2.489797012260157048e-13,-3.526037071172865543e-13,-7.466322597178682984e-06,-6.589125345366234022e-04
3.509647895326492062e+01,1.849535382416011586e+01,1.035402527737197431e+00,1.072058397260075013e+00,6.000101585304873364e-01,1.034715581040577925e+00,1.071281175696618293e+00,5.887582450994441885e-01,1.032890921642133808e+00,1.066953848066035437e+00,5.771777695833176791e-01,1.034192002734882543e+00,1.068384003026038975e+00,6.000094521773928768e-01,-3.452990999542521647e-13,-3.876150721230395285e-13,-7.367157572675918946e-06,-6.477245851859785800e-04
3.515751630796624738e+01,1.852751965689778402e+01,1.035338886737380282e+00,1.071926612973657988e+00,6.000100559779162346e-01,1.034663702314711387e+00,1.071162970040022921e+00,5.889303339324380993e-01,1.032850831341961317e+00,1.066856445591945812e+00,5.774768193176248454e-01,1.034132662141584724e+00,1.068265308023349291e+00,6.000098129385315060e-01,-4.299939932371286349e-13,-4.144586081447732490e-13,-7.269717896220883906e-06,-6.368334500731442872e-04
3.521855366266757414e+01,1.855968548963545217e+01,1.035275437848242497e+00,1.071795233288654670e+00,6.000093576133582740e-01,1.034611831684071559e+00,1.071044822511546313e+00,5.890995125894317175e-01,1.032811227836767376e+00,1.066760048663645266e+00,5.777819941536029846e-01,1.034073519479721925e+00,1.068147014104194881e+00,6.000100371362663276e-01,-5.024958358720466066e-13,-4.330178822093044344e-13,-7.172512519252435863e-06,-6.259825712248689175e-04
3.527959101736890801e+01,1.859185132237312388e+01,1.035212296243981367e+00,1.071664500694392563e+00,6.000099761070236681e-01,1.034560033264957379e+00,1.070927156311801243e+00,5.892668380424960217e-01,1.032771427076109472e+00,1.066663540958125544e+00,5.780812721503340024e-01,1.034014573790490887e+00,1.068029119279036765e+00,6.000101259793184649e-01,-5.536663024776087789e-13,-4.382518735692126057e-13,-7.077220475425039044e-06,-6.154544051097287282e-04
3.534062837207023478e+01,1.862401715511079203e+01,1.035149354714545611e+00,1.071534189371282197e+00,6.000101709126706151e-01,1.034508244932694554e+00,1.070809552752383764e+00,5.894312906216029324e-01,1.032731291831113785e+00,1.066566698768268040e+00,5.783722103705847273e-01,1.033955824121097766e+00,1.067911621571248304e+00,6.000100806655452867e-01,-5.904260256479814718e-13,-4.351823689404318038e-13,-6.982173730665302912e-06,-6.049668229737442410e-04
3.540166572677156864e+01,1.865618298784846374e+01,1.035086601950922836e+00,1.071404275488127888e+00,6.000097728121087659e-01,1.034456525101294710e+00,1.070692374589995000e+00,5.895938370260185302e-01,1.032691073245556757e+00,1.066469926766589804e+00,5.786592236443011128e-01,1.033897269524711282e+00,1.067794519017011057e+00,6.000099023820539834e-01,-6.136591563958627291e-13,-4.245519979402518514e-13,-6.888792837587697049e-06,-5.947548508944546864e-04
3.546270308147289541e+01,1.868834882058613189e+01,1.035024089460295782e+00,1.071274867452667090e+00,6.000096509237141662e-01,1.034404826225688856e+00,1.070575318579727542e+00,5.897536951094405344e-01,1.032651251304921969e+00,1.066373997064617996e+00,5.789508151325009067e-01,1.033838909060419642e+00,1.067677809665214417e+00,6.000095923053128111e-01,-6.198149578647481342e-13,-4.048480536270447354e-13,-6.795883121209590351e-06,-5.846193824480348106e-04
3.552374043617422927e+01,1.872051465332380360e+01,1.034961836024804294e+00,1.071146004738959157e+00,6.000101380006178653e-01,1.034353190586761118e+00,1.070458631178466069e+00,5.899115682459741272e-01,1.032611098259777815e+00,1.066277736258136599e+00,5.792340949594583233e-01,1.033780741793184799e+00,1.067561491577354360e+00,6.000091516012608928e-01,-6.086488341783956375e-13,-3.767311236295038405e-13,-6.704395238306977881e-06,-5.747147730961488796e-04
3.558477779087555604e+01,1.875268048606147175e+01,1.034899768085930205e+00,1.071017532468388378e+00,6.000100350722070708e-01,1.034301588050353438e+00,1.070342126025545459e+00,5.900669605210721036e-01,1.032570614110123852e+00,1.066181144347145615e+00,5.795090328105579891e-01,1.033722819104308188e+00,1.067445632572200598e+00,6.000095121543482790e-01,-5.860180732820115621e-13,-3.434532961354834177e-13,-6.613599722418275172e-06,-5.649205389744313887e-04
3.564581514557688990e+01,1.878484631879914346e+01,1.034837885183132133e+00,1.070889449655474612e+00,6.000093507791300906e-01,1.034250042009591253e+00,1.070225931913527662e+00,5.902202642554068568e-01,1.032530453118295499e+00,1.066085264254320597e+00,5.797872592283067616e-01,1.033665093945549174e+00,1.067330169231619941e+00,6.000098578207621047e-01,-5.524073658262836380e-13,-3.054339080420970715e-13,-6.523985860419580820e-06,-5.553146808404052157e-04
3.570685250027821667e+01,1.881701215153681161e+01,1.034776298879067857e+00,1.070761991040479977e+00,6.000099615373910567e-01,1.034198542426147061e+00,1.070109980662400151e+00,5.903713165512126659e-01,1.032490307937425245e+00,1.065989604374329103e+00,5.800633166051296641e-01,1.033607558702486218e+00,1.067215090725383231e+00,6.000100707420589208e-01,-5.038151994284153935e-13,-2.618505487814521430e-13,-6.435280593903074597e-06,-5.458510988299747780e-04
3.576788985497955053e+01,1.884917798427448332e+01,1.034714904705761107e+00,1.070634936718767305e+00,6.000101487833827685e-01,1.034147091194836277e+00,1.069994282177522571e+00,5.905201528506434094e-01,1.032449835071045374e+00,1.065893616808827771e+00,5.803310633167013677e-01,1.033550212467581275e+00,1.067100395170482052e+00,6.000101520758052143e-01,-4.476374857620868815e-13,-2.161310964665390173e-13,-6.347520980977073765e-06,-5.365355958379415795e-04
3.582892720968087730e+01,1.888134381701215148e+01,1.034653692386395152e+00,1.070508265047255048e+00,6.000097574653708854e-01,1.034095700916213056e+00,1.069878887616881213e+00,5.906669881751245299e-01,1.032409089705458527e+00,1.065797388705374882e+00,5.805914579944474463e-01,1.033493054338910255e+00,1.066986080695966121e+00,6.000101029693494237e-01,-3.851263779322454352e-13,-1.689252977872631657e-13,-6.260880985833023456e-06,-5.273923744303193320e-04
3.588996456438220406e+01,1.891350964974981963e+01,1.034592712151555682e+00,1.070382081682442976e+00,6.000096456910550824e-01,1.034044349515830019e+00,1.069763686912162282e+00,5.908114571259390768e-01,1.032368976624221224e+00,1.065702347800463690e+00,5.808607120143092217e-01,1.033436083420120388e+00,1.066872145442847808e+00,6.000099245599231912e-01,-3.162655591016270420e-13,-1.209190349219383457e-13,-6.174955130964669553e-06,-5.183590416116178263e-04
3.595100191908353793e+01,1.894567548248749134e+01,1.034531980919796146e+00,1.070256422157255249e+00,6.000101182051298387e-01,1.033993074638743792e+00,1.069648851582800875e+00,5.909541957038735305e-01,1.032328539310066740e+00,1.065606982662635538e+00,5.811216893886882451e-01,1.033379298820389591e+00,1.066758587564008431e+00,6.000096179747452796e-01,-2.437293642405984370e-13,-7.388495955171925127e-14,-6.090354494284135986e-06,-5.095261736204137817e-04
3.601203927378486469e+01,1.897784131522515949e+01,1.034471428430925544e+00,1.070131138629348833e+00,6.000100149507636704e-01,1.033941827905488831e+00,1.069534150631634262e+00,5.910943955293009866e-01,1.032287777762994851e+00,1.065511293291889761e+00,5.813743604321053304e-01,1.033322699654384946e+00,1.066645405224106113e+00,6.000091843311231576e-01,-1.701532760657004790e-13,-2.841185927056737745e-14,-6.006241247965178372e-06,-5.007670328279869090e-04
3.607307662848619856e+01,1.901000714796283120e+01,1.034411054246590744e+00,1.070006230161481664e+00,6.000093442583955827e-01,1.033890674278182598e+00,1.069419876834152738e+00,5.912331548408016335e-01,1.032247158533275977e+00,1.065416009599163161e+00,5.816271104109025369e-01,1.033266336724694368e+00,1.066532665506764399e+00,6.000095569094630044e-01,-9.627578438156400143e-14,1.511123991531601118e-14,-5.923653209661786545e-06,-4.922347890732068710e-04
3.613411398318753243e+01,1.904217298070049935e+01,1.034350966477366240e+00,1.069881924093077474e+00,6.000099474712324854e-01,1.033839536867452447e+00,1.069305677435465673e+00,5.913691819195592281e-01,1.032206779656705153e+00,1.065321283531916574e+00,5.818817235733936277e-01,1.033210161945501415e+00,1.066420303647142465e+00,6.000098885694306050e-01,-2.512732472215941342e-14,5.390588681484726763e-14,-5.841330821969602191e-06,-4.837420647388054667e-04
3.619515133788886629e+01,1.907433881343817106e+01,1.034291063293145463e+00,1.069758006204487133e+00,6.000101274590373679e-01,1.033788510096259827e+00,1.069191967237829388e+00,5.915040767390776777e-01,1.032166080028118715e+00,1.065226236712654595e+00,5.821280672822012336e-01,1.033154169492561447e+00,1.066308311237903705e+00,6.000100911326388120e-01,4.230033474809038068e-14,8.877202034075439946e-14,-5.760727858396590786e-06,-4.755009878015040159e-04
3.625618869259019306e+01,1.910650464617583921e+01,1.034231335384284689e+00,1.069634456900893982e+00,6.000097427094559510e-01,1.033737497443600217e+00,1.069078317835661540e+00,5.916362114926979610e-01,1.032125059647516885e+00,1.065130869141377223e+00,5.823661121705435706e-01,1.033098358506243875e+00,1.066196686495559431e+00,6.000101657086879259e-01,1.055928763081430996e-13,1.196730035700845375e-13,-5.680335984740249772e-06,-4.672904295403040214e-04
3.631722604729152692e+01,1.913867047891351092e+01,1.034171831751504955e+00,1.069511379190590805e+00,6.000096405969489455e-01,1.033686591942860167e+00,1.068965126266103294e+00,5.917671680602348827e-01,1.032084607447792513e+00,1.065036559488552248e+00,5.826119706600478843e-01,1.033042728132166577e+00,1.066085427647890826e+00,6.000101133975473955e-01,1.623410840887755282e-13,1.450115759009543598e-13,-5.601527938113521880e-06,-4.593080007876887221e-04
3.637826340199285369e+01,1.917083631165117907e+01,1.034112567567333274e+00,1.069388804917528857e+00,6.000100990949073232e-01,1.033635712519829886e+00,1.068852042625734189e+00,5.918955754620404131e-01,1.032043991313269071e+00,1.064942170507472419e+00,5.828523782226363581e-01,1.032987277521157488e+00,1.065974532933860575e+00,6.000099352896505200e-01,2.104076365706753636e-13,1.638952522909080567e-13,-5.523087343575220117e-06,-4.513776780113976073e-04
3.643930075669418756e+01,1.920300214438885078e+01,1.034053475696244506e+00,1.069266592899662083e+00,6.000099955520774575e-01,1.033584929266718966e+00,1.068739357008866797e+00,5.920226310335766629e-01,1.032003057930945156e+00,1.064847464278591893e+00,5.830845265398085786e-01,1.032932005829215294e+00,1.065864000603527595e+00,6.000096324659894842e-01,2.516241044598203931e-13,1.780408518194313188e-13,-5.446001846472009277e-06,-4.436395127356195455e-04
3.650033811139551432e+01,1.923516797712651893e+01,1.033994555720767039e+00,1.069144742245086599e+00,6.000093380035925739e-01,1.033534188155837086e+00,1.068626840698980951e+00,5.921474199916111347e-01,1.031962072532324415e+00,1.064752849063196782e+00,5.833132270853941259e-01,1.032876912217472576e+00,1.065753828917960000e+00,6.000092059982086168e-01,2.857443073501547727e-13,1.874273857516047087e-13,-5.369483571920187602e-06,-4.359805605128158862e-04
3.656137546609684108e+01,1.926733380986418709e+01,1.033935912450018924e+00,1.069023473220839460e+00,6.000099338505713309e-01,1.033483531125946708e+00,1.068514662185630293e+00,5.922706635164016742e-01,1.031921560179476227e+00,1.064659131881346532e+00,5.835480735927162099e-01,1.032822046900977897e+00,1.065644084211485154e+00,6.000095901562461087e-01,3.077493096272359460e-13,1.893128537389950643e-13,-5.294097003872935307e-06,-4.284796519486765783e-04
3.662241282079817495e+01,1.929949964260185880e+01,1.033877446592726734e+00,1.068902577074020588e+00,6.000101068662332393e-01,1.033432933188886071e+00,1.068402714566337952e+00,5.923919403629844815e-01,1.031880734101637387e+00,1.064565100974505629e+00,5.837747026501292069e-01,1.032767360887760999e+00,1.065534700545363700e+00,6.000099087398301778e-01,3.219219782104329407e-13,1.867186086872181181e-13,-5.219471576331006901e-06,-4.210834568905283339e-04
3.668345017549950171e+01,1.933166547533952695e+01,1.033819149745818899e+00,1.068782036127892798e+00,6.000097284827450306e-01,1.033382406198377623e+00,1.068291044157283487e+00,5.925114590548723470e-01,1.031839594298807894e+00,1.064470756342674296e+00,5.839930855342181371e-01,1.032712850009851024e+00,1.065425671754242076e+00,6.000101017174804818e-01,3.287453122398597328e-13,1.800438090907056733e-13,-5.145759970226040257e-06,-4.138129803374973256e-04
3.674448753020083558e+01,1.936383130807719866e+01,1.033761069724678183e+00,1.068661950840546382e+00,6.000096356090621752e-01,1.033331956082065739e+00,1.068179666387032434e+00,5.926293275872510646e-01,1.031798833755691591e+00,1.064377156567451133e+00,5.842159252054704988e-01,1.032658513452421989e+00,1.065316996147680273e+00,6.000101701537076115e-01,3.263772064076722888e-13,1.685297869182119202e-13,-5.072997469962751618e-06,-4.066711746915965256e-04
3.680552488490216234e+01,1.939599714081486681e+01,1.033703220065364414e+00,1.068542349601751207e+00,6.000100806199789583e-01,1.033281562791745323e+00,1.068068504937615071e+00,5.927452069455446670e-01,1.031758134045507314e+00,1.064283813689822278e+00,5.844373964549892664e-01,1.032604350405558646e+00,1.065208672045780514e+00,6.000101151039303193e-01,3.150807827618079284e-13,1.527452384032853514e-13,-5.000936555969151794e-06,-3.996244835606277456e-04
3.686656223960349621e+01,1.942816297355253852e+01,1.033645536594137715e+00,1.068423097537571698e+00,6.000099768339036688e-01,1.033231264934354687e+00,1.067957697979957210e+00,5.928597684667312739e-01,1.031717124147286002e+00,1.064190160624156167e+00,5.846506657185747136e-01,1.032550360064221628e+00,1.065100697779106653e+00,6.000099376145634489e-01,2.979553358893731822e-13,1.343951082186007129e-13,-4.930006680141218080e-06,-3.927289393880934744e-04
3.692759959430482297e+01,1.946032880629020667e+01,1.033588018913170981e+00,1.068304193798724322e+00,6.000093320043183853e-01,1.033181008853678806e+00,1.067847046204595474e+00,5.929720922973636954e-01,1.031675857745866676e+00,1.064096278839108844e+00,5.848566958227636725e-01,1.032496541628210363e+00,1.064993071688603132e+00,6.000096387231061978e-01,2.753101213322384889e-13,1.137293365192340836e-13,-4.859571927527580764e-06,-3.858995613009862536e-04
3.698863694900615684e+01,1.949249463902787838e+01,1.033530768672300759e+00,1.068185851889671634e+00,6.000099206693702003e-01,1.033130867490510418e+00,1.067736810834805539e+00,5.930834456571770774e-01,1.031635302272280397e+00,1.064003635481985954e+00,5.850733552607252363e-01,1.032442894302129544e+00,1.064885792125517483e+00,6.000092194582269389e-01,2.453919458898961899e-13,9.052977841498391028e-14,-4.790444050492585480e-06,-3.792423847385059861e-04
3.704967430370748360e+01,1.952466047176554653e+01,1.033473689024898112e+00,1.068067868317016611e+00,6.000100869941856763e-01,1.033080751981524603e+00,1.067626669311420029e+00,5.931922960941647949e-01,1.031594440157561188e+00,1.063910685483729912e+00,5.852818588228104746e-01,1.032389467706790409e+00,1.064778924663750015e+00,6.000096147035158811e-01,2.120579040357468402e-13,6.652827595787851589e-14,-4.721610707399568115e-06,-3.726240176806881873e-04
3.711071165840881747e+01,1.955682630450321824e+01,1.033416772417942386e+00,1.067950227200831215e+00,6.000097147907479389e-01,1.033030771150779792e+00,1.067517006122969292e+00,5.933005377303343097e-01,1.031553271401709271e+00,1.063817428844341162e+00,5.854821784341741608e-01,1.032336212063959424e+00,1.064672402348288527e+00,6.000099210153791995e-01,1.759217356170833947e-13,4.204265684115969936e-14,-4.654253937815082591e-06,-3.661975432889535021e-04
3.717174901311014423e+01,1.958899213724088639e+01,1.033360065523812210e+00,1.067833026542172492e+00,6.000096307589891653e-01,1.032980807830268466e+00,1.067407404518282643e+00,5.934061415387867910e-01,1.031512281923103513e+00,1.063724598017226963e+00,5.856833172379851682e-01,1.032283124738296642e+00,1.064566221088720122e+00,6.000101050654432777e-01,1.371767273065172356e-13,1.754196923933419419e-14,-4.587085780950800592e-06,-3.597954255146807215e-04
3.723278636781147100e+01,1.962115796997855455e+01,1.033303580344262951e+00,1.067716291495391712e+00,6.000100627871951531e-01,1.032930982980431400e+00,1.067298284708201983e+00,5.935112192368346973e-01,1.031471584320518886e+00,1.063632361423036077e+00,5.858873878312212957e-01,1.032230204956912090e+00,1.064460379281677582e+00,6.000101678757422397e-01,9.736564749788621608e-14,-6.021551728307068882e-15,-4.521380303873417010e-06,-3.535808370163478196e-04
3.729382372251280486e+01,1.965332380271622625e+01,1.033247255514602836e+00,1.067599893164669522e+00,6.000099587980057825e-01,1.032881184757237225e+00,1.067189255757484911e+00,5.936138281055020061e-01,1.031430583629711739e+00,1.063539821740622449e+00,5.860833226910810989e-01,1.032177451951515001e+00,1.064354875333664019e+00,6.000101104597139745e-01,5.761586546408206607e-14,-2.847492694768272619e-14,-4.455946083738151480e-06,-3.474005671005922220e-04
3.735486107721413163e+01,1.968548963545389441e+01,1.033191090655503075e+00,1.067483830740823869e+00,6.000093262761888591e-01,1.032831509719110086e+00,1.067080647157046425e+00,5.937156607693455657e-01,1.031389279850681850e+00,1.063446978969986301e+00,5.862710940680094795e-01,1.032124864958380517e+00,1.064249707660977373e+00,6.000099338222834033e-01,1.831538112263834177e-14,-4.962106951163821088e-14,-4.391766802293414427e-06,-3.413790681152461355e-04
3.741589843191546549e+01,1.971765546819156611e+01,1.033135184391839267e+00,1.067368311258226399e+00,6.000099079278051750e-01,1.032781880206020464e+00,1.066972191065457043e+00,5.938153659081464308e-01,1.031348597314617033e+00,1.063355217619972759e+00,5.864679665533631958e-01,1.032072443218315927e+00,1.064144874689636699e+00,6.000096389599420821e-01,-1.857961181122320166e-14,-6.785629090254733547e-14,-4.328035223758438679e-06,-3.354134773396914371e-04
3.747693578661679226e+01,1.974982130092923427e+01,1.033079442232188061e+00,1.067253136286243187e+00,6.000100678192467063e-01,1.032732357790013378e+00,1.066864093749031461e+00,5.939140290258657640e-01,1.031307780316711220e+00,1.063263404122971156e+00,5.866598362754438245e-01,1.032020185976629145e+00,1.064040374855308668e+00,6.000092268608290258e-01,-5.297674353472658596e-14,-8.383146168763431475e-14,-4.265356860731382944e-06,-3.295794099299408325e-04
3.753797314131813323e+01,1.978198713366690598e+01,1.033023857420872771e+00,1.067138291628753288e+00,6.000097016067192923e-01,1.032682900421114436e+00,1.066756210560401597e+00,5.940109193673458465e-01,1.031266663785793458e+00,1.063171291092957604e+00,5.868435927048689660e-01,1.031968142255079490e+00,1.063936272963017293e+00,6.000096326745045783e-01,-8.469561701692487348e-14,-9.753790075547725161e-14,-4.203296530942709518e-06,-3.238215398508340276e-04
3.759901049601945999e+01,1.981415296640457413e+01,1.032968475527658248e+00,1.067023872918529515e+00,6.000096260289943251e-01,1.032633533308889406e+00,1.066648624486635777e+00,5.941064868731643633e-01,1.031225518515163531e+00,1.063079281941976095e+00,5.870242991976429847e-01,1.031916261598571083e+00,1.063832501185287160e+00,6.000099274191891263e-01,-1.123407236575861013e-13,-1.080959379423509292e-13,-4.142093758488586526e-06,-3.181693980331021742e-04
3.766004785072079386e+01,1.984631879914224584e+01,1.032913307115460588e+00,1.066909902278610600e+00,6.000100455454573378e-01,1.032584251344859316e+00,1.066541314089319181e+00,5.942006491136594404e-01,1.031184899777625619e+00,1.062988202797454207e+00,5.872124089226563592e-01,1.031864542790144501e+00,1.063729057352298835e+00,6.000101031090898651e-01,-1.349274366524347639e-13,-1.151439279239718596e-13,-4.081673231224138697e-06,-3.126124952205401207e-04
3.772108520542212062e+01,1.987848463187991399e+01,1.032858293485266588e+00,1.066796256481801208e+00,6.000099413832058470e-01,1.032535042092857847e+00,1.066434239105024995e+00,5.942931934102410052e-01,1.031143985061110824e+00,1.062896827673955213e+00,5.873924570632774733e-01,1.031812985096192348e+00,1.063625939942233423e+00,6.000101607261488779e-01,-1.535995516840049918e-13,-1.196366527461211081e-13,-4.021920699738490121e-06,-3.071369214519528885e-04
3.778212256012344739e+01,1.991065046461758214e+01,1.032803434275195720e+00,1.066682934756695733e+00,6.000093207707909437e-01,1.032485938626150457e+00,1.066327501237604114e+00,5.943847120509238025e-01,1.031102774365619146e+00,1.062805156571479559e+00,5.875644165208453451e-01,1.031761587787417778e+00,1.063523147442520855e+00,6.000101012441713122e-01,-1.682572182066349480e-13,-1.215797616947154269e-13,-3.963108517142767076e-06,-3.017744323204203899e-04
3.784315991482478125e+01,1.994281629735525385e+01,1.032748825212329580e+00,1.066570137944074625e+00,6.000098955707048320e-01,1.032436889669052560e+00,1.066220937081560738e+00,5.944743040317773675e-01,1.031061979080075242e+00,1.062714243325586505e+00,5.877417207991147974e-01,1.031710350138802967e+00,1.063420678349769277e+00,6.000099256289015415e-01,-1.762005475279779195e-13,-1.195644957546527937e-13,-3.904780882530230951e-06,-2.964702140428246012e-04
3.790419726952610802e+01,1.997498213009292201e+01,1.032694374075249222e+00,1.066457672488940966e+00,6.000100492760240822e-01,1.032387967628972891e+00,1.066114771338415368e+00,5.945632614195730525e-01,1.031021279725924167e+00,1.062623613261244326e+00,5.879183531422905729e-01,1.031659441778371544e+00,1.063318758311750045e+00,6.000128633052348448e-01,-1.799814962211054835e-13,-1.152792231068398468e-13,-3.847545614328213075e-06,-2.912957797734207557e-04
3.796523462422744188e+01,2.000714796283059371e+01,1.032640074856393975e+00,1.066345525773570335e+00,6.000096888781288884e-01,1.032339081283090376e+00,1.066008717645085868e+00,5.946499704915322315e-01,1.030980287942399931e+00,1.062532690767528987e+00,5.880869502296668383e-01,1.031608352135868767e+00,1.063216706007491519e+00,6.000092524617272050e-01,-1.798554651831896382e-13,-1.089260126486290728e-13,-3.790617563728549177e-06,-2.861578460146853276e-04
3.802627197892876865e+01,2.003931379556826187e+01,1.032585972061455415e+00,1.066233791147009891e+00,6.000096213939890566e-01,1.032290343440761760e+00,1.065903123481825698e+00,5.947364468598682619e-01,1.030939054055036275e+00,1.062441550038579763e+00,5.882484421337940139e-01,1.031557805261335226e+00,1.063115486328211068e+00,6.000128429628022175e-01,-1.748938894651987482e-13,-1.001565787204342237e-13,-3.734927844018172048e-06,-2.811652975693031240e-04
3.808730933363010251e+01,2.007147962830593357e+01,1.032532074903621755e+00,1.066122487891373094e+00,6.000100288578074093e-01,1.032241625512021033e+00,1.065797590787452176e+00,5.948204053902029775e-01,1.030898582637294281e+00,1.062351671222871552e+00,5.884219374386798762e-01,1.031507127125868895e+00,1.063014200079973159e+00,6.000108485284874060e-01,-1.654490311349346663e-13,-8.938121352683816434e-14,-3.679403258210043887e-06,-2.761920967718032183e-04
3.814834668833142928e+01,2.010364546104360173e+01,1.032478327214791936e+00,1.066011498157535042e+00,6.000099245614476384e-01,1.032193070880585983e+00,1.065692556523749612e+00,5.949044144749461305e-01,1.030857822332306384e+00,1.062261503519917438e+00,5.885874521898808442e-01,1.031456795184042541e+00,1.062913483246618052e+00,6.000123641923449380e-01,-1.531288809766310047e-13,-7.744525216863797363e-14,-3.625198681766476107e-06,-2.713720688296513729e-04
3.820938404303276315e+01,2.013581129378127343e+01,1.032424728649532053e+00,1.065900821209676996e+00,6.000093154886383395e-01,1.032144540255743426e+00,1.065587594582253272e+00,5.949859906317485070e-01,1.030816773140072584e+00,1.062171046929717644e+00,5.887449599380267795e-01,1.031406524165905614e+00,1.062812955099240675e+00,6.000119716559381144e-01,-1.381252884729190868e-13,-6.449335176479799160e-14,-3.571182320786515016e-06,-2.665736316712686064e-04
3.827042139773408991e+01,2.016797712651894159e+01,1.032371372157381728e+00,1.065790651956321833e+00,6.000098836027260019e-01,1.032096154507160968e+00,1.065483069094652846e+00,5.950673068936968013e-01,1.030776172771824317e+00,1.062081382599234791e+00,5.889085504935943627e-01,1.031356405942837728e+00,1.062712737451024125e+00,6.000114344754050588e-01,-1.197618938801097137e-13,-5.058529136005054171e-14,-3.518301812491107646e-06,-2.619054917224541436e-04
3.833145875243542378e+01,2.020014295925661330e+01,1.032318167705763123e+00,1.065680801540088929e+00,6.000100313650781336e-01,1.032047813616996823e+00,1.065378677066869617e+00,5.951465763298136036e-01,1.030736208427824652e+00,1.061992783098970161e+00,5.890818527787090586e-01,1.031306537710434901e+00,1.062612959553986602e+00,6.000126294645501401e-01,-9.998568695841513940e-14,-3.651949863317139966e-14,-3.465762581704515867e-06,-2.572760609476962930e-04
3.839249610713675054e+01,2.023230879199428145e+01,1.032265109989235041e+00,1.065571258823266199e+00,6.000096766183273811e-01,1.031999598626685666e+00,1.065274659608049124e+00,5.952252633333526832e-01,1.030695960487808760e+00,1.061903900002689527e+00,5.892472717665114823e-01,1.031256631998975326e+00,1.062513237464567162e+00,6.000100611714329624e-01,-7.909550244218284188e-14,-2.244696774506124794e-14,-3.414181182008488107e-06,-2.527552715262169447e-04
3.845353346183807730e+01,2.026447462473194960e+01,1.032212242486114206e+00,1.065462114951698958e+00,6.000096168871473790e-01,1.031951449759541894e+00,1.065170836533135157e+00,5.953022997201435906e-01,1.030655428951776864e+00,1.061814733310392889e+00,5.894047814920755357e-01,1.031207162277908429e+00,1.062414202070328884e+00,6.000128294512823146e-01,-5.732603035383957251e-14,-8.694986939457939226e-15,-3.363088157170169937e-06,-2.482892637493529860e-04
3.851457081653941117e+01,2.029664045746962131e+01,1.032159573143122788e+00,1.065353386544321879e+00,6.000100127341126965e-01,1.031903407300512887e+00,1.065067326268781756e+00,5.953784196618447933e-01,1.030614613819728742e+00,1.061725283022080024e+00,5.895543559904754538e-01,1.031157564863732556e+00,1.062315101256160466e+00,6.000101192075759649e-01,-3.553924019776558342e-14,4.241388308429634700e-15,-3.312781045196736982e-06,-2.439114128433498955e-04
3.857560817124073793e+01,2.032880629020728946e+01,1.032107048196455601e+00,1.065244960857261391e+00,6.000099083355271423e-01,1.031855452606795565e+00,1.064964071069065543e+00,5.954532947288435629e-01,1.030573515091664616e+00,1.061635549137750933e+00,5.896959692967851385e-01,1.031108392449877620e+00,1.062216671409797808e+00,6.000125789918304697e-01,-1.416416882054182298e-14,1.637583897572176124e-14,-3.263103499762227403e-06,-2.396034139651312877e-04
3.863664552594207180e+01,2.036097212294496117e+01,1.032054667316199659e+00,1.065136837188256802e+00,6.000093104411878819e-01,1.031807584352647300e+00,1.064861067081098289e+00,5.955269084597621942e-01,1.030532132767584264e+00,1.061545531657405839e+00,5.898295954460786028e-01,1.031059188970060658e+00,1.062118304048175643e+00,6.000114372797408224e-01,6.599442229368443678e-15,2.761279328199823257e-14,-3.214046010926750490e-06,-2.353642119623912746e-04
3.869768288064339856e+01,2.039313795568262933e+01,1.032002520788215305e+00,1.065029204760838288e+00,6.000098720193433044e-01,1.031759825849226875e+00,1.064758378566805996e+00,5.955996920340671519e-01,1.030491006403699839e+00,1.061456015173613210e+00,5.899656482610206032e-01,1.031010222870111681e+00,1.062020356467355597e+00,6.000118853428275667e-01,2.551486203963543133e-14,3.701312907583338477e-14,-3.165753441437548657e-06,-2.312089726781904598e-04
3.875872023534473243e+01,2.042530378842030103e+01,1.031950520691562456e+00,1.064921879245924741e+00,6.000100140595751030e-01,1.031712133377076679e+00,1.064655879856517551e+00,5.956708590819800309e-01,1.030451282041139782e+00,1.061368664218215407e+00,5.901263607200561978e-01,1.030961409180524146e+00,1.061922715047910470e+00,6.000122982599859212e-01,4.281108920512865827e-14,4.508703202241558807e-14,-3.117921083896242353e-06,-2.271042493685663773e-04
3.881975759004605919e+01,2.045746962115796919e+01,1.031898662379947984e+00,1.064814850893966325e+00,6.000096647961147278e-01,1.031664572951586090e+00,1.064553756730372669e+00,5.957416191272978390e-01,1.030411281088240871e+00,1.061281036672478750e+00,5.902792799241300958e-01,1.030912648243730967e+00,1.061825246269450851e+00,6.000107556439999712e-01,5.841202314069789492e-14,5.183711216099286579e-14,-3.070983233523136828e-06,-2.230966807675123422e-04
3.888079494474739306e+01,2.048963545389564089e+01,1.031846988339402360e+00,1.064708208724459926e+00,6.000096124837341893e-01,1.031617057744937949e+00,1.064451762221492848e+00,5.958103977188727862e-01,1.030371003545002884e+00,1.061193132536402794e+00,5.904243805497286779e-01,1.030864220254354091e+00,1.061728323379236061e+00,6.000127094195311095e-01,7.151624347000722325e-14,5.677581576055624913e-14,-3.024351703498041433e-06,-2.191223824019557296e-04
3.894183229944872693e+01,2.052180128663330905e+01,1.031795505328135132e+00,1.064601966859308968e+00,6.000099971218129102e-01,1.031569697159968158e+00,1.064350203083191504e+00,5.958792003741943955e-01,1.030330449411426263e+00,1.061104951809988428e+00,5.905616372733376584e-01,1.030815669473644114e+00,1.061631338155133664e+00,6.000093164189432837e-01,8.170052666898397531e-14,5.977788491792395247e-14,-2.978738583823553034e-06,-2.152575516565570263e-04
3.900286965415006080e+01,2.055396711937098075e+01,1.031744161867521603e+00,1.064496017403466555e+00,6.000098926453446557e-01,1.031522360611517142e+00,1.064248711624876220e+00,5.959456474570536955e-01,1.030289618687510567e+00,1.061016494493234985e+00,5.906910247714431961e-01,1.030767617010438064e+00,1.061535118294075541e+00,6.000126779134633548e-01,8.966182576996603257e-14,6.138057592056171621e-14,-2.933283779850234377e-06,-2.114097380624768794e-04
3.906390700885138756e+01,2.058613295210864891e+01,1.031692957642318831e+00,1.064390359686349985e+00,6.000093055807370623e-01,1.031475201508713857e+00,1.064147714975441250e+00,5.960125570749703616e-01,1.030248511373256237e+00,1.060927760586142687e+00,5.908125177205315604e-01,1.030719447543142708e+00,1.061438842929978366e+00,6.000108210943070342e-01,9.536508222502075916e-14,6.159613021517813194e-14,-2.888965690968998965e-06,-2.076828642081844200e-04
3.912494436355271432e+01,2.061829878484631706e+01,1.031641980382729917e+00,1.064285177480731814e+00,6.000098607695529829e-01,1.031428064230702768e+00,1.064046778684729411e+00,5.960770833773688659e-01,1.030207218954958703e+00,1.060838882080008982e+00,5.909278804952091679e-01,1.030671594326496354e+00,1.061343089170551535e+00,6.000122107828145257e-01,9.736486758502999055e-14,5.968670040014974165e-14,-2.844784058044862084e-06,-2.039703801156222062e-04
3.918598171825404819e+01,2.065046461758398877e+01,1.031591144205740829e+00,1.064180290824455311e+00,6.000099973027667177e-01,1.031381088827150627e+00,1.063946289591199301e+00,5.961418075243161141e-01,1.030167783367123668e+00,1.060752803365970554e+00,5.910771037521781457e-01,1.030623802205943518e+00,1.061247516478045272e+00,6.000118766927661218e-01,9.716188109650143820e-14,5.660329708392395143e-14,-2.801611276125454289e-06,-2.003641557648247798e-04
3.924701907295537495e+01,2.068263045032165692e+01,1.031540445083994673e+00,1.064075691270289337e+00,6.000096533685816969e-01,1.031334154831170746e+00,1.063845913869589932e+00,5.962045213635006613e-01,1.030128078119679769e+00,1.060666454992323482e+00,5.912186282972805573e-01,1.030576147138270393e+00,1.061152225511166280e+00,6.000113149565956538e-01,9.488975294243687060e-14,5.244833740757675920e-14,-2.758689631307792000e-06,-1.967841219802816748e-04
3.930805642765670882e+01,2.071479628305932863e+01,1.031489924544758185e+00,1.063971465784715242e+00,6.000096081667029013e-01,1.031287361746171749e+00,1.063745923955396799e+00,5.962670670707428400e-01,1.030088103212627004e+00,1.060579836959067324e+00,5.913524294415526406e-01,1.030528728449008558e+00,1.061057348394055744e+00,6.000124902691185147e-01,9.008716700746022271e-14,4.705845128452727733e-14,-2.716622612184742791e-06,-1.932932153327564348e-04
3.936909378235803558e+01,2.074696211579699678e+01,1.031439588230593563e+00,1.063867626147839029e+00,6.000099819962697589e-01,1.031240632414830216e+00,1.063646107096196447e+00,5.963280289293703129e-01,1.030047858645965597e+00,1.060492949266202745e+00,5.914784824960305221e-01,1.030481270438724950e+00,1.060962516941013289e+00,6.000099972537902282e-01,8.305540571657774663e-14,4.070409779711431535e-14,-2.674931976601549200e-06,-1.898411794533877786e-04
3.943013113705936945e+01,2.077912794853466849e+01,1.031389386835866562e+00,1.063764069072209217e+00,6.000098774756278397e-01,1.031194022704662094e+00,1.063546614940582336e+00,5.963884481754332390e-01,1.030007344419695547e+00,1.060405791913729301e+00,5.915967627717506616e-01,1.030434221315735588e+00,1.060868328393896665e+00,6.000126687668692060e-01,7.462767529019563777e-14,3.381484683188751991e-14,-2.633947550548692066e-06,-1.864620769093458942e-04
3.949116849176069621e+01,2.081129378127233664e+01,1.031339320059188047e+00,1.063660793917143854e+00,6.000093009173668168e-01,1.031147499312527804e+00,1.063447355152041585e+00,5.964477168727638778e-01,1.029966560533816633e+00,1.060318364901647215e+00,5.917072455797489638e-01,1.030387053718422763e+00,1.060774079121565405e+00,6.000101291812101056e-01,6.492213814839596594e-14,2.647469980247260176e-14,-2.593459289399272960e-06,-1.831337250077821725e-04
3.955220584646203008e+01,2.084345961401000835e+01,1.031289473177417593e+00,1.063557979226460670e+00,6.000098498666955882e-01,1.031101073955766223e+00,1.063348359273504240e+00,5.965060604704973679e-01,1.029925506988328854e+00,1.060230668229956041e+00,5.918099062310617775e-01,1.030340275905186509e+00,1.060680446312885827e+00,6.000124190201925334e-01,5.373843867101169700e-14,1.880144606551617079e-14,-2.553534545618038059e-06,-1.798630129519327890e-04
3.961324320116335684e+01,2.087562544674767651e+01,1.031239762275157013e+00,1.063455449251154095e+00,6.000099811037582498e-01,1.031054757673042666e+00,1.063249654682662193e+00,5.965636931988886893e-01,1.029886046957721124e+00,1.060145369795080450e+00,5.919416232287996182e-01,1.030293473734236187e+00,1.060586877424465557e+00,6.000113712211756489e-01,4.204158556764141325e-14,1.116672758929854366e-14,-2.514220381786642598e-06,-1.766541657407679183e-04
3.967428055586469071e+01,2.090779127948534821e+01,1.031190183906350200e+00,1.063353196766048336e+00,6.000096423541662061e-01,1.031008517573004379e+00,1.063151153541506355e+00,5.966200108166064275e-01,1.029846679991748726e+00,1.060060318371637278e+00,5.920727778268757291e-01,1.030246887371327968e+00,1.060493692104068408e+00,6.000117477558551959e-01,2.998038300797159338e-14,3.645586245046342449e-15,-2.475332677093104691e-06,-1.734885279869965882e-04
3.973531791056601747e+01,2.093995711222301637e+01,1.031140778671468583e+00,1.063251306754558367e+00,6.000096039687432548e-01,1.030962409469110330e+00,1.063053002197925867e+00,5.966760631775883672e-01,1.029807050206253294e+00,1.059975004128671072e+00,5.921963079608378866e-01,1.030200446876660125e+00,1.060400796803398826e+00,6.000121788426261427e-01,1.776656565534988218e-14,-3.546178438167064976e-15,-2.437164703465992325e-06,-1.703951370689544642e-04
3.979635526526734424e+01,2.097212294496068452e+01,1.031091551165644216e+00,1.063149788800189732e+00,6.000099673677951051e-01,1.030916355456238387e+00,1.062954994198747949e+00,5.967304033600498991e-01,1.029767157601234828e+00,1.059889427066181833e+00,5.923121895679734905e-01,1.030154050922284625e+00,1.060308055836542529e+00,6.000106615951019684e-01,5.875494640416507021e-15,-1.015616755698322074e-14,-2.399291670189931583e-06,-1.673313523581283530e-04
3.985739261996867810e+01,2.100428877769835623e+01,1.031042454150636889e+00,1.063048543996140571e+00,6.000098628278909274e-01,1.030870456503296229e+00,1.062857394078141393e+00,5.967849293999085702e-01,1.029727002176693551e+00,1.059803587184169560e+00,5.924203985855697185e-01,1.030107968401594354e+00,1.060215827413472089e+00,6.000125587859802545e-01,-5.563565849092503641e-15,-1.624112118780205100e-14,-2.362242360739650286e-06,-1.643494965609450264e-04
3.991842997467000487e+01,2.103645461043602438e+01,1.030993487338158099e+00,1.062947571729982998e+00,6.000092964570246101e-01,1.030824589337488995e+00,1.062759877572245104e+00,5.968373395891413136e-01,1.029686583932629240e+00,1.059717484482634475e+00,5.925209109509140815e-01,1.030061771844803076e+00,1.060123541060667751e+00,6.000093671506390169e-01,-1.644833889490757584e-14,-2.175550673734093741e-14,-2.325361913871965378e-06,-1.613844361113211674e-04
3.997946732937133874e+01,2.106862044317369609e+01,1.030944733648817335e+00,1.062847045526882583e+00,6.000098393006657593e-01,1.030778900413723553e+00,1.062662826579994002e+00,5.968903918340479064e-01,1.029645902869042118e+00,1.059631118961576579e+00,5.926137026012938680e-01,1.030016033617635829e+00,1.060031959522885536e+00,6.000125176867916466e-01,-2.600072256276202816e-14,-2.616783369888052353e-14,-2.289404133570413702e-06,-1.585103179063530150e-04
4.004050468407266550e+01,2.110078627591136424e+01,1.030896111067834298e+00,1.062746793704465009e+00,6.000099654318354903e-01,1.030733234142509724e+00,1.062565834509211271e+00,5.969411700708405766e-01,1.029606367834063008e+00,1.059546495172142722e+00,5.927269549690896699e-01,1.029970191062808738e+00,1.059940332197955692e+00,6.000107878164734343e-01,-3.451970196372417848e-14,-2.983253205238968140e-14,-2.253561857774941051e-06,-1.556475253190048444e-04
4.010154203877399937e+01,2.113295210864903595e+01,1.030847616695234059e+00,1.062646810184549206e+00,6.000096317172939342e-01,1.030687742679655239e+00,1.062469295842313199e+00,5.969925478806051844e-01,1.029567376098327047e+00,1.059462753200810514e+00,5.928486877916530062e-01,1.029924637885367034e+00,1.059849183511334836e+00,6.000120620775695190e-01,-4.197411156164735112e-14,-3.275384708356377150e-14,-2.218601490813874922e-06,-1.528708850194895701e-04
4.016257939347532613e+01,2.116511794138670410e+01,1.030799290235322907e+00,1.062547178034364270e+00,6.000095998593741875e-01,1.030642287363845666e+00,1.062372850307938599e+00,5.970419194597214041e-01,1.029528128279199928e+00,1.059378755146087148e+00,5.929628981770458385e-01,1.029879145739172719e+00,1.059758208702481941e+00,6.000117814793736182e-01,-4.790342703616605200e-14,-3.467179420160490056e-14,-2.183818882395979271e-06,-1.501114575149750153e-04
4.022361674817666000e+01,2.119728377412437581e+01,1.030751135299775356e+00,1.062447904776768759e+00,6.000099531831973865e-01,1.030596984626934276e+00,1.062276797891669622e+00,5.970914924271626401e-01,1.029488624376681649e+00,1.059294501007972622e+00,5.930695626792890085e-01,1.029833776616656982e+00,1.059667489868443280e+00,6.000111983895619616e-01,-5.214561519852795199e-14,-3.555959438152832891e-14,-2.149786603713994506e-06,-1.474246862760716188e-04
4.028465410287798676e+01,2.122944960686204396e+01,1.030703106618197085e+00,1.062348895671861193e+00,6.000098486440407219e-01,1.030551740944352757e+00,1.062180896652447970e+00,5.971395065793417833e-01,1.029448864390771989e+00,1.059209990786466937e+00,5.931686578524035802e-01,1.029788631331046922e+00,1.059577161145393021e+00,6.000123546846890532e-01,-5.512077103970533475e-14,-3.570716456489455943e-14,-2.116037444867478238e-06,-1.447650933969496664e-04
4.034569145757932063e+01,2.126161543959971567e+01,1.030655203914706775e+00,1.062250150133937421e+00,6.000092921542612423e-01,1.030506627433285471e+00,1.062085328647812688e+00,5.971873179022053613e-01,1.029408848321470948e+00,1.059125224481569649e+00,5.932601602504102845e-01,1.029743445273970659e+00,1.059486869192216352e+00,6.000099329545061089e-01,-5.682038969467356736e-14,-3.512540412064488278e-14,-2.082912357750064438e-06,-1.421654088812066485e-04
4.040672881228065449e+01,2.129378127233738383e+01,1.030607507845943571e+00,1.062151836869109855e+00,6.000098290258450984e-01,1.030461595978522382e+00,1.061989969403114076e+00,5.972340224502000749e-01,1.029368576168778970e+00,1.059040202093281424e+00,5.933440464273298520e-01,1.029698643345499987e+00,1.059397180204987965e+00,6.000125138771300604e-01,-5.646393959618255445e-14,-3.343775118547288824e-14,-2.050170846871168932e-06,-1.396022324999761496e-04
4.046776616698198126e+01,2.132594710507505198e+01,1.030559938233644557e+00,1.062053788121721354e+00,6.000099502393815287e-01,1.030416672133476652e+00,1.061894883928943933e+00,5.972801143282759906e-01,1.029329004624233601e+00,1.058956277034696747e+00,5.934396505219079465e-01,1.029653731294932539e+00,1.059307434748516741e+00,6.000101320109225700e-01,-5.493040613033493794e-14,-3.115875378822964015e-14,-2.017932362920126448e-06,-1.370869333668681643e-04
4.052880352168331513e+01,2.135811293781272369e+01,1.030512492690901283e+00,1.061955998890306674e+00,6.000096214249679427e-01,1.030371853420910311e+00,1.061800064321842152e+00,5.973255557198330346e-01,1.029290419927566536e+00,1.058873852272472771e+00,5.935528371559721794e-01,1.029609177338851378e+00,1.059218256665222180e+00,6.000122654024938607e-01,-5.228846423443687330e-14,-2.833789063560677381e-14,-1.986173120071982175e-06,-1.346168644582263830e-04
4.058984087638464189e+01,2.139027877055039184e+01,1.030465210055144798e+00,1.061858550389813027e+00,6.000095958299199728e-01,1.030327119624347754e+00,1.061705459456836254e+00,5.973699693744666250e-01,1.029251585768532040e+00,1.058791178047881365e+00,5.936586058633164242e-01,1.029564604891693991e+00,1.059129143521997385e+00,6.000113040635202122e-01,-4.830560467584102493e-14,-2.489994221194325084e-14,-1.954800962542815350e-06,-1.321833282170853917e-04
4.065087823108597576e+01,2.142244460328806355e+01,1.030418093014464187e+00,1.061761448209660230e+00,6.000099394292530697e-01,1.030282514091084067e+00,1.061611177077091739e+00,5.974141927148023390e-01,1.029212502147129893e+00,1.058708254360922307e+00,5.937569338041560618e-01,1.029520228916015023e+00,1.059040381414235288e+00,6.000116155093541126e-01,-4.320009251565679434e-14,-2.101002242248612919e-14,-1.923999034045939480e-06,-1.298031637079425510e-04
4.071191558578730252e+01,2.145461043602573170e+01,1.030371098172381039e+00,1.061664601575383449e+00,6.000098349200654324e-01,1.030237970669705128e+00,1.061517050861795930e+00,5.974569684081374454e-01,1.029173169063360094e+00,1.058625081211595598e+00,5.938477981387068061e-01,1.029475992670537687e+00,1.058951894419434492e+00,6.000120627051072075e-01,-3.741019998537619471e-14,-1.688324109602360460e-14,-1.893473240656555858e-06,-1.274488446190040535e-04
4.077295294048863639e+01,2.148677626876340341e+01,1.030324225264748872e+00,1.061568009926549205e+00,6.000092880271159501e-01,1.030193578678437305e+00,1.061423303248747008e+00,5.975000174919231632e-01,1.029133586517222421e+00,1.058541658599901014e+00,5.939311760271838159e-01,1.029431793729852496e+00,1.058863545442903620e+00,6.000105703507205845e-01,-3.100819522493665223e-14,-1.256746851281249438e-14,-1.863604102853909679e-06,-1.251554843150333126e-04
4.083399029518996315e+01,2.151894210150107156e+01,1.030277552771778238e+00,1.061471837339551305e+00,6.000098190622065175e-01,1.030149225905087951e+00,1.061329653687478558e+00,5.975411945459638829e-01,1.029093754508717318e+00,1.058457986525839001e+00,5.940070446298029161e-01,1.029387890326632693e+00,1.058775678507865470e+00,6.000124141969110925e-01,-2.397539220528791970e-14,-8.176160140892353038e-15,-1.833905028092219605e-06,-1.228779113378651404e-04
4.089502764989129702e+01,2.155110793423874327e+01,1.030231002290509457e+00,1.061375919851931249e+00,6.000099355414726388e-01,1.030105047746875169e+00,1.061236438332839871e+00,5.975831118887423576e-01,1.029054182545853902e+00,1.058374782044436024e+00,5.940857992788420860e-01,1.029343880829527214e+00,1.058687757641927130e+00,6.000094089393147589e-01,-1.679443408833382034e-14,-3.876073768174455172e-15,-1.804944590335353726e-06,-1.206683549254227149e-04
4.095606500459262378e+01,2.158327376697641142e+01,1.030184571916152869e+00,1.061280253473125823e+00,6.000096114982277351e-01,1.030060892604311773e+00,1.061143280122024857e+00,5.976228592105257142e-01,1.029016032016189408e+00,1.058293677999051274e+00,5.941912467151990729e-01,1.029300293601832950e+00,1.058600486954505371e+00,6.000123647051615050e-01,-9.543935275715514483e-15,2.935060708811729432e-16,-1.776080812439919783e-06,-1.184676788919803683e-04
4.101710235929395054e+01,2.161543959971407958e+01,1.030138299647242128e+00,1.061184917626850632e+00,6.000095919107746312e-01,1.030016921739373981e+00,1.061050577746126544e+00,5.976635555732906502e-01,1.028977638520858218e+00,1.058212330987999827e+00,5.942893826703316007e-01,1.029256613341916982e+00,1.058513179023569339e+00,6.000107520658467530e-01,-2.393126699108178646e-15,4.189264029978848886e-15,-1.747977514193386298e-06,-1.163364738362747202e-04
4.107813971399528441e+01,2.164760543245175128e+01,1.030092187304441742e+00,1.061089916088281848e+00,6.000099261146213392e-01,1.029972980685588402e+00,1.060957948738421308e+00,5.977022268234298830e-01,1.028939002059860108e+00,1.058130741011281239e+00,5.943801848992673609e-01,1.029213198284063102e+00,1.058426311025367994e+00,6.000119203026935688e-01,4.392121546965914526e-15,7.681961362248179866e-15,-1.719994248365003586e-06,-1.142161478743171534e-04
4.113917706869661117e+01,2.167977126518941944e+01,1.030046193276627164e+00,1.060995161858512947e+00,6.000098216544188512e-01,1.029929200982415916e+00,1.060865716830523331e+00,5.977414260930539180e-01,1.028900122633195302e+00,1.058048908068896177e+00,5.944636311570337117e-01,1.029169843998471112e+00,1.058339610116519669e+00,6.000116886596786880e-01,1.079503302148772862e-14,1.083098078660340297e-14,-1.692660648939752865e-06,-1.121547041861111529e-04
4.120021442339794504e+01,2.171193709792709114e+01,1.030000317310773461e+00,1.060900654401036203e+00,6.000092840752537793e-01,1.029885474156193581e+00,1.060773614419774358e+00,5.977790610110864655e-01,1.028861000240863577e+00,1.057966832160844195e+00,5.945396991986584556e-01,1.029126600206710096e+00,1.058253142083904530e+00,6.000110869705229666e-01,1.676173381898177899e-14,1.361493927007070289e-14,-1.665534792839028887e-06,-1.101119434175622280e-04
4.126125177809927180e+01,2.174410293066475930e+01,1.029954635793909556e+00,1.060806553342403147e+00,6.000098093937223931e-01,1.029841885690304881e+00,1.060681850857402519e+00,5.978167989232516799e-01,1.028821634882864933e+00,1.057884513287125072e+00,5.946083667791692839e-01,1.029083568672727766e+00,1.058167042356510157e+00,6.000122248055300700e-01,2.179687191655840889e-14,1.572965802931681771e-14,-1.638952527765606138e-06,-1.081180692619164170e-04
4.132228913280060567e+01,2.177626876340243101e+01,1.029909072039949969e+00,1.060712698385913422e+00,6.000099213033415202e-01,1.029798373167487568e+00,1.060590272398506784e+00,5.978534360695404448e-01,1.028782096228913812e+00,1.057802049036549841e+00,5.946710511096335861e-01,1.029040495248028986e+00,1.058080971589670849e+00,6.000098705993879289e-01,2.617201733618140846e-14,1.741958728376833018e-14,-1.612661416905352268e-06,-1.061501792511912337e-04
4.138332648750193243e+01,2.180843459614009916e+01,1.029863624597219696e+00,1.060619086490258933e+00,6.000096018976684986e-01,1.029754975969358277e+00,1.060498975031753055e+00,5.978897475142523898e-01,1.028744402743916986e+00,1.057722265427093244e+00,5.947695017198812995e-01,1.028997783282503686e+00,1.057995467274311041e+00,6.000123664968388670e-01,2.987412197398022375e-14,1.868931735648363696e-14,-1.586812443401347849e-06,-1.042217479211923899e-04
4.144436384220326630e+01,2.184060042887777087e+01,1.029818330652209291e+00,1.060525795346396238e+00,6.000095880671592052e-01,1.029711677765297484e+00,1.060407917843081638e+00,5.979254242991876023e-01,1.028706472658154292e+00,1.057642245216870780e+00,5.948607487354021783e-01,1.028954968780062984e+00,1.057909910357055505e+00,6.000101305802827412e-01,3.263399081902487311e-14,1.940285671426565145e-14,-1.561333851230959268e-06,-1.023261219922804496e-04
4.150540119690459306e+01,2.187276626161543902e+01,1.029773191210900274e+00,1.060432827027029790e+00,6.000099131865451740e-01,1.029668471821987730e+00,1.060317084496208428e+00,5.979603433383314792e-01,1.028668305971625729e+00,1.057561988405882447e+00,5.949447704939686554e-01,1.028912483789316212e+00,1.057824876494433353e+00,6.000121196372854016e-01,3.440334192501587572e-14,1.957269812040482987e-14,-1.536200448026300521e-06,-1.004610701270259980e-04
4.156643855160592693e+01,2.190493209435311073e+01,1.029728166363869102e+00,1.060340098129628705e+00,6.000098087921164058e-01,1.029625387893925659e+00,1.060226545861952641e+00,5.979950960510003188e-01,1.028629902684331077e+00,1.057481494994128024e+00,5.950215453333537186e-01,1.028869985443819912e+00,1.057739908243205074e+00,6.000112379681505903e-01,3.543624668280928406e-14,1.935495775013877608e-14,-1.511512585459095742e-06,-9.863518674921130315e-05
4.162747590630725369e+01,2.193709792709077888e+01,1.029683255868639957e+00,1.060247608140356013e+00,6.000092802568578465e-01,1.029582373150659702e+00,1.060136174334945114e+00,5.980286559355663112e-01,1.028591262796270778e+00,1.057400764981607955e+00,5.950910515913299115e-01,1.028827666197813961e+00,1.057655261733853491e+00,6.000114900422850450e-01,3.573357494960252579e-14,1.875828219938360024e-14,-1.487077352286457148e-06,-9.683151259416135305e-05
4.168851326100858046e+01,2.196926375982844704e+01,1.029638534098314739e+00,1.060155512406938172e+00,6.000097999811598859e-01,1.029539503400042522e+00,1.060046151507381573e+00,5.980625197718995034e-01,1.028552386307444610e+00,1.057319798368322017e+00,5.951532676056700000e-01,1.028785480916381667e+00,1.057570876543555860e+00,6.000119514535423582e-01,3.485882044653208406e-14,1.759261010616438088e-14,-1.463158866705618781e-06,-9.507293283512114658e-05
4.174955061570991433e+01,2.200142959256611874e+01,1.029593926027669193e+00,1.060063654176520487e+00,6.000099074868409099e-01,1.029496679761749967e+00,1.059956239577454440e+00,5.980947529590660006e-01,1.028513273217852353e+00,1.057238595154269989e+00,5.952081717141466388e-01,1.028743326555217052e+00,1.057486614800758229e+00,6.000104834404562659e-01,3.333171428296175839e-14,1.613015927232618152e-14,-1.439404723476156413e-06,-9.332869454412403469e-05
4.181058797041124819e+01,2.203359542530378690e+01,1.029549430630909201e+00,1.059972031299238449e+00,6.000095926001787205e-01,1.029454024036471127e+00,1.059866729779135985e+00,5.981277620494571678e-01,1.028475694966259901e+00,1.057159625050893448e+00,5.952927747027030314e-01,1.028701451282539425e+00,1.057402807133927869e+00,6.000122768635414161e-01,3.118557200789135395e-14,1.439324865743373882e-14,-1.416234697253388280e-06,-9.163505958913330967e-05
4.187162532511258206e+01,2.206576125804145860e+01,1.029505084308185880e+00,1.059880719789226156e+00,6.000095842986572503e-01,1.029411391369283058e+00,1.059777275202190561e+00,5.981587002193423652e-01,1.028438247182187570e+00,1.057080927860750252e+00,5.953778154577503701e-01,1.028659477137429112e+00,1.057318949175313438e+00,6.000094443560297641e-01,2.829156677245952840e-14,1.234416460886564066e-14,-1.393144882937233295e-06,-8.994837356734528412e-05
4.193266267981390882e+01,2.209792709077912676e+01,1.029460887300213123e+00,1.059789720121437462e+00,6.000099006420960279e-01,1.029368949465861993e+00,1.059688275628061893e+00,5.981908876557442412e-01,1.028400569024524591e+00,1.057002000297016631e+00,5.954557404100792040e-01,1.028617892668560296e+00,1.057235691979132364e+00,6.000122199389278377e-01,2.479046863588271262e-14,1.007544420420526555e-14,-1.370702831496826392e-06,-8.831740230333127496e-05
4.199370003451524269e+01,2.213009292351679846e+01,1.029416801320204744e+00,1.059698952320540233e+00,6.000097963387327482e-01,1.029326530538801743e+00,1.059599330641050274e+00,5.982210163449530604e-01,1.028362660493270520e+00,1.056922842359691916e+00,5.955265284675977933e-01,1.028576225252695986e+00,1.057152405062423250e+00,6.000107156902275696e-01,2.092266621559319296e-14,7.696021264856244830e-15,-1.348336942769269010e-06,-8.669293556114906194e-05
4.205473738921656945e+01,2.216225875625446662e+01,1.029372826135678043e+00,1.059608415894170763e+00,6.000092765962730113e-01,1.029284279264262914e+00,1.059510783959539681e+00,5.982519595904881582e-01,1.028324521588425355e+00,1.056843454048775888e+00,5.955901585382139540e-01,1.028534801241652863e+00,1.057069523131774824e+00,6.000117863355987069e-01,1.673106845125614760e-14,5.232284547890551094e-15,-1.326526772186327605e-06,-8.511592825350670791e-05
4.211577474391790332e+01,2.219442458899213833e+01,1.029329034181099445e+00,1.059518262073719796e+00,6.000097908491188736e-01,1.029242073848054773e+00,1.059422345811623423e+00,5.982813113271057137e-01,1.028286152309989543e+00,1.056763835364269433e+00,5.956466095298361685e-01,1.028493437585523029e+00,1.056986801875666737e+00,6.000115995158876725e-01,1.223378282044706883e-14,2.765037963849537120e-15,-1.304864991664425295e-06,-8.355150511913560576e-05
4.217681209861923008e+01,2.222659042172980648e+01,1.029285352038566526e+00,1.059428337533687037e+00,6.000098941106144501e-01,1.029200012924585295e+00,1.059334249636822989e+00,5.983110391234175429e-01,1.028247552657962638e+00,1.056683986306171885e+00,5.956958603503722527e-01,1.028452173209440046e+00,1.056904292731072781e+00,6.000109816259620032e-01,7.695019800975623911e-15,3.748991095089135765e-16,-1.283670766020307753e-06,-8.202673283169207544e-05
4.223784945332056395e+01,2.225875625446747819e+01,1.029241779082603836e+00,1.059338640961432709e+00,6.000095836272668626e-01,1.029158020707266141e+00,1.059246315468026944e+00,5.983396447437386856e-01,1.028210046485918960e+00,1.056605745429692877e+00,5.957658482717096415e-01,1.028411110379233051e+00,1.056822131818527577e+00,6.000121014998608393e-01,3.159878106247353104e-15,-1.915519590108903124e-15,-1.262693580594788656e-06,-8.052023941333356753e-05
4.229888680802189072e+01,2.229092208720514634e+01,1.029198350951610941e+00,1.059249246747789863e+00,6.000095806319255543e-01,1.029116149859967910e+00,1.059158667484266791e+00,5.983681858358586014e-01,1.028173096418073973e+00,1.056528364505807449e+00,5.958453082098000841e-01,1.028370004819441963e+00,1.056739993001698741e+00,6.000098113003031752e-01,-1.252046469114035984e-15,-4.012825157036490430e-15,-1.242099798630428670e-06,-7.904603577849307150e-05
4.235992416272321748e+01,2.232308791994281449e+01,1.029155067167474291e+00,1.059160153868252463e+00,6.000098884866782445e-01,1.029074370484979184e+00,1.059071234413522689e+00,5.983960752235129021e-01,1.028135922061539365e+00,1.056450759293232400e+00,5.959177623875505647e-01,1.028329239916533799e+00,1.056658387179017389e+00,6.000122272259803546e-01,-5.384896458870995134e-15,-5.846642326568140559e-15,-1.221788118889833720e-06,-7.759542830895174628e-05
4.242096151742455135e+01,2.235525375268048620e+01,1.029111890991381451e+00,1.059071285614963109e+00,6.000097842884569710e-01,1.029032689407043399e+00,1.058984032290442467e+00,5.984234576615850010e-01,1.028098523416315135e+00,1.056372929791967730e+00,5.959831902699785910e-01,1.028288379380939421e+00,1.056576732276547803e+00,6.000101265545704221e-01,-9.246750250401378522e-15,-7.461308920914090942e-15,-1.201779589003558435e-06,-7.617017751323411703e-05
4.248199887212587811e+01,2.238741958541815436e+01,1.029068822200338795e+00,1.058982641515928247e+00,6.000092730865048685e-01,1.028991122475136466e+00,1.058897097417401678e+00,5.984506597724170707e-01,1.028060900482401285e+00,1.056294876002013217e+00,5.960415713221016709e-01,1.028247822519015475e+00,1.056495560328547301e+00,6.000119821964137179e-01,-1.280674176531356747e-14,-8.845936800454482598e-15,-1.182114745660882524e-06,-7.477348020282303216e-05
4.254303622682721198e+01,2.241958541815582606e+01,1.029025931361923663e+00,1.058894368840867406e+00,6.000097819757495010e-01,1.028949630829107287e+00,1.058810338811149387e+00,5.984769109269147958e-01,1.028023053259797592e+00,1.056216597923369083e+00,5.960928850089373121e-01,1.028207256803318703e+00,1.056414454371163103e+00,6.000111740215010592e-01,-1.575156568582391835e-14,-9.823347271061388155e-15,-1.162676583382052912e-06,-7.339561555998755588e-05
4.260407358152853874e+01,2.245175125089349422e+01,1.028983146614360189e+00,1.058806317580257339e+00,6.000098811361803675e-01,1.028908275900189739e+00,1.058723899217928643e+00,5.985034538133526816e-01,1.027984981748504278e+00,1.056138095556035328e+00,5.961371107955030224e-01,1.028166854546656683e+00,1.056333643720821502e+00,6.000113718329871393e-01,-1.828503121894899294e-14,-1.055817787755813896e-14,-1.143640323399763336e-06,-7.205091850751614232e-05
4.266511093622987261e+01,2.248391708363116592e+01,1.028940467708499229e+00,1.058718487207823911e+00,6.000095749365081943e-01,1.028866973319191302e+00,1.058637581772317704e+00,5.985286003900113228e-01,1.027947572364716011e+00,1.056060595614091824e+00,5.961931376694610263e-01,1.028126580832570136e+00,1.056253081601058241e+00,6.000118457392197291e-01,-2.040026027126741139e-14,-1.105474759942733240e-14,-1.124757948682086769e-06,-7.071892106752194519e-05
4.272614829093119937e+01,2.251608291636883408e+01,1.028897929544634104e+00,1.058630950542441829e+00,6.000095770293593089e-01,1.028825829914117085e+00,1.058551634525183971e+00,5.985545112249647248e-01,1.027911132299110797e+00,1.055984521592763681e+00,5.962675887898054583e-01,1.028086332397336378e+00,1.056172629890743897e+00,6.000104014784884976e-01,-2.193827550617925200e-14,-1.124456203400779074e-14,-1.106332431119667450e-06,-6.942437822809544110e-05
4.278718564563253324e+01,2.254824874910650578e+01,1.028855530969486232e+00,1.058543705152432235e+00,6.000098766691300822e-01,1.028784716003045885e+00,1.058465755872813441e+00,5.985785792795002003e-01,1.027874473884115902e+00,1.055908229222045858e+00,5.963351444270010848e-01,1.028046347900029689e+00,1.056092606561362501e+00,6.000121471402848350e-01,-2.289474939083941352e-14,-1.115350963697713642e-14,-1.087991565467878980e-06,-6.813677542115722889e-05
4.284822300033386000e+01,2.258041458184417394e+01,1.028813236721557001e+00,1.058456677446414140e+00,6.000097725904457446e-01,1.028743783605349460e+00,1.058380298023805510e+00,5.986038843797448772e-01,1.027837597119731106e+00,1.055831718501938132e+00,5.963957845898439913e-01,1.028006271110940117e+00,1.056012536259164358e+00,6.000094749846858200e-01,-2.342086378477227264e-14,-1.086581101439284015e-14,-1.070159357074936362e-06,-6.689060262963018963e-05
4.290926035503519387e+01,2.261258041458184564e+01,1.028771046900266883e+00,1.058369867625571059e+00,6.000092760435945527e-01,1.028702873863289957e+00,1.058294892583214075e+00,5.986272221211459410e-01,1.027800502005956407e+00,1.055754989432440505e+00,5.964494892871307075e-01,1.027966554473980443e+00,1.055933021926474868e+00,6.000120835786514339e-01,-2.351838189590727743e-14,-1.038801952240734199e-14,-1.052389583171773926e-06,-6.564949229638693197e-05
4.297029770973652063e+01,2.264474624731951380e+01,1.028729029334513712e+00,1.058283417183695896e+00,6.000097733289413426e-01,1.028662135999607319e+00,1.058209884375634235e+00,5.986516241813685246e-01,1.027763188542791806e+00,1.055678042013552753e+00,5.964962385276572077e-01,1.027926763911802599e+00,1.055853484505339557e+00,6.000106796798401199e-01,-2.293850491100635045e-14,-9.631951705521355354e-15,-1.035090091094752492e-06,-6.444643999357033170e-05
4.303133506443784739e+01,2.267691208005718195e+01,1.028687114609678988e+00,1.058197181282060306e+00,6.000098685349126715e-01,1.028621436599672645e+00,1.058124964795460254e+00,5.986743929902227368e-01,1.027725656730237525e+00,1.055600876245275543e+00,5.965360123202200215e-01,1.027887197059186741e+00,1.055774320449019532e+00,6.000116603309328944e-01,-2.198317267487289452e-14,-8.732759000394076759e-15,-1.017893356716748549e-06,-6.325165060551593522e-05
4.309237241913918126e+01,2.270907791279485366e+01,1.028645302516980387e+00,1.058111159479143693e+00,6.000095665144242751e-01,1.028580886062651301e+00,1.058040388222262207e+00,5.986977801013385614e-01,1.027688367079353959e+00,1.055524127388406619e+00,5.965787129306752146e-01,1.027847690015533555e+00,1.055695311000840464e+00,6.000115145810597239e-01,-2.066687918360544343e-14,-7.699562487283897836e-15,-1.001094316564056987e-06,-6.208884046102776508e-05
4.315340977384051513e+01,2.274124374553252181e+01,1.028603627241250651e+00,1.058025423071029536e+00,6.000095734984076667e-01,1.028540396410077662e+00,1.057955951528116056e+00,5.987200044308628177e-01,1.027652446496365668e+00,1.055449348628952233e+00,5.966486774534349724e-01,1.027808272196435668e+00,1.055616494958819152e+00,6.000108825976400162e-01,-1.890668414193750139e-14,-6.511671040337806976e-15,-9.844540942230347655e-07,-6.093872087716672834e-05
4.321444712854184900e+01,2.277340957827019352e+01,1.028562086994997848e+00,1.057939968305441125e+00,6.000098651955038109e-01,1.028500032702948319e+00,1.057871804187491493e+00,5.987424002148721280e-01,1.027616313355433464e+00,1.055374357311553712e+00,5.967118566918112599e-01,1.027769045994747721e+00,1.055538008632783020e+00,6.000119849750360501e-01,-1.678132648708942030e-14,-5.214282029978385632e-15,-9.681424020833886636e-07,-5.981485296114188272e-05
4.327548448324317576e+01,2.280557541100786167e+01,1.028520647927156029e+00,1.057854724564674331e+00,6.000097612581407613e-01,1.028459752171029251e+00,1.057787847395726288e+00,5.987641037359294760e-01,1.027579967656557125e+00,1.055299153436211279e+00,5.967682311848417909e-01,1.027729776462085853e+00,1.055459538361884109e+00,6.000097555043979458e-01,-1.442729527720387229e-14,-3.860581174181324782e-15,-9.520425557531530540e-07,-5.870780773692556206e-05
4.333652183794450963e+01,2.283774124374553338e+01,1.028479310469963437e+00,1.057769692744215062e+00,6.000092794998506118e-01,1.028419574774255052e+00,1.057704126879700057e+00,5.987855312360954585e-01,1.027543409399736651e+00,1.055223737002924711e+00,5.968177814715647234e-01,1.027690828457184402e+00,1.055381570363663757e+00,6.000120960727759467e-01,-1.186686055750283834e-14,-2.463639020325832403e-15,-9.362053928377945744e-07,-5.762162222262751018e-05
4.339755919264583639e+01,2.286990707648320154e+01,1.028438139746111313e+00,1.057685008635737223e+00,6.000097649360189855e-01,1.028379502705847104e+00,1.057620646998786551e+00,5.988067368584719663e-01,1.027506638584972043e+00,1.055148108011693786e+00,5.968604880910184374e-01,1.027651791117618396e+00,1.055303556500216011e+00,6.000101209047603579e-01,-9.097955330330473634e-15,-1.069253554802308421e-15,-9.206301726792373029e-07,-5.655610986262578376e-05
4.345859654734717026e+01,2.290207290922087324e+01,1.028397068773709844e+00,1.057600532535556193e+00,6.000098563269430363e-01,1.028339511078119495e+00,1.057537350894123485e+00,5.988272185524888824e-01,1.027469655212263300e+00,1.055072266462518948e+00,5.968963315822406468e-01,1.027613034045271156e+00,1.055225989230377914e+00,6.000118530108025094e-01,-6.287519160703944182e-15,2.780997676174636225e-16,-9.052550017034381705e-07,-5.550638586674042237e-05
4.351963390204849702e+01,2.293423874195854140e+01,1.028356097352273624e+00,1.057516264019934926e+00,6.000095583811460020e-01,1.028299646787099064e+00,1.057454344925969902e+00,5.988479484457235325e-01,1.027432506525406186e+00,1.054996277336539556e+00,5.969263205006170026e-01,1.027574272066067884e+00,1.055148488085694503e+00,6.000111127153792134e-01,-3.462987562958022046e-15,1.564421066110226364e-15,-8.901890386414499084e-07,-5.448091712651894161e-05
4.358067125674983089e+01,2.296640457469621310e+01,1.028315258972874124e+00,1.057432272909283544e+00,6.000095700608062410e-01,1.028259840366305689e+00,1.057371470815048120e+00,5.988675062586620301e-01,1.027397112397554935e+00,1.054922780225446610e+00,5.969922743910324181e-01,1.027535659435691029e+00,1.055071258343251550e+00,6.000112608523365809e-01,-6.942119779354286708e-16,2.730787188515258127e-15,-8.752636001191393132e-07,-5.346647157970453910e-05
4.364170861145115765e+01,2.299857040743388126e+01,1.028274551252362112e+00,1.057348554212109271e+00,6.000098540668288294e-01,1.028220183138979005e+00,1.057288935756271364e+00,5.988877818724167579e-01,1.027361511354040857e+00,1.054849076198691060e+00,5.970515528409838790e-01,1.027497170243355740e+00,1.054994265253488051e+00,6.000117456999994880e-01,1.921965487381735130e-15,3.734396556756418455e-15,-8.606919002877851843e-07,-5.247960781576960893e-05
4.370274596615248441e+01,2.303073624017154941e+01,1.028233941686847785e+00,1.057265040149352631e+00,6.000097502807685279e-01,1.028180561343140731e+00,1.057206481217925154e+00,5.989064371894106120e-01,1.027325703394864398e+00,1.054775165256273128e+00,5.971041369060942072e-01,1.027458701338957558e+00,1.054917370885089634e+00,6.000103245884561565e-01,4.384345750587396396e-15,4.601673117693073232e-15,-8.462042087485992071e-07,-5.149929436293691472e-05
4.376378332085381828e+01,2.306290207290922112e+01,1.028193431021442894e+00,1.057181732268629437e+00,6.000092828195340289e-01,1.028141110439606765e+00,1.057124414061070050e+00,5.989262792733692775e-01,1.027289688520025113e+00,1.054701047398192371e+00,5.971500076419865577e-01,1.027420482389866718e+00,1.054840881240171946e+00,6.000120249317056897e-01,6.671137199762342517e-15,5.324174633889100680e-15,-8.321121478201944542e-07,-5.054964592966971646e-05
4.382482067555514504e+01,2.309506790564688927e+01,1.028153081793350410e+00,1.057098760916916236e+00,6.000097567697608714e-01,1.028101681690069658e+00,1.057042397072951667e+00,5.989442399920607008e-01,1.027253466729523224e+00,1.054626722624449009e+00,5.971891461042838634e-01,1.027382177158377541e+00,1.054764347655704926e+00,6.000095018360890320e-01,8.601656051370040915e-15,5.797809378776154435e-15,-8.180708826105075621e-07,-4.960392534996585463e-05
4.388585803025647891e+01,2.312723373838456098e+01,1.028112829349771662e+00,1.057015991304023794e+00,6.000098444706672973e-01,1.028062427323257033e+00,1.056960774406113357e+00,5.989634815754280028e-01,1.027217038023358731e+00,1.054552190935043043e+00,5.972215333486088351e-01,1.027344205278983402e+00,1.054688329353113962e+00,6.000119554118252818e-01,1.029439030261678688e-14,6.127373207197276821e-15,-8.044238053706810313e-07,-4.868857855168495216e-05
4.394689538495780567e+01,2.315939957112222913e+01,1.028072673498121148e+00,1.056933423023122653e+00,6.000095504922788869e-01,1.028023203980553690e+00,1.056879221724477125e+00,5.989810390058193379e-01,1.027180402401531634e+00,1.054477452329974474e+00,5.972471504305847390e-01,1.027306167559237426e+00,1.054612293814642499e+00,6.000106445449673309e-01,1.174649700409486022e-14,6.317822960999297477e-15,-7.908452026134974704e-07,-4.777847734449531354e-05
4.400793273965913954e+01,2.319156540385990084e+01,1.028032647056607907e+00,1.056851124464214253e+00,6.000095666776393832e-01,1.027984132382513849e+00,1.056798011353423661e+00,5.989994285286962539e-01,1.027145186940583432e+00,1.054404737967484129e+00,5.973017805433350480e-01,1.027268335716680303e+00,1.054536602969564196e+00,6.000115420710537828e-01,1.286750472909267672e-14,6.334971331291465712e-15,-7.776015212296965814e-07,-4.689403329460988250e-05
4.406897009436046631e+01,2.322373123659756899e+01,1.027992747082709268e+00,1.056769089473088563e+00,6.000098432346518962e-01,1.027945113652253051e+00,1.056716919965917656e+00,5.990166018928392289e-01,1.027110122583324126e+00,1.054332305772407441e+00,5.973575906894770249e-01,1.027230563033339372e+00,1.054461060991297883e+00,6.000114339844174749e-01,1.366626332346374853e-14,6.207080421206822882e-15,-7.644717719637382397e-07,-4.601826704320556761e-05
4.413000744906180017e+01,2.325589706933524070e+01,1.027952942359739108e+00,1.056687252981450387e+00,6.000097396125679827e-01,1.027906224170358040e+00,1.056636119463131518e+00,5.990341587371240673e-01,1.027074856803031455e+00,1.054259672154297389e+00,5.974068162000281124e-01,1.027192870541122849e+00,1.054385695535758005e+00,6.000107897705605486e-01,1.422695255031295464e-14,5.981998364075262611e-15,-7.516205579480108802e-07,-4.516371581717924761e-05
4.419104480376312694e+01,2.328806290207290886e+01,1.027913233926917469e+00,1.056605617149404264e+00,6.000092859831949177e-01,1.027867409236154606e+00,1.056555486357046769e+00,5.990509666197485483e-01,1.027039389599705421e+00,1.054186837113153974e+00,5.974494386334946450e-01,1.027155360447296273e+00,1.054310642683114585e+00,6.000118750944047896e-01,1.454946150688838794e-14,5.665124571779984966e-15,-7.389262032358806802e-07,-4.432104409888072048e-05
4.425208215846446080e+01,2.332022873481058056e+01,1.027873681850381971e+00,1.056524307123017037e+00,6.000097488056651551e-01,1.027828701202184725e+00,1.056475093295235590e+00,5.990677096884224895e-01,1.027003720973346246e+00,1.054113800648977417e+00,5.974854395483828462e-01,1.027117806622272367e+00,1.054235600566031161e+00,6.000097033030760141e-01,1.450174695658013255e-14,5.224605937719749680e-15,-7.264567823320432496e-07,-4.349540741039924295e-05
4.431311951316578757e+01,2.335239456754824872e+01,1.027834223707985606e+00,1.056443192815430310e+00,6.000098329468457337e-01,1.027790089226835457e+00,1.056394915458525929e+00,5.990841700549393023e-01,1.026967850923953707e+00,1.054040562761767497e+00,5.975148005031990506e-01,1.027080556699127012e+00,1.054161032454932201e+00,6.000119727457393637e-01,1.424330313486678699e-14,4.721527565509105261e-15,-7.141847072456014200e-07,-4.268463238602747514e-05
4.437415686786711433e+01,2.338456040028591687e+01,1.027794859314647757e+00,1.056362273835877996e+00,6.000095428434591982e-01,1.027751561957755078e+00,1.056314927411292404e+00,5.991001177833161773e-01,1.026931779451527804e+00,1.053967123451524435e+00,5.975375030564497036e-01,1.027043223198235600e+00,1.054086421418471975e+00,6.000101142056256665e-01,1.377940651534490837e-14,4.159341823589328088e-15,-7.020866553515443998e-07,-4.188696265198641638e-05
4.443519422256844820e+01,2.341672623302358858e+01,1.027755620835741901e+00,1.056281617187342592e+00,6.000095633635423864e-01,1.027713152084373860e+00,1.056235201833551240e+00,5.991162479973947130e-01,1.026896712307745041e+00,1.053895132126787759e+00,5.975803176715999143e-01,1.027006148717873879e+00,1.054012223938125992e+00,6.000117317411479689e-01,1.305312788329466687e-14,3.526914673799630888e-15,-6.902240829119353448e-07,-4.110692769645881903e-05
4.449623157726977496e+01,2.344889206576125673e+01,1.027716504803436681e+00,1.056201215624739120e+00,6.000098327126266451e-01,1.027674804883084603e+00,1.056155616376038608e+00,5.991314183641888169e-01,1.026862187242870261e+00,1.053823954860392265e+00,5.976330521153688791e-01,1.026969072793319171e+00,1.053938092512760383e+00,6.000110542178860307e-01,1.209805807945217037e-14,2.840604891080239654e-15,-6.784872219774128777e-07,-4.033630712722657927e-05
4.455726893197110883e+01,2.348105789849892844e+01,1.027677481231408452e+00,1.056121006669427098e+00,6.000097292731059184e-01,1.027636596236198852e+00,1.056076340049435291e+00,5.991472352049130867e-01,1.026827466098164887e+00,1.053752581514165954e+00,5.976793108496344376e-01,1.026932133463225094e+00,1.053864210829763115e+00,6.000111568163303266e-01,1.098817295175100131e-14,2.123243866992223112e-15,-6.670217070604933971e-07,-3.958589550024713805e-05
4.461830628667244270e+01,2.351322373123659659e+01,1.027638551435309244e+00,1.056040993056703625e+00,6.000092890336679030e-01,1.027598428392267671e+00,1.055997154758946399e+00,5.991616457430647413e-01,1.026792548873628697e+00,1.053681012088109048e+00,5.977190759221050476e-01,1.026895312760298440e+00,1.053790554748136321e+00,6.000116512074240571e-01,9.731066294341343398e-15,1.379649863726951920e-15,-6.556361009664681935e-07,-3.884143521466427767e-05
4.467934364137377656e+01,2.354538956397426830e+01,1.027599773118582194e+00,1.055961294962592723e+00,6.000097410720143243e-01,1.027560420078876380e+00,1.055918324679122833e+00,5.991771654216766496e-01,1.026757435569262134e+00,1.053609246582221770e+00,5.977523293804894999e-01,1.026858507925142217e+00,1.053716986891767737e+00,6.000102526409948345e-01,8.295748664972842081e-15,6.262379055022954256e-16,-6.445555241837107113e-07,-3.811956877054990318e-05
4.474038099607510333e+01,2.357755539671193645e+01,1.027561085996383072e+00,1.055881786804304001e+00,6.000098217752629637e-01,1.027522433290189330e+00,1.055839542515584872e+00,5.991908845236734171e-01,1.026722126185064754e+00,1.053537284996503454e+00,5.977790532724965855e-01,1.026821940115871801e+00,1.053643801934650570e+00,6.000119099190066585e-01,6.795832756003698620e-15,-1.090878382007792687e-16,-6.335159938932170424e-07,-3.740074087920705192e-05
4.480141835077643719e+01,2.360972122944960816e+01,1.027522489890774215e+00,1.055802468206350264e+00,6.000095354519504598e-01,1.027484621979837476e+00,1.055761150302643170e+00,5.992060714052249715e-01,1.026686620721036780e+00,1.053465127330954765e+00,5.977992296458350951e-01,1.026785291522995802e+00,1.053570575815645727e+00,6.000095255846195075e-01,5.247058543998373818e-15,-8.176511026492595659e-16,-6.228040361732974563e-07,-3.670604587071579907e-05
4.486245570547776396e+01,2.364188706218727631e+01,1.027484016333515271e+00,1.055723404826335976e+00,6.000095601344770380e-01,1.027446834436410272e+00,1.055682810803720839e+00,5.992195181731545528e-01,1.026651717487035986e+00,1.053393863224616256e+00,5.978307476185317215e-01,1.026748951906281349e+00,1.053497827945735210e+00,6.000118350317528160e-01,3.676209655343276665e-15,-1.465801684027843089e-15,-6.121353930547919058e-07,-3.601452491068385251e-05
4.492349306017909782e+01,2.367405289492494802e+01,1.027445661363595164e+00,1.055644588395939998e+00,6.000098224966726734e-01,1.027409200279045143e+00,1.055604811508502383e+00,5.992339849527902329e-01,1.026617732568225527e+00,1.053323922768180321e+00,5.978807621531898597e-01,1.026712553706617292e+00,1.053425068008915222e+00,6.000106105294408243e-01,2.144353144708342792e-15,-2.024332018513070096e-15,-6.017462920391526100e-07,-3.534348850209533915e-05
4.498453041488042459e+01,2.370621872766261617e+01,1.027407396171212461e+00,1.055565958911472091e+00,6.000097192463292872e-01,1.027371611051932865e+00,1.055526911680852997e+00,5.992471743545721985e-01,1.026583556764200322e+00,1.053253791426529862e+00,5.979244088974359217e-01,1.026676345206958718e+00,1.053352626717406482e+00,6.000114311601406625e-01,6.674465703539949760e-16,-2.504002508419004816e-15,-5.914371317171289861e-07,-3.467827914251254008e-05
4.504556776958175135e+01,2.373838456040028433e+01,1.027369222331827814e+00,1.055487519648358186e+00,6.000092919616883957e-01,1.027334153290607732e+00,1.055449302895016261e+00,5.992609369270663899e-01,1.026549190074960816e+00,1.053183469199664879e+00,5.979616703745768147e-01,1.026640195133684319e+00,1.053280328854838910e+00,6.000113576446279851e-01,-7.394140602945194216e-16,-2.897309852994607273e-15,-5.813618776281209269e-07,-3.403011971108122846e-05
4.510660512428308522e+01,2.377055039313795604e+01,1.027331195289078680e+00,1.055409386031519015e+00,6.000097335369227736e-01,1.027296761436596872e+00,1.055371839751477525e+00,5.992738834153931160e-01,1.026514632500506785e+00,1.053112956087585372e+00,5.979925291079200012e-01,1.026604117122172033e+00,1.053208192247476749e+00,6.000107028549965804e-01,-1.986692162618097950e-15,-3.139612817765123170e-15,-5.714011010561323621e-07,-3.339026119645226111e-05
4.516764247898441198e+01,2.380271622587562419e+01,1.027293256806779409e+00,1.055331436793120359e+00,6.000098109120503009e-01,1.027259479304334366e+00,1.055294619071583950e+00,5.992869572813563916e-01,1.026479884040838231e+00,1.053042252090291342e+00,5.980169676207723883e-01,1.026568212933954394e+00,1.053136352397112230e+00,6.000117715531887441e-01,-3.121903312562068267e-15,-3.293733283030235795e-15,-5.616309053551308793e-07,-3.276422195389848424e-05
4.522867983368574585e+01,2.383488205861329590e+01,1.027255406713803110e+00,1.055253671572223606e+00,6.000095282725198542e-01,1.027222283866848995e+00,1.055217589631910702e+00,5.992996748087562331e-01,1.026444944695955153e+00,1.052971357207782788e+00,5.980349684364413276e-01,1.026532264784681514e+00,1.053064518594782450e+00,6.000096546044677570e-01,-4.143470808561100462e-15,-3.363604320510086611e-15,-5.520077126939318376e-07,-3.214878697362726057e-05
4.528971718838707261e+01,2.386704789135096405e+01,1.027217675926836549e+00,1.055176154721114257e+00,6.000095569516824545e-01,1.027185176587238846e+00,1.055140754659909197e+00,5.993120750841771649e-01,1.026410219707340588e+00,1.052900823454450352e+00,5.980556907143123047e-01,1.026496604265334733e+00,1.052993132739835414e+00,6.000118568148087306e-01,-5.007239199418113946e-15,-3.330817009014742018e-15,-5.425340039584566279e-07,-3.154413521768615708e-05
4.535075454308840648e+01,2.389921372408863576e+01,1.027180060021941843e+00,1.055098877011867664e+00,6.000098125420996187e-01,1.027148176597214135e+00,1.055064155951475735e+00,5.993245771176954895e-01,1.026376774245815859e+00,1.052832100679522487e+00,5.981033072302235354e-01,1.026460865440947501e+00,1.052921706653428657e+00,6.000101068050515130e-01,-5.723459361372444659e-15,-3.221214829763350459e-15,-5.332378884742493441e-07,-3.095222880957771425e-05
4.541179189778973324e+01,2.393137955682630391e+01,1.027142531314708895e+00,1.055021780806944198e+00,6.000097094923756424e-01,1.027111243384988937e+00,1.054987704295164086e+00,5.993363185432338813e-01,1.026343142946472442e+00,1.052763192066775932e+00,5.981446627094683111e-01,1.026425366313546306e+00,1.052850664046759643e+00,6.000116179268135674e-01,-6.332193390836867266e-15,-3.064452219074619145e-15,-5.240523082900363552e-07,-3.036825519641588719e-05
4.547282925249106711e+01,2.396354538956397562e+01,1.027105091624746613e+00,1.054944869888893244e+00,6.000092947526454168e-01,1.027074437861712264e+00,1.054911533353635633e+00,5.993486180787347406e-01,1.026309325809310780e+00,1.052694097616211133e+00,5.981797401374731038e-01,1.026389868780484438e+00,1.052779687253950547e+00,6.000109985253089251e-01,-6.833746999942899891e-15,-2.865848398553247350e-15,-5.150730502794050593e-07,-2.979901368325259056e-05
4.553386660719239387e+01,2.399571122230164377e+01,1.027067794233527342e+00,1.054868255139164157e+00,6.000097261837272766e-01,1.027037677923307246e+00,1.054835462627103038e+00,5.993597150288952902e-01,1.026275322834330650e+00,1.052624817327828088e+00,5.982085224996649409e-01,1.026354496291792540e+00,1.052708940540544980e+00,6.000110593251135604e-01,-7.174722964127398569e-15,-2.623041529652442323e-15,-5.061674491511169210e-07,-2.923503152024744503e-05
4.559490396189372063e+01,2.402787705503931193e+01,1.027030582869199682e+00,1.054791819425210608e+00,6.000098003469737096e-01,1.027001065875229546e+00,1.054759716497074562e+00,5.993718246050117049e-01,1.026241134021532275e+00,1.052555351201626577e+00,5.982309927814707384e-01,1.026319237891372582e+00,1.052638409129216912e+00,6.000115620036832187e-01,-7.422176713303616194e-15,-2.361821258121024001e-15,-4.974951098987438262e-07,-2.868762147859712581e-05
4.565594131659505450e+01,2.406004288777698363e+01,1.026993457367114893e+00,1.054715562399934026e+00,6.000095213091805046e-01,1.026964478409321924e+00,1.054684024321125291e+00,5.993822910970808548e-01,1.026206759370915211e+00,1.052485699237606376e+00,5.982471339683168576e-01,1.026283991440432253e+00,1.052567956502028057e+00,6.000101853851330658e-01,-7.576552579848830537e-15,-2.083382654770556906e-15,-4.888615431827108667e-07,-2.814296603700711517e-05
4.571697867129638126e+01,2.409220872051465179e+01,1.026956448046660197e+00,1.054639547148733314e+00,6.000095538360540326e-01,1.026928058834839508e+00,1.054608700056729909e+00,5.993942228088265933e-01,1.026172225754419687e+00,1.052415897973194570e+00,5.982575432975787422e-01,1.026248970037958674e+00,1.052497866603243626e+00,6.000118016844263602e-01,-7.605534640055895040e-15,-1.784575000294551603e-15,-4.804864589575337941e-07,-2.761658329735991094e-05
4.577801602599771513e+01,2.412437455325232349e+01,1.026919550049404384e+00,1.054563763543907573e+00,6.000098028686851048e-01,1.026891659874404894e+00,1.054533420908284613e+00,5.994044380722466370e-01,1.026139317709966248e+00,1.052348372926868558e+00,5.983030525177381875e-01,1.026213872893178669e+00,1.052427738090992548e+00,6.000095467037021013e-01,-7.513743789382196287e-15,-1.466531119760940223e-15,-4.721424915125751865e-07,-2.709239147231077934e-05
4.583905338069904190e+01,2.415654038598999165e+01,1.026882736767808169e+00,1.054488156210885208e+00,6.000097000352420107e-01,1.026855414921075127e+00,1.054458478724777271e+00,5.994158380236038752e-01,1.026106228729683378e+00,1.052280666944713117e+00,5.983424061543474171e-01,1.026179062511105577e+00,1.052358054056929060e+00,6.000117219516108991e-01,-7.331124484489006550e-15,-1.134226185395554569e-15,-4.640299589148115310e-07,-2.658447982176940209e-05
4.590009073540037576e+01,2.418870621872766336e+01,1.026846010250857644e+00,1.054412729408254146e+00,6.000092974490006670e-01,1.026819207225390107e+00,1.054383617937835638e+00,5.994258952475458591e-01,1.026072958813571301e+00,1.052212780026728467e+00,5.983755876416396724e-01,1.026144200070963963e+00,1.052288362524173237e+00,6.000105777308553101e-01,-7.056100728406969045e-15,-7.875326072218865194e-16,-4.559720744209454958e-07,-2.608039364379580706e-05
4.596112809010170253e+01,2.422087205146533151e+01,1.026809421710469739e+00,1.054337589670901965e+00,6.000097190400996983e-01,1.026783132299158519e+00,1.054309047211566597e+00,5.994366948254040706e-01,1.026039507961630015e+00,1.052144712172914609e+00,5.984025804138481952e-01,1.026109512627878750e+00,1.052218965927351313e+00,6.000113271300330231e-01,-6.645534029853500441e-15,-4.245422659716304400e-16,-4.481089311379610675e-07,-2.558993972580763532e-05
4.602216544480304350e+01,2.425303788420300322e+01,1.026772916759067567e+00,1.054262623830990675e+00,6.000097900979552978e-01,1.026747114846640052e+00,1.054234601864016962e+00,5.994466051297744347e-01,1.026005876173859299e+00,1.052076463383271321e+00,5.984233679052068933e-01,1.026074882812570532e+00,1.052149707605057882e+00,6.000112853769874466e-01,-6.166402587998950679e-15,-6.074725624830626835e-17,-4.403280663911547843e-07,-2.510521768576070789e-05
4.608320279950437026e+01,2.428520371694067137e+01,1.026736495238178781e+00,1.054187831554607158e+00,6.000095145751864756e-01,1.026711209120184876e+00,1.054160400246515250e+00,5.994568170538773222e-01,1.025972063450259375e+00,1.052008033657798824e+00,5.984379335499487862e-01,1.026040317731238716e+00,1.052080596707079652e+00,6.000106214861005149e-01,-5.625441173577646654e-15,2.993043889666251004e-16,-4.327071470612573056e-07,-2.463163813377403812e-05
4.614424015420570413e+01,2.431736954967834308e+01,1.026700186886981614e+00,1.054113274697203284e+00,6.000095507972655895e-01,1.026675380881588939e+00,1.054086367427601534e+00,5.994665911575570716e-01,1.025938069790830243e+00,1.051939422996497120e+00,5.984462607823073377e-01,1.026005918483850587e+00,1.052011767867422343e+00,6.000116739747495265e-01,-5.019916088906692866e-15,6.409670802477440092e-16,-4.251944942235071736e-07,-2.416556486929483254e-05
4.620527750890703089e+01,2.434953538241601123e+01,1.026663986439412701e+00,1.054038942287702785e+00,6.000097934668824351e-01,1.026639643522262224e+00,1.054012532578957106e+00,5.994762278327067095e-01,1.025905359328997957e+00,1.051872618140673010e+00,5.984821583821502422e-01,1.025971475189735305e+00,1.051942940943490612e+00,6.000096092287052763e-01,-4.384360590455298965e-15,9.437647168621368487e-16,-4.178088184350393585e-07,-2.370829512490625428e-05
4.626631486360835765e+01,2.438170121515367939e+01,1.026627868318778836e+00,1.053964781116636606e+00,6.000096908536209916e-01,1.026604003461346393e+00,1.053938909389765533e+00,5.994858760657086894e-01,1.025872809306235034e+00,1.051806094034631878e+00,5.985197708841828446e-01,1.025937304475946110e+00,1.051874537899308626e+00,6.000117477986993686e-01,-3.741032123971204271e-15,1.207548684325995772e-15,-4.105558192557888282e-07,-2.326018054805690350e-05
4.632735221830969152e+01,2.441386704789135109e+01,1.026591834789543078e+00,1.053890795889375509e+00,6.000093000344273175e-01,1.026568433631610544e+00,1.053865438978949021e+00,5.994949495895474101e-01,1.025840083106413836e+00,1.051739393751532470e+00,5.985513157106137072e-01,1.025903060295467739e+00,1.051806097096798176e+00,6.000100989201246904e-01,-3.098588030875633718e-15,1.425760677365532540e-15,-4.033985876716227292e-07,-2.281867428282329595e-05
4.638838957301101829e+01,2.444603288062901925e+01,1.026555935082132054e+00,1.053817088981271688e+00,6.000097120703774545e-01,1.026532980705770814e+00,1.053792222532870859e+00,5.995044819048360729e-01,1.025807180729534362e+00,1.051672517291374787e+00,5.985767767313708854e-01,1.025869038204993089e+00,1.051738012342360751e+00,6.000115110661647932e-01,-2.488616628875231484e-15,1.556217886637585762e-15,-3.963969277715265236e-07,-2.238785273474073057e-05
4.644942692771235215e+01,2.447819871336669095e+01,1.026520116617091416e+00,1.053743551027046088e+00,6.000097801198255310e-01,1.026497577563620922e+00,1.053719114238036436e+00,5.995130040755087819e-01,1.025774102175596614e+00,1.051605464654158828e+00,5.985961378163817681e-01,1.025835020375188478e+00,1.051669993018294669e+00,6.000109455466382524e-01,-1.909125024315035656e-15,1.631914846080301466e-15,-3.894615182935798681e-07,-2.196158128860016586e-05
4.651046428241367892e+01,2.451036454610435911e+01,1.026484379241846323e+00,1.053670181705359310e+00,6.000095080256323543e-01,1.026462310724504112e+00,1.053646301661205875e+00,5.995224300605190848e-01,1.025740847444600368e+00,1.051538235839884372e+00,5.986093828355739666e-01,1.025801117111830862e+00,1.051602185891172825e+00,6.000109679380931649e-01,-1.361085692479001096e-15,1.654902241781485491e-15,-3.827031215139095514e-07,-2.154741072040675673e-05
4.657150163711501278e+01,2.454253037884203081e+01,1.026448752131869036e+00,1.053597041677293067e+00,6.000095477980297298e-01,1.026427073423874070e+00,1.053573553169980803e+00,5.995304123841337374e-01,1.025707416536546068e+00,1.051470830848551863e+00,5.986164956588749808e-01,1.025767323650061735e+00,1.051534584452466392e+00,6.000114777764634644e-01,-8.580203148673547443e-16,1.612498241261297665e-15,-3.759830854895003169e-07,-2.113586255626625682e-05
4.663253899181633955e+01,2.457469621157969897e+01,1.026413229638767577e+00,1.053524119181497243e+00,6.000097842966778394e-01,1.026391991617965793e+00,1.053501141601688840e+00,5.995397412719535302e-01,1.025674887487352249e+00,1.051404710286016231e+00,5.986425959322242418e-01,1.025733538661713462e+00,1.051467053292644893e+00,6.000101225198849475e-01,-3.912487872883420802e-16,1.524895699202858001e-15,-3.694601083101884372e-07,-2.073772373552311220e-05
4.669357634651767341e+01,2.460686204431737067e+01,1.026377787172916944e+00,1.053451363080634140e+00,6.000096819141750304e-01,1.026356929648400085e+00,1.053428772986410245e+00,5.995474241202646271e-01,1.025642872041842679e+00,1.051339346794180507e+00,5.986787017148810230e-01,1.025699967606913843e+00,1.051399866185043663e+00,6.000116997782302120e-01,5.321247879497006682e-17,1.412563659765138904e-15,-3.629619528103264064e-07,-2.034127000399072032e-05
4.675461370121900018e+01,2.463902787705503883e+01,1.026342427201143215e+00,1.053378778499287405e+00,6.000093024998552904e-01,1.026322021478312196e+00,1.053356737204533156e+00,5.995564356501940084e-01,1.025610685037328551e+00,1.051273811743340447e+00,5.987088427719454709e-01,1.025666325440220739e+00,1.051332642806323658e+00,6.000095655436458175e-01,4.779275660914748533e-16,1.280611030635916286e-15,-3.566539928109473148e-07,-1.995769965160889138e-05
4.681565105592033404e+01,2.467119370979271054e+01,1.026307197056048670e+00,1.053306463830863793e+00,6.000097052656896413e-01,1.026287143277641256e+00,1.053284766199755529e+00,5.995640377081612460e-01,1.025578326473810309e+00,1.051208105133496273e+00,5.987330033961556497e-01,1.025632949756422052e+00,1.051265833052920540e+00,6.000116156652962607e-01,8.846592220732209295e-16,1.141136462120610252e-15,-3.503821964544293282e-07,-1.957656788623666236e-05
4.687668841062166081e+01,2.470335954253037869e+01,1.026272045893761531e+00,1.053234313358375474e+00,6.000097704107691943e-01,1.026252398390356646e+00,1.053213083343877754e+00,5.995725326958795121e-01,1.025545796351287509e+00,1.051142226964647319e+00,5.987511678802500681e-01,1.025599527889516915e+00,1.051199019840034277e+00,6.000105461679520191e-01,1.284121857701953233e-15,1.005769797584156676e-15,-3.442712673481946398e-07,-1.920628372237175372e-05
4.693772576532298757e+01,2.473552537526804684e+01,1.026236973567322242e+00,1.053162326772459245e+00,6.000095016719888541e-01,1.026217702895468875e+00,1.053141507120137543e+00,5.995800624137060941e-01,1.025513094669760372e+00,1.051076177236794251e+00,5.987633205169669015e-01,1.025566267632840534e+00,1.051132479943540421e+00,6.000112294965606052e-01,1.675785873713244717e-15,8.756879704862896634e-16,-3.382184930442668482e-07,-1.883990352865237198e-05
4.699876312002432144e+01,2.476769120800571855e+01,1.026202008704324875e+00,1.053090563573988447e+00,6.000095448644733320e-01,1.026183120432456963e+00,1.053070174918380175e+00,5.995880513165734449e-01,1.025480221429228678e+00,1.051009955949936625e+00,5.987694455990446585e-01,1.025533064154040996e+00,1.051066073432115333e+00,6.000112169520793737e-01,2.054672979049677976e-15,7.556587291883873289e-16,-3.322988029158356597e-07,-1.848245736320530225e-05
4.705980047472564820e+01,2.479985704074338670e+01,1.026167145297854022e+00,1.053019011261315363e+00,6.000097753825162084e-01,1.026148606576875677e+00,1.052998990660587664e+00,5.995955168252133927e-01,1.025447883570580254e+00,1.050944519594772864e+00,5.987861616677762067e-01,1.025499918793727483e+00,1.050999801794284760e+00,6.000105452772614978e-01,2.411441293549816643e-15,6.412988678252349214e-16,-3.264579281835769487e-07,-1.813027870085642072e-05
4.712083782942698207e+01,2.483202287348105841e+01,1.026132359703763486e+00,1.052947620680953156e+00,6.000096732437051328e-01,1.026114185677366342e+00,1.052928006851780340e+00,5.996030098435974898e-01,1.025416397445229721e+00,1.050880295080217408e+00,5.988209711124665713e-01,1.025466931811957805e+00,1.050933798557041721e+00,6.000115819621683055e-01,2.744523421607892239e-15,5.276776047972788843e-16,-3.207238402756992013e-07,-1.778523696803640701e-05
4.718187518412830883e+01,2.486418870621872657e+01,1.026097654578862928e+00,1.052876397350704929e+00,6.000093048861786516e-01,1.026079852391743374e+00,1.052857211759538725e+00,5.996104189647125660e-01,1.025384744240968926e+00,1.050815903486751468e+00,5.988499171792068809e-01,1.025433900819677557e+00,1.050867793591874877e+00,6.000095669597615977e-01,3.049031279910775426e-15,4.126296867039379965e-16,-3.150879519910252956e-07,-1.744672946099062017e-05
4.724291253882964270e+01,2.489635453895639827e+01,1.026063075437395167e+00,1.052805435850688864e+00,6.000096986517595710e-01,1.026045592193052913e+00,1.052786574093426353e+00,5.996174260485053198e-01,1.025352923957797646e+00,1.050751344814375265e+00,5.988729845709152011e-01,1.025401128464203282e+00,1.050802190238148359e+00,6.000116452109645060e-01,3.292734085104749898e-15,2.867730362900815978e-16,-3.095339811919348946e-07,-1.711367276249375183e-05
4.730394989353096946e+01,2.492852037169406643e+01,1.026028573102121921e+00,1.052734633965554556e+00,6.000097609856398506e-01,1.026011438405642240e+00,1.052716165381333946e+00,5.996247863041361814e-01,1.025320936595715882e+00,1.050686619063088356e+00,5.988901579905093753e-01,1.025368287089858388e+00,1.050736551400613950e+00,6.000100906916828736e-01,3.493979991954227796e-15,1.529541927056570585e-16,-3.040963704148646054e-07,-1.678832503073625566e-05
4.736498724823230333e+01,2.496068620443173813e+01,1.025994147431446679e+00,1.052663991397366550e+00,6.000094955226874527e-01,1.025977338043486231e+00,1.052645871618774098e+00,5.996313171590701430e-01,1.025288782154723632e+00,1.050621726232891184e+00,5.989014221409073579e-01,1.025335651734224252e+00,1.050671243547045108e+00,6.000114106585955343e-01,3.652838551896941352e-15,1.236931703164200314e-17,-2.987171797962598881e-07,-1.646684769235528991e-05
4.742602460293363720e+01,2.499285203716940629e+01,1.025959826520332241e+00,1.052593566519672397e+00,6.000095419997255597e-01,1.025943362680598714e+00,1.052575846516705882e+00,5.996386357810842282e-01,1.025256460634821121e+00,1.050556666323783528e+00,5.989067617250269926e-01,1.025303022978357959e+00,1.050606000622216429e+00,6.000108951501013088e-01,3.754413161684125366e-15,-1.334293207333907750e-16,-2.934713366798449182e-07,-1.615416670501001033e-05
4.748706195763497107e+01,2.502501786990707799e+01,1.025925604025864635e+00,1.052523346137702154e+00,6.000097667093152731e-01,1.025909421289392665e+00,1.052505894429853317e+00,5.996446998749169754e-01,1.025224322859874304e+00,1.050491913401244481e+00,5.989144912431220158e-01,1.025270499267721735e+00,1.050540953603042338e+00,6.000108822133346509e-01,3.810860659415727451e-15,-2.725519551102573181e-16,-2.882617340862012777e-07,-1.584387634632126562e-05
4.754809931233629783e+01,2.505718370264474615e+01,1.025891457209872293e+00,1.052453282997968920e+00,6.000096648159631840e-01,1.025875623275832593e+00,1.052436250183224509e+00,5.996519838141631809e-01,1.025193360048534119e+00,1.050428805969486401e+00,5.989481927995753408e-01,1.025238081306156568e+00,1.050476103284999407e+00,6.000113981989730894e-01,3.839145550477006920e-15,-3.991594870967590116e-16,-2.832013428683272951e-07,-1.554338679533439228e-05
4.760913666703762459e+01,2.508934953538241430e+01,1.025857388907489565e+00,1.052383382987012173e+00,6.000093071710705939e-01,1.025841844298284844e+00,1.052366646798644556e+00,5.996576878607082772e-01,1.025162234503381065e+00,1.050365535803915673e+00,5.989761306597588542e-01,1.025205668732395825e+00,1.050411315572581161e+00,6.000100637323527719e-01,3.842250311357383108e-15,-5.082248586750232238e-16,-2.781606522974138414e-07,-1.524419004713912483e-05
4.767017402173895846e+01,2.512151536812008601e+01,1.025823442890279491e+00,1.052313737032081198e+00,6.000096921901452163e-01,1.025808218248463355e+00,1.052297371425719552e+00,5.996648463179301558e-01,1.025130946224414918e+00,1.050302102904531631e+00,5.989982899244105097e-01,1.025173459760395867e+00,1.050346854590399337e+00,6.000116037536553648e-01,3.823116614919432360e-15,-5.726453626256698743e-16,-2.732752116372569409e-07,-1.495514760596737258e-05
4.773121137644028522e+01,2.515368120085775416e+01,1.025789571581947168e+00,1.052244246279845807e+00,6.000097517989936291e-01,1.025774615334772877e+00,1.052228145627954969e+00,5.996705291293332740e-01,1.025099495211635681e+00,1.050238507271334498e+00,5.990146556942682610e-01,1.025141183937051670e+00,1.050282359493787787e+00,6.000095823766867786e-01,3.796822054214799863e-15,-6.039012470769040024e-16,-2.684126818613924225e-07,-1.466759739652666333e-05
4.779224873114161909e+01,2.518584703359542587e+01,1.025755774846021318e+00,1.052174910443282263e+00,6.000094895342464874e-01,1.025741145654190056e+00,1.052159205316671287e+00,5.996772387174692520e-01,1.025067881465043573e+00,1.050174748904324495e+00,5.990252130700696176e-01,1.025109156049720749e+00,1.050218249785977109e+00,6.000115156786511861e-01,3.763769489000630096e-15,-6.019782442843055418e-16,-2.636820880723872172e-07,-1.438864044187025375e-05
4.785328608584294585e+01,2.521801286633309402e+01,1.025722080259572344e+00,1.052105786800316300e+00,6.000095391691464553e-01,1.025707717727283308e+00,1.052090354387243520e+00,5.996829066196374125e-01,1.025036104984638596e+00,1.050110827803501845e+00,5.990299471525524222e-01,1.025077087276382137e+00,1.050154140191179808e+00,6.000105158181817666e-01,3.721872055340574420e-15,-5.551691648955255879e-16,-2.589918247226635934e-07,-1.411229937501514784e-05
4.791432344054427972e+01,2.525017869907076573e+01,1.025688481164908517e+00,1.052036861507492427e+00,6.000097582425046872e-01,1.025674403547941704e+00,1.052021746956578019e+00,5.996891759625730955e-01,1.025004175342607793e+00,1.050046756888823873e+00,5.990290723648977744e-01,1.025045167904035104e+00,1.050090284164873600e+00,6.000111377883402541e-01,3.663624609042765529e-15,-4.762091265813697608e-16,-2.544114316808760685e-07,-1.384308464755469008e-05
4.797536079524560648e+01,2.528234453180843389e+01,1.025654955692199222e+00,1.051968089131554596e+00,6.000096566045659552e-01,1.025641149530559515e+00,1.051953268193304369e+00,5.996948350290337570e-01,1.024973729204838646e+00,1.049984744491612165e+00,5.990618345024463220e-01,1.025013304420493432e+00,1.050026556882008855e+00,6.000111521272420978e-01,3.585874315975600099e-15,-3.802878373863612907e-16,-2.498877184329497241e-07,-1.357753110941121174e-05
4.803639814994694035e+01,2.531451036454610559e+01,1.025621506843890973e+00,1.051899475904680248e+00,6.000093093514216047e-01,1.025607989984502311e+00,1.051884991474297371e+00,5.997006725415601203e-01,1.024943124546482842e+00,1.049922573573814022e+00,5.990889309092842785e-01,1.024981493074262229e+00,1.049962953065270765e+00,6.000104738476994548e-01,3.483492020549650827e-15,-2.716311081141519653e-16,-2.454530085231305362e-07,-1.331772667599192882e-05
4.809743550464826711e+01,2.534667619728377375e+01,1.025588176720838574e+00,1.051831109253752672e+00,6.000096858795367361e-01,1.025574908799561147e+00,1.051816882191483948e+00,5.997063286015720251e-01,1.024912361367540825e+00,1.049860244135429443e+00,5.991103470718955881e-01,1.024949833138897759e+00,1.049899604937918784e+00,6.000114951249341244e-01,3.323054486134190102e-15,-1.656431940742102776e-16,-2.410903024613346755e-07,-1.306255429206016548e-05
4.815847285934960098e+01,2.537884203002144545e+01,1.025554919285035727e+00,1.051762893554459621e+00,6.000097428566945057e-01,1.025541903019107970e+00,1.051748934027361804e+00,5.997117424947058240e-01,1.024881439668012595e+00,1.049797756176458652e+00,5.991260684767643063e-01,1.024918129332106576e+00,1.049836251869860959e+00,6.000095275730115141e-01,3.118137189589901520e-15,-7.206884026515810762e-17,-2.367968834845554133e-07,-1.281183918666911404e-05
4.821951021405092774e+01,2.541100786275911361e+01,1.025521734404898355e+00,1.051694828530183035e+00,6.000094837246063850e-01,1.025508993590044771e+00,1.051681191555980499e+00,5.997174011411143812e-01,1.024850359447897929e+00,1.049735109696901647e+00,5.991360806103747105e-01,1.024886671221654888e+00,1.049773279774640855e+00,6.000115485831595263e-01,2.867505397559197274e-15,6.945415412036423274e-18,-2.325898105523813854e-07,-1.256665629648241508e-05
4.828054756875225451e+01,2.544317369549678176e+01,1.025488649153742493e+00,1.051626970393691796e+00,6.000095364029753853e-01,1.025476140708020845e+00,1.051613569802271497e+00,5.997223994273500614e-01,1.024819120707196829e+00,1.049672304696757985e+00,5.991403689592108561e-01,1.024855148188239529e+00,1.049710274291066225e+00,6.000100822153441316e-01,2.551004790740765400e-15,6.025579415280976766e-17,-2.284334126876358028e-07,-1.232472017202529901e-05
4.834158492345358837e+01,2.547533952823445347e+01,1.025455656579085550e+00,1.051559304694711594e+00,6.000097500097176795e-01,1.025443401959124090e+00,1.051546191490124293e+00,5.997280660242585437e-01,1.024787723445909515e+00,1.049609341176028332e+00,5.991389190097569095e-01,1.024823816479143002e+00,1.049647576851477471e+00,6.000113162253568611e-01,2.178918459975042606e-15,9.062305160138650305e-17,-2.243767632247490606e-07,-1.208914932083811643e-05
4.840262227815491514e+01,2.550750536097212162e+01,1.025422735643652938e+00,1.051491787744383899e+00,6.000096486376040872e-01,1.025410701109077172e+00,1.051478894014763465e+00,5.997326565226285267e-01,1.024757469808989852e+00,1.049547974281533902e+00,5.991632298636782039e-01,1.024792493420720874e+00,1.049584943741421306e+00,6.000108471883964789e-01,1.770726210513354561e-15,1.071893281481036849e-16,-2.203532360445743647e-07,-1.185569211134199857e-05
4.846365963285624900e+01,2.553967119370979333e+01,1.025389889506797436e+00,1.051424426098725329e+00,6.000093114654705406e-01,1.025378131965802186e+00,1.051411877226632097e+00,5.997383362128142492e-01,1.024727378736897343e+00,1.049486880372195508e+00,5.991896333588611068e-01,1.024761266741829324e+00,1.049522491670792590e+00,6.000108017271914562e-01,1.329222538410422269e-15,1.118610217479834800e-16,-2.164419604104121731e-07,-1.162936955836399620e-05
4.852469698755757577e+01,2.557183702644746148e+01,1.025357158667115076e+00,1.051357303829283829e+00,6.000096797425512607e-01,1.025345582282212842e+00,1.051344901910059804e+00,5.997425265538804950e-01,1.024697133228823942e+00,1.049425632026875999e+00,5.992104531950120938e-01,1.024730141977164610e+00,1.049460227887376362e+00,6.000113229505943391e-01,8.603171311866370836e-16,1.124648206857145090e-16,-2.125472699505297065e-07,-1.140410115141766882e-05
4.858573434225890963e+01,2.560400285918513319e+01,1.025324498565276077e+00,1.051290328414171249e+00,6.000097341695812547e-01,1.025313181671483997e+00,1.051278244027842534e+00,5.997482242660326923e-01,1.024666733284769649e+00,1.049364229245575819e+00,5.992256752325855196e-01,1.024699019860047855e+00,1.049398019777509461e+00,6.000100087172335339e-01,3.885538826731492139e-16,1.181337973287473105e-16,-2.087764742344110892e-07,-1.118667639407540764e-05
4.864677169696023640e+01,2.563616869192280134e+01,1.025291909074370622e+00,1.051223499586713350e+00,6.000094780968078245e-01,1.025280799082972649e+00,1.051211624493142871e+00,5.997524104645634013e-01,1.024636178904734241e+00,1.049302672028294303e+00,5.992352853320357386e-01,1.024668091725463359e+00,1.049336122305461139e+00,6.000115131841448068e-01,-8.224159850524818990e-17,1.302534502403433282e-16,-2.050203093224892672e-07,-1.097017453060238458e-05
4.870780905166157027e+01,2.566833452466047305e+01,1.025259416777607235e+00,1.051156872523890895e+00,6.000095336978031879e-01,1.025248549140464149e+00,1.051145287185929700e+00,5.997577423524504958e-01,1.024605470088717718e+00,1.049240960375031895e+00,5.992392693538171056e-01,1.024637100666423661e+00,1.049274192708046449e+00,6.000095974233631280e-01,-5.408501770850983803e-16,1.547995862657817013e-16,-2.013716419348787404e-07,-1.076045162689635589e-05
4.876884640636289703e+01,2.570050035739814120e+01,1.025227014446651319e+00,1.051090432208175329e+00,6.000097419905910945e-01,1.025216333805444080e+00,1.051079023454311923e+00,5.997619574224672956e-01,1.024574606836720303e+00,1.049179094285788594e+00,5.992376131583841969e-01,1.024606340552935535e+00,1.049212622613874046e+00,6.000114215243833593e-01,-9.812898945700112828e-16,1.885988041547048396e-16,-1.977503211991267591e-07,-1.055244656264251101e-05
4.882988376106423090e+01,2.573266619013580936e+01,1.025194681842744426e+00,1.051024136622978444e+00,6.000096408844414198e-01,1.025184232440394139e+00,1.051013002023096998e+00,5.997669022614288137e-01,1.024544542947600334e+00,1.049118358158127373e+00,5.992535895498878329e-01,1.024575544335697419e+00,1.049151055792725273e+00,6.000104866384936564e-01,-1.407706337119129889e-15,2.252141862513408179e-16,-1.942190589229332922e-07,-1.035009871652391721e-05
4.889092111576556476e+01,2.576483202287348107e+01,1.025162422272341445e+00,1.050957992627611581e+00,6.000093134860418065e-01,1.025152183290186647e+00,1.050947091515687992e+00,5.997711506515415181e-01,1.024514957724975694e+00,1.049058319038834508e+00,5.992794321440548799e-01,1.024544886366109075e+00,1.049089724471997886e+00,6.000110515604352157e-01,-1.819472445584097773e-15,2.619465562138489949e-16,-1.907280254850051599e-07,-1.015026822298393990e-05
4.895195847046689153e+01,2.579699785561114922e+01,1.025130274697062527e+00,1.050892081076417739e+00,6.000096737390565593e-01,1.025120229642729086e+00,1.050881383891751675e+00,5.997757154143922298e-01,1.024485222025693254e+00,1.048998129442884064e+00,5.992997858709512293e-01,1.024514283367228273e+00,1.049028517485070200e+00,6.000110906629071428e-01,-2.214157132431258063e-15,2.832330105750744424e-16,-1.873105719818860265e-07,-9.955042054266975319e-06
4.901299582516822539e+01,2.582916368834882093e+01,1.025098195979364135e+00,1.050826312429237408e+00,6.000097256929478595e-01,1.025088345611030238e+00,1.050815824047160785e+00,5.997800013816547704e-01,1.024455335849753679e+00,1.048937789370276263e+00,5.993146369535315987e-01,1.024483727090510055e+00,1.048967423579925562e+00,6.000104068358645959e-01,-2.601312471545076783e-15,2.865788474136704398e-16,-1.839454110561217353e-07,-9.763075669987302771e-06
4.907403317986955216e+01,2.586132952108648908e+01,1.025066185996809764e+00,1.050760686428901414e+00,6.000094726098266218e-01,1.025056538823153840e+00,1.050750428174662243e+00,5.997841928757643437e-01,1.024425299197156525e+00,1.048877298821010884e+00,5.993239716147501506e-01,1.024453315703345746e+00,1.048906573515421936e+00,6.000114130919090849e-01,-2.980973326427678291e-15,2.702597605860187059e-16,-1.806382726050654524e-07,-9.574726257171531639e-06
4.913507053457088602e+01,2.589349535382416079e+01,1.025034270855702534e+00,1.050695257244945724e+00,6.000095310226238876e-01,1.025024818846280272e+00,1.050685216449066095e+00,5.997885204920296864e-01,1.024395112067902014e+00,1.048816657795088370e+00,5.993277760775612695e-01,1.024422860670451518e+00,1.048845715677988233e+00,6.000094908493167623e-01,-3.349820837520723688e-15,2.221800627742843057e-16,-1.773947075836795817e-07,-9.390324876673851700e-06
4.919610788927221279e+01,2.592566118656182894e+01,1.025002443069694458e+00,1.050630009329865500e+00,6.000097341565261422e-01,1.024993158061989096e+00,1.050620130285095932e+00,5.997923453635819468e-01,1.024364774461989924e+00,1.048755866292508054e+00,5.993260365649192289e-01,1.024392639304960273e+00,1.048785219653985967e+00,6.000114574754612518e-01,-3.700738634331858981e-15,1.468714826258269506e-16,-1.741944904714315743e-07,-9.208615484748837335e-06
4.925714524397354666e+01,2.595782701929950065e+01,1.024970683166071428e+00,1.050564902270639145e+00,6.000096333258432280e-01,1.024961601079112272e+00,1.050555264152313706e+00,5.997967185216823705e-01,1.024334906483832963e+00,1.048695758635353803e+00,5.993340115863388107e-01,1.024362356794627393e+00,1.048724692175295070e+00,6.000100735592359680e-01,-4.030333709179390875e-15,5.515594817548892984e-17,-1.710683790940981130e-07,-9.031490961026181346e-06
4.931818259867487342e+01,2.598999285203716880e+01,1.024938994589116747e+00,1.050499943210466247e+00,6.000093154161292297e-01,1.024930085444579309e+00,1.050490485666941698e+00,5.998001832598223171e-01,1.024305819019551755e+00,1.048636752178381260e+00,5.993594103082995339e-01,1.024332252151357148e+00,1.048664451710373147e+00,6.000112273188142886e-01,-4.332634542856385988e-15,-5.065460310226033666e-17,-1.679717870580469414e-07,-8.856192777590892265e-06
4.937921995337620729e+01,2.602215868477484051e+01,1.024907414825612983e+00,1.050435209917941703e+00,6.000096678748265688e-01,1.024898690397947787e+00,1.050425962618499076e+00,5.998046056795603986e-01,1.024276584916054889e+00,1.048577599082193279e+00,5.993794131433469730e-01,1.024302157955454540e+00,1.048604274895679866e+00,6.000108015120426685e-01,-4.567907201758883144e-15,-1.589292456694204999e-16,-1.649591176652260494e-07,-8.686067537779909844e-06
4.944025730807753405e+01,2.605432451751250866e+01,1.024875902105485181e+00,1.050370615719519618e+00,6.000097174395035982e-01,1.024867319061662840e+00,1.050361489794813918e+00,5.998077166204864863e-01,1.024247204173342585e+00,1.048518299346789640e+00,5.993940066657764687e-01,1.024272152239996680e+00,1.048544265533149167e+00,6.000107260831321065e-01,-4.746916111029861207e-15,-2.569787998763785994e-16,-1.619629493883427483e-07,-8.516959417296886321e-06
4.950129466277886081e+01,2.608649035025017682e+01,1.024844456310565644e+00,1.050306160367107333e+00,6.000094672869865642e-01,1.024836084896813215e+00,1.050297307339998820e+00,5.998121918544321307e-01,1.024217676791414844e+00,1.048458852972170563e+00,5.994031774498832510e-01,1.024242244806499169e+00,1.048484436569734779e+00,6.000112517268678669e-01,-4.865597241917046112e-15,-3.415385948395195911e-16,-1.590598372576272817e-07,-8.353566091104435641e-06
4.956233201748019468e+01,2.611865618298784852e+01,1.024813103082920174e+00,1.050241897050048001e+00,6.000095284106383708e-01,1.024804867960039445e+00,1.050233161338847587e+00,5.998152135695987708e-01,1.024188002770271444e+00,1.048399259958335827e+00,5.994069120699625497e-01,1.024212337586313915e+00,1.048424657009389138e+00,6.000099571861048364e-01,-4.888909940686107836e-15,-3.980246345883557254e-16,-1.561682248230524828e-07,-8.190877363108157582e-06
4.962336937218152144e+01,2.615082201572551668e+01,1.024781834695011495e+00,1.050177809726023481e+00,6.000097265370105681e-01,1.024773782675681311e+00,1.050169293840052198e+00,5.998194866244678236e-01,1.024158182109912607e+00,1.048339520305285655e+00,5.994051971003098167e-01,1.024182615379087391e+00,1.048365173113138038e+00,6.000114276709241912e-01,-4.818473119897792628e-15,-4.239005356513885782e-16,-1.533636676797316374e-07,-8.033515367493820826e-06
4.968440672688285531e+01,2.618298784846318839e+01,1.024750632409264561e+00,1.050113859520190429e+00,6.000096259898404227e-01,1.024742725366167173e+00,1.050105485482226930e+00,5.998225701894788209e-01,1.024128515582270582e+00,1.048280038371897982e+00,5.994054909527305464e-01,1.024152833872668200e+00,1.048305658928930129e+00,6.000096108682373419e-01,-4.676893760889582931e-15,-4.275498270085219037e-16,-1.505771406263462856e-07,-7.877252597414342096e-06
4.974544408158418207e+01,2.621515368120085654e+01,1.024719499799023659e+00,1.050050053841311115e+00,6.000093172903606664e-01,1.024711781840796698e+00,1.050041917672825287e+00,5.998264992666240136e-01,1.024099917503672019e+00,1.048222042600687853e+00,5.994305492748525088e-01,1.024123267722130137e+00,1.048246480479287257e+00,6.000113327681536601e-01,-4.461606021033689668e-15,-4.088634427030732807e-16,-1.478639486855488453e-07,-7.725460788303256893e-06
4.980648143628551594e+01,2.624731951393852825e+01,1.024688472935412653e+00,1.049986467497411091e+00,6.000096621685013787e-01,1.024680883112270458e+00,1.049978444508011588e+00,5.998296478552258559e-01,1.024071176504853353e+00,1.048163903909257622e+00,5.994503028692661495e-01,1.024093669790518524e+00,1.048187308097509707e+00,6.000104585767281895e-01,-4.150631760775069879e-15,-3.689748440151406604e-16,-1.451788965017956843e-07,-7.575378385663400625e-06
4.986751879098684270e+01,2.627948534667619640e+01,1.024657511364090112e+00,1.049923016571863377e+00,6.000097094153941102e-01,1.024650080504983629e+00,1.049915174423464714e+00,5.998332387656651887e-01,1.024042292585814806e+00,1.048105622297607509e+00,5.994647386507632181e-01,1.024064199901931760e+00,1.048128354658869998e+00,6.000109703998255384e-01,-3.793777909514697771e-15,-3.254853546505051726e-16,-1.425542242035537822e-07,-7.428963881323535346e-06
4.992855614568817657e+01,2.631165117941386811e+01,1.024626614970978400e+00,1.049859700825260589e+00,6.000094621256577554e-01,1.024619339315091526e+00,1.049852034019226332e+00,5.998364554025302775e-01,1.024013265746556378e+00,1.048047197765737515e+00,5.994738435341354643e-01,1.024034784045419144e+00,1.048069521361705281e+00,6.000110323305977156e-01,-3.395812185590923333e-15,-2.813503689320379458e-16,-1.399671517260397869e-07,-7.284825310471352472e-06
4.998959350038950333e+01,2.634381701215153626e+01,1.024595808946157760e+00,1.049796572493066238e+00,6.000095258521027652e-01,1.024588676787939967e+00,1.049789059708134742e+00,5.998397138230255887e-01,1.023984095987077847e+00,1.047988630313647418e+00,5.994776044341746379e-01,1.024005410002001737e+00,1.048010791679440779e+00,6.000103439051250875e-01,-2.955098883399104651e-15,-2.450285480880134428e-16,-1.374282366952905291e-07,-7.143601730798674796e-06
5.005063085509083720e+01,2.637598284488920797e+01,1.024565085336863746e+00,1.049733615071407611e+00,6.000097191067808033e-01,1.024558092098414752e+00,1.049726249649931775e+00,5.998430013888427226e-01,1.023954783307379435e+00,1.047929919941337440e+00,5.994760082656725997e-01,1.023976174736099587e+00,1.047952294776469673e+00,6.000113355168369411e-01,-2.489313228900511333e-15,-2.212288513694892862e-16,-1.349357607984368813e-07,-7.005179190661880411e-06
5.011166820979216396e+01,2.640814867762687612e+01,1.024534426111221252e+00,1.049670791161348316e+00,6.000096188420869225e-01,1.024527568816514966e+00,1.049663569174043243e+00,5.998459328653584777e-01,1.023925327707461141e+00,1.047871066648807581e+00,5.994690419434209883e-01,1.023946896122866823e+00,1.047893787605004068e+00,6.000094565817323256e-01,-2.007519293659655565e-15,-2.063908357619539539e-16,-1.324799216421655191e-07,-6.868966445373269572e-06
5.017270556449349073e+01,2.644031451036454428e+01,1.024503834963370386e+00,1.049608108419929131e+00,6.000093190778926777e-01,1.024497139593334438e+00,1.049601087065240579e+00,5.998492941017579128e-01,1.023897205896233675e+00,1.047814053706102255e+00,5.994937376229053649e-01,1.023917839978124134e+00,1.047835624432873258e+00,6.000113714805480614e-01,-1.511248699313215419e-15,-2.004667685063288255e-16,-1.300787680060299367e-07,-6.736040559981246828e-06
5.023374291919482459e+01,2.647248034310221598e+01,1.024473346605291324e+00,1.049545638813979442e+00,6.000096565792896186e-01,1.024466754724973949e+00,1.049538698499454803e+00,5.998519040528970114e-01,1.023868949297376929e+00,1.047756907531120385e+00,5.995133313778640005e-01,1.023888726179108977e+00,1.047777431593249542e+00,6.000100647742018234e-01,-9.950085434142336190e-16,-1.976864965261693595e-16,-1.277034021588467533e-07,-6.604664643376555501e-06
5.029478027389615846e+01,2.650464617583988414e+01,1.024442921848926602e+00,1.049483301079058961e+00,6.000097015776287845e-01,1.024436479938512168e+00,1.049476541961324561e+00,5.998553415672538414e-01,1.023840553382297847e+00,1.047699622039916179e+00,5.995276969853797766e-01,1.023859777903709523e+00,1.047719506457696292e+00,6.000111435255185421e-01,-4.651968497581180109e-16,-1.884084311220475502e-16,-1.253904021140823039e-07,-6.477024162783608995e-06
5.035581762859749233e+01,2.653681200857755584e+01,1.024412560584115894e+00,1.049421094984072100e+00,6.000094570882047451e-01,1.024406232655247662e+00,1.049414443393691831e+00,5.998576352875327755e-01,1.023812018150996428e+00,1.047642197232489858e+00,5.995368216902124958e-01,1.023830841647794365e+00,1.047661644227844802e+00,6.000107579761611021e-01,7.835789372653420070e-17,-1.699253204849496893e-16,-1.230929837316222667e-07,-6.350316954917658857e-06
5.041685498329881909e+01,2.656897784131522400e+01,1.024382287560813953e+00,1.049359071836015511e+00,6.000095233204972844e-01,1.024376111280417057e+00,1.049352610065408919e+00,5.998611515576046660e-01,1.023783343603472451e+00,1.047584633108840757e+00,5.995406927371211836e-01,1.023801986661545982e+00,1.047603937013027675e+00,6.000106549147857793e-01,6.414518897432483124e-16,-1.305174532625414623e-16,-1.208650711805125779e-07,-6.227758466237667926e-06
5.047789233800015296e+01,2.660114367405289570e+01,1.024352094616054476e+00,1.049297214700805503e+00,6.000097118436285015e-01,1.024346006358413774e+00,1.049290811390356737e+00,5.998632689501017801e-01,1.023754529739726360e+00,1.047526929668969764e+00,5.995392973708656426e-01,1.023773226513738477e+00,1.047546402792319808e+00,6.000111842436887111e-01,1.217673240992777438e-15,-6.702019299217837231e-17,-1.186461618449710879e-07,-6.105736752691650850e-06
5.053892969270147972e+01,2.663330950679056386e+01,1.024321964395546125e+00,1.049235487596020588e+00,6.000096118705472437e-01,1.024316031773554680e+00,1.049229287135754474e+00,5.998667315991235149e-01,1.023725576559757933e+00,1.047469086912876213e+00,5.995326228362052312e-01,1.023744464416619593e+00,1.047488912295868602e+00,6.000099088711943196e-01,1.798403822717893536e-15,1.418148668194469653e-17,-1.164973574925006224e-07,-5.987885188536260728e-06
5.059996704740281359e+01,2.666547533952823557e+01,1.024291900706397973e+00,1.049173898410639794e+00,6.000093207877695844e-01,1.024286079045242603e+00,1.049167808875095975e+00,5.998689353199809782e-01,1.023697635164169784e+00,1.047412649820852026e+00,5.995497792041817320e-01,1.023715878956336978e+00,1.047431703509613010e+00,6.000113468454245647e-01,2.379896584835564016e-15,1.133512157330140260e-16,-1.143600070801122556e-07,-5.870712639312773026e-06
5.066100440210414035e+01,2.669764117226590372e+01,1.024261936955280339e+00,1.049112516384014038e+00,6.000096511194941140e-01,1.024256239580683348e+00,1.049106568961631680e+00,5.998720889796906874e-01,1.023669854103881116e+00,1.047356474525223513e+00,5.995692914769401582e-01,1.023687237548910334e+00,1.047374466135338134e+00,6.000096228695166456e-01,2.937970497790830732e-15,2.271983751278114122e-16,-1.122820126235133036e-07,-5.757058842587505332e-06
5.072204175680547422e+01,2.672980700500357543e+01,1.024232035173160860e+00,1.049051262803893714e+00,6.000096939448137379e-01,1.024226438031749842e+00,1.049045408795045597e+00,5.998743812093363381e-01,1.023641937219812448e+00,1.047300163405814999e+00,5.995836634375478758e-01,1.023658797170935664e+00,1.047317542636873267e+00,6.000112490099973606e-01,3.463878182166533630e-15,3.396154208132598018e-16,-1.102233762616902280e-07,-5.644548767513534368e-06
5.078307911150680098e+01,2.676197283774124358e+01,1.024202195253621550e+00,1.048990137447127102e+00,6.000094522021839349e-01,1.024196732873017712e+00,1.048984451363282444e+00,5.998772307560191752e-01,1.023613884511963779e+00,1.047243716462626484e+00,5.995928826505187992e-01,1.023630328923548882e+00,1.047260627677326417e+00,6.000104315777575748e-01,3.951445470601443304e-15,4.468101828147994048e-16,-1.082139526089457534e-07,-5.534946294739467119e-06
5.084411646620812775e+01,2.679413867047891173e+01,1.024172441517874788e+00,1.048929190716697768e+00,6.000095208507821853e-01,1.024167081494105069e+00,1.048923606988286794e+00,5.998796135597603829e-01,1.023585695980335109e+00,1.047187133695657968e+00,5.995969366803665102e-01,1.023601979368659043e+00,1.047203916465077489e+00,6.000108939265692554e-01,4.366447629172932408e-15,5.350080687623855530e-16,-1.062312782964871371e-07,-5.426918949025170112e-06
5.090515382090946161e+01,2.682630450321658344e+01,1.024142765606947281e+00,1.048868405277906479e+00,6.000097047775689862e-01,1.024137509830419956e+00,1.048862930191874154e+00,5.998821637607526513e-01,1.023557371624926438e+00,1.047130415104909451e+00,5.995958130916045903e-01,1.023573682893771597e+00,1.047147321405707876e+00,6.000109769163940454e-01,4.697228422789216026e-15,5.953568115478338008e-16,-1.042882532385539174e-07,-5.321226338038357478e-06
5.096619117561078838e+01,2.685847033595425160e+01,1.024113150817347995e+00,1.048807746508267025e+00,6.000096051019651044e-01,1.024108007617235527e+00,1.048802399323792933e+00,5.998846390928395111e-01,1.023528911445737766e+00,1.047073560690380933e+00,5.995894994487467322e-01,1.023545423776242247e+00,1.047090821318654719e+00,6.000102847453683275e-01,4.957136299042035518e-15,6.322244842548989125e-16,-1.023788790862869991e-07,-5.217508673813731883e-06
5.102722853031212225e+01,2.689063616869192330e+01,1.024083601061750448e+00,1.048747222513253918e+00,6.000093224501815703e-01,1.024078568641580755e+00,1.048742001329442619e+00,5.998868946093386390e-01,1.023501154889507880e+00,1.047017696487265948e+00,5.995994006365887863e-01,1.023517297700127449e+00,1.047034543669777218e+00,6.000112620798926377e-01,5.138285220199978006e-15,6.429680632623386395e-16,-1.005001454638226719e-07,-5.115589279618610563e-06
5.108826588501344901e+01,2.692280200142959146e+01,1.024054148492857141e+00,1.048686899913167769e+00,6.000096458030479418e-01,1.024049214595000201e+00,1.048681781701369387e+00,5.998894643169213614e-01,1.023473840399804935e+00,1.046962470722836658e+00,5.996188998438019002e-01,1.023489128635866496e+00,1.046978253555115757e+00,6.000094245782151559e-01,5.201704001132607999e-15,6.203853946651822377e-16,-9.866149700512099123e-08,-5.016014705963126650e-06
5.114930323971478288e+01,2.695496783416726316e+01,1.024024756315604412e+00,1.048626702452551074e+00,6.000096865179564976e-01,1.024019907504190030e+00,1.048621660688828561e+00,5.998914297067446944e-01,1.023446393470630156e+00,1.046907112518935534e+00,5.996333447534635264e-01,1.023461171598446517e+00,1.046922290851612702e+00,6.000112902239622681e-01,5.198137049774118588e-15,5.848182207011543934e-16,-9.684501091839505073e-08,-4.917736541755378729e-06
5.121034059441610964e+01,2.698713366690493132e+01,1.023995424427164735e+00,1.048566629915866244e+00,6.000094474592471139e-01,1.023990700630352579e+00,1.048561750051582697e+00,5.998940955336508063e-01,1.023418814101983321e+00,1.046851621875562355e+00,5.996427232399411666e-01,1.023433160136614228e+00,1.046866300134951189e+00,6.000100558997549793e-01,5.130878579275924811e-15,5.395168280905367553e-16,-9.507459848837383297e-08,-4.822144692908860297e-06
5.127137794911744351e+01,2.701929949964260302e+01,1.023966176731040845e+00,1.048506731825728622e+00,6.000095184273327442e-01,1.023961524625094155e+00,1.048501904213603231e+00,5.998957752539068045e-01,1.023391102293864652e+00,1.046795998792717342e+00,5.996470231776023230e-01,1.023405302859678789e+00,1.046810559365715321e+00,6.000110644660776593e-01,4.985292002113800751e-15,4.909959055365453606e-16,-9.331837754966164274e-08,-4.727380276131530524e-06
5.133241530381877027e+01,2.705146533238027118e+01,1.023937004685730123e+00,1.048446990474838136e+00,6.000096978790639968e-01,1.023932463935493198e+00,1.048442300335682642e+00,5.998985388443531797e-01,1.023363258046274149e+00,1.046740243270400494e+00,5.996462324408144973e-01,1.023377458975674337e+00,1.046754880705091484e+00,6.000107164436531137e-01,4.782440887498132670e-15,4.502334594456201985e-16,-9.161379373184383083e-08,-4.635616787656991940e-06
5.139345265852010414e+01,2.708363116511794288e+01,1.023907892212994719e+00,1.048387372546690566e+00,6.000095984990956310e-01,1.023903418948179711e+00,1.048382729404268687e+00,5.998999550914764223e-01,1.023335281359211590e+00,1.046684355308611591e+00,5.996403389039449694e-01,1.023349689769734505e+00,1.046699345658651303e+00,6.000105878859901543e-01,4.538872415459312578e-15,4.179246727040949727e-16,-8.991623274471575172e-08,-4.544261376662059081e-06
5.145449001322143090e+01,2.711579699785561104e+01,1.023878843324091736e+00,1.048327886348685123e+00,6.000093240318297161e-01,1.023874502732012637e+00,1.048323428545517411e+00,5.999028001562135559e-01,1.023307713595343449e+00,1.046629060713229364e+00,5.996432582113110366e-01,1.023322012134772363e+00,1.046643976645908136e+00,6.000111202384345033e-01,4.254998101766099689e-15,3.963275991670916767e-16,-8.827483249884225407e-08,-4.456159283575761752e-06
5.151552736792275766e+01,2.714796283059327919e+01,1.023849888966844146e+00,1.048268595985589524e+00,6.000096405895924967e-01,1.023845602755585560e+00,1.048264161731692123e+00,5.999043205605452123e-01,1.023280856645563786e+00,1.046574763452436274e+00,5.996628038366155211e-01,1.023294330629325621e+00,1.046588646208697515e+00,6.000098635262344215e-01,3.915582779047735934e-15,3.878995030131436581e-16,-8.664033007596248999e-08,-4.368455496122182918e-06
5.157656472262409153e+01,2.718012866333095090e+01,1.023820993477022823e+00,1.048209427567535768e+00,6.000096792567126691e-01,1.023816815251026302e+00,1.048205130703439236e+00,5.999068851883214704e-01,1.023253870535871801e+00,1.046520337031731085e+00,5.996773793724549106e-01,1.023266817927710903e+00,1.046533584459241384e+00,6.000112703690461124e-01,3.540367325025748881e-15,3.815759600309652238e-16,-8.505360003340071274e-08,-4.283510261357806623e-06
5.163760207732542540e+01,2.721229449606861905e+01,1.023792156755242599e+00,1.048150380886279098e+00,6.000094428259419299e-01,1.023788059309412635e+00,1.048146165815550201e+00,5.999085111618936983e-01,1.023226755266267052e+00,1.046465781451113131e+00,5.996869729934599658e-01,1.023239252383046471e+00,1.046478495696848032e+00,6.000096335651449175e-01,3.128533720865316217e-15,3.745803270391711791e-16,-8.347992590763351877e-08,-4.199316533601784207e-06
5.169863943202675927e+01,2.724446032880629076e+01,1.023763402297978242e+00,1.048091504606915692e+00,6.000095160286804674e-01,1.023759399733296549e+00,1.048087402862205364e+00,5.999107994774385277e-01,1.023199510836749759e+00,1.046411096710582411e+00,5.996915728742616691e-01,1.023211874682786515e+00,1.046423700678017932e+00,6.000111698833829887e-01,2.662331640649294958e-15,3.574981679038149152e-16,-8.194611307765270927e-08,-4.117417247792419809e-06
5.175967678672808603e+01,2.727662616154395891e+01,1.023734721393879443e+00,1.048032780675949294e+00,6.000096911324627191e-01,1.023730786856033692e+00,1.048028737726087289e+00,5.999125323441968360e-01,1.023172137247319924e+00,1.046356282810139371e+00,5.996911671894910034e-01,1.023184472656543775e+00,1.046368916381636982e+00,6.000104055867190311e-01,2.145779270705444451e-15,3.214514597061416318e-16,-8.043111121304720227e-08,-4.036597327168506795e-06
5.182071414142941990e+01,2.730879199428163062e+01,1.023706098565533518e+00,1.047974177031340215e+00,6.000095920569633590e-01,1.023702254429350145e+00,1.047970241104870137e+00,5.999145483837318160e-01,1.023144634497977545e+00,1.046301339749783788e+00,5.996857441137786182e-01,1.023157180742636285e+00,1.046314321865909447e+00,6.000108217927829779e-01,1.591448261848006829e-15,2.683138025376487034e-16,-7.894851599145272848e-08,-3.957636885925140281e-06
5.188175149613074666e+01,2.734095782701929878e+01,1.023677537916159563e+00,1.047915702168623842e+00,6.000093255475013043e-01,1.023673783651650959e+00,1.047911873563779128e+00,5.999163893827336169e-01,1.023117259034477922e+00,1.046246611184935116e+00,5.996819442492317132e-01,1.023129940949149885e+00,1.046259839705604655e+00,6.000109242219854311e-01,9.981178163267955446e-16,1.953264892604962990e-16,-7.749010231071414512e-08,-3.880059639112077008e-06
5.194278885083208053e+01,2.737312365975697048e+01,1.023649069235494702e+00,1.047857417775740041e+00,6.000096354971693469e-01,1.023645377599584183e+00,1.047853641544673753e+00,5.999181370962174409e-01,1.023090850569617460e+00,1.046193221747035107e+00,5.997015877618784296e-01,1.023102734464089059e+00,1.046205444616997715e+00,6.000102290725112253e-01,3.626475991778055053e-16,9.612595154827321187e-17,-7.605707697229108277e-08,-3.803934616286509224e-06
5.200382620553340729e+01,2.740528949249463864e+01,1.023620657948890011e+00,1.047799252241244483e+00,6.000096721845162850e-01,1.023617047962397608e+00,1.047795569459216036e+00,5.999200873847655435e-01,1.023064316122993977e+00,1.046139706327372076e+00,5.997163436048318363e-01,1.023075655630252934e+00,1.046151262285440309e+00,6.000111924872054692e-01,-2.844033465333552238e-16,-1.253971044548116020e-17,-7.465323714509528766e-08,-3.729473843821500536e-06
5.206486356023474116e+01,2.743745532523231034e+01,1.023592303960251693e+00,1.047741205363870609e+00,6.000094383328763437e-01,1.023588767514364894e+00,1.047737600324922136e+00,5.999215706381176849e-01,1.023037655694607473e+00,1.046086064925946024e+00,5.997262002437017125e-01,1.023048534218017336e+00,1.046097065555444017e+00,6.000093946622384600e-01,-9.367440331499020471e-16,-1.272916082665351063e-16,-7.326818437357069657e-08,-3.656084368820880880e-06
5.212590091493606792e+01,2.746962115796997850e+01,1.023564030369284117e+00,1.047683324973199603e+00,6.000095136904629589e-01,1.023560578064430571e+00,1.047679821572981229e+00,5.999236312947459071e-01,1.023010869284457947e+00,1.046032297542757172e+00,5.997311461440978375e-01,1.023021615083138158e+00,1.046043180767647574e+00,6.000112133627294453e-01,-1.575924204966649929e-15,-2.392292379992918429e-16,-7.191697166449538378e-08,-3.584618626147891918e-06
5.218693826963739468e+01,2.750178699070764665e+01,1.023535828306787687e+00,1.047625592694497065e+00,6.000096845671741841e-01,1.023532422454119795e+00,1.047622113618862594e+00,5.999248538720461932e-01,1.022983956892545176e+00,1.045978404177804855e+00,5.997311697716295464e-01,1.022994644516890705e+00,1.045989269500285701e+00,6.000100469676137305e-01,-2.178280404334193797e-15,-3.350129929071571931e-16,-7.057834311931163017e-08,-3.513868265218972745e-06
5.224797562433872855e+01,2.753395282344531836e+01,1.023507682872887736e+00,1.047567977671063799e+00,6.000095857999842019e-01,1.023504372244018690e+00,1.047564626095521145e+00,5.999270258994489069e-01,1.022956918518869385e+00,1.045924384831089515e+00,5.997262595919066186e-01,1.022967817704843796e+00,1.045935591828220712e+00,6.000109897934694514e-01,-2.741770000081469195e-15,-4.135255109079574116e-16,-6.927787629416544380e-08,-3.445280689931313581e-06
5.230901297904005531e+01,2.756611865618298651e+01,1.023479598256501255e+00,1.047510488573533349e+00,6.000093270223472164e-01,1.023476340709419175e+00,1.047507177629553698e+00,5.999279915049989809e-01,1.022929754163430349e+00,1.045870239502610932e+00,5.997164040705390553e-01,1.022941005483198884e+00,1.045881975425900778e+00,6.000106767864405999e-01,-3.256279976523551655e-15,-4.701491547145392546e-16,-6.798417121335605204e-08,-3.377076331216362748e-06
5.237005033374138918e+01,2.759828448892065822e+01,1.023451603133969545e+00,1.047453184767250356e+00,6.000096305345999914e-01,1.023448428797620213e+00,1.047449979247014884e+00,5.999302758328568519e-01,1.022903769418239905e+00,1.045817716519138019e+00,5.997357786328174623e-01,1.022914261906018751e+00,1.045828492172326429e+00,6.000105246893664424e-01,-3.682539506762121370e-15,-4.910324532476477210e-16,-6.673263250269071568e-08,-3.311254476310064873e-06
5.243108768844271594e+01,2.763045032165832637e+01,1.023423663980849607e+00,1.047395996835946530e+00,6.000096652970903222e-01,1.023420531683805867e+00,1.047392811792801304e+00,5.999312659885964738e-01,1.022877677490541481e+00,1.045765091689871307e+00,5.997507573072482501e-01,1.022887606796750948e+00,1.045775168401881672e+00,6.000110594695251542e-01,-4.050788849082279364e-15,-4.931271279235493919e-16,-6.548620635726572652e-08,-3.245720846323064429e-06
5.249212504314404981e+01,2.766261615439599808e+01,1.023395780704211333e+00,1.047338924585051734e+00,6.000094339661867782e-01,1.023392746031956069e+00,1.047335877277233651e+00,5.999333855809874105e-01,1.022851462661102273e+00,1.045712343958863810e+00,5.997609177126616009e-01,1.022860946110781155e+00,1.045721878533987459e+00,6.000098209258496462e-01,-4.361615679009031403e-15,-4.788419484762749796e-16,-6.427802945975365574e-08,-3.182341891607337900e-06
5.255316239784537657e+01,2.769478198713366623e+01,1.023367976016949843e+00,1.047282015029938895e+00,6.000095113917172096e-01,1.023364986100139928e+00,1.047278996493776315e+00,5.999344933733650187e-01,1.022825124929922502e+00,1.045659473326115751e+00,5.997662485966619439e-01,1.022834446893579496e+00,1.045668845183697071e+00,6.000111979316321564e-01,-4.594654580732060345e-15,-4.500729721602819735e-16,-6.307844447528944349e-08,-3.119445495330555575e-06
5.261419975254671044e+01,2.772694781987133794e+01,1.023340240903416687e+00,1.047225249498273891e+00,6.000096781500587895e-01,1.023337322264073590e+00,1.047222316465399761e+00,5.999363594864903781e-01,1.022798664297001725e+00,1.045606479791626464e+00,5.997667387068534861e-01,1.022807897711977887e+00,1.045615786281951953e+00,6.000096430768303568e-01,-4.766206178834468754e-15,-4.206013646873239576e-16,-6.191096078337085567e-08,-3.058352044396987735e-06
5.267523710724803720e+01,2.775911365260900610e+01,1.023312561019032563e+00,1.047168598291796204e+00,6.000095796888624822e-01,1.023309698586214678e+00,1.047165720303368186e+00,5.999375856711351984e-01,1.022772080762340385e+00,1.045553363355396836e+00,5.997623767908404346e-01,1.022781524222910576e+00,1.045563002555113252e+00,6.000110950531658549e-01,-4.892176584384101949e-15,-3.950932714188002389e-16,-6.075653558234820087e-08,-2.997989839646228559e-06
5.273627446194937107e+01,2.779127948534667780e+01,1.023284940632504858e+00,1.047112070243932491e+00,6.000093284217362655e-01,1.023282155821406025e+00,1.047109293120039197e+00,5.999392017531837151e-01,1.022745374325938261e+00,1.045500124017426424e+00,5.997531515962273296e-01,1.022755129620829262e+00,1.045510231478586238e+00,6.000103805506409316e-01,-4.971489480542095694e-15,-3.772811565065086034e-16,-5.962842137471563802e-08,-2.939100991475164991e-06
5.279731181665069784e+01,2.782344531808434596e+01,1.023257407349551507e+00,1.047055722487491458e+00,6.000096256628747460e-01,1.023254667475473223e+00,1.047052979546934548e+00,5.999405470215034564e-01,1.022719560175158193e+00,1.045448120706704787e+00,5.997658514524958351e-01,1.022728837247028011e+00,1.045457637327889655e+00,6.000107536806195130e-01,-4.986125065142919240e-15,-3.758100533483705774e-16,-5.851753167326364282e-08,-2.881173838258177981e-06
5.285834917135202460e+01,2.785561115082201411e+01,1.023229928658186960e+00,1.046999487721689492e+00,6.000096585575077635e-01,1.023227245041824718e+00,1.046996803578829960e+00,5.999419164504075086e-01,1.022693901663282334e+00,1.045396366445758396e+00,5.997810890890503677e-01,1.022702596031495936e+00,1.045405151914623021e+00,6.000108740644796157e-01,-4.958239249637296763e-15,-3.823682705563464755e-16,-5.742750433865591914e-08,-2.824411492479727469e-06
5.291938652605335847e+01,2.788777698355968582e+01,1.023202504468515794e+00,1.046943365758377098e+00,6.000094296972332542e-01,1.023199891111826521e+00,1.046940770578894009e+00,5.999433814320633829e-01,1.022668123234779625e+00,1.045344492268185155e+00,5.997915876407547975e-01,1.022676384441139286e+00,1.045352746341479788e+00,6.000101766270160564e-01,-4.886256244304839726e-15,-3.949974473411473016e-16,-5.635858114607239088e-08,-2.768824010285922881e-06
5.298042388075468523e+01,2.791994281629735397e+01,1.023175157116269052e+00,1.046887402819318913e+00,6.000095091164813210e-01,1.023172588273686179e+00,1.046884844208448850e+00,5.999445075172915587e-01,1.022642224889650064e+00,1.045292498173984841e+00,5.997973361285183769e-01,1.022650295430624912e+00,1.045300544450106672e+00,6.000111264694172331e-01,-4.745929850739278844e-15,-4.088395037361648527e-16,-5.530539798814806260e-08,-2.714112772836915713e-06
5.304146123545601910e+01,2.795210864903502568e+01,1.023147877450067744e+00,1.046831579956858160e+00,6.000096718720762112e-01,1.023145367849694454e+00,1.046829089782568500e+00,5.999460927825297496e-01,1.022616206627893876e+00,1.045240384163158121e+00,5.997983235732509133e-01,1.022624164293244098e+00,1.045248326462734800e+00,6.000093666723448349e-01,-4.536618116065532066e-15,-4.123582529185243140e-16,-5.427692585716043993e-08,-2.660773202942410118e-06
5.310249859015735296e+01,2.798427448177269383e+01,1.023120651659338076e+00,1.046775868586342861e+00,6.000095737253882122e-01,1.023118183875870946e+00,1.046773411404410270e+00,5.999469787668139098e-01,1.022590068449511058e+00,1.045188150235704772e+00,5.997945389958616591e-01,1.022598226317524395e+00,1.045196405972243836e+00,6.000111405831999312e-01,-4.269569141219342925e-15,-4.031179561056608423e-16,-5.325938293064878071e-08,-2.608040294811276835e-06
5.316353594485868683e+01,2.801644031451036554e+01,1.023093484086967431e+00,1.046720277692333445e+00,6.000093297657808078e-01,1.023091096054043803e+00,1.046717933570022740e+00,5.999486848287929330e-01,1.022563810354501612e+00,1.045135796391624794e+00,5.997859714172604217e-01,1.022572239687976836e+00,1.045144460425855515e+00,6.000100380038606573e-01,-3.937949881026809797e-15,-3.765900880965262191e-16,-5.226989825726129485e-08,-2.556860367420291338e-06
5.322457329956001360e+01,2.804860614724803369e+01,1.023066401308849516e+00,1.046664862261053930e+00,6.000096209050000962e-01,1.023064030217820441e+00,1.046662501590906569e+00,5.999493338898279626e-01,1.022538169753975490e+00,1.045084309393209843e+00,5.997922340542002351e-01,1.022546387204033902e+00,1.045092733395111884e+00,6.000109191906832784e-01,-3.512892642134573687e-15,-3.189405981117426527e-16,-5.128682923472385072e-08,-2.506035536341307233e-06
5.328561065426134746e+01,2.808077197998570540e+01,1.023039371789328689e+00,1.046609557030973470e+00,6.000096519930179229e-01,1.023037074100419774e+00,1.046607298381899698e+00,5.999511612068145761e-01,1.022512935620599750e+00,1.045033406080350558e+00,5.998077610818657313e-01,1.022520550351906365e+00,1.045041066762657511e+00,6.000106388856869533e-01,-3.035803264683017101e-15,-2.435420236341436372e-16,-5.033491860651011418e-08,-2.456930342399628333e-06
5.334664800896267423e+01,2.811293781272337355e+01,1.023012395441413647e+00,1.046554361820092982e+00,6.000094255585469716e-01,1.023010132098189695e+00,1.046552124599845479e+00,5.999517400498428632e-01,1.022487584463951826e+00,1.044982385744219311e+00,5.998186264851259608e-01,1.022494776614397471e+00,1.044989523659375585e+00,6.000104650442559251e-01,-2.510809274758226756e-15,-1.523770576615686336e-16,-4.938696747948177037e-08,-2.408043396049027901e-06
5.340768536366400099e+01,2.814510364546104171e+01,1.022985494232938830e+00,1.046499322076421601e+00,6.000095068999976577e-01,1.022983300374972870e+00,1.046497180687254502e+00,5.999535254364370962e-01,1.022462116284031497e+00,1.044931248384815436e+00,5.998248195497942747e-01,1.022469088395411285e+00,1.044938133867069796e+00,6.000110017152394670e-01,-1.932819975091851930e-15,-4.658598035500793522e-17,-4.846949226676314039e-08,-2.360833644991154314e-06
5.346872271836533486e+01,2.817726947819871341e+01,1.022958658886955252e+00,1.046444418598062365e+00,6.000096657609884643e-01,1.022956489013291836e+00,1.046442279204575332e+00,5.999542301270620603e-01,1.022436531080838984e+00,1.044879994002139600e+00,5.998263295616844681e-01,1.022443393085137986e+00,1.044886773732004670e+00,6.000097808642589348e-01,-1.330936165582878662e-15,5.898322088521034092e-17,-4.755749254051775497e-08,-2.313924379409463363e-06
5.352976007306666162e+01,2.820943531093638157e+01,1.022931876106583537e+00,1.046389623871183616e+00,6.000095679307995145e-01,1.022929773274480425e+00,1.046387576983383916e+00,5.999557809250506413e-01,1.022410828854374287e+00,1.044828622596191359e+00,5.998231458066096700e-01,1.022417852365876234e+00,1.044835658725613570e+00,6.000111292493923720e-01,-7.209301341123755213e-16,1.583962513947856863e-16,-4.667120706941845082e-08,-2.268426268843856738e-06
5.359079742776799549e+01,2.824160114367405328e+01,1.022905150303582200e+00,1.046334947020456596e+00,6.000093310741206887e-01,1.022903091669490561e+00,1.046332945870859010e+00,5.999566117871556470e-01,1.022385009604637407e+00,1.044777134166971155e+00,5.998152575703838973e-01,1.022392264355519664e+00,1.044784519525707500e+00,6.000096515128422459e-01,-1.106987757128558608e-16,2.464514780112693034e-16,-4.579385308569015670e-08,-2.223416931143172574e-06
5.365183478246932225e+01,2.827376697641172143e+01,1.022878507063043729e+00,1.046280440967673586e+00,6.000096162643900888e-01,1.022876491206363925e+00,1.046278483795653580e+00,5.999579309711755570e-01,1.022359545166062311e+00,1.044726159904623808e+00,5.998153115303662686e-01,1.022366840822717338e+00,1.044733638350614058e+00,6.000110242131102556e-01,4.745678896957087620e-16,3.070003685907520985e-16,-4.493773075699388271e-08,-2.179569489152122909e-06
5.371287213717065612e+01,2.830593280914939314e+01,1.022851915791123334e+00,1.046226042417675028e+00,6.000096455940229223e-01,1.022849938480350218e+00,1.046224121140173935e+00,5.999588882806793366e-01,1.022334726460783161e+00,1.044676088331396135e+00,5.998311533033612308e-01,1.022341399092824510e+00,1.044682771526056042e+00,6.000103564191909822e-01,1.034438928869401886e-15,3.486132312931265511e-16,-4.409376189427029808e-08,-2.136385292974555031e-06
5.377390949187198288e+01,2.833809864188706129e+01,1.022825376403625031e+00,1.046171751194370225e+00,6.000094215310540768e-01,1.022823452588701887e+00,1.046169897677323934e+00,5.999599787679162910e-01,1.022309793536900324e+00,1.044625902539564999e+00,5.998424092178141764e-01,1.022316052337260306e+00,1.044632069779928729e+00,6.000106892998573471e-01,1.566941448601019982e-15,3.721300461486137089e-16,-4.326680849673799646e-08,-2.094129674379539218e-06
5.383494684657331675e+01,2.837026447462473300e+01,1.022798910509506110e+00,1.046117611991266072e+00,6.000095047166348339e-01,1.022797027870097297e+00,1.046115801581786187e+00,5.999610627546777541e-01,1.022284746394414023e+00,1.044575602529130176e+00,5.998490688163230500e-01,1.022290755779349469e+00,1.044581473321870124e+00,6.000108262756153055e-01,2.055887231043287155e-15,3.742129619712086672e-16,-4.245500771736503184e-08,-2.052698690416760503e-06
5.389598420127464351e+01,2.840243030736240115e+01,1.022772508715901862e+00,1.046063605372197003e+00,6.000096597808326493e-01,1.022770655850236965e+00,1.046061815209372359e+00,5.999619274063041630e-01,1.022259585033324258e+00,1.044525188300091889e+00,5.998511216414856850e-01,1.022265485492620751e+00,1.044530950076678844e+00,6.000101271720000851e-01,2.507350172323016272e-15,3.674548166017943999e-16,-4.165626046457864178e-08,-2.011978104484402206e-06
5.395702155597597738e+01,2.843459614010007286e+01,1.022746158220201984e+00,1.046009704853251954e+00,6.000095622646348659e-01,1.022744358273625087e+00,1.046007983792571983e+00,5.999631382559523773e-01,1.022234309453630807e+00,1.044474659852449916e+00,5.998485572359000262e-01,1.022240333008647584e+00,1.044480621995058867e+00,6.000110637798392599e-01,2.930276680096191890e-15,3.588526692225097516e-16,-4.087545290436899017e-08,-1.972231154868346496e-06
5.401805891067730414e+01,2.846676197283774101e+01,1.022719863498030124e+00,1.045955919688803526e+00,6.000093323118981248e-01,1.022718099430380834e+00,1.045954233000313760e+00,5.999637798785595333e-01,1.022208919655333892e+00,1.044424017186204701e+00,5.998413651421637960e-01,1.022215138883585617e+00,1.044430276328983886e+00,6.000093404612057979e-01,3.323340290603047902e-15,3.524135140733840615e-16,-4.010397949773368864e-08,-1.932990795365976386e-06
5.407909626537863090e+01,2.849892780557540917e+01,1.022693649181057429e+00,1.045902300814805175e+00,6.000096117042885702e-01,1.022691928136497008e+00,1.045900664396837376e+00,5.999651177343070518e-01,1.022183633666374769e+00,1.044373551885894313e+00,5.998354302798888371e-01,1.022190129385825097e+00,1.044380214652316230e+00,6.000110715986233245e-01,3.675566171095737842e-15,3.600684975910786023e-16,-3.935303109703312489e-08,-1.894861351817513788e-06
5.414013362007996477e+01,2.853109363831308087e+01,1.022667485584110469e+00,1.045848786832613397e+00,6.000096393277014606e-01,1.022665781779214411e+00,1.045847147686019385e+00,5.999655390812556055e-01,1.022159221543635255e+00,1.044324293262620218e+00,5.998516076446859246e-01,1.022165073815324732e+00,1.044330129243169036e+00,6.000100290303064243e-01,3.999947215711914183e-15,3.787687665230860587e-16,-3.860792881433666243e-08,-1.857048329408214025e-06
5.420117097478129153e+01,2.856325947105074903e+01,1.022641372625676670e+00,1.045795377571807627e+00,6.000094175914137962e-01,1.022639735914943504e+00,1.045793840046135070e+00,5.999670040456028808e-01,1.022134697921270208e+00,1.044274923139720368e+00,5.998632732529508571e-01,1.022140143527427769e+00,1.044280248424864554e+00,6.000108523681577655e-01,4.294633092138382185e-15,4.079740105607826484e-16,-3.788574498951714739e-08,-1.820472415034318143e-06
5.426220832948262540e+01,2.859542530378842073e+01,1.022615331564565411e+00,1.045742116990010517e+00,6.000095025561891227e-01,1.022613703515119710e+00,1.045740560417272480e+00,5.999672637970057121e-01,1.022110062799279406e+00,1.044225441517194763e+00,5.998704168962203376e-01,1.022115229774218204e+00,1.044230427108635118e+00,6.000106026315021879e-01,4.539637325643314719e-15,4.488230391652908036e-16,-3.716661845675662914e-08,-1.784061459871170687e-06
5.432324568418395216e+01,2.862759113652608889e+01,1.022589352901067228e+00,1.045688985435608176e+00,6.000096539290526998e-01,1.022587780075855601e+00,1.045687507419081230e+00,5.999687999547556050e-01,1.022085316177662850e+00,1.044175848395043626e+00,5.998730283660310691e-01,1.022090374061325413e+00,1.044180720468197654e+00,6.000104086944509918e-01,4.728284436526144880e-15,4.904144211784497323e-16,-3.647166415281880183e-08,-1.748951786465566916e-06
5.438428303888528603e+01,2.865975696926376060e+01,1.022563424308230218e+00,1.045635957415477657e+00,6.000095567350228754e-01,1.022561872094963409e+00,1.045634486565415466e+00,5.999691908059260337e-01,1.022060458056420762e+00,1.044126143773266735e+00,5.998710974539196439e-01,1.022065601061366014e+00,1.044131161316512069e+00,6.000109467722276602e-01,4.864971288428961825e-15,5.272545809624109968e-16,-3.578004555380347297e-08,-1.714021207738455370e-06
5.444532039358661279e+01,2.869192280200142875e+01,1.022537550320780086e+00,1.045583042303821708e+00,6.000093335039449194e-01,1.022536059096776917e+00,1.045581663221169411e+00,5.999705081386753625e-01,1.022035488435552919e+00,1.044076327651864311e+00,5.998646139514229869e-01,1.022040819626598873e+00,1.044081627961827241e+00,6.000097431537119164e-01,4.939534666460303777e-15,5.545817525152523405e-16,-3.510892292199783325e-08,-1.680191061676425368e-06
5.450635774828794666e+01,2.872408863473910046e+01,1.022511754652648097e+00,1.045530289125825130e+00,6.000096072517789869e-01,1.022510274695614729e+00,1.045528899328082906e+00,5.999710300889898873e-01,1.022010407315059322e+00,1.044026400030835910e+00,5.998535676500775793e-01,1.022016186325769072e+00,1.044032329064168207e+00,6.000110640626673542e-01,4.910234748875811728e-15,5.556010025087835842e-16,-3.444380234486083235e-08,-1.646682313728945065e-06
5.456739510298928053e+01,2.875625446747676861e+01,1.022486008495596455e+00,1.045477638312484192e+00,6.000096332240751895e-01,1.022484571465889225e+00,1.045476304184583594e+00,5.999721311890251485e-01,1.021986368613618579e+00,1.043977903319480705e+00,5.998694315096432250e-01,1.021991508219793454e+00,1.043983007236401139e+00,6.000096589700502081e-01,4.811657395127361051e-15,5.365763240311522013e-16,-3.379571834463984885e-08,-1.614085840660897054e-06
5.462843245769061440e+01,2.878842030021444032e+01,1.022460311770683195e+00,1.045425089698815313e+00,6.000094137730332955e-01,1.022458909811383210e+00,1.045423795452770088e+00,5.999727842025669444e-01,1.021962245484356879e+00,1.043929330416269341e+00,5.998815220307049945e-01,1.021966984227418163e+00,1.043933927572540998e+00,6.000109570833321859e-01,4.644269131076228920e-15,4.975836917768616777e-16,-3.315612121614706335e-08,-1.581942627358175071e-06
5.468946981239194116e+01,2.882058613295210847e+01,1.022434685394963960e+00,1.045372686524515426e+00,6.000095004525538567e-01,1.022433315681997801e+00,1.045371427068009451e+00,5.999736716150129157e-01,1.021938013491670016e+00,1.043880648649632592e+00,5.998891632982684685e-01,1.021942444686454010e+00,1.043884863756515458e+00,6.000103331449556654e-01,4.382257426022200447e-15,4.319649505122915655e-16,-3.253030818903163448e-08,-1.550535583842816448e-06
5.475050716709326792e+01,2.885275196568977663e+01,1.022409119770500974e+00,1.045320408940353607e+00,6.000096482308701074e-01,1.022407775947191011e+00,1.045319171713362305e+00,5.999744556220344416e-01,1.021913672635558212e+00,1.043831858019570902e+00,5.998923453452302823e-01,1.021917993437184258e+00,1.043835954085893913e+00,6.000106283854328426e-01,4.050614834013624575e-15,3.518144528264467930e-16,-3.191529411121265259e-08,-1.519703774836790163e-06
5.481154452179460179e+01,2.888491779842744833e+01,1.022383603028232724e+00,1.045268232406613818e+00,6.000095513593025620e-01,1.022382290254511217e+00,1.045267028656446051e+00,5.999751318459689564e-01,1.021889222916021023e+00,1.043782958526084048e+00,5.998910582044871820e-01,1.021893591429890780e+00,1.043787146412554323e+00,6.000107807007166727e-01,3.671105774902506042e-15,2.655627345375787311e-16,-3.131100901054439005e-08,-1.489443473089248183e-06
5.487258187649592855e+01,2.891708363116511649e+01,1.022358139757484796e+00,1.045216166407995084e+00,6.000093346641449665e-01,1.022356871618551155e+00,1.045215024909943446e+00,5.999760467443581158e-01,1.021864664333058892e+00,1.043733950169172031e+00,5.998852919089361357e-01,1.021869212636712376e+00,1.043738405871575292e+00,6.000100804912494867e-01,3.245957626762389836e-15,1.772423180858325368e-16,-3.071967063246152260e-08,-1.459871023071871395e-06
5.493361923119726242e+01,2.894924946390278819e+01,1.022332752788619903e+00,1.045164258130753865e+00,6.000096029047822244e-01,1.022331493703421135e+00,1.045163105761014011e+00,5.999765142339903434e-01,1.021839996886671598e+00,1.043684832948835073e+00,5.998750364914737787e-01,1.021844947141285820e+00,1.043689852489034786e+00,6.000110041925146298e-01,2.779989321005702755e-15,1.012250823096790906e-16,-3.013619427475042436e-08,-1.430716277556900853e-06
5.499465658589858919e+01,2.898141529664045635e+01,1.022307414159983274e+00,1.045112449771519403e+00,6.000096272683914655e-01,1.022306195351544655e+00,1.045111351868605931e+00,5.999775598906200713e-01,1.021816115905557432e+00,1.043636803369218935e+00,5.998849011321466529e-01,1.021820640518313228e+00,1.043641280219780310e+00,6.000093158944923566e-01,2.300140139492169130e-15,3.878416374831033470e-17,-2.956765619848624630e-08,-1.402353148426082552e-06
5.505569394059992305e+01,2.901358112937812805e+01,1.022282123795111186e+00,1.045060741170539043e+00,6.000094100520866336e-01,1.022280924559275883e+00,1.045059655218765871e+00,5.999778210563506686e-01,1.021792384596275749e+00,1.043589009664694478e+00,5.998974282842017836e-01,1.021796510522384072e+00,1.043592979293131551e+00,6.000110061467208711e-01,1.809760558919884888e-15,-9.167937490810899575e-18,-2.900429253582357613e-08,-1.374264224236434790e-06
5.511673129530124982e+01,2.904574696211579621e+01,1.022256902277490553e+00,1.045009174867022717e+00,6.000094983761867784e-01,1.022255745682793426e+00,1.045008149441258638e+00,5.999789973084296291e-01,1.021768546979822334e+00,1.043541109652998289e+00,5.999055772880034221e-01,1.021772336855416574e+00,1.043544655865840998e+00,6.000100200653927240e-01,1.313867860445408596e-15,-3.498161268002677574e-17,-2.845771025578410368e-08,-1.347062310063657764e-06
5.517776865000258368e+01,2.907791279485346791e+01,1.022231739919139848e+00,1.044957730831015397e+00,6.000096426483296774e-01,1.022230581363153590e+00,1.044956673892492693e+00,5.999790545179257695e-01,1.021744603056196965e+00,1.043493103334130145e+00,5.999093384104884352e-01,1.021748280285387445e+00,1.043496524154442495e+00,6.000107890612572659e-01,8.176035183235533027e-16,-4.678284538232263795e-17,-2.791378566880282085e-08,-1.320000873014686021e-06
5.523880600470391045e+01,2.911007862759113607e+01,1.022206625291874005e+00,1.044906385440434793e+00,6.000095460967701522e-01,1.022205521159432084e+00,1.044905414505434615e+00,5.999803611743081966e-01,1.021720552825399864e+00,1.043444990708090270e+00,5.999087019185943559e-01,1.021724241029805080e+00,1.043448451030811519e+00,6.000105679224133626e-01,3.208719366010757637e-16,-5.168722701612186807e-17,-2.738834454345037724e-08,-1.293913927707214517e-06
5.529984335940524431e+01,2.914224446032880778e+01,1.022181563035368557e+00,1.044855148281659929e+00,6.000093357583932141e-01,1.022180473646391086e+00,1.044854181461619680e+00,5.999805073106685427e-01,1.021696396287431030e+00,1.043396771774878662e+00,5.999036580792581619e-01,1.021700255152853121e+00,1.043400484424759744e+00,6.000103554059501576e-01,-1.765124724341121000e-16,-5.271617334483151888e-17,-2.686510240450212130e-08,-1.267942665713157738e-06
5.536088071410657108e+01,2.917441029306647593e+01,1.022156575129179457e+00,1.044804064770803897e+00,6.000095986295566064e-01,1.022155520339076418e+00,1.044803143964097680e+00,5.999816535959680008e-01,1.021672133442290242e+00,1.043348446534495322e+00,5.998941971594169420e-01,1.021676349317942156e+00,1.043352659809302141e+00,6.000108944539526146e-01,-6.770309978854140649e-16,-6.163560700500434262e-17,-2.635812140947056537e-08,-1.242826563682807756e-06
5.542191806880789784e+01,2.920657612580414408e+01,1.022131634429054969e+00,1.044753078808711377e+00,6.000096214324881494e-01,1.022130590548559814e+00,1.044752155271426064e+00,5.999819335895054673e-01,1.021648412234748449e+00,1.043300880727099145e+00,5.998982645970017957e-01,1.021652433857592301e+00,1.043304857477842962e+00,6.000097076228814164e-01,-1.179007019401604775e-15,-8.128108388539935955e-17,-2.585508715629961835e-08,-1.217917496606694296e-06
5.548295542350923171e+01,2.923874195854181579e+01,1.022106740860910801e+00,1.044702190240651252e+00,6.000094064108580927e-01,1.022105741789789413e+00,1.044701334745450128e+00,5.999828766145089975e-01,1.021625064217827950e+00,1.043253848628677094e+00,5.999112370141392869e-01,1.021628660461713300e+00,1.043257279591405684e+00,6.000110021337303756e-01,-1.681220455078079923e-15,-1.126797908302338762e-16,-2.536565217726196163e-08,-1.193721809122474739e-06
5.554399277821055847e+01,2.927090779127948394e+01,1.022081914682584358e+00,1.044651440922216290e+00,6.000094963227255995e-01,1.022080928932809885e+00,1.044650588712431549e+00,5.999832901983429556e-01,1.021601612372787571e+00,1.043206712702135164e+00,5.999199008159082913e-01,1.021604844575410675e+00,1.043209679951817570e+00,6.000096655354867359e-01,-2.178286104597067257e-15,-1.628281005065418579e-16,-2.488207510648843766e-08,-1.169832644871306631e-06
5.560503013291189234e+01,2.930307362401715565e+01,1.022057146123733773e+00,1.044600810658640855e+00,6.000096371850893728e-01,1.022056184090046171e+00,1.044599983802737553e+00,5.999840322065989051e-01,1.021578056699626869e+00,1.043159472947472910e+00,5.999242464962176724e-01,1.021581173213057747e+00,1.043162307788777943e+00,6.000108934078360878e-01,-2.658425075811340472e-15,-2.245791256858638260e-16,-2.440959556113962558e-08,-1.146524174140534809e-06
5.566606748761321910e+01,2.933523945675482381e+01,1.022032424180735255e+00,1.044550276711219583e+00,6.000095409613184216e-01,1.022031487383603165e+00,1.044549478752238914e+00,5.999845790895100839e-01,1.021554397198346065e+00,1.043112129364690777e+00,5.999242645489772929e-01,1.021557488709508021e+00,1.043114952789775840e+00,6.000103106834679956e-01,-3.116837547695655674e-15,-2.912496970299775474e-16,-2.394475163933967818e-08,-1.123614258479855575e-06
5.572710484231455297e+01,2.936740528949249551e+01,1.022007753539567521e+00,1.044499848759642635e+00,6.000093368155722251e-01,1.022006845828695276e+00,1.044499088114055896e+00,5.999851222865058009e-01,1.021530633868945159e+00,1.043064681953788320e+00,5.999199454680960164e-01,1.021533886333871433e+00,1.043067741834419415e+00,6.000105706950715767e-01,-3.544501235696759505e-15,-3.595310562601268084e-16,-2.348865612941041726e-08,-1.101160981872163733e-06
5.578814219701587973e+01,2.939957112223016367e+01,1.021983155360271178e+00,1.044449570515636472e+00,6.000095944563611505e-01,1.021982264495752135e+00,1.044448822383185593e+00,5.999858021540688258e-01,1.021506766711423930e+00,1.043017130714765539e+00,5.999112797474833725e-01,1.021510332252278275e+00,1.043020629734788374e+00,6.000107371975804682e-01,-3.904386974309387064e-15,-4.151370003957740058e-16,-2.304184709669950769e-08,-1.079191236874959783e-06
5.584917955171721360e+01,2.943173695496783537e+01,1.021958603288040557e+00,1.044399387525417389e+00,6.000096157481302761e-01,1.021957725604919931e+00,1.044398644682156707e+00,5.999861487081693534e-01,1.021483207073151211e+00,1.042970025170544268e+00,5.999097445875717360e-01,1.021486798595910184e+00,1.042973579182457478e+00,6.000100363872865605e-01,-4.209067948739224311e-15,-4.553740626728817272e-16,-2.260158281382436403e-08,-1.057562266248264685e-06
5.591021690641854747e+01,2.946390278770550353e+01,1.021934097251072648e+00,1.044349299639075079e+00,6.000094028825897485e-01,1.021933258874379025e+00,1.044348616622148285e+00,5.999869612238081240e-01,1.021460233974713194e+00,1.042923737512559068e+00,5.999231681943507644e-01,1.021463373984208278e+00,1.042926708256699087e+00,6.000109475003297943e-01,-4.455330676978649753e-15,-4.785091529785472964e-16,-2.217213531537678142e-08,-1.036495130978929596e-06
5.597125426111988133e+01,2.949606862044317523e+01,1.021909657189178589e+00,1.044299348044869680e+00,6.000094943238573064e-01,1.021908822028195329e+00,1.044298650534252193e+00,5.999871132670934193e-01,1.021437159452665222e+00,1.042877348430963913e+00,5.999323511806466946e-01,1.021439908780693795e+00,1.042879817307934331e+00,6.000092928497130496e-01,-4.608628517246716463e-15,-4.726969543504652678e-16,-2.174716746413905518e-08,-1.015660673378993705e-06
5.603229161582120810e+01,2.952823445318084339e+01,1.021885273256969873e+00,1.044249512398321977e+00,6.000096318630981918e-01,1.021884469134872298e+00,1.044248858510348876e+00,5.999880580731077329e-01,1.021413983507007517e+00,1.042830857925759025e+00,5.999372842605162903e-01,1.021416612695453807e+00,1.042833185846093969e+00,6.000109439873826389e-01,-4.680925958794256138e-15,-4.439635372693281710e-16,-2.133443220887058211e-08,-9.954600467318112171e-07
5.609332897052253486e+01,2.956040028591851154e+01,1.021860934859798453e+00,1.044199770811351069e+00,6.000095359659093353e-01,1.021860133718245800e+00,1.044199102721822925e+00,5.999880177022715033e-01,1.021390706137740079e+00,1.042784265996944404e+00,5.999379581480163148e-01,1.021393275176808446e+00,1.042786533031657026e+00,6.000100111248158896e-01,-4.690298664975474269e-15,-4.001969503800815477e-16,-2.092424344658017889e-08,-9.753913664085754806e-07
5.615436632522386873e+01,2.959256611865618325e+01,1.021836646726121067e+00,1.044150133049049023e+00,6.000093378436857083e-01,1.021835893902842463e+00,1.044149545113160382e+00,5.999890944208329246e-01,1.021367327344862908e+00,1.042737572644520050e+00,5.999343635572034206e-01,1.021370047185747643e+00,1.042740060014093251e+00,6.000107290278945404e-01,-4.632624194152245858e-15,-3.429186843919183538e-16,-2.052759439223630776e-08,-9.560225520310245933e-07
5.621540367992519549e+01,2.962473195139385140e+01,1.021812429226474972e+00,1.044100641181754829e+00,6.000095903777256101e-01,1.021811666199610835e+00,1.044100012610348793e+00,5.999890493045970663e-01,1.021343847128376003e+00,1.042690777868485963e+00,5.999264912021343710e-01,1.021346837179397671e+00,1.042693644657573637e+00,6.000105346647409688e-01,-4.495428036503554804e-15,-2.809342530609440358e-16,-2.013263335422714814e-08,-9.367408734074100357e-07
5.627644103462652936e+01,2.965689778413152311e+01,1.021788256768730863e+00,1.044051242344679276e+00,6.000096101957428374e-01,1.021787531814076333e+00,1.044050673519913097e+00,5.999900719321086262e-01,1.021320450613189212e+00,1.042644128942712634e+00,5.999195408824045117e-01,1.021323676264305869e+00,1.042647328292142905e+00,6.000103049648365383e-01,-4.317097768478856366e-15,-2.238889392720896132e-16,-1.975051784891608764e-08,-9.181215869708494717e-07
5.633747838932785612e+01,2.968906361686919126e+01,1.021764129283288858e+00,1.044001936392555452e+00,6.000093994393249641e-01,1.021763416289911852e+00,1.044001373515290210e+00,5.999901617944426446e-01,1.021297844219585915e+00,1.042598568983481577e+00,5.999334192300952440e-01,1.021300592846655864e+00,1.042601148719690007e+00,6.000108445891751963e-01,-4.100836111580293993e-15,-1.740417163137038714e-16,-1.937092572676176081e-08,-8.996321112347289738e-07
5.639851574402918999e+01,2.972122944960686297e+01,1.021740066399378755e+00,1.043952763862145305e+00,6.000094923469208030e-01,1.021739381514489509e+00,1.043952240843699419e+00,5.999909922200684642e-01,1.021275138734917265e+00,1.042552909933185390e+00,5.999431234488207254e-01,1.021277498749737500e+00,1.042554988231811475e+00,6.000096741153144730e-01,-3.839960560736414355e-15,-1.410597918641326093e-16,-1.900213663838394409e-08,-8.816983772525565343e-07
5.645955309873051675e+01,2.975339528234453113e+01,1.021716058203509636e+00,1.043903704273553945e+00,6.000096266432355385e-01,1.021715377423323856e+00,1.043903171747441405e+00,5.999912166258534185e-01,1.021252334159183706e+00,1.042507151791824072e+00,5.999486444661961126e-01,1.021254541005504946e+00,1.042509042784538043e+00,6.000109432447227054e-01,-3.547246000379011905e-15,-1.232530020610415864e-16,-1.863733712931265708e-08,-8.639693938958615859e-07
5.652059045343185062e+01,2.978556111508220283e+01,1.021692094495063374e+00,1.043854736557947360e+00,6.000095310703913443e-01,1.021691441660076416e+00,1.043854244221181560e+00,5.999918568475151037e-01,1.021229430492384793e+00,1.042461294559397400e+00,5.999499732098370064e-01,1.021231542928835667e+00,1.042463076681890310e+00,6.000096712875883087e-01,-3.228870423901460178e-15,-1.154334081913286692e-16,-1.828142164348221014e-08,-8.466963506710848011e-07
5.658162780813317738e+01,2.981772694781987099e+01,1.021668180041366947e+00,1.043805870558344395e+00,6.000093388102795133e-01,1.021667548261631975e+00,1.043805404456972674e+00,5.999922153446284323e-01,1.021206427734520528e+00,1.042415338235905375e+00,5.999471006073582302e-01,1.021208680492079468e+00,1.042417324438408066e+00,6.000108329522282347e-01,-2.882294484265710642e-15,-1.165970404597270847e-16,-1.793085916632120736e-08,-8.296973850061794379e-07
5.664266516283450414e+01,2.984989278055753914e+01,1.021644334452241898e+00,1.043757146764064947e+00,6.000095863635657167e-01,1.021643710916861014e+00,1.043756680812396809e+00,5.999926673285763679e-01,1.021183325885591353e+00,1.042369282821348442e+00,5.999400175863753848e-01,1.021185807103822674e+00,1.042371590513384128e+00,6.000102889931133721e-01,-2.492316707176825814e-15,-1.183611862302684912e-16,-1.758737935635052190e-08,-8.130610565534990479e-07
5.670370251753583801e+01,2.988205861329521085e+01,1.021620532872469234e+00,1.043708513845158059e+00,6.000096047522068821e-01,1.021619927476620004e+00,1.043708068817314816e+00,5.999931594487309949e-01,1.021160124945596825e+00,1.042323128315726155e+00,5.999287150745035158e-01,1.021163010151640016e+00,1.042325991287152309e+00,6.000105160070904331e-01,-2.072107571599792663e-15,-1.130038278395068140e-16,-1.725051834361970571e-08,-7.967628229156280727e-07
5.676473987223716478e+01,2.991422444603287900e+01,1.021596775234566268e+00,1.043659971660817254e+00,6.000093960691327277e-01,1.021596187960844393e+00,1.043659547800565912e+00,5.999934251302533328e-01,1.021137846083316925e+00,1.042278238164564330e+00,5.999421671894376029e-01,1.021140260555614354e+00,1.042280487915632659e+00,6.000106956353807863e-01,-1.621406208092935610e-15,-9.827516738966249246e-17,-1.691905070187412205e-08,-7.807400880879432388e-07
5.682577722693849864e+01,2.994639027877055071e+01,1.021573080864379479e+00,1.043611560111625591e+00,6.000094903933301804e-01,1.021572513750018008e+00,1.043611162024966177e+00,5.999940503898307798e-01,1.021115501518100377e+00,1.042233292754235485e+00,5.999523926513272709e-01,1.021117528838483945e+00,1.042235040955989289e+00,6.000099946795702799e-01,-1.126803280285818396e-15,-6.331417650841426623e-17,-1.659537491447454512e-08,-7.651144447560410423e-07
5.688681458163982541e+01,2.997855611150821886e+01,1.021549439786829216e+00,1.043563258595737064e+00,6.000096215349955964e-01,1.021548871477952813e+00,1.043562842391899670e+00,5.999941316739746400e-01,1.021093060124888208e+00,1.042188250515911019e+00,5.999585001419468488e-01,1.021094902146512551e+00,1.042189766528262229e+00,6.000108935132494326e-01,-6.014497477855106399e-16,-9.622169337298581319e-18,-1.627550989760222565e-08,-7.496830073861028986e-07
5.694785193634115927e+01,3.001072194424589057e+01,1.021525842180986077e+00,1.043515046833491944e+00,6.000095262938305307e-01,1.021525305773447911e+00,1.043514681299301028e+00,5.999948895747866384e-01,1.021070521903680195e+00,1.042143111449590709e+00,5.999604807961093078e-01,1.021072236185095461e+00,1.042144472114955533e+00,6.000092931182114953e-01,-5.705401630477460805e-17,5.718641592995290886e-17,-1.596452176144756419e-08,-7.347029131491327632e-07
5.700888929104248604e+01,3.004288777698355872e+01,1.021502292849603810e+00,1.043466934738736640e+00,6.000093397475700918e-01,1.021501760163982864e+00,1.043466561815406868e+00,5.999947883370606583e-01,1.021047886854476783e+00,1.042097875555274999e+00,5.999583257486275079e-01,1.021049730747686013e+00,1.042099424009918840e+00,6.000108849005429956e-01,5.030838368139272580e-16,1.366263495553069839e-16,-1.565586334911177344e-08,-7.198412732297099135e-07
5.706992664574381990e+01,3.007505360972123043e+01,1.021478810669305348e+00,1.043418961277527313e+00,6.000095824464032335e-01,1.021478302248370662e+00,1.043418623882377494e+00,5.999956783671300808e-01,1.021025154977277527e+00,1.042052542832963447e+00,5.999520261343144201e-01,1.021027186733443282e+00,1.042054356649185998e+00,6.000100022219833074e-01,1.061034172813445247e-15,2.212417530185567810e-16,-1.535708331306750969e-08,-7.054807455636458895e-07
5.713096400044514667e+01,3.010721944245889858e+01,1.021455371497086428e+00,1.043371076602829239e+00,6.000095994500919128e-01,1.021454855897039771e+00,1.043370709889671621e+00,5.999954833109472085e-01,1.021002326272082872e+00,1.042007113282656494e+00,5.999415730879831266e-01,1.021004745239085354e+00,1.042009458038078540e+00,6.000106720463519450e-01,1.602179619077433091e-15,3.005869252213245716e-16,-1.505959579441174055e-08,-6.911857448427688813e-07
5.719200135514648053e+01,3.013938527519657029e+01,1.021431975267495407e+00,1.043323280578122736e+00,6.000093928041881908e-01,1.021431501886028492e+00,1.043322987038745930e+00,5.999964180884123088e-01,1.020980191516683844e+00,1.041962642620340773e+00,5.999495708267049698e-01,1.020982322302241618e+00,1.041964616153699508e+00,6.000105027719632167e-01,2.121109121276795463e-15,3.717851186133712771e-16,-1.477221449432564232e-08,-6.774022461813681361e-07
5.725303870984780730e+01,3.017155110793423844e+01,1.021408641009935003e+00,1.043275612482614800e+00,6.000094884918462101e-01,1.021408162474311654e+00,1.043275294403503306e+00,5.999963579101038613e-01,1.020958199924219212e+00,1.041918394875687826e+00,5.999603157750282856e-01,1.020959944509360229e+00,1.041919866308861575e+00,6.000102571753322955e-01,2.590071090510461341e-15,4.219948257159400812e-16,-1.448638554625682687e-08,-6.636971381831233234e-07
5.731407606454914117e+01,3.020371694067190660e+01,1.021385358693949197e+00,1.043228051605297191e+00,6.000096165564583472e-01,1.021384903407390521e+00,1.043227768055259741e+00,5.999971100196265228e-01,1.020936113699760783e+00,1.041874052499041303e+00,5.999670065420709131e-01,1.020937641787849293e+00,1.041875248338493209e+00,6.000107970205376118e-01,3.003385956713021727e-15,4.495005050731871769e-16,-1.420909971003378560e-08,-6.504234401972666230e-07
5.737511341925047503e+01,3.023588277340957831e+01,1.021362118864590052e+00,1.043180578426912142e+00,6.000095216444273349e-01,1.021361670230564345e+00,1.043180295283185011e+00,5.999971841642437465e-01,1.020913932843308336e+00,1.041829615490400762e+00,5.999696344637029943e-01,1.020915327455777399e+00,1.041830646536849203e+00,6.000096424879980406e-01,3.368358703966036469e-15,4.590736161919842331e-16,-1.393448831597939670e-08,-6.372844922458654897e-07
5.743615077395180180e+01,3.026804860614724646e+01,1.021338926356787802e+00,1.043133202925422776e+00,6.000093406576810784e-01,1.021338505543093911e+00,1.043132964240884197e+00,5.999977554024746862e-01,1.020891657354861870e+00,1.041785083849765980e+00,5.999681908757947824e-01,1.020893144095160077e+00,1.041786250931876934e+00,6.000108871957570145e-01,3.676919932610926674e-15,4.492541231572379845e-16,-1.366695186010586366e-08,-6.245020104670428490e-07
5.749718812865313566e+01,3.030021443888491817e+01,1.021315799340393404e+00,1.043085962599020089e+00,6.000095786135700715e-01,1.021315377901985677e+00,1.043085709850353870e+00,5.999979633036651716e-01,1.020869287234421607e+00,1.041740457577137624e+00,5.999626671142164192e-01,1.020870922416402760e+00,1.041741835696673668e+00,6.000096762972164655e-01,3.908695672521339655e-15,4.217356562710775931e-16,-1.340313303816338743e-08,-6.119064203432487878e-07
5.755822548335446243e+01,3.033238027162258632e+01,1.021292714360943599e+00,1.043038809033788983e+00,6.000095942654054548e-01,1.021292307033386804e+00,1.043038572926509477e+00,5.999983554406771447e-01,1.020846822481987104e+00,1.041695736672514805e+00,5.999530545148378247e-01,1.020848828137522979e+00,1.041697621680293562e+00,6.000107755016277356e-01,4.095454728235543626e-15,3.903786497983623125e-16,-1.314501138584678743e-08,-5.995972364337572886e-07
5.761926283805579629e+01,3.036454610436025803e+01,1.021269671354950503e+00,1.042991742097342689e+00,6.000093896130268556e-01,1.021269284234339381e+00,1.042991535448458684e+00,5.999986965213148782e-01,1.020824833323602299e+00,1.041651682335549944e+00,5.999557724156727723e-01,1.020826724900016913e+00,1.041653426992128484e+00,6.000102680349765905e-01,4.239094920254281348e-15,3.579414562467496352e-16,-1.289157563281971523e-08,-5.875230968903764871e-07
5.768030019275712306e+01,3.039671193709792618e+01,1.021246689062160984e+00,1.042944800461921950e+00,6.000094866075103006e-01,1.021246306628068590e+00,1.042944591464759929e+00,5.999989113011693354e-01,1.020803186930794304e+00,1.041608116693180541e+00,5.999670335671312138e-01,1.020804692836662531e+00,1.041609358348139835e+00,6.000104641183993115e-01,4.327043946271206238e-15,3.332254203321055398e-16,-1.264254534635503619e-08,-5.756699352279958005e-07
5.774133754745845692e+01,3.042887776983559789e+01,1.021223757402635490e+00,1.042897963319462828e+00,6.000096116681772340e-01,1.021223387982905129e+00,1.042897769442570954e+00,5.999993849739934104e-01,1.020781448037250794e+00,1.041564458550075623e+00,5.999743029219332113e-01,1.020782707203499839e+00,1.041565382690309072e+00,6.000106558936424417e-01,4.373348247943065973e-15,3.211737545417394243e-16,-1.239909809991391587e-08,-5.640961998124066686e-07
5.780237490215978369e+01,3.046104360257326604e+01,1.021200867274243862e+00,1.042851211883510931e+00,6.000095170834183200e-01,1.021200503086430622e+00,1.042851017229808663e+00,5.999994241153161489e-01,1.020759616642971546e+00,1.041520707906234966e+00,5.999775720110784860e-01,1.020760737122599737e+00,1.041521458717591164e+00,6.000099552028470562e-01,4.385559063835440523e-15,3.196668014492241689e-16,-1.215884652416731137e-08,-5.526824049067156647e-07
5.786341225686111756e+01,3.049320943531093775e+01,1.021178023541025937e+00,1.042804556189807386e+00,6.000093415106012573e-01,1.021177687912418586e+00,1.042804409219199924e+00,6.000000297835140772e-01,1.020737692747956560e+00,1.041476864761658572e+00,5.999768323655666480e-01,1.020738868264221777e+00,1.041477700586618704e+00,6.000108420566991896e-01,4.359743457477930717e-15,3.300846089081847453e-16,-1.192500764259483352e-08,-5.415888550567873619e-07
5.792444961156244432e+01,3.052537526804860590e+01,1.021155243691423298e+00,1.042758032321796868e+00,6.000095748391766071e-01,1.021154895177196265e+00,1.042757847617190370e+00,5.999998949800635639e-01,1.020715676352206058e+00,1.041432929116346662e+00,5.999720755163974184e-01,1.020716962080764567e+00,1.041433923451338561e+00,6.000093130759504012e-01,4.275485249834227634e-15,3.497964381447940827e-16,-1.169323255929502993e-08,-5.305983697184307534e-07
5.798548696626377108e+01,3.055754110078627406e+01,1.021132504936701269e+00,1.042711593250798208e+00,6.000095891803765014e-01,1.021132182797010790e+00,1.042711452186104504e+00,6.000006320378409308e-01,1.020693567455719819e+00,1.041388900970299014e+00,5.999632929945705184e-01,1.020695207027694451e+00,1.041390378493926017e+00,6.000108286842525951e-01,4.147972925033979885e-15,3.685731288981559374e-16,-1.146863581828849983e-08,-5.199655830669343251e-07
5.804652432096510495e+01,3.058970693352394576e+01,1.021109807215257792e+00,1.042665238848398124e+00,6.000093864895333917e-01,1.021109481678459385e+00,1.042665080043615689e+00,6.000003249590365462e-01,1.020671725186900636e+00,1.041345259688262637e+00,5.999608994088694303e-01,1.020673416725199179e+00,1.041346817118866896e+00,6.000099933683601394e-01,3.975193610353818269e-15,3.836840832990899750e-16,-1.124504511082393154e-08,-5.093829273317686730e-07
5.810756167566643171e+01,3.062187276626161392e+01,1.021087168983743299e+00,1.042619007193811953e+00,6.000094847473159687e-01,1.021086871420147979e+00,1.042618895772110088e+00,6.000011927922049848e-01,1.020650416395622928e+00,1.041302360988822784e+00,5.999726721684259800e-01,1.020651722447495802e+00,1.041303414242393810e+00,6.000106179133055662e-01,3.729740362506232072e-15,3.838289830103480927e-16,-1.102933771684195394e-08,-4.991922471981462686e-07
5.816859903036776558e+01,3.065403859899928563e+01,1.021064580118255405e+00,1.042572877393317166e+00,6.000096068849753994e-01,1.021064272077794044e+00,1.042572734068633045e+00,6.000010135828274249e-01,1.020629017172367980e+00,1.041259371857405691e+00,5.999805141450215151e-01,1.020630047213303415e+00,1.041260067154837987e+00,6.000104721641027483e-01,3.420568167933879631e-15,3.644896897402440182e-16,-1.081455067894743312e-08,-4.890472325409297649e-07
5.822963638506909234e+01,3.068620443173695378e+01,1.021042031856844945e+00,1.042526831366794582e+00,6.000095126342986918e-01,1.021041752574568529e+00,1.042526737426923145e+00,6.000017130701181811e-01,1.020607527517135793e+00,1.041216292294011359e+00,5.999844170590632464e-01,1.020608413485195154e+00,1.041216805679312296e+00,6.000102118580323829e-01,3.060504664238439482e-15,3.283543521988170539e-16,-1.060649116492296298e-08,-4.792360039976386362e-07
5.829067373977042621e+01,3.071837026447462549e+01,1.021019529089731259e+00,1.042480879201735045e+00,6.000093423411180238e-01,1.021019254558990674e+00,1.042480785203868443e+00,6.000016670990794276e-01,1.020585947429926588e+00,1.041173122298640008e+00,5.999843726309581626e-01,1.020586852513728715e+00,1.041173671419290736e+00,6.000107516032657795e-01,2.644846994731705372e-15,2.726766234731616326e-16,-1.040019003454547428e-08,-4.695118307311849338e-07
5.835171109447175297e+01,3.075053609721229364e+01,1.020997088648203821e+00,1.042435055617698669e+00,6.000095711571429291e-01,1.020996825062221669e+00,1.042434974620949140e+00,6.000021938644399810e-01,1.020564276910740142e+00,1.041129861871291418e+00,5.999803725811130306e-01,1.020565279110277723e+00,1.041130550668930344e+00,6.000096126100493699e-01,2.167039819482083469e-15,1.961738655267488877e-16,-1.019949595590096518e-08,-4.600652552697914378e-07
5.841274844917308684e+01,3.078270192994996535e+01,1.020974688387384477e+00,1.042389314925301180e+00,6.000095842274263402e-01,1.020974427713496446e+00,1.042389230485404994e+00,6.000022804869092896e-01,1.020542515959576679e+00,1.041086511011966032e+00,5.999724086299350612e-01,1.020543831602968909e+00,1.041087627789089698e+00,6.000108338031998612e-01,1.661611024668459716e-15,1.131704849655586133e-16,-1.000135660976821312e-08,-4.507448918975841173e-07
5.847378580387441360e+01,3.081486776268763350e+01,1.020952328247485275e+00,1.042343656999951573e+00,6.000093834640497503e-01,1.020952087694205312e+00,1.042343604845109351e+00,6.000026361383530293e-01,1.020520821687533886e+00,1.041043279418211176e+00,5.999650659381762230e-01,1.020522347659889695e+00,1.041044686237437400e+00,6.000096806285161177e-01,1.133833326479686042e-15,2.663970682937903100e-17,-9.807773104455389674e-09,-4.416496018687647647e-07
5.853482315857574747e+01,3.084703359542530521e+01,1.020930026408386482e+00,1.042298119341326101e+00,6.000094829364697180e-01,1.020929790357656852e+00,1.042298067415915908e+00,6.000028547028268822e-01,1.020499843075119095e+00,1.041001032898940970e+00,5.999773445903268110e-01,1.020500983465288947e+00,1.041001934157764541e+00,6.000107208587854846e-01,5.927761989173976985e-16,-5.404607458871877200e-17,-9.617483346037889648e-09,-4.327166891583939233e-07
5.859586051327707423e+01,3.087919942816297336e+01,1.020907772707507100e+00,1.042252680980881197e+00,6.000096022206443669e-01,1.020907539290703436e+00,1.042252625610661232e+00,6.000030408263408166e-01,1.020478776039150048e+00,1.040958697956116286e+00,5.999857521363399782e-01,1.020479612126754532e+00,1.040959202286594554e+00,6.000102477726645400e-01,5.982407811076358419e-17,-1.201078058193027952e-16,-9.430764125176554964e-09,-4.239597991760028102e-07
5.865689786797840100e+01,3.091136526090064152e+01,1.020885558710990182e+00,1.042207324519488498e+00,6.000095083003486041e-01,1.020885341316865924e+00,1.042207293518302880e+00,6.000033906751106594e-01,1.020457620579626523e+00,1.040916274589737345e+00,5.999902804805058443e-01,1.020458307092651395e+00,1.040916588435347290e+00,6.000104148426973483e-01,-4.599487380168592393e-16,-1.719287027371490684e-16,-9.248023264674587195e-09,-4.153986243217191132e-07
5.871793522267973486e+01,3.094353109363831322e+01,1.020863389332470783e+00,1.042162060090697118e+00,6.000093431456166027e-01,1.020863178680920802e+00,1.042162034449017227e+00,6.000034088350632011e-01,1.020436376696548741e+00,1.040873762799804148e+00,5.999909215271147511e-01,1.020437047576207679e+00,1.040874064826636136e+00,6.000106178612919505e-01,-9.587095146005210752e-16,-2.056656175147434379e-16,-9.067930334443787293e-09,-4.069677141909468125e-07
5.877897257738106873e+01,3.097569692637598138e+01,1.020841280769418269e+00,1.042116921099021098e+00,6.000095675499211856e-01,1.020841079425501619e+00,1.042116906335515569e+00,6.000038893046824029e-01,1.020415044389916481e+00,1.040831162586316472e+00,5.999876671804567074e-01,1.020415801484647167e+00,1.040831588548214448e+00,6.000099178056648164e-01,-1.418608495260729244e-15,-2.161420584254521681e-16,-8.892448782765033777e-09,-3.987631859256968621e-07
5.884000993208240260e+01,3.100786275911365308e+01,1.020819211499818024e+00,1.042071863150269451e+00,6.000095793787058041e-01,1.020819004703023003e+00,1.042071828911566467e+00,6.000037410443368469e-01,1.020393623659729743e+00,1.040788473949274318e+00,5.999805093448221660e-01,1.020394653014595976e+00,1.040789271796100923e+00,6.000107929701022913e-01,-1.852100031482967245e-15,-2.164459416786703073e-16,-8.718752174884084055e-09,-3.906462841483266268e-07
5.890104728678372936e+01,3.104002859185132124e+01,1.020797181465636694e+00,1.042026886123539775e+00,6.000093805022532756e-01,1.020797003526863200e+00,1.042026903430374851e+00,6.000043514660172717e-01,1.020372114505988526e+00,1.040745696888677685e+00,5.999694399245012466e-01,1.020373469037561875e+00,1.040746936957760660e+00,6.000093315886313450e-01,-2.259404681589390974e-15,-2.089351621681483372e-16,-8.550251051180919690e-09,-3.827839087972416296e-07
5.896208464148506323e+01,3.107219442458899294e+01,1.020775208576189197e+00,1.041982026952112284e+00,6.000094811385416893e-01,1.020775016204070074e+00,1.041982006569496910e+00,6.000040383079467965e-01,1.020351422637027827e+00,1.040704039877923037e+00,5.999811520495329509e-01,1.020352427455754496e+00,1.040704821149588621e+00,6.000107751529414335e-01,-2.630650189346026643e-15,-1.992826162638201313e-16,-8.382728561733002794e-09,-3.749694766736028259e-07
5.902312199618638999e+01,3.110436025732666110e+01,1.020753282635212811e+00,1.041937264602871061e+00,6.000095976361660144e-01,1.020753112473107294e+00,1.041937282385393626e+00,6.000047780079924564e-01,1.020330680482625096e+00,1.040662344691361429e+00,5.999901171957323642e-01,1.020331353689237774e+00,1.040662691515698235e+00,6.000099845737449922e-01,-2.974978939876020914e-15,-1.971330221545468233e-16,-8.220939314079416525e-09,-3.674353351043037747e-07
5.908415935088772386e+01,3.113652609006433281e+01,1.020731395525321217e+00,1.041892582333344253e+00,6.000095040448735206e-01,1.020731219175034843e+00,1.041892579751017456e+00,6.000045037644221591e-01,1.020309851854841465e+00,1.040620563031419143e+00,5.999952616921856441e-01,1.020310369920936822e+00,1.040620710857605102e+00,6.000105664420508633e-01,-3.297007374421856449e-15,-2.035942868123411611e-16,-8.059851353618149679e-09,-3.599354308027700476e-07
5.914519670558905062e+01,3.116869192280200096e+01,1.020709552180958157e+00,1.041847990317759098e+00,6.000093438972121662e-01,1.020709405125183933e+00,1.041848040802603403e+00,6.000051697547130747e-01,1.020288936753676712e+00,1.040578694898095513e+00,5.999965776217333069e-01,1.020289405604781985e+00,1.040578785050591648e+00,6.000104427671552054e-01,-3.593865326220140051e-15,-2.220951922393149261e-16,-7.904040289238152370e-09,-3.526929768040101977e-07
5.920623406029038449e+01,3.120085775553967267e+01,1.020687768188169198e+00,1.041803520692440754e+00,6.000095639962489402e-01,1.020687608521973155e+00,1.041803537886017095e+00,6.000050270391985574e-01,1.020267935179131058e+00,1.040536740291390982e+00,5.999940570672156470e-01,1.020268479438747100e+00,1.040536938906411413e+00,6.000101688483202578e-01,-3.850261875457646639e-15,-2.564436344976470825e-16,-7.749357031738855668e-09,-3.455054340800838767e-07
5.926727141499171125e+01,3.123302358827734082e+01,1.020666022627554348e+00,1.041759130315941251e+00,6.000095746219270554e-01,1.020665880352772170e+00,1.041759176303377332e+00,6.000055275062978755e-01,1.020246847131204504e+00,1.040494699211305552e+00,5.999876921114729589e-01,1.020247623819314997e+00,1.040495215560431230e+00,6.000107082039946027e-01,-4.073302456810996357e-15,-2.968254207580839601e-16,-7.599097568592786364e-09,-3.385332794617754010e-07
5.932830876969303802e+01,3.126518942101500897e+01,1.020644315442766681e+00,1.041714819070906461e+00,6.000093776038304405e-01,1.020644179821762254e+00,1.041714871794624075e+00,6.000055156227230846e-01,1.020225672609897050e+00,1.040452571657839442e+00,5.999774748373458699e-01,1.020226755045073430e+00,1.040453503297872118e+00,6.000095843615340652e-01,-4.259804804752156705e-15,-3.409490390426871903e-16,-7.450572499938033645e-09,-3.316453984923145185e-07
5.938934612439437188e+01,3.129735525375268068e+01,1.020622664278540537e+00,1.041670623336934387e+00,6.000094793658119485e-01,1.020622537034216126e+00,1.041670686528258338e+00,6.000058520396683859e-01,1.020205111668222475e+00,1.040411291658836390e+00,5.999841851730519648e-01,1.020206007375173751e+00,1.040411981058689372e+00,6.000107828981265934e-01,-4.380496031568354886e-15,-3.810131943119954242e-16,-7.305671038363096983e-09,-3.249335873801640838e-07
5.945038347909569865e+01,3.132952108649034884e+01,1.020601058909614611e+00,1.041626522025980828e+00,6.000095931511739700e-01,1.020600931957716062e+00,1.041626579128360763e+00,6.000059702883542290e-01,1.020184687265967005e+00,1.040370222178615078e+00,5.999936991836812838e-01,1.020185225030571186e+00,1.040370441044729644e+00,6.000096843396502955e-01,-4.435015560839516072e-15,-4.076169265653966147e-16,-7.163066802421964952e-09,-3.183331723339169423e-07
5.951142083379703251e+01,3.136168691922802054e+01,1.020579491523909699e+00,1.041582499028877784e+00,6.000094998951163161e-01,1.020579374056460820e+00,1.041582569136785263e+00,6.000061441092823245e-01,1.020164178284265644e+00,1.040329068118947653e+00,5.999994498213234717e-01,1.020164555321846356e+00,1.040329079574175086e+00,6.000106688423926249e-01,-4.431000337603938692e-15,-4.198231966077864363e-16,-7.023336318170085004e-09,-3.118721100042054428e-07
5.957245818849835928e+01,3.139385275196568870e+01,1.020557967074182004e+00,1.041538564555411828e+00,6.000093446324618052e-01,1.020557863821709432e+00,1.041538657557643521e+00,6.000063917872965336e-01,1.020143584723118391e+00,1.040287829479834336e+00,6.000014293422200051e-01,1.020143880122374114e+00,1.040287739076450668e+00,6.000102281721283459e-01,-4.357215753632245554e-15,-4.125648618693842026e-16,-6.886424390286554597e-09,-3.055474495492720048e-07
5.963349554319969315e+01,3.142601858470336040e+01,1.020536500556493253e+00,1.041494749518620644e+00,6.000095605305433288e-01,1.020536390314987996e+00,1.041494821807323667e+00,6.000064044478889969e-01,1.020122906582525024e+00,1.040246506261274906e+00,5.999996300026124718e-01,1.020123266715907917e+00,1.040246509150888787e+00,6.000103680088552105e-01,-4.187648372757710617e-15,-3.766988457330700474e-16,-6.751684218562766837e-09,-2.993278895688497908e-07
5.969453289790101991e+01,3.145818441744102856e+01,1.020515071634637838e+00,1.041451011989053210e+00,6.000095699885572564e-01,1.020514974314116197e+00,1.041451104771613290e+00,6.000067808493818600e-01,1.020102143862485544e+00,1.040205098463269584e+00,5.999940440587422374e-01,1.020102697929206714e+00,1.040205366842159584e+00,6.000105814357985512e-01,-3.960613210715436586e-15,-3.254147640563515457e-16,-6.620244590105063784e-09,-2.932677381036695587e-07
5.975557025260235378e+01,3.149035025017870026e+01,1.020493680253891977e+00,1.041407351852772223e+00,6.000093747964900803e-01,1.020493584713750179e+00,1.041407442236893077e+00,6.000066337671602357e-01,1.020081296563000173e+00,1.040163606085818149e+00,5.999846637668510008e-01,1.020082140620954370e+00,1.040164267847875301e+00,6.000098823490372935e-01,-3.679070736866471635e-15,-2.607194126663762688e-16,-6.490320216389625178e-09,-2.872807698962760009e-07
5.981660760730368054e+01,3.152251608291636842e+01,1.020472343800195025e+00,1.041363804948005400e+00,6.000094776394326868e-01,1.020472262343742997e+00,1.041363918477965278e+00,6.000071381837105422e-01,1.020060867678228567e+00,1.040122700211419948e+00,5.999865250853184673e-01,1.020061677520886390e+00,1.040123322412100038e+00,6.000107461055623759e-01,-3.330494224578008559e-15,-1.852538803924285152e-16,-6.364141090010880324e-09,-2.814743294881067315e-07
5.987764496200501441e+01,3.155468191565404013e+01,1.020451052023777727e+00,1.041320350140965356e+00,6.000095887748294610e-01,1.020450956165108947e+00,1.041320428141001342e+00,6.000068327584517913e-01,1.020040754073472833e+00,1.040082242761385611e+00,5.999965785911289817e-01,1.020041180615747223e+00,1.040082359749992857e+00,6.000093487645655754e-01,-2.943787358185236273e-15,-1.119847778709251340e-16,-6.238863947464930601e-09,-2.757113663570387907e-07
5.993868231670634117e+01,3.158684774839170828e+01,1.020429797407182759e+00,1.041276971933408069e+00,6.000094958493102926e-01,1.020429726827766448e+00,1.041277096402781321e+00,6.000074644793591538e-01,1.020020557728904764e+00,1.040041702571539162e+00,6.000029247580518366e-01,1.020020817974125693e+00,1.040041603871305620e+00,6.000107241358622057e-01,-2.532466444658048282e-15,-4.461853412650253196e-17,-6.117741442735413715e-09,-2.701482693690727306e-07
5.999971967140766793e+01,3.161901358112937643e+01,1.020408584919130890e+00,1.041233680565851083e+00,6.000093453422947753e-01,1.020408507466623149e+00,1.041233785254434219e+00,6.000071137927441844e-01,1.020000278644524583e+00,1.040001079641880599e+00,6.000055560107578900e-01,1.020000425973070834e+00,1.040000836535367901e+00,6.000099758464935151e-01,-2.100360253262718478e-15,1.196835628008508453e-17,-5.997152149904008563e-09,-2.646108042818085927e-07
6.006075702610900180e+01,3.165117941386704814e+01,1.020387428986345268e+00,1.041190505771205865e+00,6.000095571308344811e-01,1.020387366691667408e+00,1.041190636290363791e+00,6.000077604059678160e-01,1.019979916820332067e+00,1.039960373972409702e+00,6.000044647739183334e-01,1.019980118372470157e+00,1.039960209319460427e+00,6.000105174609148273e-01,-1.656082802435027415e-15,4.807112888864320171e-17,-5.880686585076647666e-09,-2.592713293053638164e-07
6.012179438081032856e+01,3.168334524660471629e+01,1.020366309837153151e+00,1.041147406792856556e+00,6.000095654474392193e-01,1.020366239655198681e+00,1.041147515676713597e+00,6.000075390939655362e-01,1.019959472256327437e+00,1.039919585563126470e+00,5.999996434722044691e-01,1.019959830563675895e+00,1.039919636019703386e+00,6.000104145125650934e-01,-1.208822271301526396e-15,7.170161538416056008e-17,-5.764920652617866355e-09,-2.539653798598974286e-07
6.018283173551166954e+01,3.171551107934238800e+01,1.020345227418403500e+00,1.041104383520166765e+00,6.000093720438440803e-01,1.020345180869167701e+00,1.041104535903069284e+00,6.000080266144115493e-01,1.019938944952510695e+00,1.039878714414031347e+00,5.999910845302871554e-01,1.019939577806236786e+00,1.039879136870761389e+00,6.000101279949445754e-01,-7.596373786765329230e-16,8.406095244013659285e-17,-5.652630373288300544e-09,-2.488259794791777192e-07
6.024386909021299630e+01,3.174767691208005616e+01,1.020324198862919696e+00,1.041061471262006100e+00,6.000094759223122409e-01,1.020324145569938334e+00,1.041061604591627443e+00,6.000079339501771525e-01,1.019918649099039065e+00,1.039838179697974763e+00,5.999882443881970895e-01,1.019919393483881720e+00,1.039838756328000935e+00,6.000106666997084837e-01,-3.092923301808412520e-16,8.622063796585555330e-17,-5.541500804816267171e-09,-2.437420911117753137e-07
6.030490644491433017e+01,3.177984274481772786e+01,1.020303213900661810e+00,1.041018648847515271e+00,6.000095844693190683e-01,1.020303168302165053e+00,1.041018793021144972e+00,6.000082637373568284e-01,1.019898839509916444e+00,1.039798320966908163e+00,5.999988275039348506e-01,1.019899195372452549e+00,1.039798384653780161e+00,6.000095576324104840e-01,1.432635611688597488e-16,8.929574323606236487e-17,-5.433239133894062953e-09,-2.387953624564114793e-07
6.036594379961565693e+01,3.181200857755539602e+01,1.020282265298508184e+00,1.040975901367864331e+00,6.000094918735192628e-01,1.020282224157428308e+00,1.040976049789670510e+00,6.000082989927731925e-01,1.019878948968179877e+00,1.039758381283227395e+00,6.000057581042854693e-01,1.019879113836658302e+00,1.039758195599528978e+00,6.000107343249357905e-01,5.980815643391949466e-16,9.698102565653600926e-17,-5.326565942219836212e-09,-2.339244577554461475e-07
6.042698115431699080e+01,3.184417441029306772e+01,1.020261358038927035e+00,1.040933239089737672e+00,6.000093460034782167e-01,1.020261327940670704e+00,1.040933405442565407e+00,6.000084723898992944e-01,1.019858977473829365e+00,1.039718360646932904e+00,6.000090287775485809e-01,1.019858999275543576e+00,1.039717989610989157e+00,6.000096874834361937e-01,1.055897772020502403e-15,1.138286017258500667e-16,-5.222191229445261698e-09,-2.291632679024997230e-07
6.048801850901831756e+01,3.187634024303073588e+01,1.020240505999127745e+00,1.040890690607351177e+00,6.000095537807362822e-01,1.020240474372328787e+00,1.040890849078968783e+00,6.000086348357965838e-01,1.019838925026865128e+00,1.039678259058024468e+00,6.000086321120242649e-01,1.019838990731564810e+00,1.039677951987688864e+00,6.000106192855703124e-01,1.514459850395978383e-15,1.489996901762460333e-16,-5.119801183811976989e-09,-2.244966319098891314e-07
6.054905586371965143e+01,3.190850607576840758e+01,1.020219689953952624e+00,1.040848216299198770e+00,6.000095609918226769e-01,1.020219658742743007e+00,1.040848370982871973e+00,6.000086531700568049e-01,1.019818791627287169e+00,1.039638076516502530e+00,6.000045606960124900e-01,1.019818978203457238e+00,1.039637935997612006e+00,6.000102092014889532e-01,1.967772826877463226e-15,1.956571592521117677e-16,-5.019176638754172066e-09,-2.199141082056133712e-07
6.061009321842097819e+01,3.194067190850607574e+01,1.020198909851760760e+00,1.040805816057819744e+00,6.000093693511169279e-01,1.020198895177309995e+00,1.040806000285118049e+00,6.000089420764840309e-01,1.019798577275095042e+00,1.039597813022366202e+00,5.999968071178128914e-01,1.019799023284693185e+00,1.039598023659883408e+00,6.000103234594701407e-01,2.412759947743361413e-15,2.527130356593995263e-16,-4.920903020766695560e-09,-2.154433742995141711e-07
6.067113057312230495e+01,3.197283774124374389e+01,1.020178182577734294e+00,1.040763524674343188e+00,6.000094742315935648e-01,1.020178159674426155e+00,1.040763687475010801e+00,6.000088066593768366e-01,1.019778415281734407e+00,1.039557646427624604e+00,5.999894080437696564e-01,1.019779112103383234e+00,1.039558196424662961e+00,6.000105465223968260e-01,2.832210026398894459e-15,3.188920281662061204e-16,-4.823896551148465003e-09,-2.110328950317853852e-07
6.073216792782363171e+01,3.200500357398141205e+01,1.020157497845531447e+00,1.040721320948997608e+00,6.000095802584232141e-01,1.020157485542989129e+00,1.040721501251024694e+00,6.000092212958149096e-01,1.019758903096783076e+00,1.039518373460269096e+00,6.000005104717128779e-01,1.019759210618607304e+00,1.039518408797384774e+00,6.000098487052485385e-01,3.214459855583412536e-15,3.825470432674196796e-16,-4.729578919116612739e-09,-2.067500313407537331e-07
6.079320528252497269e+01,3.203716940671908731e+01,1.020136848696482579e+00,1.040679190541712318e+00,6.000094879979359641e-01,1.020136829709684223e+00,1.040679352769175114e+00,6.000089334234027794e-01,1.019739311695777584e+00,1.039479021276859427e+00,6.000080140285749541e-01,1.019739400103621518e+00,1.039478769083739040e+00,6.000107013266818834e-01,3.558315770730820244e-15,4.395951864139254568e-16,-4.636062974305096250e-09,-2.025052167224784086e-07
6.085424263722629945e+01,3.206933523945675546e+01,1.020116240124677720e+00,1.040637143740992032e+00,6.000093466535880715e-01,1.020116244447866416e+00,1.040637349836747161e+00,6.000094730590189718e-01,1.019719641078717709e+00,1.039439589877395598e+00,6.000119114616482285e-01,1.019719557378426344e+00,1.039439112950007793e+00,6.000093647027308075e-01,3.850849753075210839e-15,4.844523251598265609e-16,-4.545546935727729907e-09,-1.984025130569977339e-07
6.091527999192762621e+01,3.210150107219442361e+01,1.020095685476804181e+00,1.040595208042093045e+00,6.000095505144047436e-01,1.020095668730513827e+00,1.040595366589038617e+00,6.000090603598396966e-01,1.019699891245603229e+00,1.039400079261876941e+00,6.000121955182251554e-01,1.019699841338830071e+00,1.039399652180074796e+00,6.000106754756950878e-01,4.058891292735185602e-15,5.034937654338809284e-16,-4.455435480317632597e-09,-1.943189719277432312e-07
6.097631734662895298e+01,3.213366690493209177e+01,1.020075166056935823e+00,1.040553344922386714e+00,6.000095566514689338e-01,1.020075170878261828e+00,1.040553543919339852e+00,6.000096979160681743e-01,1.019680062196434589e+00,1.039360489430304124e+00,6.000088589455980781e-01,1.019680098546550839e+00,1.039360182118230114e+00,6.000099671937083601e-01,4.207294262865614349e-15,5.041901341830485367e-16,-4.368535347160758856e-09,-1.903872718096005759e-07
6.103735470133029395e+01,3.216583273766976703e+01,1.020054681814888564e+00,1.040511554277474771e+00,6.000093667428545441e-01,1.020054683362462411e+00,1.040511742564244280e+00,6.000094121338984676e-01,1.019660153931211566e+00,1.039320820382677146e+00,6.000018944910595620e-01,1.019660434949968719e+00,1.039320843932416194e+00,6.000104708118333408e-01,4.295614803659975710e-15,4.869308397747438773e-16,-4.282048792240928130e-09,-1.864750904757385325e-07
6.109839205603162071e+01,3.219799857040743518e+01,1.020034249393501513e+00,1.040469870392009888e+00,6.000094725840224852e-01,1.020034263828252241e+00,1.040470081392696811e+00,6.000098964021822745e-01,1.019640166449934382e+00,1.039281072118995786e+00,5.999912949019016173e-01,1.019640791423332304e+00,1.039281558733201827e+00,6.000103873367473861e-01,4.296770931636092423e-15,4.470817247441566750e-16,-4.198282291009835088e-09,-1.826912818085854515e-07
6.115942941073294747e+01,3.223016440314510334e+01,1.020013858493949099e+00,1.040428272045086810e+00,6.000095761465271682e-01,1.020013863959763345e+00,1.040428460770007391e+00,6.000097367948336036e-01,1.019620905265825606e+00,1.039242318997367187e+00,6.000016852899727748e-01,1.019621180084242518e+00,1.039242342572894273e+00,6.000100891587524243e-01,4.235763587548846829e-15,3.974986885043191710e-16,-4.115279139827108266e-09,-1.789434326078146650e-07
6.122046676543427424e+01,3.226233023588277149e+01,1.019993502422545939e+00,1.040386745445586625e+00,6.000094842158331110e-01,1.019993522299608157e+00,1.040386960167397623e+00,6.000100690382592639e-01,1.019601606512889003e+00,1.039203541656983143e+00,6.000097500357188807e-01,1.019601635161513142e+00,1.039203241037021774e+00,6.000106269767899736e-01,4.127520470134210068e-15,3.442274412588017567e-16,-4.034535419322773042e-09,-1.753020194015089229e-07
6.128150412013560100e+01,3.229449606862043964e+01,1.019973186183009473e+00,1.040345300899740755e+00,6.000093472784285842e-01,1.019973209528597824e+00,1.040345519126465668e+00,6.000100348639489933e-01,1.019582230231548037e+00,1.039164686788194736e+00,6.000142613080251541e-01,1.019582075895047346e+00,1.039164146346902573e+00,6.000095323215790533e-01,3.970420531003413163e-15,2.914507968761345666e-16,-3.954879523418254220e-09,-1.717117563864603812e-07
6.134254147483694197e+01,3.232666190135811490e+01,1.019952922609817181e+00,1.040303964842077322e+00,6.000095473059151585e-01,1.019952945301731528e+00,1.040304178170553984e+00,6.000102163313687509e-01,1.019562776421802708e+00,1.039125754391001966e+00,6.000152120086985619e-01,1.019562628919971736e+00,1.039125227284951825e+00,6.000106879401088111e-01,3.762964587265262876e-15,2.502696327347186985e-16,-3.877051563717245745e-09,-1.682074440719488194e-07
6.140357882953826874e+01,3.235882773409578306e+01,1.019932693519644218e+00,1.040262699813987224e+00,6.000095523925498275e-01,1.019932719082740968e+00,1.040262915570197899e+00,6.000103068488965574e-01,1.019543245083653238e+00,1.039086744465405054e+00,6.000125950395459595e-01,1.019543150465987758e+00,1.039086292077039397e+00,6.000096901079022826e-01,3.528276796948781863e-15,2.197044358641908509e-16,-3.800611928007825125e-09,-1.647682919744069629e-07
6.146461618423959550e+01,3.239099356683345121e+01,1.019912498863718264e+00,1.040221505714033157e+00,6.000093641812932477e-01,1.019912531851593140e+00,1.040221733345659150e+00,6.000103387751631878e-01,1.019523636217099627e+00,1.039047657011403780e+00,6.000064033023745358e-01,1.019523771863668493e+00,1.039047515745296302e+00,6.000105720345166871e-01,3.267889378703407361e-15,2.000454897766413218e-16,-3.725596411819709636e-09,-1.613959801371800083e-07
6.152565353894092937e+01,3.242315939957111937e+01,1.019892355047745669e+00,1.040180416331391688e+00,6.000094709426025963e-01,1.019892391643499208e+00,1.040180648054073842e+00,6.000105532440653811e-01,1.019503949822141653e+00,1.039008492028998365e+00,5.999966296989910353e-01,1.019504390650677550e+00,1.039008761613958720e+00,6.000101908308739240e-01,2.972861218683392856e-15,1.951074457615160977e-16,-3.652247006478459070e-09,-1.581017237664470495e-07
6.158669089364226323e+01,3.245532523230879463e+01,1.019872251764005533e+00,1.040139410431352385e+00,6.000095720976851288e-01,1.019872280973670442e+00,1.040139623652435841e+00,6.000104368503007546e-01,1.019484807350338640e+00,1.038970078377053241e+00,6.000024037037374747e-01,1.019485063163590555e+00,1.038970104699279862e+00,6.000102810495731021e-01,2.649137128438180457e-15,1.954954121598243280e-16,-3.579944194663911677e-09,-1.548564991549815959e-07
6.164772824834359710e+01,3.248749106504646278e+01,1.019852182574671140e+00,1.040098474752691793e+00,6.000094804965619977e-01,1.019852226239649662e+00,1.040098714547104564e+00,6.000107745310622187e-01,1.019465794919224511e+00,1.038931863561965763e+00,6.000110176591706423e-01,1.019465778547955059e+00,1.038931530478059528e+00,6.000105130333874826e-01,2.299878142628750137e-15,1.964440356407884409e-16,-3.509563773575417959e-09,-1.517011731949165833e-07
6.170876560304492386e+01,3.251965689778413093e+01,1.019832152491203514e+00,1.040057619615496698e+00,6.000093478588764961e-01,1.019832191699886037e+00,1.040057847066688357e+00,6.000105110248677986e-01,1.019446706600111607e+00,1.038893572858879510e+00,6.000161296687372969e-01,1.019446501996701171e+00,1.038892992440931362e+00,6.000098167567875507e-01,1.919836443691270589e-15,1.938421831728058452e-16,-3.439877384697465049e-09,-1.485783029468514977e-07
6.176980295774625063e+01,3.255182273052179909e+01,1.019812173853455572e+00,1.040016870430283014e+00,6.000095441439690092e-01,1.019812221907376637e+00,1.040017113034293894e+00,6.000109711790397871e-01,1.019427542392999930e+00,1.038855206267794262e+00,6.000177327844335995e-01,1.019427313340077967e+00,1.038854596972901501e+00,6.000106585075041243e-01,1.496620086552737042e-15,1.758802449102044715e-16,-3.372349310270772889e-09,-1.455561821371197664e-07
6.183084031244759160e+01,3.258398856325947435e+01,1.019792228974633730e+00,1.039976190768853836e+00,6.000095482137755010e-01,1.019792263069544846e+00,1.039976401580154919e+00,6.000105617547353276e-01,1.019408302297889479e+00,1.038816763788710462e+00,6.000158200582553780e-01,1.019408093969342621e+00,1.038816185841501705e+00,6.000093794936985914e-01,1.046578818686476930e-15,1.445080870537444472e-16,-3.305186404054677575e-09,-1.425511072643660054e-07
6.189187766714891836e+01,3.261615439599714250e+01,1.019772317807322581e+00,1.039935580532622028e+00,6.000093616769536231e-01,1.019772377690211451e+00,1.039935841516491433e+00,6.000111436451274205e-01,1.019388986314780032e+00,1.038778245421627666e+00,6.000103845421985715e-01,1.019388994215173927e+00,1.038777959414634466e+00,6.000106290273032883e-01,5.712720753416598321e-16,9.927956977333988617e-17,-3.240398478183207333e-09,-1.396566969684459619e-07
6.195291502185024513e+01,3.264832022873481066e+01,1.019752456525109929e+00,1.039895073025924432e+00,6.000094693288899883e-01,1.019752501344976192e+00,1.039895300070024176e+00,6.000108044257265183e-01,1.019369594443672034e+00,1.038739651166546318e+00,6.000014192882590081e-01,1.019369870115386156e+00,1.038739725676333103e+00,6.000099586213974989e-01,6.692101603841392223e-17,3.435313466776481647e-17,-3.175895600885660221e-09,-1.367755499973342703e-07
6.201395237655157189e+01,3.268048606147247881e+01,1.019732634814741301e+00,1.039854647007141475e+00,6.000095681391851565e-01,1.019732692638971372e+00,1.039854898010246886e+00,6.000112923748066596e-01,1.019350571574501707e+00,1.038701574392759452e+00,6.000027120400983627e-01,1.019350820367190602e+00,1.038701616131885830e+00,6.000104263490818601e-01,-4.463760236054766331e-16,-3.997453919579329877e-17,-3.113513643728802833e-09,-1.339930532072101541e-07
6.207498973125289865e+01,3.271265189421014696e+01,1.019712846485479885e+00,1.039814289726636698e+00,6.000094768725443561e-01,1.019712900081689355e+00,1.039814529226183115e+00,6.000110766697435150e-01,1.019331839302149323e+00,1.038663910115644962e+00,6.000118630835771238e-01,1.019331790912196389e+00,1.038663558651941488e+00,6.000103611806573145e-01,-9.593651031895119023e-16,-1.179719448727139816e-16,-3.051622769313119547e-09,-1.312333576005262352e-07
6.213602708595423962e+01,3.274481772694782222e+01,1.019693096554719514e+00,1.039774011514664087e+00,6.000093484327623239e-01,1.019693165811698110e+00,1.039774280547665963e+00,6.000114178022405431e-01,1.019313032736561153e+00,1.038626171545294907e+00,6.000175626154411468e-01,1.019312790995843487e+00,1.038625565465645328e+00,6.000100522115527912e-01,-1.463459135130896950e-15,-1.955575714655506809e-16,-2.991504411687382956e-09,-1.285559607127544457e-07
6.219706444065556639e+01,3.277698355968549038e+01,1.019673396884551053e+00,1.039733836792970045e+00,6.000095410616832492e-01,1.019673456523469968e+00,1.039734083342117144e+00,6.000113248669891597e-01,1.019294151877736754e+00,1.038588358681708401e+00,6.000198038336964634e-01,1.019293855564603390e+00,1.038587683118522786e+00,6.000105889301678985e-01,-1.932067967672530809e-15,-2.595237480944819202e-16,-2.932122792977510465e-09,-1.259127105994251303e-07
6.225810179535689315e+01,3.280914939242315853e+01,1.019653730269295400e+00,1.039693730131477922e+00,6.000095441425603582e-01,1.019653796273598978e+00,1.039693987176266932e+00,6.000115203506826145e-01,1.019275196725676569e+00,1.038550471524886332e+00,6.000185799363491057e-01,1.019274905306566392e+00,1.038549805769152679e+00,6.000095083360394987e-01,-2.366198737548277797e-15,-3.091424388224780600e-16,-2.874187367879159830e-09,-1.233364894511599899e-07
6.231913915005821991e+01,3.284131522516082669e+01,1.019634096662846323e+00,1.039653691434351490e+00,6.000093592506680062e-01,1.019634169739630725e+00,1.039653960474170358e+00,6.000115494424616003e-01,1.019256167280380154e+00,1.038512510074827810e+00,6.000138841214054386e-01,1.019256063283105807e+00,1.038512097438433868e+00,6.000106436110993480e-01,-2.762409051973465745e-15,-3.431104182991554334e-16,-2.817216177241338036e-09,-1.208048807657978457e-07
6.238017650475956088e+01,3.287348105789850194e+01,1.019614512011538743e+00,1.039613753531413831e+00,6.000094677549404620e-01,1.019614583096984495e+00,1.039614015958838067e+00,6.000116004327400443e-01,1.019237063541847732e+00,1.038474474331533504e+00,6.000057095868713830e-01,1.019237191232089446e+00,1.038474373701902431e+00,6.000096922567751401e-01,-3.092324312311916764e-15,-3.514897610091787238e-16,-2.761385830654764687e-09,-1.183260557808715590e-07
6.244121385946088765e+01,3.290564689063617010e+01,1.019594965999826908e+00,1.039573895180718965e+00,6.000095642705748356e-01,1.019595038806552001e+00,1.039574158693874040e+00,6.000117508106518338e-01,1.019218161041102633e+00,1.038436731783879630e+00,6.000026517765240097e-01,1.019218413283821345e+00,1.038436799986080850e+00,6.000105269472978398e-01,-3.367015482530240645e-15,-3.428668720903058374e-16,-2.706730015517851029e-09,-1.159014783032488729e-07
6.250225121416221441e+01,3.293781272337383825e+01,1.019575452675655303e+00,1.039534104126645042e+00,6.000094733322177687e-01,1.019575525361210655e+00,1.039534364973299319e+00,6.000116584507720896e-01,1.019199702924242557e+00,1.038399606378766826e+00,6.000123277041480296e-01,1.019199633977225794e+00,1.038399248954207765e+00,6.000101730322652260e-01,-3.596247650583242379e-15,-3.232297448880266919e-16,-2.652929610911755259e-09,-1.135164092517578029e-07
6.256328856886354117e+01,3.296997855611150641e+01,1.019555977060659480e+00,1.039494390706145355e+00,6.000093489811986203e-01,1.019556062807623897e+00,1.039494676087806768e+00,6.000119293758993111e-01,1.019181172064808294e+00,1.038362408231079836e+00,6.000186014898128972e-01,1.019180904788438147e+00,1.038361789147810743e+00,6.000102406454735915e-01,-3.774427775023872199e-15,-2.946093792388369695e-16,-2.600497754401462751e-09,-1.111944389717549723e-07
6.262432592356486794e+01,3.300214438884917456e+01,1.019536550555445675e+00,1.039454778386138534e+00,6.000095380297481018e-01,1.019536622152618754e+00,1.039455032312560645e+00,6.000116947971628756e-01,1.019162568462799623e+00,1.038325137340818438e+00,6.000214664734971892e-01,1.019162217621945921e+00,1.038324409725396302e+00,6.000104808875075246e-01,-3.893897750935959046e-15,-2.662940320895147468e-16,-2.548654780358458384e-09,-1.088996199189182082e-07
6.268536327826620891e+01,3.303431022158684982e+01,1.019517156420594262e+00,1.039415232703567282e+00,6.000095401430274311e-01,1.019517240833186955e+00,1.039415510757454753e+00,6.000120855327031322e-01,1.019143892118216765e+00,1.038287793707982853e+00,6.000209159951795934e-01,1.019143537024165935e+00,1.038287063321802872e+00,6.000097863953913757e-01,-3.978901045137863537e-15,-2.438210432507715902e-16,-2.498358966873509375e-09,-1.066760116759292433e-07
6.274640063296753567e+01,3.306647605432451797e+01,1.019497794611269992e+00,1.039375753565256577e+00,6.000093568640564312e-01,1.019497872564476548e+00,1.039376016084384791e+00,6.000117098546545735e-01,1.019125143031059721e+00,1.038250377332573082e+00,6.000169433948386866e-01,1.019124941398353634e+00,1.038249854422456542e+00,6.000106175315647050e-01,-4.030703217482807973e-15,-2.287820682818135320e-16,-2.448403447755268605e-09,-1.044680660849603103e-07
6.280743798766886243e+01,3.309864188706218613e+01,1.019478480851340407e+00,1.039336373336609221e+00,6.000094661845785105e-01,1.019478571980472204e+00,1.039336660819076164e+00,6.000122196659977147e-01,1.019106321201328269e+00,1.038212888214588903e+00,6.000095420124527124e-01,1.019106316463290751e+00,1.038212630570670925e+00,6.000093932204553226e-01,-4.036179259527708363e-15,-2.286598939011070178e-16,-2.400159133318994962e-09,-1.023387464980614801e-07
6.286847534237018920e+01,3.313080771979985428e+01,1.019459204826003162e+00,1.039297070781535659e+00,6.000095604583358666e-01,1.019459280050198036e+00,1.039297323376907389e+00,6.000118356644483786e-01,1.019087539717915103e+00,1.038175477187130546e+00,6.000022600511294435e-01,1.019087804543980624e+00,1.038175581464017672e+00,6.000105846566153867e-01,-4.003752522114080140e-15,-2.385083001776814178e-16,-2.352130252291417993e-09,-1.002193172186396954e-07
6.292951269707153017e+01,3.316297355253752954e+01,1.019439960813773194e+00,1.039257834121509516e+00,6.000094698487056233e-01,1.019440055353544095e+00,1.039258124403564354e+00,6.000123321514784225e-01,1.019069349909550004e+00,1.038138879300434692e+00,6.000124486289600823e-01,1.019069270503425662e+00,1.038138526857987909e+00,6.000099501346112252e-01,-3.936823794889983929e-15,-2.540034350628959869e-16,-2.305749430097275167e-09,-9.817548322080573562e-08
6.299055005177285693e+01,3.319513938527519770e+01,1.019420753838925275e+00,1.039218673696902906e+00,6.000093494895029078e-01,1.019420843568396462e+00,1.039218952019824949e+00,6.000120688922576662e-01,1.019051088866654409e+00,1.038102210179208340e+00,6.000192833978851281e-01,1.019050806301738277e+00,1.038101589280244541e+00,6.000103839381403237e-01,-3.827343175350992425e-15,-2.728732878204885817e-16,-2.259675454728803373e-09,-9.614570015848577030e-08
6.305158740647419080e+01,3.322730521801286585e+01,1.019401594856212956e+00,1.039179612052413271e+00,6.000095350420047158e-01,1.019401690063241883e+00,1.039179899656312633e+00,6.000124233558643549e-01,1.019032756589228761e+00,1.038065469823452158e+00,6.000227578359537128e-01,1.019032362567537486e+00,1.038064702854091692e+00,6.000103359893995680e-01,-3.653642233834946648e-15,-2.845703342785543058e-16,-2.214986525418245005e-09,-9.417934024809544896e-08
6.311262476117551756e+01,3.325947105075053400e+01,1.019382467578112461e+00,1.039140615661996669e+00,6.000095362192042758e-01,1.019382557933343314e+00,1.039140891309354942e+00,6.000122800996717798e-01,1.019014353077272839e+00,1.038028658233165480e+00,6.000228654212149682e-01,1.019013945919872599e+00,1.038027876312733522e+00,6.000100170351030382e-01,-3.433571906555883726e-15,-2.855725079909720549e-16,-2.170790087151160497e-09,-9.223549407019966574e-08
6.317366211587684433e+01,3.329163688348820216e+01,1.019363371961009346e+00,1.039101684435041584e+00,6.000093545325249078e-01,1.019363475227121452e+00,1.039101984737082374e+00,6.000124936371540318e-01,1.018995878330786864e+00,1.037991775408348749e+00,6.000195996317178038e-01,1.018995591908602005e+00,1.037991157009092946e+00,6.000105524625505282e-01,-3.166317571779419136e-15,-2.740723685148732051e-16,-2.127732382282652780e-09,-9.034370394379533043e-08
6.323469947057818530e+01,3.332380271622587742e+01,1.019344323510906536e+00,1.039062850282284067e+00,6.000094646432432288e-01,1.019344422266443839e+00,1.039063139413487491e+00,6.000124696472800556e-01,1.018977332349770615e+00,1.037954821349001966e+00,6.000129539455116845e-01,1.018977222651917591e+00,1.037954441014411033e+00,6.000094855901311197e-01,-2.827848379928951130e-15,-2.390077006122841858e-16,-2.085339085725709659e-09,-8.848223552382649924e-08
6.329573682527951206e+01,3.335596854896354557e+01,1.019325311916589261e+00,1.039024091979313669e+00,6.000095567326423351e-01,1.019325409969399132e+00,1.039024377819869782e+00,6.000125433449370327e-01,1.018958715134224091e+00,1.037917796055124686e+00,6.000029218406451870e-01,1.018958957784837915e+00,1.037917887784350457e+00,6.000106012153398893e-01,-2.439349768109744248e-15,-1.860836169811089881e-16,-2.043854068253090772e-09,-8.666221837904035718e-08
6.335677417998083882e+01,3.338813438170121373e+01,1.019306331679344479e+00,1.038985398208434718e+00,6.000094664558767166e-01,1.019306435695729096e+00,1.038985694514368507e+00,6.000126378873197330e-01,1.018940745228766431e+00,1.037881657669761815e+00,6.000122591297550878e-01,1.018940664253689343e+00,1.037881319844074168e+00,6.000096939699126608e-01,-2.013497581852524388e-15,-1.205785385470435385e-16,-2.003192380585733872e-09,-8.487971284379474416e-08
6.341781153468216559e+01,3.342030021443888188e+01,1.019287387824547642e+00,1.038946779310311763e+00,6.000093499950354126e-01,1.019287493420893975e+00,1.038947077092774895e+00,6.000125728206074927e-01,1.018922748266884559e+00,1.037845506483759284e+00,6.000196416537560973e-01,1.018922459459662422e+00,1.037844893652369871e+00,6.000104838927656781e-01,-1.550253905731390597e-15,-4.345960798289053313e-17,-1.963223571829258381e-09,-8.312877546385911156e-08
6.347884888938350656e+01,3.345246604717655714e+01,1.019268490876103161e+00,1.038908256938746888e+00,6.000095321298883899e-01,1.019268597355799111e+00,1.038908554808171125e+00,6.000127851639163179e-01,1.018904681537325940e+00,1.037809285530079784e+00,6.000237113049131654e-01,1.018904254449381153e+00,1.037808490553074003e+00,6.000101557793604545e-01,-1.060189592206253296e-15,3.655101165722514187e-17,-1.924224716166252092e-09,-8.142195647670729587e-08
6.353988624408483332e+01,3.348463187991422529e+01,1.019249624984599922e+00,1.038869798475863915e+00,6.000095323955852988e-01,1.019249724718970684e+00,1.038870080757872572e+00,6.000125823976008022e-01,1.018886545040090796e+00,1.037772994808723759e+00,6.000244616955745514e-01,1.018886096201646385e+00,1.037772173096704220e+00,6.000102021237260219e-01,-5.652130000712387943e-16,1.113207565233495130e-16,-1.885717625208066164e-09,-7.973750544585205756e-08
6.360092359878616008e+01,3.351679771265189345e+01,1.019230790107604090e+00,1.038831403833528011e+00,6.000093522728517925e-01,1.019230906387766700e+00,1.038831718504965806e+00,6.000129118133457062e-01,1.018868338775179128e+00,1.037736634319691431e+00,6.000218864380887362e-01,1.018867979144278291e+00,1.037735933809087685e+00,6.000104500093661475e-01,-7.011673742077887944e-17,1.783957789651287493e-16,-1.848315477789480384e-09,-7.810322970434330378e-08
6.366196095348748685e+01,3.354896354538956160e+01,1.019212001537728618e+00,1.038793104477294449e+00,6.000094631381497345e-01,1.019212103007485437e+00,1.038793387031083704e+00,6.000125724016909246e-01,1.018850062742590934e+00,1.037700204062982356e+00,6.000159791448038682e-01,1.018849867284470578e+00,1.037699724611855778e+00,6.000097575211936762e-01,4.083905883842121089e-16,2.261459597305610319e-16,-1.811217533216270371e-09,-7.648276775986554025e-08
6.372299830818882782e+01,3.358112937812723686e+01,1.019193248970096777e+00,1.038754879199991654e+00,6.000095530882033623e-01,1.019193361939201958e+00,1.038755183828593109e+00,6.000130181642527871e-01,1.018831716942325993e+00,1.037663704038596535e+00,6.000067334280686504e-01,1.018831837616590574e+00,1.037663648114770298e+00,6.000105782910414298e-01,8.631211976565126586e-16,2.563530469206001619e-16,-1.775348524291605027e-09,-7.491801972174819716e-08
6.378403566289015458e+01,3.361329521086490502e+01,1.019174527121285534e+00,1.038716717129132494e+00,6.000094631376072796e-01,1.019174629164783852e+00,1.038716997699076439e+00,6.000125962081438447e-01,1.018813854683559228e+00,1.037627872067892421e+00,6.000117890462850490e-01,1.018813779959935051e+00,1.037627557333800965e+00,6.000094059591304374e-01,1.295424390841206612e-15,2.728141597309019734e-16,-1.739642042239826625e-09,-7.336063740172363709e-08
6.384507301759148135e+01,3.364546104360257317e+01,1.019155841016337716e+00,1.038678628602741405e+00,6.000093504747193718e-01,1.019155963164076084e+00,1.038678949016536679e+00,6.000131045378742645e-01,1.018796116217529191e+00,1.037592228022072849e+00,6.000197061776399998e-01,1.018795829149550913e+00,1.037591631983550311e+00,6.000105422396292409e-01,1.699149201262146442e-15,2.746988667304500286e-16,-1.705212026489627350e-09,-7.186102904412394143e-08
6.390611037229280811e+01,3.367762687634024132e+01,1.019137200762807227e+00,1.038640634413920738e+00,6.000095292612737108e-01,1.019137307095014489e+00,1.038640920775966592e+00,6.000128004971742035e-01,1.018778309410859118e+00,1.037556515635613241e+00,6.000243569077104988e-01,1.018777858274964032e+00,1.037555702792376522e+00,6.000099417375609478e-01,2.066200316303536115e-15,2.671590770379550021e-16,-1.670966026792260345e-09,-7.036973584519420321e-08
6.396714772699413487e+01,3.370979270907790948e+01,1.019118590936097579e+00,1.038602702825150992e+00,6.000095286349311774e-01,1.019118709222707198e+00,1.038603012319798902e+00,6.000131712482876800e-01,1.018760434263549008e+00,1.037520734908513376e+00,6.000257349794986261e-01,1.018759953031373788e+00,1.037519883939535870e+00,6.000103434546761871e-01,2.410695664331501418e-15,2.595750388190061258e-16,-1.637798311292647746e-09,-6.892716722250469207e-08
6.402818508169548295e+01,3.374195854181558474e+01,1.019100011494921132e+00,1.038564833750695859e+00,6.000093500467077456e-01,1.019100129396323329e+00,1.038565141004555992e+00,6.000129843946482300e-01,1.018742490775598863e+00,1.037484885840773696e+00,6.000238341360067951e-01,1.018742068385861899e+00,1.037484115335995272e+00,6.000103117118761320e-01,2.733288467386320575e-15,2.542278084722420669e-16,-1.604954658115716481e-09,-6.749921832114486352e-08
6.408922243639680971e+01,3.377412437455325289e+01,1.019081477522906676e+00,1.038527058220204191e+00,6.000094616346243193e-01,1.019081599281704387e+00,1.038527372002775895e+00,6.000132186025715075e-01,1.018724478947008683e+00,1.037448968432393981e+00,6.000186481202368638e-01,1.018724208555211064e+00,1.037448402517417767e+00,6.000099835202000742e-01,3.025120100100216613e-15,2.600783574770906685e-16,-1.573003711268709596e-09,-6.611154290071525799e-08
6.415025979109813647e+01,3.380629020729092105e+01,1.019062978724074364e+00,1.038489355048951568e+00,6.000095494945189012e-01,1.019063095238924799e+00,1.038489656656913063e+00,6.000131482107861070e-01,1.018706398777778688e+00,1.037412982683374452e+00,6.000101706751913566e-01,1.018706409590160344e+00,1.037412793507231923e+00,6.000105174837412347e-01,3.291753300008162434e-15,2.777076835960550301e-16,-1.541506518393484134e-09,-6.474430510013713024e-08
6.421129714579946324e+01,3.383845604002858920e+01,1.019044510023065619e+00,1.038451713794604769e+00,6.000094598711596117e-01,1.019044632513915305e+00,1.038452026343135159e+00,6.000132469010742708e-01,1.018688644890209716e+00,1.037377454820523681e+00,6.000110651487917668e-01,1.018688595019112242e+00,1.037377186262378403e+00,6.000094640048592165e-01,3.534283433192591166e-15,3.045679027369390764e-16,-1.510728419483999157e-09,-6.340945614907496181e-08
6.427233450050080421e+01,3.387062187276626446e+01,1.019026076443231510e+00,1.038414144789771676e+00,6.000093509185079332e-01,1.019026203799239694e+00,1.038414466018305005e+00,6.000132922491300258e-01,1.018671159481474575e+00,1.037342307407434383e+00,6.000195038527653679e-01,1.018670881190247623e+00,1.037341735859078851e+00,6.000105606393496549e-01,3.745692776264101306e-15,3.411997552229572834e-16,-1.480523965910895585e-09,-6.210040343099352425e-08
6.433337185520213097e+01,3.390278770550393261e+01,1.019007687689697850e+00,1.038376667995871472e+00,6.000095264351181790e-01,1.019007808098370216e+00,1.038376973631693900e+00,6.000132564375439959e-01,1.018653607120640014e+00,1.037307093042245665e+00,6.000247216664922334e-01,1.018653139979485367e+00,1.037306271399909496e+00,6.000096952836856401e-01,3.904680175905348982e-15,3.816287868380374512e-16,-1.450876349436927748e-09,-6.081639109697972273e-08
6.439440920990345774e+01,3.393495353824160077e+01,1.018989328749816625e+00,1.038339252528893253e+00,6.000095249463121005e-01,1.018989454259839667e+00,1.038339567387075668e+00,6.000134168066897367e-01,1.018635987807706256e+00,1.037271811724957526e+00,6.000267124601037505e-01,1.018635482493325251e+00,1.037270940954850174e+00,6.000104427495893678e-01,4.020585989207280039e-15,4.180863370885479745e-16,-1.421912998044595313e-09,-5.956310035547701110e-08
6.445544656460478450e+01,3.396711937097926892e+01,1.018970999583401316e+00,1.038301898305411086e+00,6.000093478739784159e-01,1.018971125220230256e+00,1.038302212172298233e+00,6.000132474993798981e-01,1.018618301542673077e+00,1.037236463455570190e+00,6.000254701037313065e-01,1.018617825832485391e+00,1.037235633943232926e+00,6.000101390474433805e-01,4.090399221056584231e-15,4.480746826693271658e-16,-1.393354999915664070e-09,-5.832800884423678610e-08
6.451648391930611126e+01,3.399928520371693708e+01,1.018952715069326942e+00,1.038264635928130675e+00,6.000094601613713552e-01,1.018952845809395269e+00,1.038264959074527649e+00,6.000135221741511593e-01,1.018600548325540478e+00,1.037201048234083212e+00,6.000209884675062888e-01,1.018600212811369810e+00,1.037200407368095600e+00,6.000101653702049065e-01,4.080331364504852847e-15,4.592674024394869143e-16,-1.365583119069129604e-09,-5.712815577958870342e-08
6.457752127400745223e+01,3.403145103645461234e+01,1.018934464922914840e+00,1.038227444239678610e+00,6.000095459838937773e-01,1.018934583070733702e+00,1.038227740281703948e+00,6.000132203677918108e-01,1.018582728156308681e+00,1.037165566060497257e+00,6.000132614215604177e-01,1.018582640166166842e+00,1.037165256835745009e+00,6.000104203289354787e-01,4.003531424916018199e-15,4.510065038962550529e-16,-1.338075324612609558e-09,-5.594014063576824769e-08
6.463855862870877900e+01,3.406361686919228049e+01,1.018916244269921778e+00,1.038190313213397831e+00,6.000094566911261529e-01,1.018916377642622439e+00,1.038190639404801496e+00,6.000136086360516874e-01,1.018565083262741755e+00,1.037130339951056746e+00,6.000101114627930388e-01,1.018565071461091431e+00,1.037130133682507394e+00,6.000097300419605650e-01,3.870037968653604984e-15,4.261635021486536956e-16,-1.311447212618284135e-09,-5.479149581160552263e-08
6.469959598341010576e+01,3.409578270192994864e+01,1.018898058130700335e+00,1.038153253173833335e+00,6.000093513626398867e-01,1.018898180847143342e+00,1.038153556289458823e+00,6.000131753179706040e-01,1.018547845615576097e+00,1.037095678942391963e+00,6.000190588452191109e-01,1.018547582301436494e+00,1.037095138668691963e+00,6.000105406859915780e-01,3.670888504398784108e-15,3.820505425636756854e-16,-1.284951606335164436e-09,-5.364878130028957701e-08
6.476063333811143252e+01,3.412794853466761680e+01,1.018879915821325755e+00,1.038116283278624152e+00,6.000095236805594867e-01,1.018880048960231210e+00,1.038116606714760026e+00,6.000136764709819159e-01,1.018530542367627412e+00,1.037060952332944153e+00,6.000248299131261120e-01,1.018530066395337164e+00,1.037060130000284630e+00,6.000094177796467809e-01,3.398719592876013912e-15,3.205606622073262494e-16,-1.259421418643555418e-09,-5.254920634956315435e-08
6.482167069281277350e+01,3.416011436740529206e+01,1.018861802728750598e+00,1.038079373471444855e+00,6.000095213508427339e-01,1.018861924941201869e+00,1.038079673326279595e+00,6.000133370582573233e-01,1.018513173518895254e+00,1.037026160122712648e+00,6.000274186603660187e-01,1.018512651563855398e+00,1.037025278043303578e+00,6.000105016615128184e-01,3.087133436482334236e-15,2.537634002140080879e-16,-1.234004935576383628e-09,-5.145470503358988738e-08
6.488270804751410026e+01,3.419228020014296021e+01,1.018843718813854826e+00,1.038042523671104167e+00,6.000093457670764296e-01,1.018843858968872640e+00,1.038042859353871528e+00,6.000137259517254185e-01,1.018495739069380068e+00,1.036991302311698337e+00,6.000268190807918067e-01,1.018495218571775052e+00,1.036990423763619162e+00,6.000099334337226642e-01,2.740166689425317904e-15,1.843073329212664093e-16,-1.209425014717194448e-09,-5.039752691933067700e-08
6.494374540221542702e+01,3.422444603288062837e+01,1.018825678754883723e+00,1.038005764062094327e+00,6.000094587207622787e-01,1.018825807968460895e+00,1.038006076180469472e+00,6.000135009009180953e-01,1.018478239019081411e+00,1.036956378899900555e+00,6.000230251682558968e-01,1.018477847283602022e+00,1.036955673570707281e+00,6.000103047836319314e-01,2.356288923445134716e-15,1.214118946787734124e-16,-1.185054163054120269e-09,-4.934966191301093390e-08
6.500478275691675378e+01,3.425661186561829652e+01,1.018807672280787502e+00,1.037969073519078300e+00,6.000095425463820575e-01,1.018807806881087963e+00,1.037969395684094298e+00,6.000137573454362716e-01,1.018460673367999725e+00,1.036921389887319522e+00,6.000160309166108208e-01,1.018460496685118954e+00,1.036920972736609992e+00,6.000102883004697629e-01,1.957578266477554686e-15,7.054318398663532273e-17,-1.161380301532406128e-09,-4.833284473458671291e-08
6.506582011161809476e+01,3.428877769835597178e+01,1.018789694711767835e+00,1.037932442417159429e+00,6.000094535771646198e-01,1.018789828465461289e+00,1.037932761823418426e+00,6.000136459466594019e-01,1.018443137995667991e+00,1.036886463134463421e+00,6.000089495599423284e-01,1.018443168795431175e+00,1.036886323871840210e+00,6.000099515658688931e-01,1.550101279295235267e-15,3.110024303586343421e-17,-1.138013182849763337e-09,-4.732967044852585758e-08
6.512685746631942152e+01,3.432094353109363993e+01,1.018771751063966224e+00,1.037895881070344251e+00,6.000093517804038212e-01,1.018771891915257077e+00,1.037896214079763180e+00,6.000137709137921549e-01,1.018426142953411828e+00,1.036852278572807595e+00,6.000183928904395669e-01,1.018425900074184209e+00,1.036851775547502852e+00,6.000104839100174337e-01,1.137205850816621662e-15,6.374418448925964876e-18,-1.115212492457713914e-09,-4.635168899247049305e-08
6.518789482102074828e+01,3.435310936383130809e+01,1.018753850277346551e+00,1.037859407859408334e+00,6.000095209632904103e-01,1.018753985653928051e+00,1.037859728636548740e+00,6.000137724607107481e-01,1.018409083625687162e+00,1.036818029725683266e+00,6.000247035713369703e-01,1.018408615438638254e+00,1.036817227577365497e+00,6.000094435072860222e-01,7.231904989066169260e-16,-3.295429607878539598e-18,-1.092808842209073378e-09,-4.539133935670257908e-08
6.524893217572207504e+01,3.438527519656897624e+01,1.018735978126532826e+00,1.037822993530789439e+00,6.000095178105672167e-01,1.018736113295548362e+00,1.037823312927475428e+00,6.000137669131646589e-01,1.018391960012494213e+00,1.036783716593090654e+00,6.000278757169119626e-01,1.018391428082287886e+00,1.036782830834200420e+00,6.000105217779352351e-01,3.086755925883563888e-16,-7.753970041142507147e-18,-1.070849607007439006e-09,-4.445072537329105331e-08
6.530996953042340181e+01,3.441744102930664440e+01,1.018718134573440848e+00,1.037786638005461226e+00,6.000093436884104126e-01,1.018718278761344465e+00,1.037786975013478719e+00,6.000138807030145349e-01,1.018374772113832760e+00,1.036749339175029538e+00,6.000279034414421897e-01,1.018374214550867629e+00,1.036748420651274039e+00,6.000096962313168358e-01,-1.064712612726253341e-16,-9.160200371636604865e-18,-1.049370732655634210e-09,-4.353141065088451469e-08
6.537100688512474278e+01,3.444960686204431966e+01,1.018700334099746474e+00,1.037750371058240972e+00,6.000094572801842885e-01,1.018700470251868273e+00,1.037750690625981020e+00,6.000137455947676113e-01,1.018357519929702804e+00,1.036714897471499919e+00,6.000247808592054088e-01,1.018357080057211705e+00,1.036714137244178602e+00,6.000104034053851398e-01,-5.240911494705252304e-16,-1.506664352565766315e-17,-1.028222368094437467e-09,-4.262675077451169512e-08
6.543204423982606954e+01,3.448177269478198781e+01,1.018682566450182403e+00,1.037714171600201407e+00,6.000095391549065127e-01,1.018682707020901912e+00,1.037714499359912779e+00,6.000139709283781597e-01,1.018340203460104343e+00,1.036680391482502017e+00,6.000185020844791550e-01,1.018339947338770868e+00,1.036679877550992890e+00,6.000101228132673770e-01,-9.437132061529351225e-16,-3.126507570741450502e-17,-1.007631089509171145e-09,-4.174675450383393518e-08
6.549308159452739631e+01,3.451393852751965596e+01,1.018664827132945039e+00,1.037678030394783235e+00,6.000094505109401233e-01,1.018664962019810938e+00,1.037678345586069639e+00,6.000137072047730946e-01,1.018322822705037600e+00,1.036645821208035612e+00,6.000090612315409633e-01,1.018322855351164735e+00,1.036645693434403714e+00,6.000101302792744118e-01,-1.363506635633281124e-15,-5.756869192539284683e-17,-9.872641029358730895e-10,-4.087668820803034802e-08
6.555411894922872307e+01,3.454610436025732412e+01,1.018647121158812840e+00,1.037641957743109522e+00,6.000093521664804364e-01,1.018647269671450362e+00,1.037642300093529535e+00,6.000140433866136824e-01,1.018306020587796512e+00,1.036612043842718212e+00,6.000175255497214311e-01,1.018305802942628180e+00,1.036611583319234420e+00,6.000103917810934995e-01,-1.781575743898431898e-15,-9.727596334914190825e-17,-9.675246949771217478e-10,-4.003436426678682733e-08
6.561515630393006404e+01,3.457827019299499938e+01,1.018629457104062830e+00,1.037605971274965677e+00,6.000095182872613453e-01,1.018629587840609974e+00,1.037606276230462976e+00,6.000136519845004068e-01,1.018289200124131488e+00,1.036578263028501201e+00,6.000243624093708483e-01,1.018288753320746531e+00,1.036577498071250547e+00,6.000097038724048204e-01,-2.186319361056150363e-15,-1.508841609470944602e-16,-9.479106474867025824e-10,-3.919758193336690625e-08
6.567619365863139080e+01,3.461043602573266753e+01,1.018611821119441707e+00,1.037570042515478796e+00,6.000095143392842889e-01,1.018611965957449073e+00,1.037570375643875220e+00,6.000140983226696090e-01,1.018272316655488563e+00,1.036544419209306511e+00,6.000281036288512837e-01,1.018271780722932007e+00,1.036543536629380036e+00,6.000105046236666739e-01,-2.572903831481027342e-15,-2.090319357011487068e-16,-9.289887846969341342e-10,-3.839135170838509421e-08
6.573723101333271757e+01,3.464260185847033569e+01,1.018594213167860474e+00,1.037534171387709536e+00,6.000093416618310638e-01,1.018594351624228400e+00,1.037534490582451063e+00,6.000137278966449772e-01,1.018255370181867958e+00,1.036510512385133920e+00,6.000287434396770481e-01,1.018254782548556170e+00,1.036509562125784711e+00,6.000094287462988119e-01,-2.937337763137010041e-15,-2.694469651493149259e-16,-9.101524116649305133e-10,-3.758889142980903006e-08
6.579826836803404433e+01,3.467476769120800384e+01,1.018576647538321556e+00,1.037498387265048949e+00,6.000094558710524772e-01,1.018576795128918411e+00,1.037498724452253551e+00,6.000141359767857674e-01,1.018238360703269452e+00,1.036476542555983427e+00,6.000262760733622303e-01,1.018237880044493560e+00,1.036475736164073513e+00,6.000104628158030584e-01,-3.251604922465230289e-15,-3.230283014334818534e-16,-8.919629576107146931e-10,-3.681494240886039868e-08
6.585930572273537109e+01,3.470693352394567199e+01,1.018559113993366072e+00,1.037462669099100454e+00,6.000095358432725456e-01,1.018559250766752022e+00,1.037462983269857864e+00,6.000138771074495780e-01,1.018221288219693044e+00,1.036442509721855032e+00,6.000206957614211412e-01,1.018220961142588976e+00,1.036441909269727901e+00,6.000099252259261107e-01,-3.513993595236259774e-15,-3.628290837903758617e-16,-8.739049605436160888e-10,-3.604677835274828750e-08
6.592034307743671206e+01,3.473909935668334725e+01,1.018541608222982564e+00,1.037427008028729780e+00,6.000094475270796313e-01,1.018541756441390334e+00,1.037427344971620702e+00,6.000141565845825697e-01,1.018204152731138956e+00,1.036408413882749180e+00,6.000119967353682027e-01,1.018204100276407065e+00,1.036408180615141728e+00,6.000102678184099370e-01,-3.727449242028373978e-15,-3.885004622249491181e-16,-8.563890890574559778e-10,-3.530247135810909434e-08
6.598138043213803883e+01,3.477126518942101541e+01,1.018524135231478667e+00,1.037391414339940976e+00,6.000093525553952256e-01,1.018524281640073026e+00,1.037391746815896632e+00,6.000140085799416934e-01,1.018187448353157443e+00,1.036374913850070634e+00,6.000164744397710193e-01,1.018187260156760976e+00,1.036374500441654023e+00,6.000102657107559967e-01,-3.878096837506055123e-15,-3.947307237862293980e-16,-8.390781159779951189e-10,-3.456716782138775230e-08
6.604241778683936559e+01,3.480343102215868356e+01,1.018506703243395206e+00,1.037355904936432482e+00,6.000095156788012307e-01,1.018506849155861982e+00,1.037356235666478721e+00,6.000141603772417564e-01,1.018170861830129503e+00,1.036341591595431932e+00,6.000238242661694033e-01,1.018170440792014686e+00,1.036340868683514937e+00,6.000099210786310477e-01,-3.945957275095477833e-15,-3.763704029248662512e-16,-8.222112469721161029e-10,-3.385137869867308628e-08
6.610345514154069235e+01,3.483559685489635172e+01,1.018489298774517993e+00,1.037320452098856149e+00,6.000095109543575056e-01,1.018489443508318937e+00,1.037320779691683237e+00,6.000141225490431829e-01,1.018154213548922771e+00,1.036308207582614438e+00,6.000281204805855140e-01,1.018153678968182207e+00,1.036307334349275688e+00,6.000104516635790253e-01,-3.960565251071839956e-15,-3.449187266506023765e-16,-8.056171760645952876e-10,-3.314755888394382885e-08
6.616449249624203333e+01,3.486776268763402697e+01,1.018471921788723700e+00,1.037285055752293683e+00,6.000093396952338454e-01,1.018472072538746831e+00,1.037285395012771394e+00,6.000141475815763403e-01,1.018137503509537689e+00,1.036274761811618594e+00,6.000293574286852394e-01,1.018136900968871439e+00,1.036273799079149294e+00,6.000094240299906900e-01,-3.923576188126906227e-15,-3.022342647975502908e-16,-7.893756110842136540e-10,-3.245920564333662000e-08
6.622552985094336009e+01,3.489992852037169513e+01,1.018454586386147387e+00,1.037249744876757251e+00,6.000094544909015948e-01,1.018454735641005859e+00,1.037250080379712669e+00,6.000142192453331580e-01,1.018120731711974036e+00,1.036241254282444180e+00,6.000275294561349115e-01,1.018120216958141144e+00,1.036240409709269006e+00,6.000104845334710557e-01,-3.817739960522447190e-15,-2.518522566765989956e-16,-7.734695037654071744e-10,-3.178554929482801134e-08
6.628656720564468685e+01,3.493209435310936328e+01,1.018437282349105688e+00,1.037214498468318924e+00,6.000095325970719040e-01,1.018437425861828727e+00,1.037214821497780104e+00,6.000141184201768230e-01,1.018103898156231812e+00,1.036207684995091194e+00,6.000226309086008625e-01,1.018103507909279504e+00,1.036207007480250963e+00,6.000096968431853917e-01,-3.670317600293582168e-15,-2.045851646493050513e-16,-7.578303950123582436e-10,-3.112359054503571425e-08
6.634760456034601361e+01,3.496426018584703144e+01,1.018420005543418938e+00,1.037179308028847169e+00,6.000094446014101468e-01,1.018420157312992069e+00,1.037179647373756008e+00,6.000142988951887579e-01,1.018087002842310795e+00,1.036174053949559415e+00,6.000146561317489802e-01,1.018086873512070722e+00,1.036173725247197419e+00,6.000103657559356929e-01,-3.490707380201954658e-15,-1.627881026141657005e-16,-7.425844507368602506e-10,-3.047883166849284145e-08
6.640864191504734038e+01,3.499642601858469959e+01,1.018402760965901210e+00,1.037144183827144905e+00,6.000093529173292639e-01,1.018402908402214146e+00,1.037144513620021469e+00,6.000140731115155557e-01,1.018070396807861933e+00,1.036140829203380020e+00,6.000152554380565606e-01,1.018070241756261485e+00,1.036140466954109662e+00,6.000101070549488380e-01,-3.278007400834058165e-15,-1.309983032680607816e-16,-7.275257711543492030e-10,-2.984226511136685155e-08
6.646967926974868135e+01,3.502859185132237485e+01,1.018385556500928324e+00,1.037109142064861711e+00,6.000095131020424244e-01,1.018385707804431162e+00,1.037109479178759397e+00,6.000143617208666402e-01,1.018054039431083302e+00,1.036107956283368603e+00,6.000231052537527976e-01,1.018053648019514812e+00,1.036107279697435546e+00,6.000100967530435092e-01,-3.031779337308120484e-15,-1.145968394924074559e-16,-7.129132838926279038e-10,-2.922518979112954632e-08
6.653071662445002232e+01,3.506075768406004300e+01,1.018368379018598890e+00,1.037074155755795202e+00,6.000095076177610620e-01,1.018368519442286679e+00,1.037074469889146533e+00,6.000140118700565406e-01,1.018037621510324398e+00,1.036075022819376912e+00,6.000279426412359340e-01,1.018037093082647004e+00,1.036074164481043836e+00,6.000103643052105973e-01,-2.764162818270934258e-15,-1.066191775923577962e-16,-6.984137982759723230e-10,-2.861305077689788360e-08
6.659175397915134909e+01,3.509292351679771116e+01,1.018351228483728166e+00,1.037039224826985961e+00,6.000093377523447735e-01,1.018351386400726089e+00,1.037039574310742562e+00,6.000144079406282138e-01,1.018021143045584775e+00,1.036042028811404503e+00,6.000297620573397106e-01,1.018020539874093799e+00,1.036041071803093239e+00,6.000096789335740421e-01,-2.475228674111616435e-15,-1.057698984375342016e-16,-6.844091146055017506e-10,-2.802249507521271409e-08
6.665279133385267585e+01,3.512508934953537931e+01,1.018334118811334399e+00,1.037004377872940752e+00,6.000094531097300843e-01,1.018334260607830499e+00,1.037004693631680574e+00,6.000140100485200634e-01,1.018004604036864880e+00,1.036008974259451820e+00,6.000285579588973128e-01,1.018004061285672002e+00,1.036008098810671241e+00,6.000104700178950923e-01,-2.151980952194034914e-15,-1.082411780404340686e-16,-6.704686048751562686e-10,-2.743473737200047839e-08
6.671382868855401682e+01,3.515725518227305457e+01,1.018317039805311852e+00,1.036969593937857370e+00,6.000095293930407525e-01,1.018317192392483417e+00,1.036969931296698899e+00,6.000144377688310104e-01,1.017988004484164488e+00,1.035975859163518420e+00,6.000243248027421483e-01,1.017987558223328648e+00,1.035975113315565466e+00,6.000094389182715204e-01,-1.800157759531036842e-15,-1.050517345064368825e-16,-6.570268304565479641e-10,-2.686870314603278662e-08
6.677486604325534358e+01,3.518942101501072273e+01,1.018299987501545267e+00,1.036934864874618611e+00,6.000094417201786712e-01,1.018300133688283760e+00,1.036935188509760630e+00,6.000141486689026804e-01,1.017971344387483379e+00,1.035942683523604524e+00,6.000170570457077357e-01,1.017971145766582541e+00,1.035942268701210978e+00,6.000104256036804529e-01,-1.423050013731362883e-15,-9.415820078405130833e-17,-6.436648386085643163e-10,-2.630613902589679697e-08
6.683590339795667035e+01,3.522158684774839088e+01,1.018282966888382157e+00,1.036900200932848515e+00,6.000093532517547512e-01,1.018283125075468920e+00,1.036900548674497324e+00,6.000144514160696829e-01,1.017954837216572539e+00,1.035909731979350656e+00,6.000138828664375312e-01,1.017954718545325488e+00,1.035909424427072789e+00,6.000099171164353651e-01,-1.015411083641490673e-15,-7.051826219336679788e-17,-6.307230294429562307e-10,-2.576185055625787661e-08
6.689694075265799711e+01,3.525375268048605903e+01,1.018265985521138006e+00,1.036865617635262415e+00,6.000095105656991779e-01,1.018266133071872970e+00,1.036865942973986154e+00,6.000142704358233381e-01,1.017938704317040255e+00,1.035877299409892149e+00,6.000222199382466703e-01,1.017938345930603505e+00,1.035876672919411767e+00,6.000102324601347403e-01,-5.743363864080341226e-16,-2.742199856781794303e-17,-6.179161378115923002e-10,-2.522342187112666260e-08
6.695797810735933808e+01,3.528591851322373429e+01,1.018249030613841200e+00,1.036831088707174997e+00,6.000095043476194601e-01,1.018249183750561837e+00,1.036831424992783246e+00,6.000144490892257432e-01,1.017922512056173900e+00,1.035844807479099572e+00,6.000275849430865005e-01,1.017921994088268223e+00,1.035843969028678258e+00,6.000102439012446887e-01,-1.170283770925924865e-16,2.722039827886439596e-17,-6.054559565588340331e-10,-2.470005162978186311e-08
6.701901546206066485e+01,3.531808434596140245e+01,1.018232102132208050e+00,1.036796614077515333e+00,6.000093358604733362e-01,1.018232258062408135e+00,1.036796955579176061e+00,6.000143755600397810e-01,1.017906260433973253e+00,1.035812256186972480e+00,6.000299724460688156e-01,1.017905661186906396e+00,1.035811310240480676e+00,6.000098919718503954e-01,3.532881428648211570e-16,9.219297399966584313e-17,-5.931816717067434794e-10,-2.418474381434579558e-08
6.708005281676199161e+01,3.535025017869907060e+01,1.018215213809732012e+00,1.036762221962889141e+00,6.000094517610288225e-01,1.018215367723710907e+00,1.036762558810882418e+00,6.000144309915907970e-01,1.017889949450438314e+00,1.035779645533511317e+00,6.000293770123055204e-01,1.017889384264829111e+00,1.035778745901890341e+00,6.000104206720451305e-01,8.275792481522310513e-16,1.652449935316056700e-16,-5.811854426661620261e-10,-2.368149542755243447e-08
6.714109017146331837e+01,3.538241601143673876e+01,1.018198355473589611e+00,1.036727891459072293e+00,6.000095262657848538e-01,1.018198507968741007e+00,1.036728224890772987e+00,6.000144642486778812e-01,1.017873579105569304e+00,1.035746975518716084e+00,6.000257932069084088e-01,1.017873090948576698e+00,1.035746179448010063e+00,6.000094055105790192e-01,1.288344595195105524e-15,2.352323674148615913e-16,-5.694221598778605686e-10,-2.318833573550960478e-08
6.720212752616464513e+01,3.541458184417440691e+01,1.018181523324182214e+00,1.036693614758422033e+00,6.000094389174090992e-01,1.018181676305889960e+00,1.036693948698705015e+00,6.000143973229313810e-01,1.017857149399366223e+00,1.035714246142586559e+00,6.000192155949890527e-01,1.017856888491562861e+00,1.035713753836545736e+00,6.000104488152531168e-01,1.730638313852269272e-15,2.989573557100059880e-16,-5.578728455757901001e-10,-2.270444282806919772e-08
6.726316488086598611e+01,3.544674767691208217e+01,1.018164722340453965e+00,1.036659402089502580e+00,6.000093535908970210e-01,1.018164882104723556e+00,1.036659749484746040e+00,6.000145367053808521e-01,1.017840741532695548e+00,1.035681565681490390e+00,6.000123696553063546e-01,1.017840662068453250e+00,1.035681315913599576e+00,6.000096971470942897e-01,2.142161312709268473e-15,3.504977226487627896e-16,-5.465998146747737357e-10,-2.223249864304474227e-08
6.732420223556731287e+01,3.547891350964975032e+01,1.018147959759358567e+00,1.036625268318361659e+00,6.000095080928948832e-01,1.018148108813054842e+00,1.036625593236650378e+00,6.000143482796214123e-01,1.017824828563204553e+00,1.035649564712092463e+00,6.000211815017532091e-01,1.017824506188875544e+00,1.035648991630739424e+00,6.000103297044866446e-01,2.499701929397567456e-15,3.798304033757712175e-16,-5.354809932611643842e-10,-2.176722371991549405e-08
6.738523959026863963e+01,3.551107934238741848e+01,1.018131223128883489e+00,1.036591187861010344e+00,6.000095011572859072e-01,1.018131379789163349e+00,1.036591527947497982e+00,6.000145931303767499e-01,1.017808857384484122e+00,1.035617505533464877e+00,6.000270608411959472e-01,1.017808353740379701e+00,1.035616691465012007e+00,6.000100917518679244e-01,2.815938319725795959e-15,3.937581074503264230e-16,-5.246782857030553405e-10,-2.131560093279137236e-08
6.744627694496996639e+01,3.554324517512508663e+01,1.018114512415621009e+00,1.036557160648209130e+00,6.000093340228894734e-01,1.018114664566100114e+00,1.036557491015513088e+00,6.000142840546920375e-01,1.017792827996534033e+00,1.035585388145607855e+00,6.000300023442280972e-01,1.017792236780993953e+00,1.035584458090756721e+00,6.000100647006961774e-01,3.089666696651454840e-15,3.927164971239888964e-16,-5.139741291299691856e-10,-2.086823430662811774e-08
6.750731429967130737e+01,3.557541100786276189e+01,1.018097841175060969e+00,1.036523214526093861e+00,6.000094504376300986e-01,1.018098000345781129e+00,1.036523558875770856e+00,6.000146337205555236e-01,1.017776740399354507e+00,1.035553212548521174e+00,6.000300006814437426e-01,1.017776157859910491e+00,1.035552294871780799e+00,6.000103378447784186e-01,3.297682827802317785e-15,3.736893480098606558e-16,-5.036226063256581445e-10,-2.043607575508126659e-08
6.756835165437263413e+01,3.560757684060043005e+01,1.018081199259317060e+00,1.036489328645314290e+00,6.000095231967498277e-01,1.018081343088490520e+00,1.036489641042519727e+00,6.000142112811012174e-01,1.017760594592945322e+00,1.035520978742204834e+00,6.000270505234366336e-01,1.017760079695934516e+00,1.035520152031002672e+00,6.000096551522948740e-01,3.460634017686018584e-15,3.488452195798029456e-16,-4.933191825322831392e-10,-2.000599149547578151e-08
6.762938900907396089e+01,3.563974267333809820e+01,1.018064583027971981e+00,1.036455495526594328e+00,6.000094361655358144e-01,1.018064743103167968e+00,1.036455840876554069e+00,6.000146586695642714e-01,1.017744390577306479e+00,1.035488686726659058e+00,6.000211465408009648e-01,1.017744073858423359e+00,1.035488124954361044e+00,6.000104367885266132e-01,3.586490760800716980e-15,3.223537402098670949e-16,-4.833991421058714557e-10,-1.959241847740716670e-08
6.769042636377528765e+01,3.567190850607576635e+01,1.018047997449707864e+00,1.036421725375690661e+00,6.000093539024934364e-01,1.018048150206842140e+00,1.036422055274450971e+00,6.000143423129772335e-01,1.017728128352437977e+00,1.035456336501883401e+00,6.000122834041307085e-01,1.017728044587150160e+00,1.035456085902627610e+00,6.000094483501047238e-01,3.671263029271580699e-15,2.985187752753847756e-16,-4.735250450721554507e-10,-1.918082137607077080e-08
6.775146371847661442e+01,3.570407433881343451e+01,1.018031449453479231e+00,1.036388032423493089e+00,6.000095056467938948e-01,1.018031607394743077e+00,1.036388372566992233e+00,6.000146681678858451e-01,1.017712384912605517e+00,1.035424697306404074e+00,6.000200018870457397e-01,1.017712101171024175e+00,1.035424180541204109e+00,6.000103899333185664e-01,3.711851189660995249e-15,2.858619772746854630e-16,-4.639755411232177688e-10,-1.878318425613200586e-08
6.781250107317795539e+01,3.573624017155110977e+01,1.018014926911573026e+00,1.036354391756571625e+00,6.000094980092463004e-01,1.018015078491988357e+00,1.036354718433910360e+00,6.000144572421288736e-01,1.017696630357539211e+00,1.035393062326377622e+00,6.000263825561276132e-01,1.017696144504669720e+00,1.035392276685534130e+00,6.000099091070166812e-01,3.723640546984732817e-15,2.821154096804363670e-16,-4.545133098856447882e-10,-1.838929536307790161e-08
6.787353842787928215e+01,3.576840600428877792e+01,1.017998429791432624e+00,1.036320803307463345e+00,6.000093322052453271e-01,1.017998592558711834e+00,1.036321152574295690e+00,6.000146624028919184e-01,1.017680818715778424e+00,1.035361370259656688e+00,6.000298642708795649e-01,1.017680239236519180e+00,1.035360460468694788e+00,6.000101986169922297e-01,3.706657669105727350e-15,2.872627580035339136e-16,-4.453206860963886832e-10,-1.800698568957916949e-08
6.793457578258060892e+01,3.580057183702644608e+01,1.017981971474010372e+00,1.036287294559105066e+00,6.000094491125990137e-01,1.017982127284877469e+00,1.036287629153874956e+00,6.000145562598144799e-01,1.017664949987323819e+00,1.035329621106242159e+00,6.000304418046707999e-01,1.017664354738989863e+00,1.035328691018770231e+00,6.000102228331437582e-01,3.642986301639524658e-15,3.027626130062694681e-16,-4.362535526635523978e-10,-1.763005824955348054e-08
6.799561313728193568e+01,3.583273766976411423e+01,1.017965541837860810e+00,1.036253844720065098e+00,6.000095201667465794e-01,1.017965697938024938e+00,1.036254179535649245e+00,6.000146415589613369e-01,1.017649024172174954e+00,1.035297814866133148e+00,6.000281099308697463e-01,1.017648487497384124e+00,1.035296963581081364e+00,6.000098641651429032e-01,3.539379495797319495e-15,3.191819785390697173e-16,-4.274046482494525343e-10,-1.726249056881879174e-08
6.805665049198327665e+01,3.586490350250178949e+01,1.017949137396581216e+00,1.036220446628705050e+00,6.000094334555178266e-01,1.017949295931178222e+00,1.036220786077243439e+00,6.000146395542874656e-01,1.017633041270331828e+00,1.035265951539329876e+00,6.000228634228453872e-01,1.017632674735841736e+00,1.035265327752445286e+00,6.000103908680040066e-01,3.398157073617148641e-15,3.330766431248496171e-16,-4.187165108026611611e-10,-1.690180872015414806e-08
6.811768784668460341e+01,3.589706933523945764e+01,1.017932763107770366e+00,1.036187110466313843e+00,6.000093541906733607e-01,1.017932922880337099e+00,1.036187452098124906e+00,6.000146058175330754e-01,1.017617001281794664e+00,1.035234031125832566e+00,6.000146970539663727e-01,1.017616845399735626e+00,1.035233688730413437e+00,6.000093878912471368e-01,3.208463752341784667e-15,3.394090307029858070e-16,-4.101986428597366003e-10,-1.654841970800874628e-08
6.817872520138593018e+01,3.592923516797712580e+01,1.017916425602329200e+00,1.036153849849307695e+00,6.000095032406369544e-01,1.017916583781239392e+00,1.036154187856747955e+00,6.000147073108543783e-01,1.017601346758964409e+00,1.035202643649465681e+00,6.000186919268714059e-01,1.017601103944569374e+00,1.035202185744416914e+00,6.000104145389140164e-01,2.954541042418843068e-15,3.277455121961801524e-16,-4.018740399608481813e-10,-1.620329722466826792e-08
6.823976255608725694e+01,3.596140100071479395e+01,1.017900113067488954e+00,1.036120640515348690e+00,6.000094949255478927e-01,1.017900266737966186e+00,1.036120968918592844e+00,6.000145553571630819e-01,1.017585804484837597e+00,1.035171424535032081e+00,6.000255612015472639e-01,1.017585339535006739e+00,1.035170670963935224e+00,6.000096971685144887e-01,2.657559874021183125e-15,3.017921782278739913e-16,-3.936749864279509552e-10,-1.586354486635780794e-08
6.830079991078859791e+01,3.599356683345246921e+01,1.017883825471509907e+00,1.036087482398686088e+00,6.000093304377076553e-01,1.017883990190048493e+00,1.036087833154867521e+00,6.000147597119303011e-01,1.017570206217919271e+00,1.035140149427807188e+00,6.000295696407018653e-01,1.017569641818099280e+00,1.035139263860225256e+00,6.000102951611135937e-01,2.318497797454330188e-15,2.612715565267306496e-16,-3.856990721977520050e-10,-1.553332395963419648e-08
6.836183726548992468e+01,3.602573266619013737e+01,1.017867576024125809e+00,1.036054402626079396e+00,6.000094478208953808e-01,1.017867728867852595e+00,1.036054728663635016e+00,6.000144903535962193e-01,1.017554551958209652e+00,1.035108818327790781e+00,6.000307121178574121e-01,1.017553948251986862e+00,1.035107881006893438e+00,6.000100768845786359e-01,1.922943739674755174e-15,2.006840812763794533e-16,-3.778070554130361710e-10,-1.520668675345195739e-08
6.842287462019125144e+01,3.605789849892780552e+01,1.017851354631758909e+00,1.036021380466894737e+00,6.000095172105508468e-01,1.017851514517192024e+00,1.036021720643741872e+00,6.000147969371231182e-01,1.017538841705708519e+00,1.035077431234982859e+00,6.000289835065358846e-01,1.017538287812912889e+00,1.035076560973030135e+00,6.000100340378861086e-01,1.497990107086556906e-15,1.316314770110970310e-16,-3.701655756448856811e-10,-1.489073691190550597e-08
6.848391197489257820e+01,3.609006433166547367e+01,1.017835157957052816e+00,1.035988409066801230e+00,6.000094308201548987e-01,1.017835308631520164e+00,1.035988730009458569e+00,6.000144109798495329e-01,1.017523075460415871e+00,1.035045988149383422e+00,6.000243786802597068e-01,1.017522664668077059e+00,1.035045309281737325e+00,6.000103123470715838e-01,1.053494297387645402e-15,5.876226071483359849e-17,-3.625692464762807860e-10,-1.457671309681009043e-08
6.854494932959390496e+01,3.612223016440314183e+01,1.017818990945732027e+00,1.035955498581041523e+00,6.000093544849259830e-01,1.017819156126816615e+00,1.035955849005083973e+00,6.000148191633081218e-01,1.017507253222331709e+00,1.035014489070992472e+00,6.000168925125509700e-01,1.017507041389018152e+00,1.035014075963547997e+00,6.000096324606792875e-01,5.943531222126640358e-16,-1.364471852532973868e-17,-3.552485156508568190e-10,-1.427442997716346637e-08
6.860598668429524594e+01,3.615439599714081709e+01,1.017802859940238225e+00,1.035922662031505848e+00,6.000095008939518859e-01,1.017803010246201900e+00,1.035922981604299187e+00,6.000144780451417414e-01,1.017491688129800620e+00,1.034983351500011972e+00,6.000172614594738718e-01,1.017491488246412112e+00,1.034982954674811717e+00,6.000104048609304908e-01,1.378554926139286318e-16,-7.453447879154477524e-17,-3.479611806022292479e-10,-1.397356816719898289e-08
6.866702403899657270e+01,3.618656182987848524e+01,1.017786753433761904e+00,1.035889875788197800e+00,6.000094919153015072e-01,1.017786914387588171e+00,1.035890216930097196e+00,6.000148265646563228e-01,1.017476353906279884e+00,1.034952540132013876e+00,6.000246068982694192e-01,1.017475912652086256e+00,1.034951821909307901e+00,6.000094570921082893e-01,-3.076440527987428235e-16,-1.236204595041499815e-16,-3.409238173493417635e-10,-1.368334116064733440e-08
6.872806139369789946e+01,3.621872766261615340e+01,1.017770671395359816e+00,1.035857139787028869e+00,6.000093287189466329e-01,1.017770829936939236e+00,1.035857475682494533e+00,6.000145882539200670e-01,1.017460964756139452e+00,1.034921673837395861e+00,6.000291288765761122e-01,1.017460418453598692e+00,1.034920816079906825e+00,6.000103557192967285e-01,-7.388663857080416851e-16,-1.597978736576319724e-16,-3.339416319435953273e-10,-1.339545852911102263e-08
6.878909874839922622e+01,3.625089349535382155e+01,1.017754626866807843e+00,1.035824480805455972e+00,6.000094465508447605e-01,1.017754788672654787e+00,1.035824823119390947e+00,6.000148193127465834e-01,1.017445520679379323e+00,1.034890752616158371e+00,6.000308223655304030e-01,1.017444912409554147e+00,1.034889812823465816e+00,6.000099011990001063e-01,-1.138384574042279805e-15,-1.750553215451725055e-16,-3.271683295991695476e-10,-1.311645084024573773e-08
6.885013610310056720e+01,3.628305932809149681e+01,1.017738609783783499e+00,1.035791878176386183e+00,6.000095143058158387e-01,1.017738765306523963e+00,1.035792207308941837e+00,6.000146831821312476e-01,1.017430021675999274e+00,1.034859776468300741e+00,6.000296823362689658e-01,1.017429454759686713e+00,1.034858892398194730e+00,6.000101662036334549e-01,-1.511620643710026623e-15,-1.787125506332886189e-16,-3.204788145807722080e-10,-1.284099837767500916e-08
6.891117345780189396e+01,3.631522516082916496e+01,1.017722616953191217e+00,1.035759325342845871e+00,6.000094282289658576e-01,1.017722778359606339e+00,1.035759666282896951e+00,6.000147975765698360e-01,1.017414467745999307e+00,1.034828745393823413e+00,6.000257037599286969e-01,1.017414017854087582e+00,1.034828017904458886e+00,6.000102024701475800e-01,-1.861990791317150764e-15,-1.749903353158318264e-16,-3.139597902476188063e-10,-1.257278009950765601e-08
6.897221081250322072e+01,3.634739099356683312e+01,1.017706653308164455e+00,1.035726832432572575e+00,6.000093547510791936e-01,1.017706815735091475e+00,1.035727175198913663e+00,6.000147630026159140e-01,1.017398858889379643e+00,1.034797659392726166e+00,6.000188816076459375e-01,1.017398596638142694e+00,1.034797182538169880e+00,6.000098375838438525e-01,-2.185348333089073013e-15,-1.664279837936383976e-16,-3.075509647570628913e-10,-1.230923158751980393e-08
6.903324816720454749e+01,3.637955682630450127e+01,1.017690724911982869e+00,1.035694411892208677e+00,6.000094985695604288e-01,1.017690882830437626e+00,1.035694745139787543e+00,6.000147615226378850e-01,1.017383383669807628e+00,1.034766769881795501e+00,6.000157194317774501e-01,1.017383228462184652e+00,1.034766436066238526e+00,6.000103621886033745e-01,-2.479187195837363300e-15,-1.619670161992188215e-16,-3.012767926697662051e-10,-1.205138912374147305e-08
6.909428552190587425e+01,3.641172265904216943e+01,1.017674820555078297e+00,1.035662040705946252e+00,6.000094889421208055e-01,1.017674980607159219e+00,1.035662378076874557e+00,6.000148278857162509e-01,1.017368253375626530e+00,1.034736358348425034e+00,6.000235288761692765e-01,1.017367843565823105e+00,1.034735685415589135e+00,6.000093711183849265e-01,-2.753708454785364569e-15,-1.643392696179720259e-16,-2.951371548266278231e-10,-1.179924020521879575e-08
6.915532287660721522e+01,3.644388849177984468e+01,1.017658940207280427e+00,1.035629718811309496e+00,6.000093270169861714e-01,1.017659101471509953e+00,1.035630058418394839e+00,6.000147113150086087e-01,1.017353069194134596e+00,1.034705892927743731e+00,6.000285515102434797e-01,1.017352543713706314e+00,1.034705066229969717e+00,6.000103816258970379e-01,-3.008901767124549265e-15,-1.747760569512328280e-16,-2.890987535382660309e-10,-1.155137565986633917e-08
6.921636023130854198e+01,3.647605432451751284e+01,1.017643096745618703e+00,1.035597472643176475e+00,6.000094452789448418e-01,1.017643259311588722e+00,1.035597814676399775e+00,6.000148779993047521e-01,1.017337831125332048e+00,1.034675373619751815e+00,6.000307824002919510e-01,1.017337221862741004e+00,1.034674435738316411e+00,6.000096969307985306e-01,-3.231777004772896387e-15,-1.996385895467881522e-16,-2.832172617604717218e-10,-1.131014294793860646e-08
6.927739758600986875e+01,3.650822015725518099e+01,1.017627280136270018e+00,1.035565281600516307e+00,6.000095114376379213e-01,1.017627433673513382e+00,1.035565604856129251e+00,6.000146471153392502e-01,1.017322539169218887e+00,1.034644800424449285e+00,6.000302166126061376e-01,1.017321963091850412e+00,1.034643907323971934e+00,6.000102620421513544e-01,-3.424872653178550434e-15,-2.320107039397456688e-16,-2.774058817795969141e-10,-1.107187353477203510e-08
6.933843494071120972e+01,3.654038598999284915e+01,1.017611487325763564e+00,1.035533139414092751e+00,6.000094256776473678e-01,1.017611651241548509e+00,1.035533483740096017e+00,6.000149135088574948e-01,1.017307193325795112e+00,1.034614173341836141e+00,6.000268492134778198e-01,1.017306709127420383e+00,1.034613403253794806e+00,6.000100624347272094e-01,-3.587766531682505567e-15,-2.682832729130413039e-16,-2.717719368118138345e-10,-1.084109375828241244e-08
6.939947229541253648e+01,3.657255182273052441e+01,1.017595723233951199e+00,1.035501056182750235e+00,6.000093549978460228e-01,1.017595878831430545e+00,1.035501383199399994e+00,6.000145690829712386e-01,1.017291793595060501e+00,1.034583492371912161e+00,6.000206752691986667e-01,1.017291486083125696e+00,1.034582958283662535e+00,6.000100046861946979e-01,-3.708768663719061031e-15,-3.053225035478196754e-16,-2.661791486742542054e-10,-1.061205123589938789e-08
6.946050965011387746e+01,3.660471765546819256e+01,1.017579993653871639e+00,1.035469043796425570e+00,6.000094962848950830e-01,1.017580155794476804e+00,1.035469384019521044e+00,6.000149345774969945e-01,1.017276408624524064e+00,1.034552849047537082e+00,6.000140739915307275e-01,1.017276299606358014e+00,1.034552579912077386e+00,6.000102877628443743e-01,-3.766315459622881160e-15,-3.326227249758746334e-16,-2.607825762993214477e-10,-1.039128041479621993e-08
6.952154700481520422e+01,3.663688348820586071e+01,1.017564287664755263e+00,1.035437079835944685e+00,6.000094860314505452e-01,1.017564439127916831e+00,1.035437397917502889e+00,6.000145708173576509e-01,1.017261478244253725e+00,1.034522829638037544e+00,6.000223355652368751e-01,1.017261112177325844e+00,1.034522218051496134e+00,6.000096107956733871e-01,-3.774896593302085456e-15,-3.483560891423526114e-16,-2.554109633382790982e-10,-1.017156120735265207e-08
6.958258435951653098e+01,3.666904932094352887e+01,1.017548605237175385e+00,1.035405164240387643e+00,6.000093253643630220e-01,1.017548772372045329e+00,1.035405514275107075e+00,6.000149413660414988e-01,1.017246494989955785e+00,1.034492757354510406e+00,6.000278462722862249e-01,1.017245992792260578e+00,1.034491964660862573e+00,6.000103741655423706e-01,-3.732738083203553425e-15,-3.508771978390143109e-16,-2.502312934681223576e-10,-9.959923196688369037e-09
6.964362171421787195e+01,3.670121515368120413e+01,1.017532959086481892e+00,1.035373323108547350e+00,6.000094440410288499e-01,1.017533114706151043e+00,1.035373649292303133e+00,6.000146778612708287e-01,1.017231458861630244e+00,1.034462632196955667e+00,6.000306012717427917e-01,1.017230851883403453e+00,1.034461700264518669e+00,6.000094651907378340e-01,-3.608572762266767829e-15,-3.291141307277555258e-16,-2.450854507146609665e-10,-9.749707556783021515e-09
6.970465906891919872e+01,3.673338098641887228e+01,1.017517339210543881e+00,1.035341535907840838e+00,6.000095086403791633e-01,1.017517500380123119e+00,1.035341873276081071e+00,6.000149340330701575e-01,1.017216369859277325e+00,1.034432454165373549e+00,6.000305957226702569e-01,1.017215788181068836e+00,1.034431556454785461e+00,6.000103228820685697e-01,-3.427849412685466705e-15,-2.911647744108445184e-16,-2.401008913898949492e-10,-9.546273601374844766e-09
6.976569642362052548e+01,3.676554681915654044e+01,1.017501742691055311e+00,1.035309796647507774e+00,6.000094231972361580e-01,1.017501901387432461e+00,1.035310128734173940e+00,6.000147701772335918e-01,1.017201227982896805e+00,1.034402223259763831e+00,6.000278247841325241e-01,1.017200713936833534e+00,1.034401416195046997e+00,6.000098933933331047e-01,-3.200318624189430980e-15,-2.411643558403983841e-16,-2.351715460959750018e-10,-9.345158345600183628e-09
6.982673377832185224e+01,3.679771265189420859e+01,1.017486174433924084e+00,1.035278115396181198e+00,6.000093552515421980e-01,1.017486339228739878e+00,1.035278459800389461e+00,6.000149127349359013e-01,1.017186033232488684e+00,1.034371939480126290e+00,6.000222836151934969e-01,1.017185685271932760e+00,1.034371354255359865e+00,6.000101351406359473e-01,-2.921189932653791644e-15,-1.799786466203712452e-16,-2.303748368647066708e-10,-9.149613108625963465e-09
6.988777113302317900e+01,3.682987848463187674e+01,1.017470639970566415e+00,1.035246503504992921e+00,6.000094940556282008e-01,1.017470798584175107e+00,1.035246835026057521e+00,6.000148479253709644e-01,1.017170785608053185e+00,1.034341602826461592e+00,6.000139673749169678e-01,1.017170677303077753e+00,1.034341337426814889e+00,6.000101827782432506e-01,-2.596383087340243472e-15,-1.162282924853864297e-16,-2.256530884742315791e-10,-8.957211847457745689e-09
6.994880848772451998e+01,3.686204431736955200e+01,1.017455128660899932e+00,1.035214939134486034e+00,6.000094831881297441e-01,1.017455288332051788e+00,1.035215272634620876e+00,6.000148776258693584e-01,1.017156004445228579e+00,1.034311905642461005e+00,6.000210346769218051e-01,1.017155683567185553e+00,1.034311357030922585e+00,6.000098121585307753e-01,-2.249603992018655004e-15,-5.648564869869299342e-17,-2.210372352885112209e-10,-8.769251998074631146e-09
7.000984584242584674e+01,3.689421015010722016e+01,1.017439640476222928e+00,1.035183422225252503e+00,6.000093237551750169e-01,1.017439805712898826e+00,1.035183766959492546e+00,6.000149112636715687e-01,1.017141218180170226e+00,1.034282218955061783e+00,6.000270211725557967e-01,1.017140741487294608e+00,1.034281462933245077e+00,6.000103345751836015e-01,-1.884611034375158148e-15,-2.891555894906774997e-18,-2.165145408512522866e-10,-8.585194447909491643e-09
7.007088319712717350e+01,3.692637598284488831e+01,1.017424187973233529e+00,1.035151978546368534e+00,6.000094428211848463e-01,1.017424347108305094e+00,1.035152310573931755e+00,6.000148288579727485e-01,1.017126380029147681e+00,1.034252480381698591e+00,6.000302873060124886e-01,1.017125782572320114e+00,1.034251563756579673e+00,6.000093551422209792e-01,-1.505279202116240886e-15,3.453949673496003238e-17,-2.120728064515497040e-10,-8.404528208774837791e-09
7.013192055182850027e+01,3.695854181558255647e+01,1.017408761182647448e+00,1.035120587635969924e+00,6.000095058882657373e-01,1.017408922194191767e+00,1.035120923334541088e+00,6.000149603479628668e-01,1.017111489992160944e+00,1.034222689922371208e+00,6.000308283268191989e-01,1.017110905997777870e+00,1.034221791694484693e+00,6.000103500029805303e-01,-1.122983381546400621e-15,5.929473934425049300e-17,-2.077409665940464778e-10,-8.228459532793712886e-09
7.019295790652984124e+01,3.699070764832023173e+01,1.017393357317025737e+00,1.035089243772841394e+00,6.000094207548410941e-01,1.017393514979801461e+00,1.035089572421971527e+00,6.000147665812649578e-01,1.017096548069209794e+00,1.034192847577079188e+00,6.000286394845026905e-01,1.017096008327626144e+00,1.034192008788205941e+00,6.000096964553762735e-01,-7.392420034628463395e-16,7.409873011123969752e-17,-2.034668612340404536e-10,-8.054806245175542144e-09
7.025399526123116800e+01,3.702287348105789988e+01,1.017377981267735709e+00,1.035057956994194450e+00,6.000093554766936510e-01,1.017378147452677961e+00,1.035058302959714238e+00,6.000149953320085272e-01,1.017081554260294229e+00,1.034162953345822977e+00,6.000237160285902815e-01,1.017081170345931485e+00,1.034162322697349534e+00,6.000102302696764811e-01,-3.555147135318685920e-16,7.882269896509591649e-17,-1.993180066668306061e-10,-7.886386420722905268e-09
7.031503261593249476e+01,3.705503931379556803e+01,1.017362638312925949e+00,1.035026738129663171e+00,6.000094918447919090e-01,1.017362791372863784e+00,1.035027056990808436e+00,6.000146909437650278e-01,1.017066508565414473e+00,1.034133007228602574e+00,6.000160532086087350e-01,1.017066337767694506e+00,1.034132661009016241e+00,6.000100483849764021e-01,2.856585321261399428e-17,8.011280671585804495e-17,-1.952052791667744093e-10,-7.719476125040557811e-09
7.037606997063382153e+01,3.708720514653323619e+01,1.017347318085319641e+00,1.034995565903112924e+00,6.000094803773361463e-01,1.017347480916982017e+00,1.034995904651898169e+00,6.000150163675421755e-01,1.017051808477716035e+00,1.034103539157314344e+00,6.000196332767944174e-01,1.017051534046246264e+00,1.034103054935272548e+00,6.000099765726371048e-01,4.137384542869166060e-16,8.426654353542144496e-17,-1.912318577080387396e-10,-7.558379336051509664e-09
7.043710732533514829e+01,3.711937097927090434e+01,1.017332020556919403e+00,1.034964440256603169e+00,6.000093221602967875e-01,1.017332176590509452e+00,1.034964764891758371e+00,6.000146317886384528e-01,1.017037215364357872e+00,1.034074230714839393e+00,6.000260835720599983e-01,1.017036766182765728e+00,1.034073513781353926e+00,6.000102640460536207e-01,8.001824372001527600e-16,9.328007468346717838e-17,-1.872770648158645847e-10,-7.398059819452044972e-09
7.049814468003648926e+01,3.715153681200857960e+01,1.017316758128747001e+00,1.034933386635720654e+00,6.000094415996569674e-01,1.017316922019694703e+00,1.034933727236281742e+00,6.000150236042720575e-01,1.017022571328655145e+00,1.034044871350020101e+00,6.000298481768893133e-01,1.017021996616275903e+00,1.034043987408249210e+00,6.000095900986548436e-01,1.187959649471137536e-15,1.163932985366177120e-16,-1.834692509217379362e-10,-7.243866422031966181e-09
7.055918203473781602e+01,3.718370264474624776e+01,1.017301520865387499e+00,1.034902384651388951e+00,6.000095031708065907e-01,1.017301674390401756e+00,1.034902703825026471e+00,6.000147368034430828e-01,1.017007876370608299e+00,1.034015461062856467e+00,6.000309224290343302e-01,1.017007293093110221e+00,1.034014566110104116e+00,6.000103446374536187e-01,1.572418139782336670e-15,1.511648014579639968e-16,-1.796812747019601427e-10,-7.090498844366000382e-09
7.062021938943914279e+01,3.721586847748391591e+01,1.017286306106103266e+00,1.034871428843301189e+00,6.000094183508509760e-01,1.017286470197340087e+00,1.034871769546284570e+00,6.000150171899663043e-01,1.016993130490217112e+00,1.033985999853348492e+00,6.000293016662474610e-01,1.016992568923643425e+00,1.033985134251878657e+00,6.000094726889301233e-01,1.950405487943964704e-15,1.951487509408544130e-16,-1.760174317539822112e-10,-6.942298793205037523e-09
7.068125674414046955e+01,3.724803431022158406e+01,1.017271118727141710e+00,1.034840529216091598e+00,6.000093556863647093e-01,1.017271278954616553e+00,1.034840861840881532e+00,6.000148275813980137e-01,1.016978333687481362e+00,1.033956487721496176e+00,6.000249812262807847e-01,1.016977918022014427e+00,1.033955817006620315e+00,6.000102913474839594e-01,2.315261068354415919e-15,2.485203664075333302e-16,-1.723893925259233689e-10,-6.795587381048633007e-09
7.074229409884181052e+01,3.728020014295925932e+01,1.017255963761399817e+00,1.034809696094546094e+00,6.000094896736448691e-01,1.017256124890341562e+00,1.034810030423486626e+00,6.000149972704672541e-01,1.016963485962401492e+00,1.033926924667299518e+00,6.000179564468866023e-01,1.016963257788962460e+00,1.033926504205636476e+00,6.000098856906281863e-01,2.648721087186660876e-15,3.042677653585799983e-16,-1.688641403256154454e-10,-6.653149624786600853e-09
7.080333145354313729e+01,3.731236597569692748e+01,1.017240831106773991e+00,1.034778908749995008e+00,6.000094776274992325e-01,1.017240989725812339e+00,1.034779237785578898e+00,6.000149042720241965e-01,1.016948867391731293e+00,1.033897684099387426e+00,6.000181378494481299e-01,1.016948640495757061e+00,1.033897265488672002e+00,6.000101053540159990e-01,2.951194664916748438e-15,3.557883857039014277e-16,-1.653894358680912342e-10,-6.512810963455581862e-09
7.086436880824446405e+01,3.734453180843459563e+01,1.017225720735943417e+00,1.034748167125913998e+00,6.000093206139980317e-01,1.017225885542989205e+00,1.034748508717556525e+00,6.000149639897304210e-01,1.016934463689949997e+00,1.033868746734710520e+00,6.000250402472167011e-01,1.016934043830945100e+00,1.033868071077694628e+00,6.000101637255333964e-01,3.218900866818296131e-15,4.007158880118630305e-16,-1.619975925940951931e-10,-6.375913276552760666e-09
7.092540616294579081e+01,3.737669764117226379e+01,1.017210644897095451e+00,1.034717496350414212e+00,6.000094404125170255e-01,1.017210806150494529e+00,1.034717830513421699e+00,6.000149670229490972e-01,1.016920010005749386e+00,1.033839759387614521e+00,6.000292909694382448e-01,1.016919460043587575e+00,1.033838910580394010e+00,6.000097878245871375e-01,3.418322610792421647e-15,4.266159377704724589e-16,-1.586698872107516348e-10,-6.241675802908212148e-09
7.098644351764711757e+01,3.740886347390993194e+01,1.017195593689675492e+00,1.034686876109172315e+00,6.000095005213669230e-01,1.017195751603406695e+00,1.034687203286182466e+00,6.000149174898644633e-01,1.016905506339129461e+00,1.033810722058098985e+00,6.000308854399210023e-01,1.016904926581475577e+00,1.033809833896931263e+00,6.000103079729410815e-01,3.561764423477954128e-15,4.351758082464789771e-16,-1.554064622178115665e-10,-6.110104452908498551e-09
7.104748087234845855e+01,3.744102930664760720e+01,1.017180564575636881e+00,1.034656301194470940e+00,6.000094160140354571e-01,1.017180727678982377e+00,1.034656638886690683e+00,6.000150159799110261e-01,1.016890952690090444e+00,1.033781634746164357e+00,6.000298190824727707e-01,1.016890376197701951e+00,1.033780751312234347e+00,6.000093399165011832e-01,3.654407004724246473e-15,4.285457235437251625e-16,-1.522196762228185326e-10,-5.981707968395126788e-09
7.110851822704978531e+01,3.747319513938527535e+01,1.017165562415555113e+00,1.034625781577273029e+00,6.000093559033533586e-01,1.017165722523519111e+00,1.034626112995003400e+00,6.000148579111763691e-01,1.016876349058632112e+00,1.033752497451810415e+00,6.000260873209019019e-01,1.016875905575363337e+00,1.033751791698498401e+00,6.000103196018454765e-01,3.684178216049755517e-15,4.039383279136804512e-16,-1.490798630973696745e-10,-5.855257393226932959e-09
7.116955558175111207e+01,3.750536097212294351e+01,1.017150592004830933e+00,1.034595327093607464e+00,6.000094875538142247e-01,1.017150753765377891e+00,1.034595661775576492e+00,6.000150512868541730e-01,1.016861695444754687e+00,1.033723310175037602e+00,6.000196855790159711e-01,1.016861414711876632e+00,1.033722821677614201e+00,6.000096957619277527e-01,3.645309204111046263e-15,3.647633288574376064e-16,-1.460281627057573980e-10,-5.732452596360711353e-09
7.123059293645243883e+01,3.753752680486061166e+01,1.017135643499198050e+00,1.034564917546979990e+00,6.000094749390753046e-01,1.017135797759021187e+00,1.034565236717540637e+00,6.000147853922008778e-01,1.016847158773247051e+00,1.033694295474776315e+00,6.000165543564710546e-01,1.016846980350320395e+00,1.033693943523771974e+00,6.000101997710407531e-01,3.564744242592635980e-15,3.209258943918854396e-16,-1.430073325691619803e-10,-5.610925096214456595e-09
7.129163029115377981e+01,3.756969263759828692e+01,1.017120716871997121e+00,1.034534552882243830e+00,6.000093191059951980e-01,1.017120883867532966e+00,1.034534898058111496e+00,6.000150730858968551e-01,1.016832940837425037e+00,1.033665722199292425e+00,6.000238974472812403e-01,1.016832551935437756e+00,1.033665089798999404e+00,6.000100347189354366e-01,3.445082084590747228e-15,2.747400952814078718e-16,-1.400851201766399785e-10,-5.493473136631452934e-09
7.135266764585510657e+01,3.760185847033595508e+01,1.017105824221395505e+00,1.034504257915943581e+00,6.000094392400083798e-01,1.017105976769344444e+00,1.034504573335129241e+00,6.000147000697180211e-01,1.016818673836135334e+00,1.033637099858340624e+00,6.000286222369047850e-01,1.016818150446939129e+00,1.033636288420301197e+00,6.000099496292186085e-01,3.276386569633088372e-15,2.345520422758868475e-16,-1.371788152274409924e-10,-5.376678578321714612e-09
7.141370500055643333e+01,3.763402430307362323e+01,1.017090955682650844e+00,1.034474012410371957e+00,6.000094979112342575e-01,1.017091117447018300e+00,1.034474346620102736e+00,6.000150815174168928e-01,1.016804357769378386e+00,1.033608428451921801e+00,6.000307242331022195e-01,1.016803784123759824e+00,1.033607550344821657e+00,6.000102411536083480e-01,3.080775612158332451e-15,2.038720663981021961e-16,-1.343807200651216365e-10,-5.264350622047837595e-09
7.147474235525776010e+01,3.766619013581129138e+01,1.017076108836541870e+00,1.034443811402373514e+00,6.000094137096307900e-01,1.017076263967503058e+00,1.034444131890654983e+00,6.000147730842374516e-01,1.016789992637154194e+00,1.033579707980035511e+00,6.000301989436338523e-01,1.016789415408670738e+00,1.033578825441761717e+00,6.000095703150655213e-01,2.862753750970154493e-15,1.821611466641910500e-16,-1.315954910847243148e-10,-5.152553213763141137e-09
7.153577970995910107e+01,3.769835596854896664e+01,1.017061288527481233e+00,1.034413664828243151e+00,6.000093560915097379e-01,1.017061453969091867e+00,1.034414006355064641e+00,6.000150767200620461e-01,1.016775578439462313e+00,1.033550938442681755e+00,6.000270418762604363e-01,1.016775110822829564e+00,1.033550202373319626e+00,6.000103162160399517e-01,2.620112937641909129e-15,1.720655606513561032e-16,-1.289055165019015499e-10,-5.044682966453503854e-09
7.159681706466042783e+01,3.773052180128663480e+01,1.017046499320890751e+00,1.034383582050813599e+00,6.000094854491012653e-01,1.017046654706372788e+00,1.034383902840933178e+00,6.000148630983713760e-01,1.016761115176303187e+00,1.033522119839860531e+00,6.000212485387423911e-01,1.016760786421120555e+00,1.033521569166692355e+00,6.000094796264077157e-01,2.349571845447459753e-15,1.712173625236060030e-16,-1.262382891792792836e-10,-4.937749434969594392e-09
7.165785441936175459e+01,3.776268763402430295e+01,1.017031731623203816e+00,1.034353543390934327e+00,6.000094722793463120e-01,1.017031892902668044e+00,1.034353876164153752e+00,6.000150588307793242e-01,1.016746660729660467e+00,1.033493329347972223e+00,6.000148882882287982e-01,1.016746531581448787e+00,1.033493044948770256e+00,6.000102610463519115e-01,2.058381266594212850e-15,1.723245323230101616e-16,-1.236504316770709359e-10,-4.834084295644193499e-09
7.171889177406308136e+01,3.779485346676197111e+01,1.017016985408403684e+00,1.034323548794795267e+00,6.000093176103763470e-01,1.017017147564029500e+00,1.034323883259723464e+00,6.000149394585583273e-01,1.016732625005861479e+00,1.033465113346221598e+00,6.000226609456843496e-01,1.016732268534807249e+00,1.033464525993397665e+00,6.000098780912040963e-01,1.745944449523491247e-15,1.733911015121643063e-16,-1.210963157451401668e-10,-4.731806971840906961e-09
7.177992912876440812e+01,3.782701929949963926e+01,1.017002272627397730e+00,1.034293622773150734e+00,6.000094380662540638e-01,1.017002433720286314e+00,1.034293954956102990e+00,6.000150279848442958e-01,1.016718541111269136e+00,1.033436849173677619e+00,6.000278480516203494e-01,1.016718045951214178e+00,1.033436077141440812e+00,6.000100767747883479e-01,1.397483994852272041e-15,1.652719164755014331e-16,-1.186067417474784426e-10,-4.632184305111042867e-09
7.184096648346574909e+01,3.785918513223731452e+01,1.016987583452090949e+00,1.034263745166590365e+00,6.000094953343325654e-01,1.016987742015090124e+00,1.034264072060100847e+00,6.000150023036073810e-01,1.016704409045883439e+00,1.033408536830340285e+00,6.000304451957098051e-01,1.016703843911124672e+00,1.033407671805715466e+00,6.000101452820785219e-01,1.023439330883523665e-15,1.452817787951893953e-16,-1.161610452508597155e-10,-4.534364232229092176e-09
7.190200383816707586e+01,3.789135096497498267e+01,1.016972915578335801e+00,1.034233911248752857e+00,6.000094114425716940e-01,1.016973075898081946e+00,1.034234241647158159e+00,6.000149843159143792e-01,1.016690228809704388e+00,1.033380176316209820e+00,6.000304479676260572e-01,1.016689653486494649e+00,1.033379298027541138e+00,6.000097645218118725e-01,6.279217501583814142e-16,1.139455982484279002e-16,-1.137660632730218120e-10,-4.438627634417079118e-09
7.196304119286840262e+01,3.792351679771265083e+01,1.016958273833899584e+00,1.034204130920309606e+00,6.000093562679353898e-01,1.016958437537749171e+00,1.034204468162612800e+00,6.000150517707023567e-01,1.016676000402731983e+00,1.033351767631285778e+00,6.000278519570425573e-01,1.016675512106903101e+00,1.033351005684285617e+00,6.000102823306247002e-01,2.086076737287815905e-16,6.769329447090909991e-17,-1.114242847031486208e-10,-4.345074205556746098e-09
7.202407854756972938e+01,3.795568263045031898e+01,1.016943662561438533e+00,1.034174413085872324e+00,6.000094833841594921e-01,1.016943818915754916e+00,1.034174735161012437e+00,6.000149279560290649e-01,1.016661723824966002e+00,1.033323310775568160e+00,6.000226527536325349e-01,1.016661353744412244e+00,1.033322706689177695e+00,6.000093253981975128e-01,-2.267379096268942267e-16,7.845818397305418386e-18,-1.091203401624684532e-10,-4.253073272692647393e-09
7.208511590227107035e+01,3.798784846318799424e+01,1.016929072411175250e+00,1.034144738569284572e+00,6.000094696791656856e-01,1.016929233613748762e+00,1.034145070495217977e+00,6.000150879954047056e-01,1.016647399076406666e+00,1.033294805749057188e+00,6.000148459470691087e-01,1.016647272681704406e+00,1.033294526715606398e+00,6.000102903586856939e-01,-6.640833405563557156e-16,-5.689348298804672108e-17,-1.068781608972754916e-10,-4.163603888820660201e-09
7.214615325697239712e+01,3.802001429592566240e+01,1.016914503357709831e+00,1.034115107318027471e+00,6.000093161625660310e-01,1.016914662256540813e+00,1.034115434428743985e+00,6.000148590356646494e-01,1.016633494898854906e+00,1.033266877436357589e+00,6.000213360859256717e-01,1.016633172186780509e+00,1.033266336748751568e+00,6.000096948685402776e-01,-1.099321333366482097e-15,-1.243891250674116605e-16,-1.046618311100980698e-10,-4.075193987311547263e-09
7.220719061167373809e+01,3.805218012866333055e+01,1.016899967207328004e+00,1.034085543542642149e+00,6.000094369271293804e-01,1.016900129728347757e+00,1.034085877993221825e+00,6.000151111116533986e-01,1.016619590624359359e+00,1.033238964763102619e+00,6.000269740505494998e-01,1.016619125197801177e+00,1.033238233991989441e+00,6.000101704784476242e-01,-1.512348077224376893e-15,-1.855713646003727060e-16,-1.025151081468164471e-10,-3.989633726132828763e-09
7.226822796637506485e+01,3.808434596140099870e+01,1.016885454169395686e+00,1.034056027163619884e+00,6.000094928225755408e-01,1.016885605407179982e+00,1.034056338388753105e+00,6.000147776837254643e-01,1.016605639052137411e+00,1.033211004792121246e+00,6.000300542735996778e-01,1.016605084649377932e+00,1.033210155662303231e+00,6.000100214210971616e-01,-1.895956862966656506e-15,-2.350353562973324600e-16,-1.003830975051506352e-10,-3.904675774076747013e-09
7.232926532107639161e+01,3.811651179413866686e+01,1.016870962051231064e+00,1.034026553683908833e+00,6.000094092389971490e-01,1.016871125370293560e+00,1.034026889599215071e+00,6.000151212518397559e-01,1.016591640182188838e+00,1.033182997523413249e+00,6.000305724246841610e-01,1.016591069220156740e+00,1.033182126611512874e+00,6.000099237925307083e-01,-2.248938807545169814e-15,-2.722552635652156195e-16,-9.832785647513027025e-11,-3.822857072514310750e-09
7.239030267577773259e+01,3.814867762687634212e+01,1.016856495663498006e+00,1.033997132967658272e+00,6.000093564516897349e-01,1.016856650961249331e+00,1.033997452350578827e+00,6.000147926609180615e-01,1.016577594014513863e+00,1.033154942956978850e+00,6.000285241734107933e-01,1.016577088280248509e+00,1.033154159306455711e+00,6.000102190451417350e-01,-2.557846166837766495e-15,-2.917932438281667599e-16,-9.628219420612105507e-11,-3.741429819626104021e-09
7.245134003047905935e+01,3.818084345961401027e+01,1.016842059133078013e+00,1.033967773475744201e+00,6.000094813664533788e-01,1.016842220031792809e+00,1.033968104263011556e+00,6.000151185468166615e-01,1.016563500549112486e+00,1.033126841092818049e+00,6.000239051893875297e-01,1.016563104316405175e+00,1.033126203677977140e+00,6.000095513940816305e-01,-2.809219104901139640e-15,-2.912789287744826113e-16,-9.430942025158131889e-11,-3.662979678773684395e-09
7.251237738518038611e+01,3.821300929235167843e+01,1.016827643347336663e+00,1.033938456521162230e+00,6.000094671346812847e-01,1.016827797779362941e+00,1.033938773968193114e+00,6.000148824626434507e-01,1.016549359785984707e+00,1.033098691930930846e+00,6.000167111422218813e-01,1.016549182649395533e+00,1.033098346789273814e+00,6.000102888446234850e-01,-3.020830192238482539e-15,-2.799939481038319718e-16,-9.235071210439294014e-11,-3.585103396167025992e-09
7.257341473988171288e+01,3.824517512508934658e+01,1.016813248281478677e+00,1.033909182052652032e+00,6.000093147481190270e-01,1.016813413208482064e+00,1.033909520941587390e+00,6.000151031259014500e-01,1.016535529710795860e+00,1.033070972724890568e+00,6.000199278226097110e-01,1.016535241953007596e+00,1.033070480162105564e+00,6.000094860399527441e-01,-3.193154483903196798e-15,-2.595492422300438459e-16,-9.045308725613854476e-11,-3.509719196232619867e-09
7.263445209458305385e+01,3.827734095782702184e+01,1.016798885599786706e+00,1.033879973986030931e+00,6.000094357992611371e-01,1.016799042834640510e+00,1.033880297025653983e+00,6.000149590060069871e-01,1.016521801656731894e+00,1.033043405045374064e+00,6.000260054760512274e-01,1.016521367329451975e+00,1.033042717224463392e+00,6.000102319140480089e-01,-3.309213146069098823e-15,-2.338223724168502523e-16,-8.857771606010678764e-11,-3.435241868491802908e-09
7.269548944928438061e+01,3.830950679056468999e+01,1.016784545549868080e+00,1.033850812323203749e+00,6.000094903446906436e-01,1.016784704399399830e+00,1.033851138599020558e+00,6.000150751169422980e-01,1.016508027157048355e+00,1.033015790920238208e+00,6.000295570118533428e-01,1.016507485543892475e+00,1.033014960297791829e+00,6.000098705951232292e-01,-3.391187778904914132e-15,-2.116660052312899010e-16,-8.675240815655277623e-11,-3.362804700604898010e-09
7.275652680398570737e+01,3.834167262330235815e+01,1.016770226047022607e+00,1.033821692789201663e+00,6.000094070627652876e-01,1.016770385628070095e+00,1.033822020491109495e+00,6.000150224222715600e-01,1.016494206211744800e+00,1.032988130349482336e+00,6.000305781776396064e-01,1.016493641895662714e+00,1.032987269731328039e+00,6.000100493385662759e-01,-3.443754455882995663e-15,-1.946665214804729129e-16,-8.495690406274449886e-11,-3.291580708050185556e-09
7.281756415868703414e+01,3.837383845604002630e+01,1.016755931884408604e+00,1.033792625210836924e+00,6.000093566064498285e-01,1.016756093106957692e+00,1.033792956206430746e+00,6.000150346463063444e-01,1.016480338820821450e+00,1.032960423333106670e+00,6.000290647210333450e-01,1.016479818690781300e+00,1.032959621906827330e+00,6.000101274197492396e-01,-3.462553538934239433e-15,-1.871439734399130706e-16,-8.320118638290083980e-11,-3.221976236502686857e-09
7.287860151338837511e+01,3.840600428877770156e+01,1.016741666979908976e+00,1.033763617619263719e+00,6.000094793610690758e-01,1.016741825663995957e+00,1.033763943339712998e+00,6.000150728412116941e-01,1.016466424984278305e+00,1.032932669871110987e+00,6.000250123896579968e-01,1.016466005925863891e+00,1.032932003434725798e+00,6.000097421940630005e-01,-3.443406081416976800e-15,-1.916905707824214196e-16,-8.148222099190044969e-11,-3.153866090132873064e-09
7.293963886808970187e+01,3.843817012151536971e+01,1.016727422451556562e+00,1.033734651803188909e+00,6.000094646156948208e-01,1.016727578836913226e+00,1.033734972741920277e+00,6.000149818389356460e-01,1.016452464702115144e+00,1.032904869963495509e+00,6.000184169311365556e-01,1.016452240973810373e+00,1.032904464118210131e+00,6.000102576002608323e-01,-3.395946084235917419e-15,-2.023042188234694347e-16,-7.979346838480844229e-11,-3.086984376742424293e-09
7.300067622279102864e+01,3.847033595425303787e+01,1.016713198275142727e+00,1.033705727712572298e+00,6.000093133446421367e-01,1.016713362450091918e+00,1.033706064553566062e+00,6.000151103911579575e-01,1.016438709113514305e+00,1.032877358433340387e+00,6.000184407581482526e-01,1.016438459000463812e+00,1.032876917465024746e+00,6.000093115472453498e-01,-3.319175772759659878e-15,-2.176948522486589141e-16,-7.814784910329062662e-11,-3.021854465267837566e-09
7.306171357749235540e+01,3.850250178699070602e+01,1.016699005975512327e+00,1.033676868973872454e+00,6.000094346709249349e-01,1.016699161098341131e+00,1.033677187190515490e+00,6.000149168183447346e-01,1.016425153964557904e+00,1.032850129400699091e+00,6.000249472123693195e-01,1.016424751975669283e+00,1.032849486066414801e+00,6.000102622138518971e-01,-3.189895324414050764e-15,-2.323242578680117662e-16,-7.652353425721322901e-11,-2.957589804740728281e-09
7.312275093219368216e+01,3.853466761972837418e+01,1.016684835839184897e+00,1.033648055671755550e+00,6.000094878990774871e-01,1.016684995497332489e+00,1.033648383121659187e+00,6.000151351989831960e-01,1.016411553201751916e+00,1.032822854754208208e+00,6.000289585910717483e-01,1.016411026285054087e+00,1.032822045066730032e+00,6.000096937918494300e-01,-3.018860057932497232e-15,-2.392311807687595744e-16,-7.494819887459531988e-11,-2.895312150228915892e-09
7.318378828689502313e+01,3.856683345246604944e+01,1.016670685886059022e+00,1.033619283746338713e+00,6.000094049231787796e-01,1.016670839403606585e+00,1.033619598544108120e+00,6.000148397066544792e-01,1.016397906825096120e+00,1.032795534493867740e+00,6.000304707180326158e-01,1.016397351281581818e+00,1.032794686891349345e+00,6.000101423285667535e-01,-2.808709893754944242e-15,-2.369407866575374426e-16,-7.338588872101611288e-11,-2.833562905107949035e-09
7.324482564159634990e+01,3.859899928520371759e+01,1.016656560891390226e+00,1.033590562986314909e+00,6.000093567530936367e-01,1.016656724319966232e+00,1.033590898039814299e+00,6.000151473901498278e-01,1.016384214834590738e+00,1.032768168619677462e+00,6.000294794170286661e-01,1.016383683167266128e+00,1.032767353115460196e+00,6.000100084767785447e-01,-2.548386589406151233e-15,-2.196962587382669103e-16,-7.187790019783080712e-11,-2.774014929472181281e-09
7.330586299629767666e+01,3.863116511794138574e+01,1.016642464570561399e+00,1.033561901006603945e+00,6.000094773955967353e-01,1.016642614659578170e+00,1.033562208653415748e+00,6.000147999617962968e-01,1.016370477230235769e+00,1.032740757131637821e+00,6.000259805118371981e-01,1.016370038479287530e+00,1.032740065738314117e+00,6.000098990033861934e-01,-2.232687650079099110e-15,-1.828454158823748093e-16,-7.037703411108127076e-11,-2.714755495352486198e-09
7.336690035099900342e+01,3.866333095067905390e+01,1.016628388266006988e+00,1.033533280058619441e+00,6.000094621549367790e-01,1.016628548435488888e+00,1.033533608310627683e+00,6.000151470887447047e-01,1.016356694012031214e+00,1.032713300029748371e+00,6.000199698262346226e-01,1.016356427620964231e+00,1.032712838605719163e+00,6.000101976828037253e-01,-1.883249953232766971e-15,-1.340479846264155142e-16,-6.893179390540333085e-11,-2.657747678892529499e-09
7.342793770570034440e+01,3.869549678341672916e+01,1.016614331954082351e+00,1.033504700093500484e+00,6.000093119881813042e-01,1.016614488974367125e+00,1.033505021831249149e+00,6.000148899376140932e-01,1.016343013243282467e+00,1.032685994722417400e+00,6.000168791755938758e-01,1.016342813159022862e+00,1.032685621757960082e+00,6.000095332883121912e-01,-1.502654780580238749e-15,-7.439683102939163562e-17,-6.749492691392969737e-11,-2.601078417447072755e-09
7.348897506040167116e+01,3.872766261615439731e+01,1.016600307022643701e+00,1.033476184453525848e+00,6.000094335771714027e-01,1.016600467364616289e+00,1.033476512943412251e+00,6.000151344174744494e-01,1.016329627765937493e+00,1.032659098143754672e+00,6.000238038183096645e-01,1.016329259238600402e+00,1.032658500692145820e+00,6.000102624701656451e-01,-1.088382016192216312e-15,-5.851425072627725363e-18,-6.610492361746725822e-11,-2.546304000508982655e-09
7.355001241510299792e+01,3.875982844889206547e+01,1.016586303797788249e+00,1.033447713307418470e+00,6.000094855156791196e-01,1.016586457838523083e+00,1.033448028824894394e+00,6.000149670200191077e-01,1.016316197486778261e+00,1.032632156763277687e+00,6.000282638599100382e-01,1.016315687034213155e+00,1.032631370266848592e+00,6.000094919636543844e-01,-6.649633862879240378e-16,6.085723712340918937e-17,-6.472938380916921183e-11,-2.492113743097157053e-09
7.361104976980432468e+01,3.879199428162973362e+01,1.016572320400760399e+00,1.033419282803638373e+00,6.000094028433707871e-01,1.016572480631257491e+00,1.033419610954143808e+00,6.000151094976935440e-01,1.016302722405805214e+00,1.032605170580987108e+00,6.000302551985184918e-01,1.016302177615086455e+00,1.032604338534653721e+00,6.000102038901558021e-01,-2.385857245001130717e-16,1.230157248476656154e-16,-6.339252789866771161e-11,-2.439485872790990753e-09
7.367208712450565145e+01,3.882416011436740177e+01,1.016558361588536963e+00,1.033390902692026048e+00,6.000093569067155297e-01,1.016558520777786301e+00,1.033391228654145122e+00,6.000150313336817254e-01,1.016289202523018353e+00,1.032578139596882494e+00,6.000297737322588532e-01,1.016288662005413457e+00,1.032577313497604177e+00,6.000098632022244916e-01,1.823903577691487665e-16,1.747032720493952666e-16,-6.207575263675488296e-11,-2.387668141424842876e-09
7.373312447920699242e+01,3.885632594710507703e+01,1.016544430880311545e+00,1.033362580184330248e+00,6.000094754733252822e-01,1.016544587762489460e+00,1.033362901365403097e+00,6.000150724494427434e-01,1.016275637838417234e+00,1.032551063810963621e+00,6.000268153592548392e-01,1.016275182347776473e+00,1.032550351298392233e+00,6.000100229851984546e-01,5.828607977390553469e-16,2.089489335661537404e-16,-6.079003271276121295e-11,-2.337103314736182848e-09
7.379416183390831918e+01,3.888849177984274519e+01,1.016530519836889246e+00,1.033334297982117622e+00,6.000094597443937916e-01,1.016530677321048293e+00,1.033334620345366828e+00,6.000150830019105319e-01,1.016262028352002300e+00,1.032523943223230933e+00,6.000213759776299449e-01,1.016261723019838970e+00,1.032523431082382759e+00,6.000101101120938196e-01,9.644590699597882758e-16,2.308721810711073444e-16,-5.952956425906207933e-11,-2.287556127140354147e-09
7.385519918860964594e+01,3.892065761258041334e+01,1.016516628435178315e+00,1.033306056037677223e+00,6.000093106603489046e-01,1.016516788288530426e+00,1.033306383206322288e+00,6.000150233914609554e-01,1.016248422688177167e+00,1.032496842665727499e+00,6.000152470680217842e-01,1.016248273036449268e+00,1.032496538153706789e+00,6.000097207889349971e-01,1.325595304717384607e-15,2.407798692035008638e-16,-5.829304416404548898e-11,-2.238974062989625602e-09
7.391623654331097271e+01,3.895282344531808150e+01,1.016502767928489703e+00,1.033277877414218171e+00,6.000094324914948540e-01,1.016502927000326739e+00,1.033278202931444456e+00,6.000151221466931695e-01,1.016235203728342640e+00,1.032470272497551633e+00,6.000225795565131692e-01,1.016234869679419450e+00,1.032469722195402229e+00,6.000102337369014327e-01,1.651973622177455325e-15,2.370730761790881720e-16,-5.708652547378942613e-11,-2.191599746001437957e-09
7.397727389801231368e+01,3.898498927805575676e+01,1.016488928683126458e+00,1.033249742365727419e+00,6.000094831611763047e-01,1.016489081742713463e+00,1.033250055512530130e+00,6.000149624411686977e-01,1.016221940759576281e+00,1.032443658320443935e+00,6.000274773642556569e-01,1.016221449283289280e+00,1.032442898276097365e+00,6.000092983263043411e-01,1.955691249447297825e-15,2.305703305223410508e-16,-5.589734151491057259e-11,-2.144923262091445650e-09
7.403831125271364044e+01,3.901715511079342491e+01,1.016475108918535541e+00,1.033221647242491548e+00,6.000094007863445711e-01,1.016475269350739064e+00,1.033221975451726671e+00,6.000151488886907858e-01,1.016208633781878090e+00,1.032417000134404406e+00,6.000299364619655629e-01,1.016208101588474300e+00,1.032416186016004600e+00,6.000102351115299548e-01,2.239487596019994063e-15,2.241161204264379313e-16,-5.474251219642843366e-11,-2.099628272327229292e-09
7.409934860741496720e+01,3.904932094353109306e+01,1.016461313373089537e+00,1.033193601754844204e+00,6.000093570313537183e-01,1.016461467661462281e+00,1.033193917326097333e+00,6.000148897147570271e-01,1.016195282795247623e+00,1.032390297939432822e+00,6.000299528203600907e-01,1.016194735954456752e+00,1.032389464526789258e+00,6.000096925471666287e-01,2.499955368892632704e-15,2.221827631135824106e-16,-5.359887046923506415e-11,-2.054783166237890828e-09
7.416038596211629397e+01,3.908148677626876122e+01,1.016447545375908312e+00,1.033165612723997651e+00,6.000094735610207453e-01,1.016447703910478451e+00,1.033165936951972785e+00,6.000151633473099766e-01,1.016181887799685102e+00,1.032363551735528961e+00,6.000275224101558891e-01,1.016181418353693466e+00,1.032362821728615598e+00,6.000101152621869494e-01,2.734750361393109081e-15,2.313570243262550716e-16,-5.249356290226280708e-11,-2.011477919388826443e-09
7.422142331681763494e+01,3.911365260900643648e+01,1.016433796700283665e+00,1.033137663289472874e+00,6.000094573566879808e-01,1.016433945584265919e+00,1.033137967695485049e+00,6.000148053271713300e-01,1.016168448795190749e+00,1.032336761522693269e+00,6.000226412020698286e-01,1.016168108049097851e+00,1.032336203279422993e+00,6.000099958720678250e-01,2.949771323917200809e-15,2.488589009674830407e-16,-5.139373671170177354e-11,-1.968392856001915965e-09
7.428246067151896170e+01,3.914581844174410463e+01,1.016420067323660748e+00,1.033109753404674480e+00,6.000093093425331592e-01,1.016420230220787202e+00,1.033110086484300361e+00,6.000151656406731426e-01,1.016154965781764341e+00,1.032309927300925523e+00,6.000153051668186688e-01,1.016154819584121238e+00,1.032309628522706912e+00,6.000098752064861873e-01,3.143976556722978408e-15,2.745863036190836180e-16,-5.033587231820894269e-11,-1.926991560546771040e-09
7.434349802622028847e+01,3.917798427448177279e+01,1.016406368367189339e+00,1.033081905858727723e+00,6.000094314063527667e-01,1.016406520036702732e+00,1.033082215887070054e+00,6.000148886892741062e-01,1.016141862956410069e+00,1.032283614568108243e+00,6.000212784196944371e-01,1.016141564305178546e+00,1.032283112563007199e+00,6.000101770310717342e-01,3.297225070390810209e-15,3.088034714818834689e-16,-4.928290405522961463e-11,-1.885786526307226700e-09
7.440453538092161523e+01,3.921015010721944094e+01,1.016392690237909902e+00,1.033054100991947388e+00,6.000094808383368283e-01,1.016392847825932533e+00,1.033054423107131470e+00,6.000151558856441358e-01,1.016128764202383961e+00,1.032257321677281681e+00,6.000266033734124038e-01,1.016128304891139145e+00,1.032256605592757781e+00,6.000095159535273615e-01,3.413835548091939811e-15,3.425050116606984694e-16,-4.826578535518166959e-11,-1.846018460231386991e-09
7.446557273562294199e+01,3.924231593995710909e+01,1.016379031250417286e+00,1.033026335350135883e+00,6.000093987655694683e-01,1.016379185729032963e+00,1.033026651052376010e+00,6.000149665504591612e-01,1.016115622213714653e+00,1.032230985551812141e+00,6.000295190675980495e-01,1.016115104336153374e+00,1.032230191575752576e+00,6.000102370429885035e-01,3.493367600031704165e-15,3.728551818598309818e-16,-4.725789566630533124e-11,-1.806619929033132375e-09
7.452661009032428296e+01,3.927448177269478435e+01,1.016365396124154330e+00,1.032998618603484298e+00,6.000093571512977730e-01,1.016365556273182591e+00,1.032998945885141850e+00,6.000151341978937625e-01,1.016102436990402147e+00,1.032204606191699181e+00,6.000300215438590934e-01,1.016101886204187732e+00,1.032203768558836776e+00,6.000094974291326766e-01,3.520765026342434899e-15,3.940299472697755544e-16,-4.627979127199102447e-11,-1.768414018038185684e-09
7.458764744502560973e+01,3.930664760543245251e+01,1.016351788004032919e+00,1.032970957194836004e+00,6.000094716888347834e-01,1.016351942013900889e+00,1.032971271857288542e+00,6.000150319768152718e-01,1.016089208532446442e+00,1.032178183596943022e+00,6.000281068438031440e-01,1.016088727757779919e+00,1.032177439520808981e+00,6.000101769181402922e-01,3.480735225164421003e-15,3.973212767286245735e-16,-4.531508997064961655e-11,-1.730744205133509203e-09
7.464868479972693649e+01,3.933881343817012066e+01,1.016338198870139875e+00,1.032943334689860659e+00,6.000094550259850168e-01,1.016338355112780256e+00,1.032943653889208280e+00,6.000151006918350571e-01,1.016075936839847316e+00,1.032151717767543664e+00,6.000237710090378096e-01,1.016075564024253142e+00,1.032151117802977636e+00,6.000098559121510577e-01,3.391979475940375885e-15,3.864577742102943516e-16,-4.437451806211939788e-11,-1.694039521802404227e-09
7.470972215442826325e+01,3.937097927090778882e+01,1.016324628700437049e+00,1.032915751043042007e+00,6.000093080708662763e-01,1.016324788443255134e+00,1.032916077376238473e+00,6.000150850859182761e-01,1.016062621912604769e+00,1.032125208703500663e+00,6.000170100811705876e-01,1.016062434188101937e+00,1.032124855606226799e+00,6.000099976584392092e-01,3.254388200540763700e-15,3.610807531391396954e-16,-4.345119264086369752e-11,-1.658023935947940588e-09
7.477075950912960423e+01,3.940314510364546408e+01,1.016311088486192116e+00,1.032888228774239581e+00,6.000094303555217889e-01,1.016311243897920491e+00,1.032888546196358392e+00,6.000150554807130998e-01,1.016049586980078967e+00,1.032099087319913844e+00,6.000199041541703915e-01,1.016049324556104194e+00,1.032098634649393221e+00,6.000100933342170650e-01,3.044439464657648885e-15,3.154175782734637682e-16,-4.254672705502974958e-11,-1.622761910212250530e-09
7.483179686383093099e+01,3.943531093638313223e+01,1.016297568675719631e+00,1.032860748311123844e+00,6.000094785747397408e-01,1.016297724571982197e+00,1.032861066689776841e+00,6.000151259941417514e-01,1.016036649420445137e+00,1.032073109939557254e+00,6.000256459036101830e-01,1.016036223247432702e+00,1.032072439044920742e+00,6.000097002574650285e-01,2.793673842057731043e-15,2.616499349158990789e-16,-4.166303955724586295e-11,-1.588329216322061010e-09
7.489283421853225775e+01,3.946747676912080038e+01,1.016284067675826019e+00,1.032833306388928785e+00,6.000093968008601841e-01,1.016284222184726360e+00,1.032833621889719833e+00,6.000149986766116772e-01,1.016023669382404515e+00,1.032047090080793872e+00,6.000290073144992631e-01,1.016023167422068774e+00,1.032046318314624456e+00,6.000102106983956629e-01,2.509675380050431712e-15,2.033254365085920815e-16,-4.079330772397511462e-11,-1.554453545627556409e-09
7.495387157323358451e+01,3.949964260185846854e+01,1.016270590186718836e+00,1.032805912637114520e+00,6.000093572775597739e-01,1.016270749957881137e+00,1.032806238884525607e+00,6.000151548166502424e-01,1.016010646865957323e+00,1.032021027743623920e+00,6.000299844976830776e-01,1.016010094558339238e+00,1.032020189054632997e+00,6.000092857005422387e-01,2.191902635324741986e-15,1.444513093251088335e-16,-3.994759173894484989e-11,-1.521535433209501320e-09
7.501490892793492549e+01,3.953180843459613669e+01,1.016257139174807422e+00,1.032778573131950983e+00,6.000094698558204875e-01,1.016257289532223496e+00,1.032778880058470516e+00,6.000149303903944409e-01,1.015997581871103561e+00,1.031994922928047398e+00,6.000285735640075169e-01,1.015997092246712308e+00,1.031994168020010427e+00,6.000102089994460153e-01,1.851556643164326460e-15,9.424124220472455813e-17,-3.911127269255836893e-11,-1.488991994893378424e-09
7.507594628263626646e+01,3.956397426733381195e+01,1.016243706821493120e+00,1.032751271853855402e+00,6.000094527402181077e-01,1.016243864161641142e+00,1.032751593053126360e+00,6.000151716674154700e-01,1.015984474397843007e+00,1.031968775634064084e+00,6.000247706243180268e-01,1.015984072685271355e+00,1.031968138109251143e+00,6.000096911485928164e-01,1.501995123246945019e-15,5.310997692083719397e-17,-3.830193046911071640e-11,-1.457523051716797323e-09
7.513698363733759322e+01,3.959614010007148011e+01,1.016230293105244264e+00,1.032724008758364675e+00,6.000093068233501858e-01,1.016230445502319668e+00,1.032724319797788670e+00,6.000148507318621149e-01,1.015971324446175883e+00,1.031942585861674200e+00,6.000185717894601645e-01,1.015971098656820004e+00,1.031942182991651302e+00,6.000100892238960926e-01,1.145934056985577024e-15,2.207456085605657237e-17,-3.749775293258860735e-11,-1.426259819606019891e-09
7.519802099203891999e+01,3.962830593280914826e+01,1.016216908889727488e+00,1.032696806100832809e+00,6.000094293097629761e-01,1.016217066746818443e+00,1.032697128294191913e+00,6.000151766592882741e-01,1.015958357743071305e+00,1.031916654552162305e+00,6.000184602809730539e-01,1.015958132293329763e+00,1.031916252152004443e+00,6.000099835937726667e-01,7.876539694159527917e-16,7.409935604728677421e-18,-3.672325260676874195e-11,-1.396177411390987820e-09
7.525905834674024675e+01,3.966047176554681641e+01,1.016203544665029934e+00,1.032669644397233411e+00,6.000094763355079408e-01,1.016203692987426299e+00,1.032669947025967705e+00,6.000148810660115295e-01,1.015945578430562879e+00,1.031890987043603269e+00,6.000246087391272187e-01,1.015945186281382862e+00,1.031890362460373689e+00,6.000098523501194991e-01,4.299566216286083741e-16,2.359615630599561603e-19,-3.595238483257897641e-11,-1.366239439924732165e-09
7.532009570144158772e+01,3.969263759828449167e+01,1.016190198927327204e+00,1.032642520566348088e+00,6.000093948548651523e-01,1.016190357279811440e+00,1.032642843712257674e+00,6.000151699039131259e-01,1.015932757378354534e+00,1.031865277795344094e+00,6.000284052627570253e-01,1.015932272827558158e+00,1.031864530169370520e+00,6.000101570565784526e-01,7.258905766599928221e-17,-2.391247524577385548e-18,-3.520886607839217011e-11,-1.337388529547290397e-09
7.538113305614291448e+01,3.972480343102215983e+01,1.016176876357335779e+00,1.032615444196386179e+00,6.000093573750486797e-01,1.016177029849695046e+00,1.032615757355557662e+00,6.000149598605994949e-01,1.015919894586446270e+00,1.031839526807385221e+00,6.000298460303413739e-01,1.015919354751580350e+00,1.031838705661693556e+00,6.000094993484096362e-01,-2.847404912471831537e-16,-3.592150233533179626e-18,-3.447109660751357035e-11,-1.308765904369941984e-09
7.544217041084424125e+01,3.975696926375982798e+01,1.016163579748486034e+00,1.032588421008454382e+00,6.000094680309143724e-01,1.016163735329840057e+00,1.032588738417732799e+00,6.000151515118558043e-01,1.015906990054838310e+00,1.031813734079726430e+00,6.000289272203587210e-01,1.015906493921078235e+00,1.031812971400361434e+00,6.000102125165206468e-01,-6.433349254091393993e-16,-1.147223808166545668e-17,-3.375618554242529875e-11,-1.281050911580828340e-09
7.550320776554556801e+01,3.978913509649749614e+01,1.016150301478139673e+00,1.032561435386626814e+00,6.000094504751806168e-01,1.016150453991501390e+00,1.032561746482127063e+00,6.000150265338610733e-01,1.015894043783530432e+00,1.031787899612367942e+00,6.000256450112877449e-01,1.015893616184597281e+00,1.031787228480507190e+00,6.000095024657424725e-01,-1.002209423993930854e-15,-2.718701816177062339e-17,-3.305012191206669835e-11,-1.253686860622453940e-09
7.556424512024689477e+01,3.982130092923516429e+01,1.016137041525256857e+00,1.032534487287462222e+00,6.000093055852870894e-01,1.016137200468920865e+00,1.032534811526853336e+00,6.000151215925262349e-01,1.015881055772522634e+00,1.031762023405309536e+00,6.000199955816073460e-01,1.015880795209169296e+00,1.031761575088616434e+00,6.000101509450529447e-01,-1.360837505341094282e-15,-5.185395107217746261e-17,-3.236272822023883802e-11,-1.227063370358558206e-09
7.562528247494823574e+01,3.985346676197283955e+01,1.016123810628122959e+00,1.032507598706450258e+00,6.000094282657413292e-01,1.016123964986465955e+00,1.032507913525251286e+00,6.000150811982375432e-01,1.015868157591704124e+00,1.031736280875728218e+00,6.000169501148063800e-01,1.015867969787038749e+00,1.031735929587527911e+00,6.000098487243770151e-01,-1.713022493372816336e-15,-9.174019865842194016e-17,-3.168703540973662386e-11,-1.200903531855751030e-09
7.568631982964956251e+01,3.988563259471050770e+01,1.016110599319008045e+00,1.032480750248685908e+00,6.000094741276088550e-01,1.016110752271846218e+00,1.032481062161633378e+00,6.000150802542548734e-01,1.015855533649985487e+00,1.031710917733434707e+00,6.000234954512827512e-01,1.015855176329252485e+00,1.031710340482366428e+00,6.000099733056477591e-01,-2.052503506540827065e-15,-1.385857399425977253e-16,-3.102610988725312263e-11,-1.175328852616235337e-09
7.574735718435088927e+01,3.991779842744817586e+01,1.016097406180697327e+00,1.032453939010798072e+00,6.000093929449593633e-01,1.016097562410971378e+00,1.032454257610255777e+00,6.000151239650599599e-01,1.015842868690248313e+00,1.031685513573122437e+00,6.000277167525051025e-01,1.015842402939613809e+00,1.031684791889232677e+00,6.000100770626672908e-01,-2.375939117960374363e-15,-1.894623007501321056e-16,-3.037950799465897529e-11,-1.150321174218789098e-09
7.580839453905221603e+01,3.994996426018584401e+01,1.016084235874148867e+00,1.032427174539237713e+00,6.000093574710655409e-01,1.016084390316161157e+00,1.032427489449819324e+00,6.000150276042790498e-01,1.015830162712492823e+00,1.031660068394792074e+00,6.000296102630262585e-01,1.015829636920876355e+00,1.031659266834400457e+00,6.000096805538676081e-01,-2.671441727858985712e-15,-2.409807983147879799e-16,-2.974404101818798140e-11,-1.125754271439462971e-09
7.586943189375355701e+01,3.998213009292351927e+01,1.016071091025117834e+00,1.032400462210939063e+00,6.000094662462707173e-01,1.016071245844139437e+00,1.032400777868170305e+00,6.000151549445320587e-01,1.015817415716719019e+00,1.031634582198443173e+00,6.000291722273993766e-01,1.015816915283758171e+00,1.031633814641808700e+00,6.000101884451807255e-01,-2.920249210648025387e-15,-2.834156499564745726e-16,-2.912530302892767249e-11,-1.101848913680448504e-09
7.593046924845488377e+01,4.001429592566118743e+01,1.016057964201749764e+00,1.032373786802901927e+00,6.000094482659086292e-01,1.016058114182141425e+00,1.032374092524843245e+00,6.000149637487633969e-01,1.015804627702926677e+00,1.031609054984075957e+00,6.000263988901772816e-01,1.015804177075581016e+00,1.031608354001871231e+00,6.000092907172719370e-01,-3.129174207289792979e-15,-3.152564443884119846e-16,-2.851432308062150548e-11,-1.078250346362239352e-09
7.599150660315621053e+01,4.004646175839885558e+01,1.016044855383477552e+00,1.032347148272672710e+00,6.000093043923934166e-01,1.016045014867809959e+00,1.032347473435682783e+00,6.000151742457747739e-01,1.015791798671116020e+00,1.031583486751690426e+00,6.000212864959131309e-01,1.015791506463004534e+00,1.031582997105939814e+00,6.000101838286000522e-01,-3.295484361670601565e-15,-3.348625174447210872e-16,-2.792227272465891551e-11,-1.055399590098685469e-09
7.605254395785753729e+01,4.007862759113652373e+01,1.016031775185329389e+00,1.032320568360364899e+00,6.000094272555385189e-01,1.016031923452771712e+00,1.032320870525776479e+00,6.000148887928130614e-01,1.015778969264027776e+00,1.031557931690863184e+00,6.000153767810796346e-01,1.015778819705008162e+00,1.031557632268924829e+00,6.000096896091232646e-01,-3.386214257740432456e-15,-3.310989973185824323e-16,-2.733484497126058819e-11,-1.032731449141161176e-09
7.611358131255887827e+01,4.011079342387419899e+01,1.016018714182183702e+00,1.032294027760993771e+00,6.000094719759537787e-01,1.016018869066518393e+00,1.032294343455093300e+00,6.000151819768320127e-01,1.015766497885615127e+00,1.031532867538579090e+00,6.000223094155276993e-01,1.015766176122967268e+00,1.031532338546772731e+00,6.000100641617935882e-01,-3.425836642080386231e-15,-3.131535340786936628e-16,-2.676835466532787020e-11,-1.010889606676178330e-09
7.617461866726020503e+01,4.014295925661186715e+01,1.016005671040779879e+00,1.032267523743538140e+00,6.000093910873857128e-01,1.016005819501614171e+00,1.032267826258956855e+00,6.000148688078048576e-01,1.015753986194327219e+00,1.031507763073419959e+00,6.000269454210817033e-01,1.015753540539540811e+00,1.031507069013203548e+00,6.000099716293757490e-01,-3.419594437583915874e-15,-2.838929792048517945e-16,-2.620455637898709608e-11,-9.891539663904329385e-10
7.623565602196153179e+01,4.017512508934953530e+01,1.015992650402076425e+00,1.032241065812227188e+00,6.000093575724615436e-01,1.015992808027474714e+00,1.032241387074268602e+00,6.000151782446756510e-01,1.015741434190164272e+00,1.031482618295385567e+00,6.000292811068549392e-01,1.015740923911326643e+00,1.031481838233883286e+00,6.000098303858860671e-01,-3.358710203488598578e-15,-2.438667377470694136e-16,-2.566156846111898521e-11,-9.682387860298233435e-10
7.629669337666285855e+01,4.020729092208720346e+01,1.015979654729317394e+00,1.032214659010488589e+00,6.000094644968506641e-01,1.015979803118496116e+00,1.032214961334812164e+00,6.000149486284347411e-01,1.015728841873126065e+00,1.031457433204475915e+00,6.000293127819601446e-01,1.015728339228695321e+00,1.031456663507587912e+00,6.000101377279541959e-01,-3.247260215607989887e-15,-2.011574273679841212e-16,-2.512204608491022042e-11,-9.474601000758348686e-10
7.635773073136418532e+01,4.023945675482487161e+01,1.015966676776442368e+00,1.032188288497875917e+00,6.000094460965206267e-01,1.015966831340542331e+00,1.032188603446597464e+00,6.000151631552520515e-01,1.015716209243212820e+00,1.031432207800691447e+00,6.000270367555105011e-01,1.015715749477816177e+00,1.031431495441245572e+00,6.000094834343296935e-01,-3.105713165912409494e-15,-1.612119339406505797e-16,-2.460001253321719701e-11,-9.273702319054504160e-10
7.641876808606552629e+01,4.027162258756254687e+01,1.015953716523350092e+00,1.032161954232901468e+00,6.000093032194276921e-01,1.015953870861343367e+00,1.032162268697023766e+00,6.000150166239350824e-01,1.015703536300424314e+00,1.031406942084031497e+00,6.000224493366194123e-01,1.015703215424025530e+00,1.031406415029328949e+00,6.000101888470636968e-01,-2.936610564100615444e-15,-1.259622361866290743e-16,-2.408374149452178696e-11,-9.075071013085806089e-10
7.647980544076685305e+01,4.030378842030021502e+01,1.015940784463942093e+00,1.032135677704742793e+00,6.000094262475967888e-01,1.015940938598216103e+00,1.032135991730946500e+00,6.000151368134476471e-01,1.015690823044760771e+00,1.031381636054496509e+00,6.000155468343996157e-01,1.015690665101533607e+00,1.031381326283230537e+00,6.000095071007567338e-01,-2.733025766352809019e-15,-1.039551937057901342e-16,-2.358186102216262998e-11,-8.882101962619063313e-10
7.654084279546817982e+01,4.033595425303788318e+01,1.015927871216091738e+00,1.032109439699057774e+00,6.000094698445516128e-01,1.015928022324159352e+00,1.032109747507597763e+00,6.000150729020764517e-01,1.015678454323535762e+00,1.031356802752604329e+00,6.000210538268389016e-01,1.015678168779107882e+00,1.031356322860015329e+00,6.000101259212593519e-01,-2.510049516712081705e-15,-9.120238767534866461e-17,-2.308785916841388826e-11,-8.692229840409506505e-10
7.660188015016950658e+01,4.036812008577555133e+01,1.015914975527920650e+00,1.032083237651855390e+00,6.000093892449709365e-01,1.015915129395601912e+00,1.032083551091615758e+00,6.000150993231244678e-01,1.015666093143986259e+00,1.031331992715814883e+00,6.000260947185116489e-01,1.015665668791992493e+00,1.031331327848043822e+00,6.000098416382296795e-01,-2.269074465953567562e-15,-8.577108655342593071e-17,-2.260536081556828934e-11,-8.506879515581591416e-10
7.666291750487084755e+01,4.040028591851322659e+01,1.015902102020187492e+00,1.032057081024739587e+00,6.000093576454910149e-01,1.015902257103546535e+00,1.032057396933948379e+00,6.000151175696121220e-01,1.015653692340637182e+00,1.031307143055225861e+00,6.000288622784470949e-01,1.015653198949528546e+00,1.031306386285543164e+00,6.000099498775148810e-01,-2.005556913554569332e-15,-8.710561821021820259e-17,-2.213268669125825390e-11,-8.325387089241630469e-10
7.672395485957217431e+01,4.043245175125089474e+01,1.015889252998623205e+00,1.032030974537948120e+00,6.000094627540779602e-01,1.015889403330396235e+00,1.032031280698295195e+00,6.000150507871622185e-01,1.015641251913488530e+00,1.031282253770837487e+00,6.000293528788475106e-01,1.015640749030039869e+00,1.031281484522456715e+00,6.000100612753360707e-01,-1.714676954093365163e-15,-8.807471951051110079e-17,-2.166882869067397190e-11,-8.147356686435432879e-10
7.678499221427350108e+01,4.046461758398856290e+01,1.015876421398082430e+00,1.032004903723490630e+00,6.000094439462209106e-01,1.015876574798685539e+00,1.032005216148853322e+00,6.000151507322545319e-01,1.015628771862540525e+00,1.031257324862649538e+00,6.000275628919147231e-01,1.015628305592866987e+00,1.031256604596081372e+00,6.000096616352899037e-01,-1.403005200135792318e-15,-8.440102219526968992e-17,-2.121657988297366525e-11,-7.973880642942818000e-10
7.684602956897482784e+01,4.049678341672623105e+01,1.015863607198915330e+00,1.031978868540817107e+00,6.000093020557191181e-01,1.015863760002864824e+00,1.031979179726021156e+00,6.000149913074155350e-01,1.015616252187792945e+00,1.031232356330662014e+00,6.000234886898512254e-01,1.015615905475026226e+00,1.031231795599825807e+00,6.000101669400914606e-01,-1.070105949960601217e-15,-7.422544603473916797e-17,-2.077064856738265544e-11,-7.802882991300008762e-10
7.690706692367615460e+01,4.052894924946389921e+01,1.015850820775965557e+00,1.031952890232493258e+00,6.000094252427780050e-01,1.015850975011313828e+00,1.031953204330411822e+00,6.000151724946948262e-01,1.015603692889245790e+00,1.031207348174875138e+00,6.000171266448588447e-01,1.015603489406722071e+00,1.031206978470090352e+00,6.000093020228238760e-01,-7.038002207471785576e-16,-4.749654293715767524e-17,-2.033796011769838180e-11,-7.637075512479312910e-10
7.696810427837749558e+01,4.056111508220157447e+01,1.015838052790408286e+00,1.031926949675428862e+00,6.000094677444173241e-01,1.015838199015822729e+00,1.031927247355134636e+00,6.000149209847510656e-01,1.015591386518848172e+00,1.031182690412315139e+00,6.000197317135964603e-01,1.015591137788268927e+00,1.031182260377725646e+00,6.000101595530206167e-01,-3.196033184654430810e-16,-8.878491654218068085e-18,-1.990926886758104718e-11,-7.472834624810635566e-10
7.702914163307882234e+01,4.059328091493924262e+01,1.015825302069249370e+00,1.031901044467506079e+00,6.000093874386296378e-01,1.015825457345706617e+00,1.031901360662001332e+00,6.000151829606211740e-01,1.015579173159676385e+00,1.031158169659497137e+00,6.000251679214837486e-01,1.015578771234368238e+00,1.031157535447029039e+00,6.000096879407412764e-01,7.810303948530103103e-17,3.973508744045372481e-17,-1.949531174647649843e-11,-7.314362738493228646e-10
7.709017898778014910e+01,4.062544674767691077e+01,1.015812573212834691e+00,1.031875184027306824e+00,6.000093577200666939e-01,1.015812720330218522e+00,1.031875483499320678e+00,6.000148532024593973e-01,1.015566920850167643e+00,1.031133609956342179e+00,6.000283573140177129e-01,1.015566445633037995e+00,1.031132878157917432e+00,6.000100400272245782e-01,4.867032964430914543e-16,9.882841963645921700e-17,-1.908334743575538965e-11,-7.156671061136188847e-10
7.715121634248147586e+01,4.065761258041457893e+01,1.015799868374180903e+00,1.031849372761819650e+00,6.000094610516988336e-01,1.015800021408656217e+00,1.031849684332236672e+00,6.000151822327407514e-01,1.015554629590322389e+00,1.031109011302850709e+00,6.000292963250599687e-01,1.015554128331651818e+00,1.031108244951649766e+00,6.000099599669919126e-01,8.914136232197876152e-16,1.611926641507715639e-16,-1.868717961971527729e-11,-7.005158336081104546e-10
7.721225369718281684e+01,4.068977841315225419e+01,1.015787180664343259e+00,1.031823596565741852e+00,6.000094418504602345e-01,1.015787327455300870e+00,1.031823895336973829e+00,6.000149340969368472e-01,1.015542299380140179e+00,1.031084373699022283e+00,6.000279813884721314e-01,1.015541828674542124e+00,1.031083648246317930e+00,6.000098092684471585e-01,1.284177839783439230e-15,2.208071757938413031e-16,-1.829300197582670647e-11,-6.854423332984310838e-10
7.727329105188414360e+01,4.072194424588992234e+01,1.015774510064106018e+00,1.031797855399429364e+00,6.000093009360970564e-01,1.015774666809452276e+00,1.031798174534926282e+00,6.000151704127733021e-01,1.015529930219621013e+00,1.031059697144856901e+00,6.000244089381159274e-01,1.015529560365503681e+00,1.031059106292968819e+00,6.000101190156816866e-01,1.660910822771747646e-15,2.754260321701137968e-16,-1.791216670561838492e-11,-6.708902279333450094e-10
7.733432840658547036e+01,4.075411007862759050e+01,1.015761866831237148e+00,1.031772170263022481e+00,6.000094242710316550e-01,1.015762015702767362e+00,1.031772473262512646e+00,6.000150034475459915e-01,1.015517522108765336e+00,1.031034981640355008e+00,6.000185754078533051e-01,1.015517286579915357e+00,1.031034569952969493e+00,6.000094681751401149e-01,1.994986837840433198e-15,3.131522897696248105e-16,-1.753502271949174301e-11,-6.564822320181024213e-10
7.739536576128679712e+01,4.078627591136525865e+01,1.015749241670544478e+00,1.031746522125284615e+00,6.000094656974631624e-01,1.015749393159862013e+00,1.031746830469033149e+00,6.000151476014673468e-01,1.015505278385808507e+00,1.031010498277604936e+00,6.000183459501090555e-01,1.015505067004766504e+00,1.031010118784104312e+00,6.000101659935822562e-01,2.292429490243844155e-15,3.365244560764737044e-16,-1.716893180094314206e-11,-6.425057530093106517e-10
7.745640311598813810e+01,4.081844174410293391e+01,1.015736633485513352e+00,1.031720908740997977e+00,6.000093856809104453e-01,1.015736784685806526e+00,1.031721216477854197e+00,6.000150613578414394e-01,1.015493210219108100e+00,1.030986261783239044e+00,6.000241681459904663e-01,1.015492831766562798e+00,1.030985659589400028e+00,6.000095113595346197e-01,2.554089337833253673e-15,3.467023298531448333e-16,-1.680809974937481110e-11,-6.287343855128248390e-10
7.751744047068946486e+01,4.085060757684060206e+01,1.015724046855889462e+00,1.031695339485366070e+00,6.000093577988702132e-01,1.015724200074110684e+00,1.031695651338632169e+00,6.000151138986113963e-01,1.015481103760360160e+00,1.030961986996825397e+00,6.000277695821385482e-01,1.015480647920181667e+00,1.030961281742244884e+00,6.000101018001938735e-01,2.767639691164556897e-15,3.406890789001577883e-16,-1.645618733056134130e-11,-6.153109103228803760e-10
7.757847782539079162e+01,4.088277340957827022e+01,1.015711483786656544e+00,1.031669818461786958e+00,6.000094593806614141e-01,1.015711634020052045e+00,1.031670124190004145e+00,6.000151079303295276e-01,1.015468959009564465e+00,1.030937673918364217e+00,6.000291467526855937e-01,1.015468461136950218e+00,1.030936912780527237e+00,6.000098346529092463e-01,2.929767425423610365e-15,3.229018214550875636e-16,-1.611097550037673948e-11,-6.021485281752998503e-10
7.763951518009211838e+01,4.091493924231593837e+01,1.015698937560522319e+00,1.031644331918194712e+00,6.000094397897611787e-01,1.015699087168863146e+00,1.031644636352870181e+00,6.000150694030793597e-01,1.015456775966721015e+00,1.030913322547855060e+00,6.000282961517633407e-01,1.015456302784375486e+00,1.030912594488620604e+00,6.000099273278125533e-01,3.057841534682140060e-15,3.011415169831869695e-16,-1.577269723243984948e-11,-5.892563170473031531e-10
7.770055253479344515e+01,4.094710507505360653e+01,1.015686408158698928e+00,1.031618879815833667e+00,6.000092998324134674e-01,1.015686563323566549e+00,1.031619195611015449e+00,6.000151432666240847e-01,1.015444554631830254e+00,1.030888932885298814e+00,6.000252142735039707e-01,1.015444164201604327e+00,1.030888315298637670e+00,6.000100459513642015e-01,3.153183769169022012e-15,2.774374193729998422e-16,-1.544244269569558002e-11,-5.766764583530216376e-10
7.776158988949478612e+01,4.097927090779128179e+01,1.015673905723872616e+00,1.031593482916565385e+00,6.000094232989721110e-01,1.015674054063203213e+00,1.031593784725926000e+00,6.000150142127822495e-01,1.015432295004891516e+00,1.030864504930694370e+00,6.000198976120397765e-01,1.015432031271846558e+00,1.030864056348473667e+00,6.000096434615920238e-01,3.202827546793276149e-15,2.596498910102999385e-16,-1.511727492477834617e-11,-5.642946202114820895e-10
7.782262724419611288e+01,4.101143674052894994e+01,1.015661421004772080e+00,1.031568122281535604e+00,6.000094636670649795e-01,1.015661572216819852e+00,1.031568429957949506e+00,6.000151674673370739e-01,1.015420114188259504e+00,1.030840194811933452e+00,6.000168992679312252e-01,1.015419940636685059e+00,1.030839866471964239e+00,6.000101461481862630e-01,3.225744598765034104e-15,2.496831667592690942e-16,-1.480134236300545155e-11,-5.522719544520532483e-10
7.788366459889745386e+01,4.104360257326661809e+01,1.015648952979031794e+00,1.031542795817609770e+00,6.000093839352346192e-01,1.015649100378615666e+00,1.031543095676970445e+00,6.000149484247222498e-01,1.015408188647745291e+00,1.030816237665990620e+00,6.000230983587671041e-01,1.015407834641050444e+00,1.030815668760485249e+00,6.000093126894251450e-01,3.223618768182994918e-15,2.472310846019016676e-16,-1.448878135216835942e-11,-5.403804138206092298e-10
7.794470195359878062e+01,4.107576840600428625e+01,1.015636506205646494e+00,1.031517512856309882e+00,6.000093578498910674e-01,1.015636660322671858e+00,1.031517826452835962e+00,6.000151806321681880e-01,1.015396225458723656e+00,1.030792242871540365e+00,6.000271022953123090e-01,1.015395790120199093e+00,1.030791565632699580e+00,6.000101361295417934e-01,3.189890955626513801e-15,2.546334343747573079e-16,-1.418656192773074291e-11,-5.288906942105745109e-10
7.800573930830012159e+01,4.110793423874196151e+01,1.015624082546093820e+00,1.031492277206782715e+00,6.000094577151972031e-01,1.015624225738967157e+00,1.031492568430127044e+00,6.000148721349785053e-01,1.015384224621194598e+00,1.030768210428582687e+00,6.000289076306193348e-01,1.015383731799095024e+00,1.030767456694892559e+00,6.000096861545030080e-01,3.118227782238000155e-15,2.682148558300945536e-16,-1.388612310775092102e-11,-5.174701597597908468e-10
7.806677666300144836e+01,4.114010007147962966e+01,1.015611675450280638e+00,1.031467075460993810e+00,6.000094377469512574e-01,1.015611827266353240e+00,1.031467384322633851e+00,6.000151828598782044e-01,1.015372186135158117e+00,1.030744140337117587e+00,6.000285109177398990e-01,1.015371712331986309e+00,1.030743412116967628e+00,6.000100167745402446e-01,3.016196451104268628e-15,2.821750424744957198e-16,-1.359703338046883939e-11,-5.064901776757001830e-10
7.812781401770277512e+01,4.117226590421729782e+01,1.015599284899833643e+00,1.031441907581047479e+00,6.000092987381145937e-01,1.015599433249140704e+00,1.031442209334586524e+00,6.000149171860845732e-01,1.015360110000614213e+00,1.030720032597145064e+00,6.000259087097260524e-01,1.015359701436401973e+00,1.030719391501559778e+00,6.000099485953278577e-01,2.882376111160786360e-15,2.946252173992603328e-16,-1.330930657085139196e-11,-4.955630632614568086e-10
7.818885137240410188e+01,4.120443173695496597e+01,1.015586920924286929e+00,1.031416794094562439e+00,6.000094223315340924e-01,1.015587072675447011e+00,1.031417102799192520e+00,6.000151742483152972e-01,1.015347996217563109e+00,1.030695887208665562e+00,6.000210975596299567e-01,1.015347706953706686e+00,1.030695405264792752e+00,6.000097889552955532e-01,2.691035087904119773e-15,2.954075861084947153e-16,-1.303173151572589929e-11,-4.850296528149046420e-10
7.824988872710542864e+01,4.123659756969263412e+01,1.015574574316508771e+00,1.031391716155495075e+00,6.000094616680629045e-01,1.015574719996075848e+00,1.031392012421452620e+00,6.000149878944736059e-01,1.015335878530348790e+00,1.030671749163417861e+00,6.000153942660996220e-01,1.015335743236248867e+00,1.030671472523423393e+00,6.000101008919658252e-01,2.460080377383504041e-15,2.839163672664043329e-16,-1.275647088554567127e-11,-4.745859162623323251e-10
7.831092608180676962e+01,4.126876340243030938e+01,1.015562244126018809e+00,1.031366671818124248e+00,6.000093822257475118e-01,1.015562396179870097e+00,1.031366981119213211e+00,6.000151548944056001e-01,1.015324093109583492e+00,1.030648066568083054e+00,6.000219613876590641e-01,1.015323773668828533e+00,1.030647544420074446e+00,6.000094535369876469e-01,2.192486571232568424e-15,2.603751282490523140e-16,-1.248967223923551753e-11,-4.644700447571782295e-10
7.837196343650809638e+01,4.130092923516797754e+01,1.015549934890893402e+00,1.031341670369988028e+00,6.000093579052366843e-01,1.015550084634278871e+00,1.031341974930917615e+00,6.000150474268254319e-01,1.015312270669512573e+00,1.030624346953442849e+00,6.000263585204799188e-01,1.015311856883708064e+00,1.030623699107270141e+00,6.000101439175081763e-01,1.879750203031515732e-15,2.205506342175369919e-16,-1.222634802760859845e-11,-4.544886672333737444e-10
7.843300079120942314e+01,4.133309506790564569e+01,1.015537648333453724e+00,1.031316715334985368e+00,6.000094560901797491e-01,1.015537797411855570e+00,1.031317018524211093e+00,6.000151248942060533e-01,1.015300411210136255e+00,1.030600590319497023e+00,6.000285822752216003e-01,1.015299925011486248e+00,1.030599846061946323e+00,6.000095152656732544e-01,1.527325197907583118e-15,1.666530113762640721e-16,-1.196991094123432543e-11,-4.447738875822396449e-10
7.849403814591074990e+01,4.136526090064331385e+01,1.015525378066505446e+00,1.031291793640207288e+00,6.000094357573788617e-01,1.015525526797310452e+00,1.031292096107255807e+00,6.000150958818181168e-01,1.015288514731454317e+00,1.030576796666245798e+00,6.000286292625434115e-01,1.015288042065635388e+00,1.030576070603710592e+00,6.000100785381329294e-01,1.153839912240581756e-15,1.066946323138525472e-16,-1.171801548919228027e-11,-4.352347496833994328e-10
7.855507550061209088e+01,4.139742673338098911e+01,1.015513124072075168e+00,1.031266905248591659e+00,6.000092976867003047e-01,1.015513276005933774e+00,1.031267214260477294e+00,6.000150843428484482e-01,1.015276581233466757e+00,1.030552965993688730e+00,6.000264960931044333e-01,1.015276156860490442e+00,1.030552304462450275e+00,6.000098277675067759e-01,7.628553430688044928e-16,4.261743870223235382e-17,-1.147154093316507917e-11,-4.259052578294410142e-10
7.861611285531341764e+01,4.142959256611865726e+01,1.015500896268396014e+00,1.031242070457421001e+00,6.000094213962413603e-01,1.015501046121018325e+00,1.031242375199495687e+00,6.000151333572172341e-01,1.015264610716173577e+00,1.030529098301826263e+00,6.000221793775640799e-01,1.015264298470656579e+00,1.030528586367150279e+00,6.000099056131663611e-01,3.623326497787966268e-16,-1.760181302640569171e-17,-1.123058777815695787e-11,-4.167891017636515718e-10
7.867715021001474440e+01,4.146175839885632541e+01,1.015488685492724530e+00,1.031217270513896667e+00,6.000094597191328871e-01,1.015488831598915898e+00,1.031217567579042038e+00,6.000150333346279119e-01,1.015252603179574997e+00,1.030505193590658397e+00,6.000156757265816543e-01,1.015252459690505704e+00,1.030504906691225964e+00,6.000100310710545504e-01,-3.212710049215081512e-17,-6.906138512532655797e-17,-1.099369194537687230e-11,-4.078297124373875337e-10
7.873818756471607117e+01,4.149392423159399357e+01,1.015476490864286818e+00,1.031192503615205869e+00,6.000093805611738107e-01,1.015476642243519745e+00,1.031192811461382419e+00,6.000151599498991795e-01,1.015240908598203706e+00,1.030481718413014391e+00,6.000207599310311002e-01,1.015240625789156859e+00,1.030481245755763942e+00,6.000096259951415156e-01,-4.173803296836220384e-16,-1.108965003137364916e-16,-1.076321495218547718e-11,-3.991181058797197117e-10
7.879922491941739793e+01,4.152609006433166172e+01,1.015464316900099639e+00,1.031167779004638962e+00,6.000093579634779850e-01,1.015464463829874431e+00,1.031168077735637123e+00,6.000149719629308542e-01,1.015229224444838874e+00,1.030458269275474015e+00,6.000255411885759838e-01,1.015228833193478231e+00,1.030457652109258770e+00,6.000101260365865441e-01,-7.837736161837824766e-16,-1.377167010162806788e-16,-1.053552868347935221e-11,-3.905142280524236717e-10
7.886026227411873890e+01,4.155825589706933698e+01,1.015452165187576083e+00,1.031143099929604290e+00,6.000094544926980467e-01,1.015452314805183276e+00,1.031143404151340759e+00,6.000151757558329635e-01,1.015217503887428929e+00,1.030434783733888526e+00,6.000281738600303783e-01,1.015217025798574868e+00,1.030434050911865462e+00,6.000093227538190188e-01,-1.122823288338190518e-15,-1.489065670207044479e-16,-1.031508121011605578e-11,-3.821895290682026766e-10
7.892129962882006566e+01,4.159042172980700514e+01,1.015440029498269725e+00,1.031118453643696142e+00,6.000094337982987414e-01,1.015440172340127845e+00,1.031118743990659059e+00,6.000149003203342213e-01,1.015205746925973651e+00,1.030411261788257482e+00,6.000286546123843046e-01,1.015205277063088163e+00,1.030410540081252435e+00,6.000101135175994749e-01,-1.441288100417747942e-15,-1.515337931852222593e-16,-1.009624944109992193e-11,-3.739271430033321227e-10
7.898233698352139243e+01,4.162258756254467329e+01,1.015427909814601071e+00,1.031093840110668847e+00,6.000092966475000233e-01,1.015428063448612805e+00,1.031094152532438635e+00,6.000151808701488232e-01,1.015193953560473039e+00,1.030387703438581326e+00,6.000269801126278946e-01,1.015193515592879958e+00,1.030387024399761930e+00,6.000096842606151837e-01,-1.738903193642555303e-15,-1.469552366768216193e-16,-9.885403538298330151e-12,-3.659724668763139446e-10
7.904337433822271919e+01,4.165475339528234144e+01,1.015415815945370337e+00,1.031069279401349403e+00,6.000094204582503421e-01,1.015415958862347257e+00,1.031069569884025316e+00,6.000148985763303910e-01,1.015182123790927315e+00,1.030364108684860058e+00,6.000231470277512802e-01,1.015181790994738265e+00,1.030363569975604854e+00,6.000099943608767639e-01,-2.004908450911297596e-15,-1.395634453256788727e-16,-9.675564636117949089e-12,-3.580565754931179797e-10
7.910441169292406016e+01,4.168691922802001670e+01,1.015403738772426623e+00,1.031044752856543179e+00,6.000094577834645948e-01,1.015403887818628892e+00,1.031045055872350957e+00,6.000151753870813787e-01,1.015170257617336258e+00,1.030340477527093235e+00,6.000171520247444823e-01,1.015170075212311396e+00,1.030340139380666376e+00,6.000099375036477278e-01,-2.252421684437969459e-15,-1.363030090276004155e-16,-9.473430409856632665e-12,-3.504372892144838092e-10
7.916544904762538692e+01,4.171908506075768486e+01,1.015391677482587518e+00,1.031020258811979895e+00,6.000093789059824934e-01,1.015391823131360116e+00,1.031020554867183581e+00,6.000149706238648850e-01,1.015158620428094904e+00,1.030317163769803424e+00,6.000194965663181446e-01,1.015158374685542153e+00,1.030316741164379435e+00,6.000097694065472664e-01,-2.482484651077535098e-15,-1.383445933079015000e-16,-9.272706112174774388e-12,-3.428722314439487940e-10
7.922648640232671369e+01,4.175125089349535301e+01,1.015379636571700939e+00,1.030995806466485698e+00,6.000093579947159972e-01,1.015379787562252556e+00,1.030996113443324536e+00,6.000151594000320276e-01,1.015147072156051378e+00,1.030293980513019347e+00,6.000246531032301656e-01,1.015146704355501805e+00,1.030293395229377351e+00,6.000100833306105663e-01,-2.690451657715005482e-15,-1.500447779413938777e-16,-9.078440534827432094e-12,-3.355555882194225192e-10
7.928752375702804045e+01,4.178341672623302117e+01,1.015367617496377717e+00,1.030971398799441774e+00,6.000094529001034349e-01,1.015367762579325595e+00,1.030971693680087009e+00,6.000150317483879947e-01,1.015135488081665205e+00,1.030270761453892847e+00,6.000276854246215930e-01,1.015135027834311865e+00,1.030270053023280674e+00,6.000094394881424487e-01,-2.871329689229516906e-15,-1.725373272301554863e-16,-8.886442402744298526e-12,-3.283260764569460751e-10
7.934856111172938142e+01,4.181558255897069643e+01,1.015355614182848365e+00,1.030947023382541738e+00,6.000094318562853024e-01,1.015355762328687517e+00,1.030947324522141217e+00,6.000151330015399687e-01,1.015123868204936386e+00,1.030247506592423479e+00,6.000285902525719361e-01,1.015123402722771573e+00,1.030246791324313183e+00,6.000101225825640316e-01,-3.028733124014857132e-15,-2.005036093273070918e-16,-8.699741659211488945e-12,-3.213001282453617134e-10
7.940959846643070819e+01,4.184774839170836458e+01,1.015343626613914862e+00,1.030922680180331064e+00,6.000092956180675952e-01,1.015343776856699520e+00,1.030922985602118480e+00,6.000150820449601241e-01,1.015112212525865143e+00,1.030224215928611908e+00,6.000273643091610376e-01,1.015111763072188200e+00,1.030223522172025952e+00,6.000095188411461722e-01,-3.160770061808769578e-15,-2.327450660381301404e-16,-8.516097512004357871e-12,-3.143915307080876237e-10
7.947063582113203495e+01,4.187991422444603273e+01,1.015331664490747077e+00,1.030898389040947105e+00,6.000094195265047725e-01,1.015331811769304649e+00,1.030898688390083695e+00,6.000150962833196155e-01,1.015100521044451476e+00,1.030200889462457692e+00,6.000240043164680737e-01,1.015100170016116632e+00,1.030200327047485764e+00,6.000100560939890526e-01,-3.240316121932979080e-15,-2.631256320335465916e-16,-8.336669411058196650e-12,-3.076447981405158339e-10
7.953167317583336171e+01,4.191208005718370089e+01,1.015319718739928767e+00,1.030874131399076798e+00,6.000094558794794031e-01,1.015319865616094663e+00,1.030874429917140178e+00,6.000151216078094540e-01,1.015088793760694941e+00,1.030177527193960829e+00,6.000185069965728868e-01,1.015088575331603682e+00,1.030177141632095283e+00,6.000098209810199590e-01,-3.278344377591408804e-15,-2.857631541426102124e-16,-8.161022657654351149e-12,-3.010431112020143281e-10
7.959271053053468847e+01,4.194424588992136904e+01,1.015307788613814655e+00,1.030849905724757321e+00,6.000093772871648579e-01,1.015307935537624218e+00,1.030850204332901088e+00,6.000150493362600423e-01,1.015077214226235425e+00,1.030154373835888704e+00,6.000181737578081931e-01,1.015077005939197363e+00,1.030154001784474582e+00,6.000098846928463292e-01,-3.274810020866193389e-15,-2.992146217338926444e-16,-7.988586191767786482e-12,-2.945645650664224291e-10
7.965374788523602945e+01,4.197641172265904430e+01,1.015295878586957246e+00,1.030825721172129006e+00,6.000093580328291765e-01,1.015296028512262971e+00,1.030826025913460064e+00,6.000151505302877553e-01,1.015065799485372899e+00,1.030131451966909806e+00,6.000236969487037220e-01,1.015065455990351584e+00,1.030130899688419976e+00,6.000100166157954495e-01,-3.213702623444788393e-15,-2.970465664468973074e-16,-7.820595189216634098e-12,-2.882563866641851020e-10
7.971478523993735621e+01,4.200857755539671246e+01,1.015283989989110625e+00,1.030801580460711353e+00,6.000094513478784197e-01,1.015284133289299673e+00,1.030801871640772527e+00,6.000149922504171007e-01,1.015054349530683853e+00,1.030108494884104609e+00,6.000271198827089592e-01,1.015053910197327491e+00,1.030107814924401843e+00,6.000096092006317328e-01,-3.089707288282409171e-15,-2.760146676880376384e-16,-7.654880110867772175e-12,-2.820354306768854119e-10
7.977582259463868297e+01,4.204074338813438061e+01,1.015272116897256494e+00,1.030777471472166917e+00,6.000094299661583586e-01,1.015272265202080026e+00,1.030777772883796573e+00,6.000151689049161297e-01,1.015042864362168507e+00,1.030085502587472890e+00,6.000284393357855350e-01,1.015042404755213568e+00,1.030084795732764569e+00,6.000101065743317363e-01,-2.922782389476772326e-15,-2.428054822508104955e-16,-7.494217548742282934e-12,-2.760079348067631793e-10
7.983685994934000973e+01,4.207290922087204876e+01,1.015260259294564760e+00,1.030753394171808335e+00,6.000092946301841534e-01,1.015260404682101880e+00,1.030753689608275625e+00,6.000149251150533880e-01,1.015031343979826861e+00,1.030062475077015094e+00,6.000276520838951910e-01,1.015030885048110676e+00,1.030061769260753435e+00,6.000093322503242677e-01,-2.714357411297702879e-15,-1.982555205456674230e-16,-7.334963962584761319e-12,-2.700343884231567245e-10
7.989789730404135071e+01,4.210507505360972402e+01,1.015248426776306001e+00,1.030729368188737061e+00,6.000094186257384221e-01,1.015248575344529502e+00,1.030729670125244635e+00,6.000151768234233129e-01,1.015019788383658694e+00,1.030039412352730555e+00,6.000247549029998906e-01,1.015019421334601102e+00,1.030038829160390135e+00,6.000100916790431782e-01,-2.450718313382053403e-15,-1.433748205375435968e-16,-7.181316272283037440e-12,-2.642753008856439726e-10
7.995893465874267747e+01,4.213724088634739218e+01,1.015236610313978272e+00,1.030705375051810258e+00,6.000094540224150119e-01,1.015236750168714286e+00,1.030705659156220033e+00,6.000148787705661402e-01,1.015008197573664228e+00,1.030016314414619938e+00,6.000197445690612641e-01,1.015007945886955421e+00,1.030015885103985340e+00,6.000096822685049291e-01,-2.162248006382696014e-15,-8.872185757949420451e-17,-7.028411857701262938e-12,-2.585446434157179616e-10
8.001997201344400423e+01,4.216940671908506033e+01,1.015224809223495450e+00,1.030681413361286269e+00,6.000093757095776859e-01,1.015224958600685623e+00,1.030681716939243264e+00,6.000151743766831691e-01,1.014996675923928837e+00,1.029993320420559799e+00,6.000167938637361864e-01,1.014996505438545915e+00,1.029992999370030526e+00,6.000099727459531351e-01,-1.853814070958156864e-15,-3.652909714465467290e-17,-6.881341030555428222e-12,-2.530369583248860434e-10
8.008100936814533100e+01,4.220157255182272849e+01,1.015213027958013603e+00,1.030657492226436434e+00,6.000093580723497855e-01,1.015213171951005133e+00,1.030657784783490794e+00,6.000149521239870332e-01,1.014985392417788734e+00,1.029970655546949221e+00,6.000226752971379307e-01,1.014985074024813860e+00,1.029970137320487256e+00,6.000099266817360277e-01,-1.527832719755272591e-15,7.664837146815332824e-18,-6.735094467689353805e-12,-2.475607506815840060e-10
8.014204672284665776e+01,4.223373838456039664e+01,1.015201267724292089e+00,1.030633614114867758e+00,6.000094498195486237e-01,1.015201414633698507e+00,1.030633912631540472e+00,6.000151616547949596e-01,1.014974074273511162e+00,1.029947956035201395e+00,6.000264800295557199e-01,1.014973656778688227e+00,1.029947305763867282e+00,6.000097505847499235e-01,-1.194399372191276876e-15,3.863170418436542660e-17,-6.593763707280519506e-12,-2.422722703457902527e-10
8.020308407754799873e+01,4.226590421729807190e+01,1.015189522746267281e+00,1.030609767210334260e+00,6.000094281022183562e-01,1.015189666324369577e+00,1.030610058906170856e+00,6.000150147972754811e-01,1.014962721491096120e+00,1.029925221885316100e+00,6.000282048896588005e-01,1.014962269174755516e+00,1.029924525315013106e+00,6.000100663069094509e-01,-8.589822072504679167e-16,6.004466269321244410e-17,-6.453890475111599458e-12,-2.370394021517786923e-10
8.026412143224932549e+01,4.229807005003574005e+01,1.015177793007472351e+00,1.030585951478900419e+00,6.000092936510572628e-01,1.015177943108776848e+00,1.030586256512161514e+00,6.000151387470106235e-01,1.014951334070543609e+00,1.029902453097293114e+00,6.000278467061169740e-01,1.014950875068265868e+00,1.029901747747505869e+00,6.000094259988414391e-01,-5.230609555620603273e-16,7.206840843429835499e-17,-6.318077513742624252e-12,-2.319614540129790765e-10
8.032515878695065226e+01,4.233023588277340821e+01,1.015166087999032518e+00,1.030562186334265329e+00,6.000094177201843459e-01,1.015166232955197367e+00,1.030562480836738404e+00,6.000150668820947164e-01,1.014939912011853407e+00,1.029879649671132658e+00,6.000254023075997090e-01,1.014939531051436195e+00,1.029879048495720539e+00,6.000101019546002501e-01,-1.887172047710419952e-16,7.424556878028930805e-17,-6.184305036962797783e-12,-2.269612927834443231e-10
8.038619614165197902e+01,4.236240171551107636e+01,1.015154398737487584e+00,1.030538453399671095e+00,6.000094521757077803e-01,1.015154543693174150e+00,1.030538747895374918e+00,6.000151057418348088e-01,1.014928455315025735e+00,1.029856811606834732e+00,6.000208685227765848e-01,1.014928173017395352e+00,1.029856342056535201e+00,6.000095221064303264e-01,1.452438932356132464e-16,7.580708968955842124e-17,-6.053796138164165958e-12,-2.220855449631810399e-10
8.044723349635331999e+01,4.239456754824875162e+01,1.015142724600391899e+00,1.030514751401635287e+00,6.000093741391069324e-01,1.015142871511913958e+00,1.030515049891894686e+00,6.000151084693522430e-01,1.014916991748882502e+00,1.029833975928895473e+00,6.000153591427629385e-01,1.014916859371088664e+00,1.029833706274147609e+00,6.000100344291211529e-01,4.791352988272142872e-16,7.884316031372783801e-17,-5.925863294243870485e-12,-2.173079155301050694e-10
8.050827085105464676e+01,4.242673338098641977e+01,1.015131070019431814e+00,1.030491089404417471e+00,6.000093580858331110e-01,1.015131216056172070e+00,1.030491386099661399e+00,6.000150627269831283e-01,1.014905837233177399e+00,1.029811563755948400e+00,6.000215906151886713e-01,1.014905544683786021e+00,1.029811080556742420e+00,6.000098142923672162e-01,8.135884667635287801e-16,8.830741244957922474e-17,-5.800452928547763975e-12,-2.126263638231495749e-10
8.056930820575597352e+01,4.245889921372408793e+01,1.015119436082096982e+00,1.030467469631390909e+00,6.000094482956880304e-01,1.015119581664963411e+00,1.030467765392534041e+00,6.000151396491267830e-01,1.014894648642543640e+00,1.029789117508072893e+00,6.000257685487735415e-01,1.014894253851510886e+00,1.029788498065188795e+00,6.000098645285755206e-01,1.147273314886750930e-15,1.094222762393311079e-16,-5.678109574790771856e-12,-2.080615292429760595e-10
8.063034556045731449e+01,4.249106504646175608e+01,1.015107817155555425e+00,1.030443880560717895e+00,6.000094262548516522e-01,1.015107959869064880e+00,1.030444170447680552e+00,6.000150097893770518e-01,1.014883425976981446e+00,1.029766637185268729e+00,6.000278898237522140e-01,1.014882982291526847e+00,1.029765952671908069e+00,6.000100025679850901e-01,1.477486068661023581e-15,1.392459299104582355e-16,-5.557600107688991675e-12,-2.035664844078342543e-10
8.069138291515864125e+01,4.252323087919943134e+01,1.015096213223691146e+00,1.030420322159191882e+00,6.000092926823428208e-01,1.015096363086793518e+00,1.030420626663710815e+00,6.000151605107113539e-01,1.014872169236490818e+00,1.029744122787536131e+00,6.000279513203596871e-01,1.014871714212056020e+00,1.029743423287070581e+00,6.000095930449103054e-01,1.802730725536219401e-15,1.777548201205227352e-16,-5.440606627477354891e-12,-1.992051270766459748e-10
8.075242026985998223e+01,4.255539671193709950e+01,1.015084633675165771e+00,1.030396813628630115e+00,6.000094168225165170e-01,1.015084774805145029e+00,1.030397100266239319e+00,6.000149470151903142e-01,1.014860878421071533e+00,1.029721574314875099e+00,6.000259499188304035e-01,1.014860485561352110e+00,1.029720957822744420e+00,6.000100877322439574e-01,2.108114286385339019e-15,2.254898181287172359e-16,-5.324808019111358449e-12,-1.948892020634892947e-10
8.081345762456130899e+01,4.258756254467476765e+01,1.015073069571642783e+00,1.030373336686804864e+00,6.000094503610735597e-01,1.015073215451841149e+00,1.030373633034607606e+00,6.000151711426188195e-01,1.014849553530723814e+00,1.029698991767285410e+00,6.000218824993994726e-01,1.014849243154488212e+00,1.029698485335791336e+00,6.000093412110184543e-01,2.390731305521007386e-15,2.731095705375594948e-16,-5.212934886576776445e-12,-1.907224061251207299e-10
8.087449497926263575e+01,4.261972837741243580e+01,1.015061520350448498e+00,1.030349890182648664e+00,6.000093726052518894e-01,1.015061660539687605e+00,1.030350174886260906e+00,6.000148744898339270e-01,1.014838194565447438e+00,1.029676375144767064e+00,6.000157459423012263e-01,1.014838054215530194e+00,1.029676095433254668e+00,6.000100705779658483e-01,2.647653142363225094e-15,3.182634483848677811e-16,-5.101664402724132756e-12,-1.865785048482453414e-10
8.093553233396396251e+01,4.265189421015010396e+01,1.015049990421707182e+00,1.030326483135257876e+00,6.000093581084966488e-01,1.015050138436516480e+00,1.030326783838504623e+00,6.000151716325746731e-01,1.014827120498676516e+00,1.029654149674249730e+00,6.000204452701055624e-01,1.014826854482430818e+00,1.029653702409683014e+00,6.000096801868832763e-01,2.862900790632456898e-15,3.549793431508319619e-16,-4.994691765110622204e-12,-1.825977391432621908e-10
8.099656968866530349e+01,4.268406004288777922e+01,1.015038480757224360e+00,1.030303117531186086e+00,6.000094468120498181e-01,1.015038620323295060e+00,1.030303400950719706e+00,6.000149327565381663e-01,1.014816059255964520e+00,1.029631952478436530e+00,6.000249880185661855e-01,1.014815687977854042e+00,1.029631364930709614e+00,6.000099518918864394e-01,3.023048971112680689e-15,3.757723532622203928e-16,-4.888225571218682299e-12,-1.786361821401186534e-10
8.105760704336663025e+01,4.271622587562544737e+01,1.015026985863808795e+00,1.030279782135573141e+00,6.000094244579362579e-01,1.015027131719188569e+00,1.030280078412747491e+00,6.000151620675487907e-01,1.014804964489389505e+00,1.029609721758760532e+00,6.000274969359686850e-01,1.014804530703672381e+00,1.029609050981158846e+00,6.000099161198697573e-01,3.139878424555144317e-15,3.835158309875165218e-16,-4.785490976060874682e-12,-1.748161464252094362e-10
8.111864439806795701e+01,4.274839170836311553e+01,1.015015505725684664e+00,1.030256476915919039e+00,6.000092917536919979e-01,1.015015650644078837e+00,1.030256771272022087e+00,6.000149969262744687e-01,1.014793836198951471e+00,1.029587457515221516e+00,6.000279689530009231e-01,1.014793386573629608e+00,1.029586765745624355e+00,6.000097324547065680e-01,3.212090511411455179e-15,3.776553667167274379e-16,-4.683675449245750111e-12,-1.710309368078941732e-10
8.117968175276928378e+01,4.278055754110078368e+01,1.015004049630672034e+00,1.030233220865578891e+00,6.000094159545035222e-01,1.015004194980170915e+00,1.030233516098717494e+00,6.000151425337557631e-01,1.014782674384649974e+00,1.029565159747818814e+00,6.000264010003512061e-01,1.014782271544864001e+00,1.029564530483155105e+00,6.000100497975416891e-01,3.211778073990933158e-15,3.519270435399713762e-16,-4.584961880362687193e-12,-1.673632691454666620e-10
8.124071910747062475e+01,4.281272337383845894e+01,1.014992608685675535e+00,1.030209995797020772e+00,6.000094485901737995e-01,1.014992750766877228e+00,1.030210284341859017e+00,6.000150507380050957e-01,1.014771479046485458e+00,1.029542828456553316e+00,6.000227900087075072e-01,1.014771149729667199e+00,1.029542297311736299e+00,6.000094130411449678e-01,3.170196323579466211e-15,3.185027393645809700e-16,-4.487597593488284585e-12,-1.637466862884788410e-10
8.130175646217195151e+01,4.284488920657612709e+01,1.014981182385996883e+00,1.030186800677881376e+00,6.000093711089580228e-01,1.014981327901706587e+00,1.030187096241800049e+00,6.000151131166637786e-01,1.014760250184457702e+00,1.029520463641424355e+00,6.000171329087580219e-01,1.014760076734150696e+00,1.029520140351811497e+00,6.000100820014455660e-01,3.091242890125010776e-15,2.798818073118673672e-16,-4.392748860636549072e-12,-1.602253441498850230e-10
8.136279381687327827e+01,4.287705503931379525e+01,1.014969775120132756e+00,1.030163644481979501e+00,6.000093581309648982e-01,1.014969920375039969e+00,1.030163939507911852e+00,6.000150942795074993e-01,1.014749229061278513e+00,1.029498386944726063e+00,6.000192415353156061e-01,1.014748990218578006e+00,1.029497976457906416e+00,6.000095250806208869e-01,2.969429988628843209e-15,2.395843327520435727e-16,-4.299644790860515327e-12,-1.567700003984887463e-10
8.142383117157460504e+01,4.290922087205146340e+01,1.014958387747717738e+00,1.030140528966273505e+00,6.000094453487381241e-01,1.014958530167953121e+00,1.030140818191355390e+00,6.000150739009842971e-01,1.014738293010386982e+00,1.029476434681925401e+00,6.000241409174756901e-01,1.014737946001161184e+00,1.029475880026449852e+00,6.000100135071620988e-01,2.812877078995530588e-15,2.054797129238652842e-16,-4.208510719659481871e-12,-1.533891791898930073e-10
8.148486852627593180e+01,4.294138670478913156e+01,1.014947014911726564e+00,1.030117443175673220e+00,6.000094226831422795e-01,1.014947159153822387e+00,1.030117736121818783e+00,6.000151276377656551e-01,1.014727323974879747e+00,1.029454449434509034e+00,6.000270289184700401e-01,1.014726901289824568e+00,1.029453793982241461e+00,6.000098077003995778e-01,2.634979251428352783e-15,1.782657361026610114e-16,-4.119483900203663703e-12,-1.500880055742300744e-10
8.154590588097727277e+01,4.297355253752680682e+01,1.014935656596718694e+00,1.030094387078372087e+00,6.000092908306211559e-01,1.014935801464968979e+00,1.030094681300687043e+00,6.000150249706994732e-01,1.014716321954756362e+00,1.029432431202476517e+00,6.000279025183583581e-01,1.014715879076997895e+00,1.029431748949551029e+00,6.000098450843555087e-01,2.437602284374038863e-15,1.589643918351110477e-16,-4.031920102611648812e-12,-1.468421296562080554e-10
8.160694323567859954e+01,4.300571837026447497e+01,1.014924321991319545e+00,1.030071379462669023e+00,6.000094150798290782e-01,1.014924466790371849e+00,1.030071673539144195e+00,6.000151508990102522e-01,1.014705286950017049e+00,1.029410379985827850e+00,6.000267586971999023e-01,1.014704875960815045e+00,1.029409740376117322e+00,6.000099889109672402e-01,2.213139613729991900e-15,1.527011222811318399e-16,-3.946795288718392826e-12,-1.436883624984765838e-10
8.166798059037992630e+01,4.303788420300214312e+01,1.014913002247739504e+00,1.030048402235818505e+00,6.000094468271418569e-01,1.014913141480699110e+00,1.030048684927014069e+00,6.000149664090684842e-01,1.014694218960661587e+00,1.029388295784563256e+00,6.000235944350541528e-01,1.014693875694227865e+00,1.029387746566734041e+00,6.000095774968247087e-01,1.971787323723625153e-15,1.512535310484223459e-16,-3.862662942172978854e-12,-1.405720760902413936e-10
8.172901794508125306e+01,4.307005003573981128e+01,1.014901696917509755e+00,1.030025454480560709e+00,6.000093696179460423e-01,1.014901842973714441e+00,1.030025751119349131e+00,6.000151641487512233e-01,1.014683117986690419e+00,1.029366178598682957e+00,6.000184067119805897e-01,1.014682913965416544e+00,1.029365815087492919e+00,6.000100694828049974e-01,1.713445062462394968e-15,1.525486034487657116e-16,-3.781272290679260011e-12,-1.375592439477655001e-10
8.179005529978259403e+01,4.310221586847748654e+01,1.014890410367457418e+00,1.030002545125358493e+00,6.000093581285513844e-01,1.014890549904960748e+00,1.030002828431439976e+00,6.000148982986225343e-01,1.014672150040645704e+00,1.029344249758238128e+00,6.000179815955583029e-01,1.014671938965359788e+00,1.029343876831349425e+00,6.000093496659067993e-01,1.431560987386967034e-15,1.529793215672682173e-16,-3.700437925578506155e-12,-1.345674025424981780e-10
8.185109265448392080e+01,4.313438170121515469e+01,1.014879143348430990e+00,1.029979675704547848e+00,6.000094438898351257e-01,1.014879287394739871e+00,1.029979968225762654e+00,6.000151674717598693e-01,1.014661337073716085e+00,1.029322538399628062e+00,6.000232296296781342e-01,1.014661015038940350e+00,1.029322017567425362e+00,6.000100501805457620e-01,1.123059929557866895e-15,1.450345740749787705e-16,-3.622620687562545194e-12,-1.316893136305014879e-10
8.191213000918524756e+01,4.316654753395282285e+01,1.014867890636159453e+00,1.029956835535777548e+00,6.000094209247448518e-01,1.014868028744749795e+00,1.029957115912851329e+00,6.000149127894921497e-01,1.014650491649914610e+00,1.029300794584145917e+00,6.000264883631434287e-01,1.014650081201807774e+00,1.029300155961773822e+00,6.000096780238036720e-01,7.954418106283065433e-16,1.283674948936189128e-16,-3.545176622641592676e-12,-1.288252872886066335e-10
8.197316736388657432e+01,4.319871336669049100e+01,1.014856652215525568e+00,1.029934024587912278e+00,6.000092899187572382e-01,1.014856799746187477e+00,1.029934324225552089e+00,6.000151609520465446e-01,1.014639613769241056e+00,1.029279018311791694e+00,6.000277548243317938e-01,1.014639178918133489e+00,1.029278347270049077e+00,6.000099317630225304e-01,4.490026228793781189e-16,1.018315188718059221e-16,-3.470558208752571209e-12,-1.260677060350407322e-10
8.203420471858790108e+01,4.323087919942815915e+01,1.014845437177534393e+00,1.029911261447488346e+00,6.000094142147401888e-01,1.014845576890368140e+00,1.029911545097377923e+00,6.000149783978214746e-01,1.014628703431695866e+00,1.029257209582566057e+00,6.000270260416206147e-01,1.014628286039148453e+00,1.029256561943778125e+00,6.000099058087871029e-01,7.826062802042504749e-17,5.826982608939478766e-17,-3.396504782036337409e-12,-1.233313908267558715e-10
8.209524207328924206e+01,4.326304503216583441e+01,1.014834236719727389e+00,1.029888528116581048e+00,6.000094450966148019e-01,1.014834379722633795e+00,1.029888818489694380e+00,6.000151446729466986e-01,1.014617760637278376e+00,1.029235368396467898e+00,6.000242990433876100e-01,1.014617405341168732e+00,1.029234803652554264e+00,6.000097149833165666e-01,-2.995501178474698930e-16,7.130098638578375800e-18,-3.324814052022608223e-12,-1.206840072216662675e-10
8.215627942799056882e+01,4.329521086490350257e+01,1.014823050448167674e+00,1.029865823789540391e+00,6.000093681637671539e-01,1.014823192492535053e+00,1.029866112199343320e+00,6.000150338703271746e-01,1.014606785385989252e+00,1.029213494753498104e+00,6.000195708580103870e-01,1.014606553216820917e+00,1.029213094236832493e+00,6.000100337804800121e-01,-6.803829454713496034e-16,-4.934844094687876768e-17,-3.254005495937872737e-12,-1.180698011701045689e-10
8.221731678269189558e+01,4.332737669764117072e+01,1.014811882707949309e+00,1.029843157349380922e+00,6.000093581373692198e-01,1.014812027020477236e+00,1.029843450392947668e+00,6.000151187170528200e-01,1.014595870822141199e+00,1.029191712839533146e+00,6.000166675516174219e-01,1.014595694047634389e+00,1.029191386175165368e+00,6.000094005888055859e-01,-1.056135144798552857e-15,-1.080371523642117663e-16,-3.185128423018377851e-12,-1.155282359935414677e-10
8.227835413739322235e+01,4.335954253037883888e+01,1.014800734144395200e+00,1.029820530114558208e+00,6.000094424708398710e-01,1.014800875248694334e+00,1.029820816595673705e+00,6.000150792917918752e-01,1.014585178878224081e+00,1.029170238444069962e+00,6.000222564498766120e-01,1.014584882475671357e+00,1.029169752303424223e+00,6.000100626927700187e-01,-1.410726776486402422e-15,-1.602623541026954806e-16,-3.117425130625709861e-12,-1.130307791843454973e-10
8.233939149209456332e+01,4.339170836311651414e+01,1.014789599662703212e+00,1.029797931668656741e+00,6.000094192152898298e-01,1.014789741337925655e+00,1.029798219313822871e+00,6.000150831662555140e-01,1.014574454993981023e+00,1.029148732108280839e+00,6.000258777666594989e-01,1.014574057857572154e+00,1.029148111739348614e+00,6.000095277815359340e-01,-1.742606972851206873e-15,-2.039982463398728097e-16,-3.051252093000732436e-12,-1.105908263445168749e-10
8.240042884679589008e+01,4.342387419585418229e+01,1.014778479248068743e+00,1.029775361981193571e+00,6.000092890453617711e-01,1.014778624858090561e+00,1.029775657667032274e+00,6.000151147462693402e-01,1.014563699169412025e+00,1.029127193832165998e+00,6.000275285776366374e-01,1.014563273557943068e+00,1.029126535609038218e+00,6.000099932938580682e-01,-2.048420317155148475e-15,-2.375167460747135845e-16,-2.986520361904785679e-12,-1.082049906802284323e-10
8.246146620149721684e+01,4.345604002859185044e+01,1.014767381895398168e+00,1.029752839440148060e+00,6.000094133778069994e-01,1.014767522374982800e+00,1.029753124634556372e+00,6.000150381017567147e-01,1.014552911404516866e+00,1.029105623615724774e+00,6.000272059584783602e-01,1.014552489273905733e+00,1.029104970157228127e+00,6.000098012039122297e-01,-2.300057229856189328e-15,-2.501380524745521495e-16,-2.922945974133700247e-12,-1.058626101385043409e-10
8.252250355619854361e+01,4.348820586132951860e+01,1.014756298847629745e+00,1.029730346142474495e+00,6.000094434066178817e-01,1.014756441021757105e+00,1.029730634797789257e+00,6.000151403171414266e-01,1.014542091699295989e+00,1.029084021458957832e+00,6.000249069848552219e-01,1.014541726207268901e+00,1.029083443622135663e+00,6.000098263263051734e-01,-2.515134264283917755e-15,-2.508065393807893110e-16,-2.861057760863336572e-12,-1.035834892907189177e-10
8.258354091089988458e+01,4.352037169406719386e+01,1.014745229763724277e+00,1.029707881390759638e+00,6.000093667435522082e-01,1.014745369833434774e+00,1.029708165741080705e+00,6.000149836040614693e-01,1.014531240053748951e+00,1.029062387361864950e+00,6.000206287324376664e-01,1.014530982057946007e+00,1.029061952921311418e+00,6.000099756289674069e-01,-2.694907525214438717e-15,-2.412496170393593623e-16,-2.799980711630701796e-12,-1.013348006364809780e-10
8.264457826560121134e+01,4.355253752680486201e+01,1.014734178967007017e+00,1.029685454022515323e+00,6.000093581443157742e-01,1.014734323442501251e+00,1.029685747375995941e+00,6.000151560870474743e-01,1.014520379050066090e+00,1.029040751433571543e+00,6.000153014246906169e-01,1.014520240168660159e+00,1.029040475814133604e+00,6.000095625270800426e-01,-2.829362428424013925e-15,-2.217369241398106777e-16,-2.740813396068007717e-12,-9.915770076410404567e-11
8.270561562030253810e+01,4.358470335954253017e+01,1.014723147000476500e+00,1.029663065146887879e+00,6.000094410687784041e-01,1.014723283416836264e+00,1.029663342022998807e+00,6.000149197529635048e-01,1.014509806113831347e+00,1.029019510145619654e+00,6.000212235878258360e-01,1.014509535955929742e+00,1.029019059505221323e+00,6.000100518000428540e-01,-2.922120740218324065e-15,-1.998585712184139288e-16,-2.682136292099105624e-12,-9.699897709329183209e-11
8.276665297500386487e+01,4.361686919228019832e+01,1.014712128895612242e+00,1.029640704606796575e+00,6.000094175241343919e-01,1.014712271824891543e+00,1.029640994793357578e+00,6.000151621379312683e-01,1.014499201742913970e+00,1.028998237422985351e+00,6.000251995351622014e-01,1.014498818934342683e+00,1.028997636653800951e+00,6.000093576430752806e-01,-2.987093761508873091e-15,-1.799590035309419315e-16,-2.625572451553048857e-12,-9.491940767642790924e-11
8.282769032970519163e+01,4.364903502501786647e+01,1.014701124637920060e+00,1.029618372372399504e+00,6.000092881746543760e-01,1.014701263969012501e+00,1.029618655200798871e+00,6.000148924214823154e-01,1.014488565937313735e+00,1.028976933265668192e+00,6.000272263886646806e-01,1.014488150715455062e+00,1.028976289385499010e+00,6.000100304549026431e-01,-3.025691009486283801e-15,-1.637962997186450863e-16,-2.569283326219223464e-12,-9.285012550877429828e-11
8.288872768440653260e+01,4.368120085775554173e+01,1.014690143127753963e+00,1.029596086636313190e+00,6.000094125325742267e-01,1.014690285875245568e+00,1.029596376445204298e+00,6.000151585510631325e-01,1.014477898697030644e+00,1.028955597673668176e+00,6.000273012702984632e-01,1.014477473416438791e+00,1.028954940502893045e+00,6.000096757867142694e-01,-3.025548136477921014e-15,-1.592249224621456496e-16,-2.515128859984573400e-12,-9.086073453963909362e-11
8.294976503910785937e+01,4.371336669049320989e+01,1.014679175653459220e+00,1.029573829590355816e+00,6.000094417223417187e-01,1.014679312624672924e+00,1.029574107589321219e+00,6.000149594074913884e-01,1.014467200022064919e+00,1.028934230646985526e+00,6.000254213020287386e-01,1.014466826085472340e+00,1.028933642041586216e+00,6.000099123257802702e-01,-3.001731413263808368e-15,-1.619270060585475229e-16,-2.461309616342719960e-12,-8.888387945805141055e-11
8.301080239380918613e+01,4.374553252323087804e+01,1.014668221925304703e+00,1.029551600642075515e+00,6.000093653271226790e-01,1.014668365301615971e+00,1.029551891730466462e+00,6.000151454069952983e-01,1.014456469912416336e+00,1.028912832185619797e+00,6.000215836058209185e-01,1.014456188313737073e+00,1.028912366773875320e+00,6.000098957396606814e-01,-2.953857649674531639e-15,-1.706469316618362321e-16,-2.409284950405588343e-12,-8.697413388753239426e-11
8.307183974851051289e+01,4.377769835596854620e+01,1.014657286244831536e+00,1.029529408583456762e+00,6.000093581276921828e-01,1.014657426495313652e+00,1.029529693279722213e+00,6.000150164721107515e-01,1.014445708368085119e+00,1.028891402289571655e+00,6.000157853036399702e-01,1.014445561816275543e+00,1.028891116955803486e+00,6.000096981394252849e-01,-2.872286462868860141e-15,-1.845896032857589862e-16,-2.357829142489243028e-12,-8.508564413837731884e-11
8.313287710321185386e+01,4.380986418870622146e+01,1.014646369055791419e+00,1.029507254320677356e+00,6.000094396713129274e-01,1.014646509813778463e+00,1.029507540051646464e+00,6.000151227856213021e-01,1.014435206721585825e+00,1.028870329339303114e+00,6.000201331725275589e-01,1.014434963377725429e+00,1.028869914951217490e+00,6.000100182349024092e-01,-2.750652748070823829e-15,-1.965744642287483112e-16,-2.307851109989770123e-12,-8.325237261438445406e-11
8.319391445791318063e+01,4.384203002144388961e+01,1.014635465512816248e+00,1.029485127949546497e+00,6.000094158494565511e-01,1.014635605291698717e+00,1.029485411676552831e+00,6.000150636973333729e-01,1.014424719882418113e+00,1.028849286446683609e+00,6.000244559886243056e-01,1.014424357659494014e+00,1.028848713613332411e+00,6.000093886171475877e-01,-2.596830016802260843e-15,-2.032904429126032590e-16,-2.258656803091729874e-12,-8.144836225706437789e-11
8.325495181261450739e+01,4.387419585418155776e+01,1.014624575601711154e+00,1.029463029440842226e+00,6.000092873161174678e-01,1.014624719123219387e+00,1.029463320814792526e+00,6.000150907661786492e-01,1.014414202103594231e+00,1.028828212614407711e+00,6.000268507760078140e-01,1.014413798361217589e+00,1.028827584522233662e+00,6.000100439999584978e-01,-2.409613521036995011e-15,-2.029094926436279005e-16,-2.210645459254925909e-12,-7.968851898990869666e-11
8.331598916731583415e+01,4.390636168691922592e+01,1.014613708129750602e+00,1.029440976794903539e+00,6.000094116986395276e-01,1.014613848726294343e+00,1.029441262187894779e+00,6.000151011644547783e-01,1.014403653385113957e+00,1.028807107842475643e+00,6.000273147019656861e-01,1.014403226468832298e+00,1.028806448969348031e+00,6.000095302258133811e-01,-2.164927945951743162e-15,-1.843580814268514500e-16,-2.163615041811175270e-12,-7.796527045228169220e-11
8.337702652201716091e+01,4.393852751965689407e+01,1.014602854430667112e+00,1.029418952298352119e+00,6.000094400710602738e-01,1.014602992943121729e+00,1.029419233429473612e+00,6.000150494271925261e-01,1.014393073726977734e+00,1.028785972130887405e+00,6.000258449337858568e-01,1.014392693018345559e+00,1.028785374977063682e+00,6.000099737569235536e-01,-1.887251597102465141e-15,-1.537587116416905100e-16,-2.117493540207557752e-12,-7.627593019724302339e-11
8.343806387671850189e+01,4.397069335239456933e+01,1.014592014264491082e+00,1.029396955460519791e+00,6.000093639477440677e-01,1.014592156513256960e+00,1.029397244225334518e+00,6.000151289540848198e-01,1.014382463129185341e+00,1.028764805479643218e+00,6.000224386387562614e-01,1.014382160057984539e+00,1.028764311925864039e+00,6.000097948016525073e-01,-1.579412013465146659e-15,-1.122144553996987021e-16,-2.072533543399462506e-12,-7.462988706029330902e-11
8.349910123141982865e+01,4.400285918513223749e+01,1.014581191910941982e+00,1.029374995027821926e+00,6.000093581240830698e-01,1.014581330988354235e+00,1.029375277308751668e+00,6.000149988465541817e-01,1.014371821591736778e+00,1.028743607888742639e+00,6.000170929841646128e-01,1.014371647104549634e+00,1.028743285808652708e+00,6.000098082225128193e-01,-1.237422114414177212e-15,-5.846524710462483394e-17,-2.028228016911094295e-12,-7.300824044656774226e-11
8.356013858612116962e+01,4.403502501786990564e+01,1.014570387717494526e+00,1.029353071709603329e+00,6.000094383133011133e-01,1.014570528368421654e+00,1.029353357203936392e+00,6.000151471461849795e-01,1.014361368887336523e+00,1.028722672352015977e+00,6.000189872561257909e-01,1.014361152886041229e+00,1.028722294914487856e+00,6.000099627070369923e-01,-8.739163791984334743e-16,5.404133509314378283e-19,-1.985248941674628727e-12,-7.143600067306097245e-11
8.362117594082249639e+01,4.406719085060757379e+01,1.014559596958921617e+00,1.029331175848330338e+00,6.000094142220898652e-01,1.014559732975458983e+00,1.029331451869157865e+00,6.000149391015205946e-01,1.014350997641782381e+00,1.028701855587438541e+00,6.000236493649021563e-01,1.014350660376570845e+00,1.028701316512732999e+00,6.000095481081073601e-01,-5.022966538403074241e-16,5.904476645101506937e-17,-1.942688387989532952e-12,-6.987934973283170782e-11
8.368221329552383736e+01,4.409935668334524905e+01,1.014548819621318154e+00,1.029309307415383401e+00,6.000092864943015192e-01,1.014548964009288179e+00,1.029309600542218650e+00,6.000151558200250701e-01,1.014340595941259027e+00,1.028681008367892113e+00,6.000264041706769857e-01,1.014340204710898252e+00,1.028680397433030524e+00,6.000100346594272605e-01,-1.263768966036991840e-16,1.149141515507524013e-16,-1.901604539132489901e-12,-6.837765886094255080e-11
8.374325065022516412e+01,4.413152251608291721e+01,1.014538064420308805e+00,1.029287484221832472e+00,6.000094108911943058e-01,1.014538198660278390e+00,1.029287756607587534e+00,6.000148717998803338e-01,1.014330163785766459e+00,1.028660130693376473e+00,6.000272488851141617e-01,1.014329736677524574e+00,1.028659472034529676e+00,6.000093651688315211e-01,2.389771579111642228e-16,1.573302038760243234e-16,-1.860722740070853652e-12,-6.688348782852171393e-11
8.380428800492649088e+01,4.416368834882058536e+01,1.014527322735033321e+00,1.029265688649069643e+00,6.000094384570935357e-01,1.014527463155010523e+00,1.029265973662126132e+00,6.000151550542320855e-01,1.014319701175305122e+00,1.028639222563891842e+00,6.000261807198774555e-01,1.014319315291735135e+00,1.028638618982056219e+00,6.000100113709631033e-01,5.895590465016606640e-16,1.886110934266046697e-16,-1.821450037737403360e-12,-6.544915735180977815e-11
8.386532535962781765e+01,4.419585418155825352e+01,1.014516594373796599e+00,1.029243920305139337e+00,6.000093625987713564e-01,1.014516731274507144e+00,1.029244198124074527e+00,6.000149401012756512e-01,1.014309208109874572e+00,1.028618283979438219e+00,6.000231968866309717e-01,1.014308885607003052e+00,1.028617764994341544e+00,6.000096734825065559e-01,9.240128890643029644e-16,2.090855298623605380e-16,-1.782365908743621449e-12,-6.402183423070073861e-11
8.392636271432915862e+01,4.422802001429592877e+01,1.014505883594486235e+00,1.029222187890886708e+00,6.000093581169003709e-01,1.014506025526383359e+00,1.029222475989006957e+00,6.000151449267614456e-01,1.014298684589475030e+00,1.028597314940015384e+00,6.000182945970383708e-01,1.014298484389007493e+00,1.028596959064863592e+00,6.000098935485077556e-01,1.233259962383114730e-15,2.157283338908849481e-16,-1.744641280452238076e-12,-6.264502994157966978e-11
8.398740006903048538e+01,4.426018584703359693e+01,1.014495190651218515e+00,1.029200491924807670e+00,6.000094369689852325e-01,1.014495326960360932e+00,1.029200768530532439e+00,6.000149986885081610e-01,1.014288281035592654e+00,1.028576515990118123e+00,6.000177878175314561e-01,1.014288092866570734e+00,1.028576176150223898e+00,6.000098859040727817e-01,1.515626634469470286e-15,2.132375468769576696e-16,-1.707277160738348390e-12,-6.128161168969352708e-11
8.404843742373181215e+01,4.429235167977126508e+01,1.014484510935982575e+00,1.029178822989970321e+00,6.000094126095104619e-01,1.014484650845831171e+00,1.029179106951586542e+00,6.000151255149231977e-01,1.014278023487777292e+00,1.028555921730617495e+00,6.000227818235130961e-01,1.014277711764437262e+00,1.028555417187467347e+00,6.000096818936918597e-01,1.778968900050027186e-15,2.076329824212749248e-16,-1.671040003084919119e-12,-5.996003864495487062e-11
8.410947477843313891e+01,4.432451751250893324e+01,1.014473844435160643e+00,1.029157181058348192e+00,6.000092856725766088e-01,1.014473985441199044e+00,1.029157467257624248e+00,6.000150476409147338e-01,1.014267735959609062e+00,1.028535297490763778e+00,6.000258889200412726e-01,1.014267358219075765e+00,1.028534705010217820e+00,6.000100031411137458e-01,2.023758134988154774e-15,2.007140569058673095e-16,-1.635321532003932536e-12,-5.865770999032383878e-11
8.417051213313446567e+01,4.435668334524660139e+01,1.014463199774182200e+00,1.029135583754741567e+00,6.000094100740842595e-01,1.014463338837396478e+00,1.029135865981942732e+00,6.000150968954062192e-01,1.014257418451087966e+00,1.028514643270557194e+00,6.000271063622339973e-01,1.014256997181005815e+00,1.028513992858579140e+00,6.000093771029554324e-01,2.240776853299425993e-15,2.002342863587729428e-16,-1.600513596044837790e-12,-5.738916415179668695e-11
8.423154948783580664e+01,4.438884917798427665e+01,1.014452568377556929e+00,1.029114013555206597e+00,6.000094368470471062e-01,1.014452706441991481e+00,1.029114293739350483e+00,6.000150870371706580e-01,1.014247070962213781e+00,1.028493959069997743e+00,6.000264314052090597e-01,1.014246681428617070e+00,1.028493351085047358e+00,6.000100258959950583e-01,2.441223254742191640e-15,2.069409996485274694e-16,-1.566369575064772196e-12,-5.614523201198324457e-11
8.429258684253713341e+01,4.442101501072194480e+01,1.014441950100415601e+00,1.029092470163518680e+00,6.000093612524438624e-01,1.014442089226726962e+00,1.029092752515482267e+00,6.000150591442363623e-01,1.014236693492986729e+00,1.028473244889085203e+00,6.000238613040844715e-01,1.014236353513502831e+00,1.028472703069808203e+00,6.000095324289994592e-01,2.624458504114983582e-15,2.208009517763628881e-16,-1.532934875618590541e-12,-5.492759695399147138e-11
8.435362419723846017e+01,4.445318084345961296e+01,1.014431349178821717e+00,1.029070962234972741e+00,6.000093580876018073e-01,1.014431489689306964e+00,1.029071247413026136e+00,6.000151169552920827e-01,1.014226286043406811e+00,1.028452500727819796e+00,6.000193933139776892e-01,1.014226062260536576e+00,1.028452113888101094e+00,6.000099548659056925e-01,2.782834181298530857e-15,2.442392118748441454e-16,-1.500297135979195872e-12,-5.373948523268378020e-11
8.441466155193978693e+01,4.448534667619728111e+01,1.014420765776332889e+00,1.029049490102986741e+00,6.000094356296642450e-01,1.014420901741064807e+00,1.029049765990915910e+00,6.000150123368102051e-01,1.014215931823563954e+00,1.028431837527399306e+00,6.000165367658005788e-01,1.014215771939644517e+00,1.028431535883557180e+00,6.000097884923313307e-01,2.909145963553011656e-15,2.731684314561730337e-16,-1.468181864389270397e-12,-5.257072831446628660e-11
8.447569890664112791e+01,4.451751250893495637e+01,1.014410195399282122e+00,1.029028044585317492e+00,6.000094110136959813e-01,1.014410334911301392e+00,1.029028327719255564e+00,6.000151374726447884e-01,1.014205786118734132e+00,1.028411462226924256e+00,6.000218554491648648e-01,1.014205500481410782e+00,1.028410992935415047e+00,6.000097907429011723e-01,3.006939021481737639e-15,3.025224356703927214e-16,-1.436985140210970497e-12,-5.143597281522579135e-11
8.453673626134245467e+01,4.454967834167262453e+01,1.014399638034327200e+00,1.029006625654511398e+00,6.000092848640788956e-01,1.014399776109235596e+00,1.029006905850233800e+00,6.000149565479310221e-01,1.014195610898356747e+00,1.028391057410901865e+00,6.000253072915134878e-01,1.014195247573222769e+00,1.028390484612597300e+00,6.000099501310006689e-01,3.073933782890923124e-15,3.304929912896476323e-16,-1.406137580438197678e-12,-5.031414216351512989e-11
8.459777361604378143e+01,4.458184417441029268e+01,1.014389102218083316e+00,1.028985250751991432e+00,6.000094092699644888e-01,1.014389241837706956e+00,1.028985534101908739e+00,6.000151486659763833e-01,1.014185406162431802e+00,1.028370623079331692e+00,6.000268895905203070e-01,1.014184995859043648e+00,1.028369987745654468e+00,6.000095342139447618e-01,3.078696160709563438e-15,3.466413792521820449e-16,-1.376319387062312592e-12,-4.923038593805746914e-11
8.465881097074510819e+01,4.461401000714796083e+01,1.014378579420370352e+00,1.028963902448337464e+00,6.000094352704808953e-01,1.014378712061635435e+00,1.028964171538683248e+00,6.000148918517541619e-01,1.014175171910959294e+00,1.028350159232214178e+00,6.000265996438588489e-01,1.014174780183130897e+00,1.028349548777555356e+00,6.000100180377738734e-01,3.041246648419973609e-15,3.512250658397517431e-16,-1.346689834982283447e-12,-4.815360721752814260e-11
8.471984832544643496e+01,4.464617583988562899e+01,1.014368069541736528e+00,1.028942580540161744e+00,6.000093599433332647e-01,1.014368210199820375e+00,1.028942866008097701e+00,6.000151506113940991e-01,1.014164908143939225e+00,1.028329665869548881e+00,6.000244347492025287e-01,1.014164552560645083e+00,1.028329103704285208e+00,6.000093722678336849e-01,2.961650662426184898e-15,3.438810276760259206e-16,-1.318190352329923085e-12,-4.711859590240188212e-11
8.478088568014777593e+01,4.467834167262330425e+01,1.014357576796404370e+00,1.028921293637212075e+00,6.000093580728598219e-01,1.014357711812486240e+00,1.028921567576204454e+00,6.000149205884518500e-01,1.014154614861371373e+00,1.028309142991336023e+00,6.000203922042250948e-01,1.014154369539473688e+00,1.028308727901655839e+00,6.000099929003400723e-01,2.825492833265726740e-15,3.195469848743912423e-16,-1.289827985400058649e-12,-4.608864966839201207e-11
8.484192303484910269e+01,4.471050750536097240e+01,1.014347101260082429e+00,1.028900041893418216e+00,6.000094343292218246e-01,1.014347239730491346e+00,1.028900322888153251e+00,6.000151433843757820e-01,1.014144310135375537e+00,1.028288614693399605e+00,6.000152359432868732e-01,1.014144178954338393e+00,1.028288351797747247e+00,6.000096711175593178e-01,2.637413549890776831e-15,2.808929536186932892e-16,-1.262492998859226978e-12,-4.509664661658068771e-11
8.490296038955042945e+01,4.474267333809864056e+01,1.014336638550682901e+00,1.028878816355507597e+00,6.000094094634811359e-01,1.014336773576718365e+00,1.028879090311568101e+00,6.000149806291154020e-01,1.014134274458795115e+00,1.028268454880788108e+00,6.000208722550561813e-01,1.014134015413558965e+00,1.028268021510702734e+00,6.000098754013505342e-01,2.415618980913815073e-15,2.348887513532884029e-16,-1.235381375893771195e-12,-4.411288660047866849e-11
8.496399774425175622e+01,4.477483917083630871e+01,1.014326188655132244e+00,1.028857616996584179e+00,6.000092840904787117e-01,1.014326330164111667e+00,1.028857904195601192e+00,6.000151270597763320e-01,1.014124209721913639e+00,1.028248266007875555e+00,6.000246614760049724e-01,1.014123861687866057e+00,1.028247714053736050e+00,6.000098762939918284e-01,2.162623303260272016e-15,1.831943386619090935e-16,-1.209126594684484044e-12,-4.316074757352598238e-11
8.502503509895309719e+01,4.480700500357398397e+01,1.014315760022574064e+00,1.028836461077519582e+00,6.000094084905372993e-01,1.014315896097392589e+00,1.028836737172902138e+00,6.000150312328833557e-01,1.014114115924731330e+00,1.028228048074662171e+00,6.000266009454870986e-01,1.014113717577891371e+00,1.028227429133064641e+00,6.000096662184616347e-01,1.873688384333045889e-15,1.322212657263022888e-16,-1.183211517885933546e-12,-4.222113554329163816e-11
8.508607245365442395e+01,4.483917083631165212e+01,1.014305344168121792e+00,1.028815331263306598e+00,6.000094337280388324e-01,1.014305481236604578e+00,1.028815609387139007e+00,6.000151017118463548e-01,1.014103993067248188e+00,1.028207801081147954e+00,6.000266880028569672e-01,1.014103600534794758e+00,1.028207190002531357e+00,6.000099884804711570e-01,1.572702615709234882e-15,8.723771449652699885e-17,-1.157994538454640936e-12,-4.130726666843684897e-11
8.514710980835575072e+01,4.487133666904932028e+01,1.014294941036383957e+00,1.028794227440597009e+00,6.000093586611380259e-01,1.014295079111310560e+00,1.028794507618723264e+00,6.000150724759265586e-01,1.014093841149463993e+00,1.028187525027332683e+00,6.000249199874684303e-01,1.014093475806162825e+00,1.028186950299654345e+00,6.000093660243739357e-01,1.262247704793500640e-15,4.926291476744981135e-17,-1.133224120682933125e-12,-4.040985288219877108e-11
8.520814716305707748e+01,4.490350250178698843e+01,1.014284554819756323e+00,1.028773158173633240e+00,6.000093580528034209e-01,1.014284692685413436e+00,1.028773437922613665e+00,6.000150674142454843e-01,1.014083660171378964e+00,1.028167219913216579e+00,6.000212942386760062e-01,1.014083395269871568e+00,1.028166779176945766e+00,6.000100083553552288e-01,9.458830685007155547e-16,2.336648979840787286e-17,-1.109004191856816240e-12,-3.953272374017005878e-11
8.526918451775841845e+01,4.493566833452466369e+01,1.014274185508760917e+00,1.028752123442312261e+00,6.000094330394138975e-01,1.014274322356786939e+00,1.028752401110684556e+00,6.000151044337851403e-01,1.014073450132993104e+00,1.028146885738799643e+00,6.000158080958337692e-01,1.014073302982759772e+00,1.028146602022728118e+00,6.000095344056284308e-01,6.295297222984792168e-16,9.303118169884087812e-18,-1.085328759640973879e-12,-3.867564345682396192e-11
8.533022187245974521e+01,4.496783416726233185e+01,1.014263828830201053e+00,1.028731114516771905e+00,6.000094079247745293e-01,1.014263964249489725e+00,1.028731389264999185e+00,6.000150242399818756e-01,1.014063477652332956e+00,1.028126877939093742e+00,6.000198341859708240e-01,1.014063245669016844e+00,1.028126481112307422e+00,6.000099365920608108e-01,3.140859304954196220e-16,1.882070267175329678e-18,-1.062066718760246923e-12,-3.783378461710478382e-11
8.539125922716107198e+01,4.500000000000000000e+01,1.014253484771269864e+00,1.028710131370664582e+00,6.000092833146056792e-01,1.014253625573638740e+00,1.028710417113551268e+00,6.000151271813753961e-01,1.014053521613844877e+00,1.028106901601739676e+00,6.000239535911674471e-01,1.014053189698923552e+00,1.028106371590612689e+00,6.000097822746286447e-01,-8.877400173502231915e-46,-1.807043042703631793e-43,-1.039438719318543014e-12,-3.701525432951298584e-11
