# R,rho,minus_Psi2_num,Phi2_num,phi1_pg_sq_over_16,phi1_pg,h00_2_num,chi_2_num,minus_Psi0_PG,minus_Phi0_PG,minus_PhiN_SP
9.968590850200605223e-05,5.675184645869505991e-06,3.376194219589009199e-06,1.392057393978772728e-06,1.384421877928167359e-06,4.706458333699627995e-03,6.752388439178018398e-06,-2.784114787957545456e-06,3.148586180859558326e-03,3.155775216971301589e-03,3.154992749003285735e-03
1.120467544052916045e-04,6.378895771488363665e-06,3.376194219571661964e-06,1.392057478303076325e-06,1.384421877927555590e-06,4.706458333698588029e-03,6.752388439143323928e-06,-2.784114956606152651e-06,3.148586180859169747e-03,3.155775216970857500e-03,3.154992749001310319e-03
1.244076003085772516e-04,7.082606897107227268e-06,3.376194219552146325e-06,1.392057696705914339e-06,1.384421877925884394e-06,4.706458333695747419e-03,6.752388439104292650e-06,-2.784115393411828679e-06,3.148586180858059524e-03,3.155775216969969321e-03,3.154992748999335336e-03
1.491292921151488981e-04,8.490029148344973957e-06,3.376194219500971982e-06,1.392058397119344343e-06,1.384421877919983115e-06,4.706458333685716380e-03,6.752388439001943965e-06,-2.784116794238688685e-06,3.148586180854118233e-03,3.155775216965972518e-03,3.154992748995384937e-03
1.738509839217210597e-04,9.897451399582748598e-06,3.376194219449363959e-06,1.392059316577148761e-06,1.384421877911262487e-06,4.706458333670893168e-03,6.752388438898727918e-06,-2.784118633154297523e-06,3.148586180848289562e-03,3.155775216960421403e-03,3.154992748710861664e-03
1.985726757282937362e-04,1.130487365082055543e-05,3.376194219405128510e-06,1.392060365467753285e-06,1.384421877900121675e-06,4.706458333651956059e-03,6.752388438810257021e-06,-2.784120730935506570e-06,3.148586180840962090e-03,3.155775216953204954e-03,3.154992732877121529e-03
2.480160593414413119e-04,1.411971815329629105e-05,3.376194219289335718e-06,1.392062672022264358e-06,1.384421877871382906e-06,4.706458333603106246e-03,6.752388438578671437e-06,-2.784125344044528715e-06,3.148586180822032787e-03,3.155775216934331162e-03,3.154992701209642127e-03
2.974594429545923029e-04,1.693456265577222150e-05,3.376194219150124159e-06,1.392065107394499384e-06,1.384421877834708497e-06,4.706458333540767223e-03,6.752388438300248319e-06,-2.784130214788998768e-06,3.148586180797829925e-03,3.155775216910461367e-03,3.154992669542162290e-03
3.963462101809070784e-04,2.256425166072481423e-05,3.376194218799276336e-06,1.392070052213037231e-06,1.384421877738962433e-06,4.706458333378018936e-03,6.752388437598552673e-06,-2.784140104426074462e-06,3.148586180734880280e-03,3.155775216847622744e-03,3.154992606207203051e-03
5.446763610204213629e-04,3.100878516815609704e-05,3.376194218076764009e-06,1.392077238100348412e-06,1.384421877541284849e-06,4.706458333042008203e-03,6.752388436153528017e-06,-2.784154476200696824e-06,3.148586180604651119e-03,3.155775216718725851e-03,3.154992511204763976e-03
6.930065118600026511e-04,3.945331867559119488e-05,3.376194217130038672e-06,1.392083924911255093e-06,1.384421877279847918e-06,4.706458332597619754e-03,6.752388434260077343e-06,-2.784167849822510187e-06,3.148586180432455528e-03,3.155775216547418438e-03,3.154992416202325334e-03
9.896668135394384464e-04,5.634238569047694887e-05,3.376194214559178480e-06,1.392095585288044092e-06,1.384421876567178748e-06,4.706458331386230258e-03,6.752388429118356961e-06,-2.784191170576088185e-06,3.148586179963164255e-03,3.155775216081235790e-03,3.154992226197447618e-03
1.434657266059549382e-03,8.167598621286008135e-05,3.376194208988114037e-06,1.392108893065779464e-06,1.384421875025247382e-06,4.706458328765267783e-03,6.752388417976228074e-06,-2.784217786131558929e-06,3.148586178947920811e-03,3.155775215071932038e-03,3.154991941190130825e-03
1.879647718581246288e-03,1.070095867353334872e-04,3.376194201368774850e-06,1.392117736919091252e-06,1.384421872916523285e-06,4.706458325180875452e-03,6.752388402737549700e-06,-2.784235473838182504e-06,3.148586177559420385e-03,3.155775213691591752e-03,3.154991656182814033e-03
2.769628623631363237e-03,1.576767877806630629e-04,3.376194179977899668e-06,1.392125075873621934e-06,1.384421866999493952e-06,4.706458315123156905e-03,6.752388359955799335e-06,-2.784250151747243869e-06,3.148586173663370236e-03,3.155775209818578730e-03,3.154991086168180449e-03
4.104599981230723851e-03,2.336775893500343294e-04,3.376194132539717813e-06,1.392122140041981317e-06,1.384421853875741227e-06,4.706458292815507254e-03,6.752388265079435625e-06,-2.784244280083962634e-06,3.148586165022171368e-03,3.155775201228672167e-03,3.154990231146230072e-03
5.439571338870911182e-03,3.096783909217298543e-04,3.376194066657955961e-06,1.392120200211947111e-06,1.384421835654445545e-06,4.706458261843095119e-03,6.752388133315911922e-06,-2.784240400423894221e-06,3.148586153024435230e-03,3.155775189302212347e-03,3.154989376124279696e-03
8.109514054326881494e-03,4.616799940751177360e-04,3.376193879584075269e-06,1.392120151179911406e-06,1.384421783919546552e-06,4.706458173904528100e-03,6.752387759168150538e-06,-2.784240302359822811e-06,3.148586118960128299e-03,3.155775155439521917e-03,3.154987666080378943e-03
1.211442812814899489e-02,6.896823988415302789e-04,3.376193460685218695e-06,1.392120033458893561e-06,1.384421668086714436e-06,4.706457977012801219e-03,6.752386921370437389e-06,-2.784240066917787121e-06,3.148586042690804110e-03,3.155775079622058499e-03,3.154985101014526946e-03
1.611934220305557414e-02,9.176848036696822267e-04,3.376192875827101897e-06,1.392119870728535850e-06,1.384421506377425720e-06,4.706457702140624984e-03,6.752385751654203794e-06,-2.784239741457071699e-06,3.148585936214587377e-03,3.155774973777170089e-03,3.154982535948674515e-03
2.412917035755620526e-02,1.373689613592846874e-03,3.376191208264312654e-06,1.392119406412489869e-06,1.384421045329674789e-06,4.706456918455197667e-03,6.752382416528625309e-06,-2.784238812824979737e-06,3.148585632641143217e-03,3.155774672002786829e-03,3.154977405816966618e-03
3.614391260640355263e-02,2.057696829450903278e-03,3.376187462331061567e-06,1.392118376979499940e-06,1.384420009685645945e-06,4.706455158074953314e-03,6.752374924662123135e-06,-2.784236753958999879e-06,3.148584950728949838e-03,3.155773994131805260e-03,3.154969710619394147e-03
4.815865488437091196e-02,2.741704046966781348e-03,3.376182222885465434e-06,1.392116996010166099e-06,1.384418561155759538e-06,4.706452695873204403e-03,6.752364445770930867e-06,-2.784233992020332198e-06,3.148583996954723574e-03,3.155773046009890948e-03,3.154962015421803028e-03
7.218813956638510387e-02,4.109718489176325366e-03,3.376167263507545008e-06,1.392112811295245373e-06,1.384414425444873726e-06,4.706445666011451791e-03,6.752334527015090015e-06,-2.784225622590490747e-06,3.148581273822059767e-03,3.155770339015484538e-03,3.154946625026539258e-03
1.082323670498016172e-01,6.161740178701245393e-03,3.376133623578594922e-06,1.392103502420358499e-06,1.384405125286109192e-06,4.706429857607329591e-03,6.752267247157189844e-06,-2.784207004840716999e-06,3.148575150175303428e-03,3.155764251660642117e-03,3.154923539433349133e-03
1.442765953180039362e-01,8.213761912904540136e-03,3.376086543171747528e-06,1.392090372947860566e-06,1.384392109296006567e-06,4.706407732946233345e-03,6.752173086343495056e-06,-2.784180745895721132e-06,3.148566579819156441e-03,3.155755732095810728e-03,3.154900453839656373e-03
2.163650552541294958e-01,1.231780557485948752e-02,3.375952064107578393e-06,1.392053062314406948e-06,1.384354930341396651e-06,4.706344535354625540e-03,6.751904128215156786e-06,-2.784106124628813896e-06,3.148542099160156482e-03,3.155731396541017197e-03,3.154854282650093340e-03
3.244977575774584677e-01,1.847387177482179288e-02,3.375649565022769555e-06,1.391968898147805994e-06,1.384271297330452527e-06,4.706202371051126064e-03,6.751299130045539110e-06,-2.783937796295611989e-06,3.148487029304869456e-03,3.155676653175287782e-03,3.154785025857794866e-03
4.326304810747766405e-01,2.462993918023329704e-02,3.375226161538621289e-06,1.391850970608279755e-06,1.384154233264288804e-06,4.706003371463796624e-03,6.750452323077242578e-06,-2.783701941216559509e-06,3.148409943067143058e-03,3.155600023864724157e-03,3.154715769051935192e-03
6.488960198016335834e-01,3.694207921343223983e-02,3.374016848896408544e-06,1.391514287753129800e-06,1.383819854017741118e-06,4.705434907028664508e-03,6.748033697792817087e-06,-2.783028575506259601e-06,3.148189736137507744e-03,3.155381124043898922e-03,3.154577255381462494e-03
9.732946629441870945e-01,5.541030833797768590e-02,3.371297825584349678e-06,1.390757094931125625e-06,1.383067888515637154e-06,4.704156270390068111e-03,6.742595651168699356e-06,-2.781514189862251250e-06,3.147694420541469196e-03,3.154888754475781987e-03,3.154013457083328434e-03
1.297693877129317608e+00,7.387856997235439649e-02,3.367495567191663292e-06,1.389697828024819090e-06,1.382015967726957204e-06,4.702367008606550200e-03,6.734991134383326583e-06,-2.779395656049638180e-06,3.147001281354366853e-03,3.154199730651785494e-03,3.153390718578763172e-03
1.946494776773069812e+00,1.108152339323407592e-01,3.356659473747244243e-06,1.386676547919859935e-06,1.379015654723897313e-06,4.697259890146845626e-03,6.713318947494488487e-06,-2.773353095839719869e-06,3.145022719598489225e-03,3.152233064448450861e-03,3.151434969471133413e-03
2.595300230036577283e+00,1.477521571329089289e-01,3.341556779703960117e-06,1.382459579382417284e-06,1.374827939211080158e-06,4.690122282774435505e-03,6.683113559407920234e-06,-2.764919158764834569e-06,3.142257222021882512e-03,3.149484077542896721e-03,3.148713025735759476e-03
3.244111736388322509e+00,1.846894249397904864e-01,3.322253864684095864e-06,1.377059607240797095e-06,1.369465382169305551e-06,4.680966365475070293e-03,6.644507729368191729e-06,-2.754119214481594190e-06,3.138709205328493734e-03,3.145957048059866423e-03,3.145229034302671634e-03
3.892930779704230293e+00,2.216271218310224556e-01,3.298835808020553206e-06,1.370492783083383216e-06,1.362944009435868528e-06,4.669807720985297284e-03,6.597671616041106413e-06,-2.740985566166766432e-06,3.134384320333527540e-03,3.141657450746571101e-03,3.140988257364031068e-03
4.541758824514965376e+00,2.585653311833033263e-01,3.271405052330221552e-06,1.362778679673497870e-06,1.355283220388364690e-06,4.656665279598033898e-03,6.542810104660443105e-06,-2.725557359346995740e-06,3.129289430454096355e-03,3.136591937287103171e-03,3.135997054833665563e-03
5.190597312348182335e+00,2.955041350637551134e-01,3.240080069757522024e-06,1.353940157357105649e-06,1.346505678037527368e-06,4.641561251195597086e-03,6.480160139515044049e-06,-2.707880314714211298e-06,3.123432586092267371e-03,3.130768312794351971e-03,3.130262863353100791e-03
5.839447658183108736e+00,3.324436140280802587e-01,3.204995680605813441e-06,1.344003237319977026e-06,1.336637181517475855e-06,4.624521045933255824e-03,6.409991361211626881e-06,-2.688006474639954052e-06,3.116822994851387030e-03,3.124195508428462276e-03,3.123878479302893887e-03
6.488311247033990981e+00,3.693838469260550261e-01,3.166301143405110541e-06,1.332996957486408099e-06,1.325706522105582882e-06,4.605573184055305677e-03,6.332602286810221082e-06,-2.665993914972816197e-06,3.109470987742335435e-03,3.116883550266846825e-03,3.116669881045724955e-03
7.137189430677866042e+00,4.063249107152395179e-01,3.124158324985248925e-06,1.320953212929387457e-06,1.313745324042070326e-06,4.584749195394784496e-03,6.248316649970497849e-06,-2.641906425858774914e-06,3.101387981587599985e-03,3.108843524614268716e-03,3.108747164014773363e-03
7.786083524541060008e+00,4.432668802837236854e-01,3.078742277331288774e-06,1.307906581851622227e-06,1.300787871537121852e-06,4.562083509164858476e-03,6.157484554662577547e-06,-2.615813163703244454e-06,3.092586437865474380e-03,3.100087539953388927e-03,3.100121864596004986e-03
8.434994804757579345e+00,4.802098282826598452e-01,3.030238664914006869e-06,1.293894133529265372e-06,1.286870923448574668e-06,4.537613334692280204e-03,6.060477329828013737e-06,-2.587788267058530744e-06,3.083079818257172811e-03,3.090628685759821970e-03,3.090806439986184401e-03
9.083924505411314243e+00,5.171538249692593237e-01,2.978841549250692972e-06,1.278955231960277941e-06,1.272033517201597006e-06,4.511378533799347522e-03,5.957683098501385943e-06,-2.557910463920555882e-06,3.072882537176080398e-03,3.080480988428058176e-03,3.080814229059723741e-03
9.732873815972586939e+00,5.540989380608536408e-01,2.924754309365472371e-06,1.263131330776222226e-06,1.256316763584532646e-06,4.483421485579124240e-03,5.849508618730944742e-06,-2.526262661552444453e-06,3.062009911576790699e-03,3.069659364553389835e-03,3.070159410929378888e-03
1.038184387893818794e+01,5.910452326005399826e-01,2.868186533874338834e-06,1.246465764134353140e-06,1.239763634092823143e-06,4.453786944330091063e-03,5.736373067748677668e-06,-2.492931528268706280e-06,3.050478108350129780e-03,3.058179571842511990e-03,3.058835925466138386e-03
1.103083578768260153e+01,6.279927708348505000e-01,2.809351845569924705e-06,1.229003511722922435e-06,1.222418742525723863e-06,4.422521891456455100e-03,5.618703691139849410e-06,-2.458007023445844870e-06,3.038304089619969783e-03,3.046058157923692278e-03,3.046878947462635084e-03
1.167985058452660319e+01,6.649416121037954319e-01,2.748468888798781540e-06,1.210790982082383080e-06,1.204328122544361184e-06,4.389675382156382061e-03,5.496937777597563080e-06,-2.421581964164766159e-06,3.025505556262964024e-03,3.033312407340726935e-03,3.034307958307550911e-03
1.232888925902797972e+01,7.018918127435537224e-01,2.685758120040803582e-06,1.191875792258668865e-06,1.185539002881092506e-06,4.355298387722416308e-03,5.371516240081607163e-06,-2.383751584517337730e-06,3.012100889975000140e-03,3.019960287015233114e-03,3.021140120615147927e-03
1.297795274649758923e+01,7.388434260019904887e-01,2.621439695373387058e-06,1.172306527435138237e-06,1.166099581867648467e-06,4.319443634298562526e-03,5.242879390746774115e-06,-2.344613054870276474e-06,2.998109094210721359e-03,3.006020390465380387e-03,3.007393192575960085e-03
1.362704192674254600e+01,7.757965019671061446e-01,2.555734625923899994e-06,1.152132520790238928e-06,1.146058802900184028e-06,4.282165438934248426e-03,5.111469251847799988e-06,-2.304265041580477857e-06,2.983549734312362922e-03,2.991511881069719436e-03,2.993085477144641435e-03
1.427615762303680391e+01,8.127510875084310582e-01,2.488861666381618487e-06,1.131403632196663183e-06,1.125466132391032155e-06,4.243519543758048421e-03,4.977723332763236974e-06,-2.262807264393326366e-06,2.968442877150256898e-03,2.976454434666098159e-03,2.978235770573508297e-03
1.492530060131813840e+01,8.497072262313087876e-01,2.421035396332413270e-06,1.110170021698284609e-06,1.104371341688015511e-06,4.203562949095475051e-03,4.842070792664826540e-06,-2.220340043396569218e-06,2.952809030578484872e-03,2.960868181761222573e-03,2.962857900000065089e-03
1.557447156960897416e+01,8.866649584439239007e-01,2.352467522610205558e-06,1.088481938345353920e-06,1.082824294350579595e-06,4.162353746332629091e-03,4.704935045220411116e-06,-2.176963876690707840e-06,2.936669083005882808e-03,2.944773649634191415e-03,2.946964424339159998e-03
1.622367117765750777e+01,9.236243211368705408e-01,2.283364056732302416e-06,1.066389513674438591e-06,1.060874740066647237e-06,4.119950951293759739e-03,4.566728113464604832e-06,-2.132779027348877183e-06,2.920044243369057657e-03,2.928191704595572986e-03,2.930589467457574756e-03
1.687290001679404128e+01,9.605853479749736357e-01,2.213923705007489473e-06,1.043942558241050626e-06,1.038572116392044291e-06,4.076414338885671687e-03,4.427847410014978946e-06,-2.087885116482101251e-06,2.902955981780530603e-03,2.911143494666368348e-03,2.913753305030663317e-03
1.752215861999657420e+01,9.975480693010230215e-01,2.144339260004568537e-06,1.021190372812557304e-06,1.015965359375416130e-06,4.031804279724731169e-03,4.288678520009137074e-06,-2.042380745625114608e-06,2.885425971109245591e-03,2.893650392920110725e-03,2.896476436665752427e-03
1.817144746215850049e+01,1.034512512151013253e+00,2.074795214964102880e-06,9.981815678507062928e-07,9.931027240049121561e-07,3.986181579416396038e-03,4.149590429928205759e-06,-1.996363135701412586e-06,2.867476029734639109e-03,2.875733941725910903e-03,2.878779535409641682e-03
1.882076696055038312e+01,1.071478700280433127e+00,2.005466533101882970e-06,9.749638913422315618e-07,9.700316152932549229e-07,3.939607321128855630e-03,4.010933066203765940e-06,-1.949927782684463124e-06,2.849128065698092183e-03,2.857415798109608218e-03,2.860683398137710016e-03
1.947011747546690330e+01,1.108446654201097115e+00,1.936520059373728758e-06,9.515840715046877988e-07,9.467984306877616400e-07,3.892142712055171681e-03,3.873040118747457516e-06,-1.903168143009375598e-06,2.830404022457988500e-03,2.838717680444302616e-03,2.842208896996707528e-03
2.011949931104934208e+01,1.145416391227969344e+00,1.868112657741564236e-06,9.280876700105666428e-07,9.234484143599136079e-07,3.843848934305121520e-03,3.736225315483128473e-06,-1.856175340021133286e-06,2.811325826430621788e-03,2.819661316654453742e-03,2.823368695664747307e-03
2.076891271627325253e+01,1.182387925535392625e+00,1.800390388084858323e-06,9.045189466265015574e-07,9.000255238071294423e-07,3.794787000730616942e-03,3.600780776169716646e-06,-1.809037893253003115e-06,2.791915336490369270e-03,2.800268394114624471e-03,2.804189016262641308e-03
2.141835788609057545e+01,1.219361268222109551e+00,1.733489864976130168e-06,8.809207387677364291e-07,8.765723090730987631e-07,3.745017616136081615e-03,3.466979729952260336e-06,-1.761841477535472858e-06,2.772194295567242950e-03,2.780560511392637935e-03,2.784695262138961371e-03
2.206783496271479095e+01,1.256336427384427745e+00,1.667536945411645516e-06,8.573343526036916302e-07,8.531298047698610928e-07,3.694601044269567227e-03,3.335073890823291032e-06,-1.714668705207383260e-06,2.752184284477099396e-03,2.760559131985251824e-03,2.764908122033046811e-03
2.271734403703766247e+01,1.293313408196875347e+00,1.602646303840594283e-06,8.337994668966624443e-07,8.297374349734423706e-07,3.643596980948233047e-03,3.205292607681188566e-06,-1.667598933793324889e-06,2.731906678086704066e-03,2.740285540160147804e-03,2.744848130854696689e-03
2.336688515016553325e+01,1.330292212999663493e+00,1.538922667723187365e-06,8.103540512264006616e-07,8.064329309542861018e-07,3.592064433618720205e-03,3.077845335446374730e-06,-1.620708102452801323e-06,2.711382603904133326e-03,2.719760799017589825e-03,2.724535630974228746e-03
2.401645829506336582e+01,1.367272841392283000e+00,1.476460034361554152e-06,7.870342957691727687e-07,7.832522615998197362e-07,3.540061607599098801e-03,2.952920068723108304e-06,-1.574068591538345537e-06,2.690632903164902334e-03,2.699005710853796813e-03,2.703990735454353967e-03
2.466606341829437099e+01,1.404255290332541817e+00,1.415341604767096292e-06,7.638745537717732451e-07,7.602295762950515088e-07,3.487645799206224358e-03,2.830683209534192585e-06,-1.527749107543546490e-06,2.669678094463834306e-03,2.678040779900192625e-03,2.683233293290673144e-03
2.531570042184328528e+01,1.441239554240366649e+00,1.355640836118087930e-06,7.409072972485499306e-07,7.373971599400364136e-07,3.434873295922366652e-03,2.711281672236175860e-06,-1.481814594497099861e-06,2.648538339968142807e-03,2.656886177491046830e-03,2.662276568909546521e-03
2.596536916501141334e+01,1.478225625105687779e+00,1.297421129875910364e-06,7.181630834024816611e-07,7.147853997048358049e-07,3.381799283706437252e-03,2.594842259751820729e-06,-1.436326166804963322e-06,2.627233414230822905e-03,2.635561709701583766e-03,2.641147509322899767e-03
2.661506946637177506e+01,1.515213492599746914e+00,1.240736065459893678e-06,6.956705327093359949e-07,6.924227630561730211e-07,3.328477761514829318e-03,2.481472130919787356e-06,-1.391341065418671990e-06,2.605782675603907084e-03,2.614086787472325035e-03,2.619865018309884726e-03
2.726480110577293559e+01,1.552203144189177930e+00,1.185630225609014127e-06,6.734563185302911516e-07,6.703357865301714404e-07,3.274961463053075762e-03,2.371260451218028253e-06,-1.346912637060582303e-06,2.584205040243481299e-03,2.592480399236096744e-03,2.598447524672158407e-03
2.791456382638048339e+01,1.589194565252227465e+00,1.132139275194067943e-06,6.515451660102749020e-07,6.485490746751528594e-07,3.221301785738561654e-03,2.264278550388135886e-06,-1.303090332020549804e-06,2.562518958676929248e-03,2.570761086037265386e-03,2.576913047211447979e-03
2.856435733674543798e+01,1.626187739196513160e+00,1.080290425798085402e-06,6.299598609517044938e-07,6.270853085484412988e-07,3.167548726819377752e-03,2.160580851596170804e-06,-1.259919721903408988e-06,2.540742394899486722e-03,2.548946919123662447e-03,2.555279173319661718e-03
2.921418131288938014e+01,1.663182647577728934e+00,1.030103009114647500e-06,6.087212681673029380e-07,6.059652631183470079e-07,3.113750826558469437e-03,2.060206018229295000e-06,-1.217442536334605876e-06,2.518892807945316559e-03,2.527055479985107489e-03,2.533563039696100968e-03
2.986403540039656690e+01,1.700179270218752370e+00,9.815888557440557299e-07,5.878483573067241649e-07,5.852078328987154642e-07,3.059955118360308153e-03,1.963177711488111460e-06,-1.175696714613448330e-06,2.496987135879924491e-03,2.505103842789679902e-03,2.511780827334103485e-03
3.051391921650365902e+01,1.737177585328613993e+00,9.347529205353411613e-07,5.673582366166754283e-07,5.648300651278335575e-07,3.006207085688765001e-03,1.869505841070682323e-06,-1.134716473233350857e-06,2.475041782140252611e-03,2.483108559173663465e-03,2.489948737998164390e-03
3.116383235217865888e+01,1.774177569620851713e+00,8.895935988092237151e-07,5.472661939717384420e-07,5.448471997948531392e-07,2.952550625597747617e-03,1.779187197618447430e-06,-1.094532387943476884e-06,2.453072604151174119e-03,2.461085645312888204e-03,2.468084134707703488e-03
3.181377437418049325e+01,1.811179198430764803e+00,8.461033147652563535e-07,5.275857434120003106e-07,5.252727158159097735e-07,2.899028018673596198e-03,1.692206629530512707e-06,-1.055171486824000621e-06,2.431094904130681744e-03,2.439050571218626118e-03,2.446202130252636553e-03
3.246374482709225617e+01,1.848182445831167975e+00,8.042692426989649090e-07,5.083286774700974804e-07,5.061183826669499199e-07,2.845679905166988068e-03,1.608538485397929818e-06,-1.016657354940194961e-06,2.409123421998782266e-03,2.417018252166447390e-03,2.424317319966677337e-03
3.311374323532064778e+01,1.885187284746220326e+00,7.640733786660938026e-07,4.895051245814223555e-07,4.873943167910214227e-07,2.792545267073810993e-03,1.528146757332187605e-06,-9.790102491628447109e-07,2.387172330293729772e-03,2.395003042188537101e-03,2.402443774827294105e-03
3.376376910505564410e+01,1.922193687062990985e+00,7.254932561193572910e-07,4.711236100630528864e-07,4.691090421143935620e-07,2.739661415910786720e-03,1.450986512238714582e-06,-9.422472201261057729e-07,2.365255230999174785e-03,2.373018729529996484e-03,2.380595036311031979e-03
3.441382192618448954e+01,1.959201623740423726e+00,6.885027074670074104e-07,4.531911208299399117e-07,4.512695540259966724e-07,2.687063985917705500e-03,1.377005414934014821e-06,-9.063822416598798233e-07,2.343385154180532837e-03,2.351078533980865970e-03,2.358784112931050850e-03
3.506390117415498509e+01,1.996211064915414779e+00,6.530717181635076890e-07,4.357131731715088699e-07,4.338813861992148070e-07,2.634786932407900961e-03,1.306143436327015378e-06,-8.714263463430177397e-07,2.321574558329264626e-03,2.329195105987391656e-03,2.337024725631515424e-03
3.571400631178339324e+01,2.033221980005739393e+00,6.191671998365382706e-07,4.186938823269080769e-07,4.169486796636536068e-07,2.582862534982932091e-03,1.238334399673076541e-06,-8.373877646538161539e-07,2.299835332308486358e-03,2.307380527440283657e-03,2.315329370701128299e-03
3.636413679100318319e+01,2.070234337809607972e+00,5.867537480083555301e-07,4.021360339715481495e-07,4.004742535644831455e-07,2.531321405320100838e-03,1.173507496016711060e-06,-8.042720679430962990e-07,2.278178798797270144e-03,2.285646314042044658e-03,2.293708487661830393e-03
3.701429205455105631e+01,2.107248106601652182e+00,5.557933155319293161e-07,3.860411570060491878e-07,3.844596770798644958e-07,2.480192499238281344e-03,1.111586631063858632e-06,-7.720823140120983755e-07,2.256615719127663677e-03,2.264003419146121132e-03,2.272172880272077273e-03
3.766447153758744548e+01,2.144263254225182713e+00,5.262459882187688065e-07,3.704095966330404590e-07,3.689053420021429703e-07,2.429503132748399470e-03,1.052491976437537613e-06,-7.408191932660809179e-07,2.235156299409457592e-03,2.242462238973175204e-03,2.250732825718318019e-03
3.831467466924919307e+01,2.181279748180581901e+00,4.980707061366185587e-07,3.552405878243006031e-07,3.538105355234125730e-07,2.379279001793316566e-03,9.961414122732371174e-07,-7.104811756486012062e-07,2.213810197842003280e-03,2.221032619091012350e-03,2.229398079827285464e-03
3.896490087413252468e+01,2.218297555709733970e+00,4.712247986526094459e-07,3.405323286529029155e-07,3.391735128024770226e-07,2.329544205384313522e-03,9.424495973052188919e-07,-6.810646573058058311e-07,2.192586533109108782e-03,2.199723862065350311e-03,2.208177883356731482e-03
3.961514957370492596e+01,2.255316643876399407e+00,4.456647223717233319e-07,3.262820527086929982e-07,3.249915689274716666e-07,2.280321271847356775e-03,8.913294447434466639e-07,-6.525641054173859963e-07,2.171493893758980054e-03,2.178544736177068231e-03,2.187080969281167582e-03
4.026542018764500597e+01,2.292336979642497941e+00,4.213467241141700612e-07,3.124861007199146384e-07,3.112611099241747743e-07,2.231631187895257058e-03,8.426934482283401223e-07,-6.249722014398292767e-07,2.150540348474949681e-03,2.157503485108569485e-03,2.166119407682764054e-03
4.091571213510991356e+01,2.329358529940263267e+00,3.982262809145570293e-07,2.991399909404505507e-07,2.979777224961490928e-07,2.183493430248505552e-03,7.964525618291140585e-07,-5.982799818809011014e-07,2.129733457137794606e-03,2.136607838499449130e-03,2.145298929995164555e-03
4.156602483593001551e+01,2.366381261740253983e+00,3.762587736178338305e-07,2.862384877320927121e-07,2.851362422186694937e-07,2.135925999537135675e-03,7.525175472356676609e-07,-5.724769754641854241e-07,2.109080282594821831e-03,2.115865023286311875e-03,2.124625481727705247e-03
4.221635771173122720e+01,2.403405142115250914e+00,3.554000786671956610e-07,2.737756685009917873e-07,2.727308199419758519e-07,2.088945456222257059e-03,7.108001573343913221e-07,-5.475513370019835747e-07,2.088587403046071600e-03,2.095281775725710283e-03,2.104105795903287064e-03
4.286671018698545765e+01,2.440430138300060392e+00,3.356059541001184601e-07,2.617449886256125014e-07,2.607549861924475103e-07,2.042566958285372929e-03,6.712119082002369203e-07,-5.234899772512250028e-07,2.068260924962705971e-03,2.074864354019712032e-03,2.083746148635758685e-03
4.351708168999008564e+01,2.477456217747274092e+00,3.168326335517210324e-07,2.501393439898228375e-07,2.492017133923442333e-07,1.996804300445466276e-03,6.336652671034420647e-07,-5.002786879796456749e-07,2.048106496462309689e-03,2.054618551460385412e-03,2.063552370807659065e-03
4.416747165377749695e+01,2.514483348179050726e+00,2.990373411550619268e-07,2.389511313206737885e-07,2.380634757481512026e-07,1.951669954672259491e-03,5.980746823101238535e-07,-4.779022626413475769e-07,2.028129321059668477e-03,2.034549710009381229e-03,2.043529860182567628e-03
4.481787951695623207e+01,2.551511497635003956e+00,2.821776597903028969e-07,2.281723060352853394e-07,2.273323066859268955e-07,1.907175111775221994e-03,5.643553195806057937e-07,-4.563446120705706788e-07,2.008334171727021999e-03,2.014662734239669462e-03,2.023683593886313470e-03
4.546830472448505134e+01,2.588540634516268923e+00,2.662120392423524690e-07,2.177944373652106645e-07,2.169998537389461636e-07,1.863329723860792861e-03,5.324240784847049379e-07,-4.355888747304213290e-07,1.988725405190627793e-03,1.994962105566600030e-03,2.004024452095849989e-03
4.611874672838209932e+01,2.625570727625876621e+00,2.511002338421086319e-07,2.078087609937394850e-07,2.070574308171221730e-07,1.820142547459938564e-03,5.022004676842172638e-07,-4.156175219874789699e-07,1.969306976405071907e-03,1.975451896697899556e-03,1.984551072675288293e-03
4.676920498837053941e+01,2.662601746205509823e+00,2.368026829231966585e-07,1.982062289659017408e-07,1.974960678105553562e-07,1.777621187139961359e-03,4.736053658463933169e-07,-3.964124579318034816e-07,1.950082453140822292e-03,1.956135786245316588e-03,1.965266717411482886e-03
4.741967897246335895e+01,2.699633659968796007e+00,2.232809335574919077e-07,1.889775567644640603e-07,1.883065575007928522e-07,1.735772139427489962e-03,4.465618671149838154e-07,-3.779551135289281207e-07,1.931055030633954672e-03,1.937017073429081471e-03,1.946174766568844377e-03
4.807016815748905714e+01,2.736666439131236306e+00,2.104980041969621574e-07,1.801132678135718721e-07,1.794794997720749772e-07,1.694600836879646844e-03,4.209960083939243147e-07,-3.602265356271437443e-07,1.912227546242650789e-03,1.918098692825886964e-03,1.927278248208521162e-03
4.872067202956069565e+01,2.773700054436907259e+00,1.984178004325702627e-07,1.716037352140949070e-07,1.710053431321211141e-07,1.654111692151995433e-03,3.968356008651405253e-07,-3.432074704281898141e-07,1.893602494065282915e-03,1.899383229106876847e-03,1.908579851655472365e-03
4.937119008449069923e+01,2.810734477182077473e+00,1.870054572469218197e-07,1.634392207005571437e-07,1.628744235677091478e-07,1.614308141924380730e-03,3.740109144938436395e-07,-3.268784414011142873e-07,1.875182039474732054e-03,1.880872931717125773e-03,1.890081940948189210e-03
5.002172182815375123e+01,2.847769679235866214e+00,1.762276342334094352e-07,1.556099110953837150e-07,1.550770007737224901e-07,1.575192690555526822e-03,3.524552684668188704e-07,-3.112198221907674300e-07,1.856968033529471374e-03,1.862569729455199052e-03,1.871787228460793876e-03
5.067226677680015001e+01,2.884805633058082908e+00,1.660519829525678240e-07,1.481059520993949232e-07,1.476032918064484737e-07,1.536766953348221720e-03,3.321039659051356480e-07,-2.962119041987898463e-07,1.838962027224166906e-03,1.844475244909049572e-03,1.853703680044273662e-03
5.132282445732246146e+01,2.921842311714408780e+00,1.564474164397430291e-07,1.409174794793721102e-07,1.404435022225744011e-07,1.499031699318326832e-03,3.128948328794860581e-07,-2.818349589587442203e-07,1.821165285547987622e-03,1.826590808714834147e-03,1.835825976118668663e-03
5.197339440747732198e+01,2.958879688889023640e+00,1.473843428158034922e-07,1.340346479302469054e-07,1.335878547740977108e-07,1.461986893369965649e-03,2.947686856316069845e-07,-2.680692958604938108e-07,1.803578801317928804e-03,1.808917473606341808e-03,1.818155279815415531e-03
5.262397617606561084e+01,2.995917738894863458e+00,1.388341943650106373e-07,1.274476574781520747e-07,1.270266157369695088e-07,1.425631737789079950e-03,2.776683887300212747e-07,-2.548953149563041493e-07,1.786203308764500175e-03,1.791456028222393471e-03,1.800692497059278724e-03
5.327456932307271131e+01,3.032956436681605528e+00,1.307696334312997977e-07,1.211467775339455664e-07,1.207501189576936433e-07,1.389964712977670653e-03,2.615392668625995953e-07,-2.422935550678911327e-07,1.769039296842578324e-03,1.774207010650563632e-03,1.783438289122744446e-03
5.392517341977192302e+01,3.069995757841555317e+00,1.231647317568120882e-07,1.151223688655886747e-07,1.147487877069767631e-07,1.354983617359128154e-03,2.463294635136241764e-07,-2.302447377311773493e-07,1.752087022248494108e-03,1.757170721679246483e-03,1.766393084942525452e-03
5.457578804879287304e+01,3.107035678613541574e+00,1.159945660989328275e-07,1.093649033772142306e-07,1.090131544334631163e-07,1.320685606393667746e-03,2.319891321978656551e-07,-2.187298067544284612e-07,1.735346522126368640e-03,1.740347237743966602e-03,1.749557093179300755e-03
5.522641280415769671e+01,3.144076175884976454e+00,1.092353700778473345e-07,1.038649818348583917e-07,1.035338785135557583e-07,1.287067230651488606e-03,2.184707401556946690e-07,-2.077299636697167834e-07,1.718817626443991387e-03,1.723736423544730556e-03,1.732932074440657810e-03
5.587704729128694225e+01,3.181117227192190811e+00,1.028646665523678082e-07,9.861334978925367314e-08,9.830176209515155131e-08,1.254124472898294432e-03,2.057293331047356164e-07,-1.972266995785073463e-07,1.702499970032689269e-03,1.707337944323206180e-03,1.716521909539270438e-03
5.652769112697757237e+01,3.218158810719182306e+00,9.686093035895246631e-08,9.360091160093604796e-08,9.330776413420952004e-08,1.221852784155011157e-03,1.937218607179049326e-07,-1.872018232018720959e-07,1.686393004272424001e-03,1.691151277789959551e-03,1.700320326489979540e-03
5.717834393935522286e+01,3.255200905294898028e+00,9.120369538561474629e-08,8.881874272334195673e-08,8.854301272345997696e-08,1.190247118700717404e-03,1.824073907712294926e-07,-1.776374854466839135e-07,1.670496008419952716e-03,1.675175725683986094e-03,1.684326747466970793e-03
5.782900536780265099e+01,3.292243490389159977e+00,8.587364697028873964e-08,8.425810046994200994e-08,8.399881581211335281e-08,1.159301967993591267e-03,1.717472939405774793e-07,-1.685162009398840199e-07,1.654808100569671314e-03,1.659410424967533437e-03,1.668540432193463567e-03
5.847967506286655492e+01,3.329286546107360856e+00,8.085234913811399984e-08,7.991043318515585810e-08,7.966667041447347243e-08,1.129011393490595219e-03,1.617046982762279997e-07,-1.598208663703117162e-07,1.639328248244031894e-03,1.643854358641338997e-03,1.652960488097582510e-03
5.913035268614459028e+01,3.366330053184031001e+00,7.612231547166579959e-08,7.576738797920926930e-08,7.553827040390675882e-08,1.099369058352338800e-03,1.522446309433315992e-07,-1.515347759584185386e-07,1.624055278611757913e-03,1.628506366181614595e-03,1.637585880136977184e-03
5.978103791015433188e+01,3.403373992975379903e+00,7.166706799996533546e-08,7.182081722472255544e-08,7.160551298661635636e-08,1.070368258024247295e-03,1.433341359999306709e-07,-1.436416344494451109e-07,1.608987888329360683e-03,1.613365153596668655e-03,1.622415440289156144e-03
6.043173041818614877e+01,3.440418347450919345e+00,6.747092407675026222e-08,6.806278374722222340e-08,6.786050394733391534e-08,1.042001949689799105e-03,1.349418481535005244e-07,-1.361255674944444468e-07,1.594124653008621717e-03,1.598429303099169196e-03,1.607450513329249401e-03
6.108242990414148466e+01,3.477463099184255668e+00,6.351903868073087260e-08,6.448556486606739804e-08,6.429556175640267630e-08,1.014262780596055825e-03,1.270380773614617452e-07,-1.289711297321347961e-07,1.579464036310207486e-03,1.583697282399265660e-03,1.592691662600058834e-03
6.173313607235818523e+01,3.514508231343147493e+00,5.979743564180528721e-08,6.108165545358878676e-08,6.090322062474665021e-08,9.871431152553040034e-04,1.195948712836105744e-07,-1.221633109071775735e-07,1.565004398667024788e-03,1.569167453619013664e-03,1.578132636390068132e-03
6.238384863742449937e+01,3.551553727678914640e+00,5.629284792466244559e-08,5.784376995563859937e-08,5.767623259006856298e-08,9.606350615301822559e-04,1.125856958493248912e-07,-1.156875399112771987e-07,1.550744005639537182e-03,1.554838081828213703e-03,1.563771811978826014e-03
6.303456732398284146e+01,3.588599572515268399e+00,5.299273795407628829e-08,5.476484352079370175e-08,5.460756871430227855e-08,9.347304956129528488e-04,1.059854759081525766e-07,-1.095296870415874035e-07,1.536681035908149529e-03,1.540707343214320346e-03,1.549607477442077347e-03
6.368529186652514085e+01,3.625645750736658623e+00,4.988530637883717769e-08,5.183803237607668709e-08,5.169041946886444663e-08,9.094210859122583111e-04,9.977061275767435539e-08,-1.036760647521533742e-07,1.522813588909044391e-03,1.526773332883202272e-03,1.535637839057803341e-03
6.433602200918058145e+01,3.662692247776190957e+00,4.695937883263546359e-08,4.905671340232388628e-08,4.891819438070755817e-08,8.846983158632783012e-04,9.391875766527092717e-08,-9.811342680464777257e-08,1.509139692119021436e-03,1.513034072300634136e-03,1.521861028390823550e-03
6.498675750549729457e+01,3.699739049603196772e+00,4.420440983648457264e-08,4.641448304370332634e-08,4.628452100857995742e-08,8.605535056795012147e-04,8.840881967296914529e-08,-9.282896608740665269e-08,1.495657307994668894e-03,1.499487516382624896e-03,1.508275109061191829e-03
6.563749811821870139e+01,3.736786142710503356e+00,4.161047367410262987e-08,4.390515566073517238e-08,4.378324331526517699e-08,8.369778330662305072e-04,8.322094734820525974e-08,-8.781031132147034476e-08,1.482364340576913797e-03,1.486131560240799843e-03,1.494881329623268121e-03
6.628824361905590479e+01,3.773833514101472275e+00,3.916819053120866416e-08,4.152276128899103237e-08,4.140841949795335895e-08,8.139623529176602621e-04,7.833638106241732832e-08,-8.304552257798206475e-08,1.469258641764559226e-03,1.472964045590940962e-03,1.481677802653573635e-03
6.693899378845706849e+01,3.810881151276872547e+00,3.686871855712982662e-08,3.926154292338173503e-08,3.915431933531205443e-08,7.914980160208822833e-04,7.373743711425965325e-08,-7.852308584676347007e-08,1.456338017270075724e-03,1.459982766831458001e-03,1.468658842293967936e-03
6.758974841537424538e+01,3.847929042221605034e+00,3.470373081149191220e-08,3.711595341123271699e-08,3.701542110627849720e-08,7.695756867914006500e-04,6.940746162298382441e-08,-7.423190682246543398e-08,1.443600232261199601e-03,1.447185476806112092e-03,1.455822297481868411e-03
6.824050729702899787e+01,3.884977175391359339e+00,3.266537391757320073e-08,3.508065192457881972e-08,3.498640813212281708e-08,7.481861600657720201e-04,6.533074783514640146e-08,-7.016130384915763944e-08,1.431043016701494253e-03,1.434569892253101386e-03,1.443165979424409573e-03
6.889127023867737876e+01,3.922025539699233843e+00,3.074625197583419345e-08,3.315050011635761373e-08,3.306216498994612077e-08,7.273201769778822687e-04,6.149250395166838690e-08,-6.630100023271522745e-08,1.418664070397535060e-03,1.422133698956939973e-03,1.430687666540131613e-03
6.954203705337481267e+01,3.959074124502349967e+00,2.893939298521410169e-08,3.132055802048363670e-08,3.123777344248111314e-08,7.069684399460118970e-04,5.787878597042820338e-08,-6.264111604096727340e-08,1.406461067760655936e-03,1.409874556606349749e-03,1.418385109136505911e-03
7.019280756174167379e+01,3.996122919588508182e+00,2.723823362971438278e-08,2.958607967371896808e-08,2.950850812587886503e-08,6.871216267983870207e-04,5.447646725942876557e-08,-5.917215934743793617e-08,1.394431662296857777e-03,1.397790103374596526e-03,1.406256033831428803e-03
7.084358159173014258e+01,4.033171915162911070e+00,2.563659796398691602e-08,2.794250854902444186e-08,2.786983203409242113e-08,6.677704040652586133e-04,5.127319592797383203e-08,-5.588501709804888373e-08,1.382573490829597240e-03,1.385877960225490035e-03,1.394301761944704079e-03
7.149435897839288145e+01,4.070221101834998301e+00,2.412865619643973867e-08,2.638547284036786926e-08,2.631739183551836705e-08,6.489054394657929343e-04,4.825731239287947734e-08,-5.277094568073573852e-08,1.370884177468500997e-03,1.374135734960701960e-03,1.382518733069839972e-03
7.214513956365387060e+01,4.107270470605397961e+00,2.270892988035639031e-08,2.491078058360370206e-08,2.484701305473419860e-08,6.305174136181705647e-04,4.541785976071278062e-08,-4.982156116720740413e-08,1.359361337332554154e-03,1.362561026013953125e-03,1.370902081268323466e-03
7.279592319608198636e+01,4.144320012853036417e+00,2.137226762287478682e-08,2.351441468894274869e-08,2.345469514947315066e-08,6.125970310012695749e-04,4.274453524574957364e-08,-4.702882937788549738e-08,1.348002580037588327e-03,1.351151426004393308e-03,1.359449477430804297e-03
7.344670973066752140e+01,4.181369720322413386e+00,2.011379865739021042e-08,2.219252790822471208e-08,2.213660651041462438e-08,5.951350301962017673e-04,4.022759731478042083e-08,-4.438505581644942416e-08,1.336805512956229514e-03,1.339904525060053864e-03,1.348158587855416164e-03
7.409749902860222903e+01,4.218419585111085723e+00,1.892895342852946462e-08,2.094143772751387768e-08,2.088907940893862435e-08,5.781221934357977940e-04,3.785790685705892923e-08,-4.188287545502775537e-08,1.325767744262018599e-03,1.328817913917146321e-03,1.337027077258481477e-03
7.474829095706313353e+01,4.255469599657351942e+00,1.781343802857455333e-08,1.975762124755752740e-08,1.970860491568912751e-08,5.615493554898145058e-04,3.562687605714910666e-08,-3.951524249511505479e-08,1.314886885765254032e-03,1.317889186806642243e-03,1.326052611589961924e-03
7.539908538900002100e+01,4.292519756728160552e+00,1.676318456823020810e-08,1.863771006167025344e-08,1.859182781062405304e-08,5.454074119133190237e-04,3.352636913646041619e-08,-3.727542012334050688e-08,1.304160555550493150e-03,1.307115944140901931e-03,1.315232860661686830e-03
7.604988220292740664e+01,4.329570049407262644e+00,1.577438288545812261e-08,1.757848512666868784e-08,1.753554150318747440e-08,5.296873266852809717e-04,3.154876577091624522e-08,-3.515697025333737569e-08,1.293586380423095150e-03,1.296495795003127505e-03,1.304569289489222305e-03
7.670068128272072272e+01,4.366620471083609623e+00,1.484345495861739018e-08,1.657687167779991887e-08,1.653668297932280673e-08,5.143801392639153324e-04,2.968690991723478036e-08,-3.315374335559983775e-08,1.283161998176907126e-03,1.286026359453518175e-03,1.294057286478413624e-03
7.735148251741715342e+01,4.403671015440014713e+00,1.396700371363631538e-08,1.562993418643993611e-08,1.559232779025348654e-08,4.994769710848096780e-04,2.793400742727263075e-08,-3.125986837287987221e-08,1.272885059687534071e-03,1.275705270660343338e-03,1.283692875444694074e-03
7.800228580102103138e+01,4.440721676442073829e+00,1.314185230624954513e-08,1.473487136050506187e-08,1.469968509628456589e-08,4.849690315273265644e-04,2.628370461249909026e-08,-2.946974272101012374e-08,1.262753230842406094e-03,1.265530176861040523e-03,1.273473766480963994e-03
7.865309103231416543e+01,4.477772448327370647e+00,1.236501938927975393e-08,1.388901122836847320e-08,1.385609277731658003e-08,4.708476233741286160e-04,2.473003877855950786e-08,-2.777802245673694639e-08,1.252764194315025836e-03,1.255498743166105768e-03,1.263397684434570522e-03
7.930389811467092898e+01,4.514823325594942816e+00,1.163366767722599565e-08,1.308980629682583788e-08,1.305901262031685986e-08,4.571041477880831557e-04,2.326733535445199130e-08,-2.617961259365167576e-08,1.242915651190723558e-03,1.245608653211438543e-03,1.253462370539720977e-03
7.995470695587843579e+01,4.551874302995049248e+00,1.094514790578288805e-08,1.233482878661012729e-08,1.230602559265115972e-08,4.437301088301520116e-04,2.189029581156577611e-08,-2.466965757322025457e-08,1.233205322451469410e-03,1.235857610668134043e-03,1.243665583916864431e-03
8.060551746796144812e+01,4.588925375519202987e+00,1.029697554733179738e-08,1.162176597752513843e-08,1.159482720893626718e-08,4.307171175411772068e-04,2.059395109466359477e-08,-2.324353195505027686e-08,1.223630950329013256e-03,1.226243340614829869e-03,1.234005102945655514e-03
8.125632956701264220e+01,4.625976538390504267e+00,9.686780166705396752e-09,1.094841564771751006e-08,1.092322299793153021e-08,4.180568956098015278e-04,1.937356033341079350e-08,-2.189683129543502011e-08,1.214190299530515382e-03,1.216763590783043192e-03,1.224482548501556502e-03
8.190714317302753500e+01,4.663027787054244477e+00,9.112351760449304092e-09,1.031268161343236149e-08,1.028912407493656496e-08,4.057412786480875584e-04,1.822470352089860818e-08,-2.062536322686472297e-08,1.204881158346216008e-03,1.207416132682714860e-03,1.215092719475559507e-03
8.255795820974479682e+01,4.700079117168816545e+00,8.571619283879571699e-09,9.712569393945526685e-09,9.690542824195910123e-09,3.937622190956549507e-04,1.714323856775914340e-08,-1.942513878789105337e-08,1.195701339643528982e-03,1.198198762609514745e-03,1.205832493072488435e-03
8.320877460449115404e+01,4.737130524596881997e+00,8.062601592357396610e-09,9.146181982034002466e-09,9.125588694931589472e-09,3.821117887724813865e-04,1.612520318471479322e-08,-1.829236396406800493e-08,1.186648681757107582e-03,1.189109302547008973e-03,1.196699739333431569e-03
8.385959228803153565e+01,4.774182005396842676e+00,7.583454377702210109e-09,8.611715728518523988e-09,8.592464113820514634e-09,3.707821810998045337e-04,1.516690875540442022e-08,-1.722343145703704798e-08,1.177721049276714282e-03,1.180145600968796060e-03,1.187692352868243914e-03
8.451041119442399463e+01,4.811233555814579788e+00,7.132450702798567421e-09,8.107456359429703593e-09,8.089460516002325168e-09,3.597657130078368089e-04,1.426490140559713484e-08,-1.621491271885940719e-08,1.168916333742608948e-03,1.171305533540833999e-03,1.178808253576681944e-03
8.516123126087960316e+01,4.848285172275479837e+00,6.707934112542364349e-09,7.631775103534446365e-09,7.614954496042479512e-09,3.490548265483227417e-04,1.341586822508472870e-08,-1.526355020706889273e-08,1.160232454252674295e-03,1.162587003736503810e-03,1.170045387285319465e-03
8.581205242762695207e+01,4.885336851376714584e+00,6.308364826596268545e-09,7.183124940359446361e-09,7.167404079678492950e-09,3.386420902292801034e-04,1.261672965319253709e-08,-1.436624988071889272e-08,1.151667357985663998e-03,1.153987943368739444e-03,1.161401726305141954e-03
8.646287463778148208e+01,4.922388589879810539e+00,5.932302351412674975e-09,6.760036982223034190e-09,6.745345116639318047e-09,3.285202000885624235e-04,1.186460470282534995e-08,-1.352007396444606838e-08,1.143219020648067463e-03,1.145506313040223212e-03,1.152879028154519614e-03
8.711369783721941928e+01,4.959440384703464488e+00,5.578361168846870726e-09,6.361116966619563883e-09,6.347387794347616029e-09,3.186819805222156879e-04,1.115672233769374145e-08,-1.272223393323912777e-08,1.134885446847200274e-03,1.137140102523304108e-03,1.144471826516049381e-03
8.776452197445632919e+01,4.996492232916633469e+00,5.245255216608258339e-09,5.985041870181232067e-09,5.972213271886587514e-09,3.091203848829536549e-04,1.049051043321651668e-08,-1.197008374036246413e-08,1.126664670396682055e-03,1.128887331065753230e-03,1.136177762191445742e-03
8.841534700052994822e+01,5.033544131731863658e+00,4.931782549767618588e-09,5.630556653653577574e-09,5.618570433231694997e-09,2.998284958633970856e-04,9.863565099535237177e-09,-1.126111330730715515e-08,1.118554754559242248e-03,1.120746047639786802e-03,1.127994921204723399e-03
8.906617286888757690e+01,5.070596078498878612e+00,4.636783877942076901e-09,5.296471113799285422e-09,5.285272758413402838e-09,2.907995256781111806e-04,9.273567755884153802e-09,-1.059294222759857084e-08,1.110553792228796688e-03,1.112714331122366396e-03,1.119921417843877621e-03
8.971699953527756577e+01,5.107648070698403764e+00,4.359184658732942431e-09,4.981656854102809396e-09,4.971195310982934122e-09,2.820268160578474903e-04,8.718369317465884862e-09,-9.963313708205618792e-09,1.102659906059066941e-03,1.104790290427537514e-03,1.111955394822527945e-03
9.036782695764503615e+01,5.144700105936226286e+00,4.097981724074969793e-09,4.685044380467384194e-09,4.675271839897216661e-09,2.735038380687837231e-04,8.195963448149939587e-09,-9.370088760934768387e-09,1.094871248539741604e-03,1.096972064581147599e-03,1.104095023392296813e-03
9.101865509603177884e+01,5.181752181937500090e+00,3.852204812065652918e-09,4.405620298119486380e-09,4.396491993719028805e-09,2.652241917689720607e-04,7.704409624131305836e-09,-8.811240596238972760e-09,1.087186002026396814e-03,1.089257822750488991e-03,1.096338508518313265e-03
9.166948391247971983e+01,5.218804296541244447e+00,3.620955847027175533e-09,4.142424621873337601e-09,4.133898644840450949e-09,2.571816057136419933e-04,7.241911694054351065e-09,-8.284849243746675202e-09,1.079602378725230682e-03,1.081645764229310913e-03,1.088687696172505786e-03
9.232031337093866341e+01,5.255856447695100186e+00,3.403397399560030958e-09,3.894548203405302614e-09,3.886585321278409450e-09,2.493699363204284619e-04,6.806794799120061915e-09,-7.789096406810605229e-09,1.072118620638218278e-03,1.074134118379865832e-03,1.081137087262862111e-03
9.297114343717746010e+01,5.292908633450265299e+00,3.198717267135272463e-09,3.661130252587852154e-09,3.653693743459956024e-09,2.417831671050722645e-04,6.397434534270544926e-09,-7.322260505175704307e-09,1.064732999470296981e-03,1.066721144539650723e-03,1.073684971072702164e-03
9.362197407869901156e+01,5.329960851956657031e+00,3.006164702562723139e-09,3.441355965015680357e-09,3.434411463307782590e-09,2.344154077976200786e-04,6.012329405125446278e-09,-6.882711930031360714e-09,1.057443816501246747e-03,1.059405131890067686e-03,1.066329665333376258e-03
9.427280526465844446e+01,5.367013101458256941e+00,2.825040554097177120e-09,3.234454257420193330e-09,3.227969602851285209e-09,2.272608933486369980e-04,5.650081108194354241e-09,-6.468908514840386661e-09,1.050249402428482526e-03,1.052184399297106943e-03,1.059069516099156840e-03
9.492363696578519239e+01,5.404065380288672671e+00,2.654664872465817955e-09,3.039695589227688509e-09,3.033640689523995042e-09,2.203139828344626895e-04,5.309329744931635909e-09,-6.079391178455377019e-09,1.043148117177206124e-03,1.045057295117945984e-03,1.051902897593929046e-03
9.557446915430777779e+01,5.441117686866856040e+00,2.494409995094224093e-09,2.856389882137288478e-09,2.850736585261978035e-09,2.135691582700827368e-04,4.988819990188448185e-09,-5.712779764274576957e-09,1.036138349687354410e-03,1.038022196985677326e-03,1.044828212031981849e-03
9.622530180388234555e+01,5.478170019693032522e+00,2.343692201576535604e-09,2.683884537944973166e-09,2.678606506487249813e-09,2.070210233377180382e-04,4.687384403153071208e-09,-5.367769075889946332e-09,1.029218517673846645e-03,1.031077511565281490e-03,1.037844211108124260e-03
9.687613488952379726e+01,5.515222377344785265e+00,2.201942269654854679e-09,2.521562534315670944e-09,2.516635132045287326e-09,2.006643020388145611e-04,4.403884539309709358e-09,-5.043125068631341888e-09,1.022387067367291902e-03,1.024221674290393125e-03,1.030951858884204429e-03
9.752696838754019382e+01,5.552274758473316751e+00,2.068635429450140905e-09,2.368840609941324242e-09,2.364240796163293896e-09,1.944938372766929200e-04,4.137270858900281810e-09,-4.737681219882648483e-09,1.015642473232047927e-03,1.017453149078750840e-03,1.024146696301463403e-03
9.817780227546987248e+01,5.589327161799868549e+00,1.943284367539273088e-09,2.225167538235960293e-09,2.220873763505231409e-09,1.885045893767143806e-04,3.886568735078546177e-09,-4.450335076471920586e-09,1.008983237669403010e-03,1.010770428030438595e-03,1.017427238696508090e-03
9.882863653202149123e+01,5.626379586112310704e+00,1.825412610662464604e-09,2.090022470852590595e-09,2.086014583419366592e-09,1.826916345504354608e-04,3.650825221324929207e-09,-4.180044941705181190e-09,1.002407890702494697e-03,1.004172031108141461e-03,1.010792028127284296e-03
9.947947113701644639e+01,5.663432030261862593e+00,1.714581446007502484e-09,1.962913361889919385e-09,1.959172520503029236e-09,1.770501633098610437e-04,3.429162892015004968e-09,-3.925826723779838770e-09,9.959149896477392794e-04,9.976565058067432545e-04,1.004239633076713751e-03
1.001303060713342035e+02,5.700484493159978960e+00,1.610384108686704245e-09,1.843375471180653067e-09,1.839884058645701800e-09,1.715754788375402665e-04,3.220768217373408491e-09,-3.686750942361306133e-09,9.895031187743819068e-04,9.912224268046054831e-04,9.977686481436804419e-04
1.007811413168598165e+02,5.737536973775364757e+00,1.512421843349160376e-09,1.730969929586031019e-09,1.727711475755424636e-09,1.662629953179203151e-04,3.024843686698320752e-09,-3.461939859172062038e-09,9.831708889515011762e-04,9.848683956101833559e-04,9.913776937227720357e-04
1.014319768564339626e+02,5.774589471131127638e+00,1.420327940893770431e-09,1.625282376503803319e-09,1.622241486423012324e-09,1.611082362350485075e-04,2.840655881787540861e-09,-3.250564753007606638e-09,9.769169372858543809e-04,9.785930401936537848e-04,9.850659701950627723e-04
1.020828126738052219e+02,5.811641984302063690e+00,1.333762953713108163e-09,1.525921667473124565e-09,1.523083949833162318e-09,1.561068326414016946e-04,2.667525907426216325e-09,-3.051843334946249129e-09,9.707399267518956876e-04,9.723950146118820470e-04,9.788337776147895339e-04
1.027336487535845606e+02,5.848694512412064839e+00,1.252393265663294235e-09,1.432518636437044904e-09,1.429870640290399231e-09,1.512545214023249874e-04,2.504786531326588469e-09,-2.865037272874089808e-09,9.646385458140227520e-04,9.662729986272822202e-04,9.726775287718690891e-04
1.033844850812018876e+02,5.885747054631647046e+00,1.175912428194592074e-09,1.344724922153544750e-09,1.342254077790407820e-09,1.465471434202882236e-04,2.351824856389184148e-09,-2.689449844307089500e-09,9.586115080426615975e-04,9.602256973189060574e-04,9.665959469054323169e-04
1.040353216428647443e+02,5.922799610175594864e+00,1.104037260993730575e-09,1.262211856325648769e-09,1.259906416132455650e-09,1.419806418428910030e-04,2.208074521987461150e-09,-2.524423712651297537e-09,9.526575517261881565e-04,9.542518406903122141e-04,9.605877792552805798e-04
1.046861584255187267e+02,5.959852178300714343e+00,1.036488749116660048e-09,1.184669399600364871e-09,1.182518386136348992e-09,1.375510602582967500e-04,2.072977498233320097e-09,-2.369338799200729742e-09,9.467754394780203420e-04,9.483501832708851609e-04,9.546517966980376654e-04
1.053369954168098985e+02,5.996904758303687188e+00,9.730108841420973269e-10,1.111805134183666879e-09,1.109798291596749818e-09,1.332545408815324287e-04,1.946021768284194654e-09,-2.223610268367333758e-09,9.409639578412676286e-04,9.425195037188194291e-04,9.487867933798795539e-04
1.059878326050491495e+02,6.033957349519043944e+00,9.133675184800480102e-10,1.043343310479323556e-09,1.041471055678327774e-09,1.290873227348574535e-04,1.826735036960096020e-09,-2.086686620958647111e-09,9.352219168911046765e-04,9.367586044152220737e-04,9.429915863466288139e-04
1.066386699791778057e+02,6.071009951317207332e+00,8.573254045382306407e-10,9.790239354127327779e-10,9.772773155267391970e-10,1.250457398251848720e-04,1.714650809076461281e-09,-1.958047870825465556e-09,9.295481498354241090e-04,9.310663110639882944e-04,9.372657374590144877e-04
1.072895075287354558e+02,6.108062563102659048e+00,8.046707541501269554e-10,9.186019104386786332e-10,9.169725629424696408e-10,1.211262193213323817e-04,1.609341508300253911e-09,-1.837203820877357266e-09,9.239415126157113356e-04,9.254414722854598097e-04,9.316090496732135854e-04
1.079403452438287729e+02,6.145115184312166079e+00,7.552067301131666134e-10,8.618462165909830289e-10,8.603263290366180552e-10,1.173252797336784062e-04,1.510413460226333227e-09,-1.723692433181966058e-09,9.184008835065871068e-04,9.198829592140800315e-04,9.260186580687244278e-04
1.085911831151022540e+02,6.182167814413112694e+00,7.087384416150125060e-10,8.085391356492990976e-10,8.071214108596201289e-10,1.136395290986104114e-04,1.417476883230025012e-09,-1.617078271298598195e-09,9.129251627172929595e-04,9.143896650943839077e-04,9.204934702182861672e-04
1.092420211337102103e+02,6.219220452901907947e+00,6.650874375043071664e-10,7.584755146865948401e-10,7.571531380654421416e-10,1.100656631699781040e-04,1.330174875008614333e-09,-1.516951029373189680e-09,9.075132719938983072e-04,9.089605048785420749e-04,9.150324146602579296e-04
1.098928592912902076e+02,6.256273099302473994e+00,6.240897296935505722e-10,7.114620713882989534e-10,7.102286777444642234e-10,1.066004636195895126e-04,1.248179459387101144e-09,-1.422924142776597907e-09,9.021641542226177535e-04,9.035944148267915921e-04,9.096344405270558996e-04
1.105436975799375858e+02,6.293325753164793035e+00,5.855825662030333977e-10,6.673167305237774218e-10,6.661663756282279263e-10,1.032407962486324795e-04,1.171165132406066795e-09,-1.334633461047554844e-09,8.968767730365700963e-04,8.982903521095320087e-04,9.042985171752239730e-04
1.111945359921816419e+02,6.330378414063551951e+00,5.494170650998200268e-10,6.258679981242541349e-10,6.247951319379941903e-10,9.998360921174983488e-05,1.098834130199640054e-09,-1.251735996248508270e-09,8.916501124243136900e-04,8.930472944111977895e-04,8.990236338175384805e-04
1.118453745209625794e+02,6.367431081596832243e+00,5.154566804626358020e-10,5.869543708501428899e-10,5.859538102166683217e-10,9.682593125535479445e-05,1.030913360925271604e-09,-1.173908741700285780e-09,8.864831763411573640e-04,8.878642395393487874e-04,8.938096393788572255e-04
1.124962131596098942e+02,6.404483755384879018e+00,4.835655791242907413e-10,5.504237721198856422e-10,5.494906775498688587e-10,9.376486997163651087e-05,9.671311582485814825e-10,-1.100847544239771284e-09,8.813749883251897899e-04,8.827402050349819618e-04,8.886559667063818500e-04
1.131470519018216834e+02,6.441536435068918820e+00,4.536196150778777853e-10,5.161330208805350714e-10,5.152628746467275215e-10,9.079761006958079561e-05,9.072392301557555706e-10,-1.032266041761070143e-09,8.763245911155292944e-04,8.776742277886162569e-04,8.835603447599737472e-04
1.137978907416451193e+02,6.478589120310054739e+00,4.255051594680451729e-10,4.839473306349101984e-10,4.831359143141792282e-10,8.792141166420650814e-05,8.510103189360903458e-10,-9.678946612698203968e-10,8.713310462749035423e-04,8.726653636574877027e-04,8.785218408269810124e-04
1.144487296734577058e+02,6.515641810788193489e+00,3.991089158473568976e-10,4.537398313746125100e-10,4.529832069201472075e-10,8.513360858510788591e-05,7.982178316947137952e-10,-9.074796627492250199e-10,8.663934338180578898e-04,8.677126870918483448e-04,8.735395401896742414e-04
1.150995686919497984e+02,6.552694506201054203e+00,3.743274228318283978e-10,4.253911196669554666e-10,4.246856115009260925e-10,8.243160670528518370e-05,7.486548456636567955e-10,-8.507822393339109332e-10,8.615108518413849836e-04,8.628152907604880184e-04,8.686125457773788546e-04
1.157504077921076799e+02,6.589747206263201207e+00,3.510661803559482778e-10,3.987888346677860225e-10,3.981310112262594833e-10,7.981288229114490249e-05,7.021323607118965557e-10,-7.975776693355720450e-10,8.566824161612696109e-04,8.579722851851379062e-04,8.637399778226859722e-04
1.164012469691976861e+02,6.626799910705146068e+00,3.292307509954679653e-10,3.738272536752773981e-10,3.732139119920358333e-10,7.727498037445608805e-05,6.584615019909359306e-10,-7.476545073505547963e-10,8.519072599537658164e-04,8.531827983773165869e-04,8.589209735219211677e-04
1.170520862187511284e+02,6.663852619272481626e+00,3.087349626505565473e-10,3.504069118861673422e-10,3.498350629651980338e-10,7.481551314696149478e-05,6.174699253011130945e-10,-7.008138237723346844e-10,8.471845334017125140e-04,8.484459754822815114e-04,8.541556070746791516e-04
1.177029255365500688e+02,6.700905331725079073e+00,2.895002735952921903e-10,3.284342442974258861e-10,3.279010979583099166e-10,7.243215837825736799e-05,5.790005471905843807e-10,-6.568684885948517723e-10,8.425134033454573235e-04,8.437609784254229695e-04,8.494430375318338337e-04
1.183537649186135496e+02,6.737958047836298370e+00,2.714480185593390229e-10,3.078212442282541285e-10,3.073241965623120526e-10,7.012265785747851118e-05,5.428960371186780458e-10,-6.156424884565082569e-10,8.378930529396311222e-04,8.391269855670957512e-04,8.447814799468065421e-04
1.190046043611848177e+02,6.775010767392267041e+00,2.545064698349410457e-10,2.884851425845802268e-10,2.880217640152756105e-10,6.788481585925095570e-05,5.090129396698820914e-10,-5.769702851691604535e-10,8.333226813157512680e-04,8.345431913617806785e-04,8.401701379947310944e-04
1.196554438607191884e+02,6.812063490191182069e+00,2.386103917630028645e-10,2.703481059855112411e-10,2.699161288324884990e-10,6.571649763430652995e-05,4.772207835260057289e-10,-5.406962119710224821e-10,8.288015032489326472e-04,8.300088060202437390e-04,8.356082306281929209e-04
1.203062834138723076e+02,6.849116216042648198e+00,2.236943016404937547e-10,2.533369489871855674e-10,2.529342572689557544e-10,6.361562792508843782e-05,4.473886032809875095e-10,-5.066738979743711349e-10,8.243287488310380162e-04,8.255230551831305164e-04,8.310949917671168856e-04
1.209571230174893515e+02,6.886168944767058875e+00,2.096985314670536991e-10,2.373828640344720905e-10,2.370074837294418483e-10,6.158018950661867986e-05,4.193970629341073981e-10,-4.747657280689441809e-10,8.199036631493239469e-04,8.210851795926732422e-04,8.266296699936466659e-04
1.216079626685945243e+02,6.923221676194999397e+00,1.965689335559397120e-10,2.224211674355976026e-10,2.220712562834816879e-10,5.960822175283965842e-05,3.931378671118794239e-10,-4.448423348711952051e-10,8.155255059708044207e-04,8.166944347776095015e-04,8.222115282520551550e-04
1.222588023643812676e+02,6.960274410166691794e+00,1.842510358749761617e-10,2.083910572641481602e-10,2.080648964834530880e-10,5.769781922859172955e-05,3.685020717499523234e-10,-4.167821145282963205e-10,8.111935514316104268e-04,8.123500907369907154e-04,8.178408156515842679e-04
1.229096421022029091e+02,6.997327146531459263e+00,1.726952344857881396e-10,1.952353863737297924e-10,1.949313727228101258e-10,5.584713030733953325e-05,3.453904689715762792e-10,-3.904707727474595848e-10,8.069070877325668079e-04,8.080514316359810323e-04,8.135164904527659871e-04
1.235604818795638948e+02,7.034379885147227007e+00,1.618566149964559590e-10,1.829004489907438010e-10,1.826170864089852592e-10,5.405435581471454637e-05,3.237132299929119180e-10,-3.658008979814876019e-10,8.026654168403202227e-04,8.037977555017672415e-04,8.092371646377260639e-04
1.242113216941113336e+02,7.071432625880044398e+00,1.516898961734549275e-10,1.713357773752006326e-10,1.710716702613103927e-10,5.231774769789852348e-05,3.033797923469098550e-10,-3.426715547504012652e-10,7.984678541940737340e-04,7.995883739290166048e-04,8.050021573252704073e-04
1.248621615436271384e+02,7.108485368603633781e+00,1.421538659461619842e-10,1.604939513344652520e-10,1.602477980786437552e-10,5.063560772083514761e-05,2.843077318923239685e-10,-3.209879026689305039e-10,7.943137284175394441e-04,7.954226117895535353e-04,8.008108005227207015e-04
1.255130014260205797e+02,7.145538113198969477e+00,1.332112941928494392e-10,1.503304192174410474e-10,1.501010053542273624e-10,4.900628618521952269e-05,2.664225883856988783e-10,-3.006608384348820947e-10,7.902023810371638923e-04,7.912998069466992135e-04,7.966624388576142675e-04
1.261638413393210953e+02,7.182590859553863893e+00,1.248245653796225030e-10,1.408033273891859020e-10,1.405895201467169575e-10,4.742818067718253928e-05,2.496491307592450061e-10,-2.816066547783718040e-10,7.861331662052939429e-04,7.872193099781599201e-04,7.925564293144498002e-04
1.268146812816716391e+02,7.219643607562597154e+00,1.169594620716238523e-10,1.318733606128001423e-10,1.316741036463525647e-10,4.589973483955698364e-05,2.339189241432477047e-10,-2.637467212256002847e-10,7.821054504293933896e-04,7.831804839019129716e-04,7.884921409764507946e-04
1.274655212513223717e+02,7.256696357125547614e+00,1.095851437518101130e-10,1.235035921178814501e-10,1.233178999039031937e-10,4.441943716958209282e-05,2.191702875036202259e-10,-2.470071842357629002e-10,7.781186123064776083e-04,7.791827039075327477e-04,7.844699573251770171e-04
1.281163612466245922e+02,7.293749108148853466e+00,1.026703845691096008e-10,1.156593407980739215e-10,1.154862942174071434e-10,4.298581984187941886e-05,2.053407691382192016e-10,-2.313186815961478430e-10,7.741720422625442133e-04,7.752253570947331696e-04,7.804886912382174614e-04
1.287672012660249550e+02,7.330801860544083226e+00,9.618679195806040721e-11,1.083080376460351376e-10,1.081467796978395545e-10,4.159745755650738039e-05,1.923735839161208144e-10,-2.166160752920702752e-10,7.702651422982209617e-04,7.713078422172392479e-04,7.765472785390349804e-04
1.294180413080604239e+02,7.367854614227944410e+00,9.010883603826520680e-11,1.014191003455333698e-10,1.012688315597503354e-10,4.025296641188081862e-05,1.802176720765304136e-10,-2.028382006910667396e-10,7.663973257392986405e-04,7.674295694294341885e-04,7.726451355879695353e-04
1.300688813713529726e+02,7.404907369121985106e+00,8.441061257210420688e-11,9.496381384568849275e-11,9.482378870665555483e-11,3.895100280232190561e-05,1.688212251442084138e-10,-1.899276276913769855e-10,7.625680169924264895e-04,7.635899600405560150e-04,7.687816895849974592e-04
1.307197214546045529e+02,7.441960125152307093e+00,7.906857707390410671e-11,8.891521874369347418e-11,8.878474220358261622e-11,3.769026233999070717e-05,1.581371541478082134e-10,-1.778304374873869484e-10,7.587766513055260731e-04,7.597884462759996183e-04,7.649563783419315813e-04
1.313705615565931168e+02,7.479012882249337579e+00,7.406160923552876344e-11,8.324800652428058756e-11,8.312643025070152084e-11,3.646947880092645726e-05,1.481232184710575269e-10,-1.664960130485611751e-10,7.550226745350330226e-04,7.560244710381747169e-04,7.611686500592915530e-04
1.320214016761678408e+02,7.516065640347560084e+00,6.936823417984446197e-11,7.793841981039513040e-11,7.782513929248410743e-11,3.528742309491790887e-05,1.387364683596889239e-10,-1.558768396207902608e-10,7.513055429159698484e-04,7.522974876772448027e-04,7.574179631077914646e-04
1.326722418122452609e+02,7.553118399385291504e+00,6.496893990262953767e-11,7.296415920284962056e-11,7.285861091632215120e-11,3.414290225890520889e-05,1.299378798052590753e-10,-1.459283184056992411e-10,7.476247228381804888e-04,7.486069597666400455e-04,7.537048029936961732e-04
1.333230819638054925e+02,7.590171159304469839e+00,6.084626546707421266e-11,6.830429587389950578e-11,6.820595421309368768e-11,3.303475847360623724e-05,1.216925309341484253e-10,-1.366085917477990116e-10,7.439796906279494415e-04,7.449523608796804197e-04,7.500278793610543580e-04
1.339739221298884502e+02,7.627223920050436590e+00,5.698241944883546454e-11,6.393918835204700642e-11,6.384756328979194835e-11,3.196186810304853303e-05,1.139648388976709291e-10,-1.278783767040940128e-10,7.403699323330070747e-04,7.413331743758577730e-04,7.463863922841921421e-04
1.346247623095906363e+02,7.664276681571754679e+00,5.336124150345954699e-11,5.985040485764490489e-11,5.976503964108453282e-11,3.092314075667852469e-05,1.067224830069190940e-10,-1.197008097152898098e-10,7.367949435131415648e-04,7.377488931882281165e-04,7.427798398658774174e-04
1.352756025020617017e+02,7.701329443820013942e+00,4.996830511671950805e-11,5.602065045932254185e-11,5.594111910259076131e-11,2.991751837371295431e-05,9.993661023343901610e-11,-1.120413009186450837e-10,7.332542290358068371e-04,7.341990196177983208e-04,7.392077293183886393e-04
1.359264427065015468e+02,7.738382206749664149e+00,4.678888010365356357e-11,5.243369773067809864e-11,5.235960312377090993e-11,2.894397432938908854e-05,9.357776020730712715e-11,-1.048673954613561973e-10,7.297473028752277102e-04,7.306830651312434810e-04,7.356695767723527447e-04
1.365772829221573943e+02,7.775434970317848027e+00,4.380958991995301897e-11,4.907432207595672449e-11,4.900529411266600425e-11,2.800151256276446412e-05,8.761917983990603795e-11,-9.814864415191344898e-11,7.262736879171116655e-04,7.272005501637313074e-04,7.321649070897053154e-04
1.372281231483209467e+02,7.812487734484242274e+00,4.101852288628208968e-11,4.592824108876764259e-11,4.586393461834263988e-11,2.708916672571310780e-05,8.203704577256417936e-11,-9.185648217753528518e-11,7.228329157669133309e-04,7.237510039261874084e-04,7.286932536807007787e-04
1.378789633843261129e+02,7.849540499210927003e+00,3.840349094661869742e-11,4.298205682999895991e-11,4.292215012980025683e-11,2.620599935275898015e-05,7.680698189323739483e-11,-8.596411365999791983e-11,7.194245265627063901e-04,7.203339642157802203e-04,7.252551784131872807e-04
1.385298036295462509e+02,7.886593264462225861e+00,3.595342835131389811e-11,4.022320202730069994e-11,4.016739528234933654e-11,2.535110105138609874e-05,7.190685670262779623e-11,-8.044640405460139988e-11,7.160480687926074062e-04,7.169489772339554534e-04,7.218493198530063788e-04
1.391806438833921789e+02,7.923646030204595903e+00,3.365850564980654156e-11,3.763988964384112787e-11,3.758790327407012791e-11,2.452358971246098083e-05,6.731701129961308313e-11,-7.527977928768225574e-11,7.127030991159188922e-04,7.135955974026941817e-04,7.184750938643832746e-04
1.398314841453097301e+02,7.960698796406489919e+00,3.150864457399256504e-11,3.522106487852670772e-11,3.517263830596138818e-11,2.372260974040129103e-05,6.301728914798513008e-11,-7.044212975705341545e-11,7.093891821882136739e-04,7.102733871927613407e-04,7.151320672628346756e-04
1.404823244147779064e+02,7.997751563038245415e+00,2.949469598420719919e-11,3.295636045551995010e-11,3.291125086981172775e-11,2.294733130272423680e-05,5.898939196841439838e-11,-6.591272091103990020e-11,7.061058904914707668e-04,7.069819169490676458e-04,7.118198145262956238e-04
1.411331646913069449e+02,8.034804330071979805e+00,2.760855379679750008e-11,3.083605472480789049e-11,3.079403571769355270e-11,2.219694959860694035e-05,5.521710759359500017e-11,-6.167210944961578099e-11,7.028528041662651660e-04,7.037207647223597817e-04,7.085379176358133331e-04
1.417840049744364705e+02,8.071857097481485610e+00,2.584188928187397817e-11,2.885103178554916473e-11,2.881189235632488193e-11,2.147068414609087646e-05,5.168377856374795635e-11,-5.770206357109832945e-11,6.996295108500638626e-04,7.004895161074609078e-04,7.052859659197691306e-04
1.424348452637336777e+02,8.108909865242120318e+00,2.418714246000058056e-11,2.699274436483460019e-11,2.695628791839478353e-11,2.076777808756431564e-05,4.837428492000116112e-11,-5.398548872966920039e-11,6.964356055167986170e-04,6.972877640809560518e-04,7.020635559015537966e-04
1.430856855587919370e+02,8.145962633330736224e+00,2.263763162800169392e-11,2.525317903885046312e-11,2.521922227131504825e-11,2.008749751315580762e-05,4.527526325600338784e-11,-5.050635807770092623e-11,6.932706903225449580e-04,6.941151088447616857e-04,6.988713055295153135e-04
1.437365258592290900e+02,8.183015401725576510e+00,2.118647839625151745e-11,2.362482313492734964e-11,2.359319523178768068e-11,1.942913080167517193e-05,4.237295679250303491e-11,-4.724964626985469929e-11,6.901343744528110058e-04,6.909711576742472161e-04,6.957078068921820294e-04
1.443873661646860853e+02,8.220068170406198860e+00,1.982743913422985422e-11,2.210063393895890543e-11,2.207117576206735308e-11,1.879198797873917436e-05,3.965487826845970844e-11,-4.420126787791781087e-11,6.870262739742116764e-04,6.878555247670226080e-04,6.925726522572322975e-04
1.450382064748256425e+02,8.257120939353402633e+00,1.855501010721613966e-11,2.067400985241908424e-11,2.064657303088422307e-11,1.817540009172143584e-05,3.711002021443227932e-11,-4.134801970483816847e-11,6.839460116898066211e-04,6.847678310989424588e-04,6.894654662829374997e-04
1.456890467893309449e+02,8.294173708549152479e+00,1.736351305857574566e-11,1.933876294467499206e-11,1.931320922869402000e-11,1.757871860116954970e-05,3.472702611715149133e-11,-3.867752588934998412e-11,6.808932169975467907e-04,6.817077042789998487e-04,6.863858800861628775e-04
1.463398871079043602e+02,8.331226477976501954e+00,1.624779435330897798e-11,1.808909343190609698e-11,1.806529403325288635e-11,1.700131478833464242e-05,3.249558870661795596e-11,-3.617818686381219397e-11,6.778675257513855357e-04,6.786747784124358418e-04,6.833335311100854339e-04
1.469907274302666167e+02,8.368279247619552663e+00,1.520332279653925917e-11,1.691956577688781392e-11,1.689740062749906352e-11,1.644257917846178498e-05,3.040664559307851834e-11,-3.383913155377562785e-11,6.748685801266085527e-04,6.756686939625167199e-04,6.803080629948660705e-04
1.476415677561552116e+02,8.405332017463360117e+00,1.422541421892210030e-11,1.582508594584693017e-11,1.580444317737965632e-11,1.590192097949409648e-05,2.845082843784420059e-11,-3.165017189169386034e-11,6.718960284878283673e-04,6.726890976193056204e-04,6.773091941874347576e-04
1.482924080853238706e+02,8.442384787493903531e+00,1.330981681832654967e-11,1.480088027362492693e-11,1.478165568259923374e-11,1.537876753584589931e-05,2.661963363665309935e-11,-2.960176054724985387e-11,6.689495252595323294e-04,6.697356421693223538e-04,6.743373765224383413e-04
1.489432484175414970e+02,8.479437557698025429e+00,1.245280181395988921e-11,1.384247567498609558e-11,1.382457211831373022e-11,1.487256379690535040e-05,2.490560362791977842e-11,-2.768495134997219116e-11,6.660287308007939444e-04,6.668079863667575324e-04,6.713913806859049148e-04
1.495940887525910057e+02,8.516490328063369475e+00,1.165050715928440139e-11,1.294568081454249502e-11,1.292900779055506920e-11,1.438277179993067623e-05,2.330101431856880277e-11,-2.589136162908499004e-11,6.631333112820381182e-04,6.639057948131243947e-04,6.684708745758044654e-04
1.502449290902687835e+02,8.553543098578343162e+00,1.089942666395885320e-11,1.210656861787840608e-11,1.209104183266800466e-11,1.390887016700810508e-05,2.179885332791770640e-11,-2.421313723575681216e-11,6.602629385640823578e-04,6.610287378341350717e-04,6.655755316619772028e-04
1.508957694303838650e+02,8.590595869232073412e+00,1.019649395677348614e-11,1.132145989954620465e-11,1.130700077428692894e-11,1.345035361574523312e-05,2.039298791354697229e-11,-2.264291979909240929e-11,6.574172900822294885e-04,6.581764913595744559e-04,6.627050308739018290e-04
1.515466097727570229e+02,8.627648640014358605e+00,9.538526208038033067e-12,1.058690778455770049e-11,1.057344311838298163e-11,1.300673248337674216e-05,1.907705241607606613e-11,-2.117381556911540099e-11,6.545960487305824138e-04,6.553487368123889212e-04,6.598590564909781811e-04
1.521974501172201144e+02,8.664701410915624180e+00,8.922633733883293787e-12,9.899683247219795008e-12,9.887144865693300255e-12,1.257753226396548722e-05,1.784526746776658757e-11,-1.979936649443959002e-11,6.517989027496340348e-04,6.525451609930010832e-04,6.570372980352657015e-04
1.528482904636155979e+02,8.701754181926901310e+00,8.346295776103465878e-12,9.256761575739326125e-12,9.245085929407688247e-12,1.216229315838600431e-05,1.669259155220693176e-11,-1.851352315147865225e-11,6.490255456181315274e-04,6.497654559678434083e-04,6.542395949966283916e-04
1.534991308117956237e+02,8.738806953039775394e+00,7.806890720187073116e-12,8.655309493094498253e-12,8.644437386350719756e-12,1.176056963678254502e-05,1.561378144037414623e-11,-1.731061898618899651e-11,6.462756759451071531e-04,6.470093189652192933e-04,6.514661984476612577e-04
1.541499711616217212e+02,8.775859724246359406e+00,7.302038033537899309e-12,8.092673207878244170e-12,8.082549514068861778e-12,1.137193001319924570e-05,1.460407606707579862e-11,-1.618534641575648834e-11,6.435489973659613838e-04,6.442764522679444994e-04,6.487160942347838495e-04
1.548008115129640032e+02,8.812912495539261926e+00,6.829666943118109915e-12,7.566367231816073476e-12,7.556940566221188540e-12,1.099595603208466011e-05,1.365933388623621983e-11,-1.513273446363214695e-11,6.408452184403778951e-04,6.415665631103184552e-04,6.459889924234769572e-04
1.554516518657007964e+02,8.849965266911555162e+00,6.387618974356592033e-12,7.074063739624572192e-12,7.065286241490662110e-12,1.063224246637794623e-05,1.277523794871318407e-11,-1.414812747924914438e-11,6.381640525522924712e-04,6.388793635794254300e-04,6.432846078033629131e-04
1.561024922197181013e+02,8.887018038356748306e+00,5.973933905680151525e-12,6.613582702192612376e-12,6.605409803890516489e-12,1.028039672688988525e-05,1.194786781136030305e-11,-1.322716540438522475e-11,6.355052178128595131e-04,6.362145705155475284e-04,6.406026597950830338e-04
1.567533325749091091e+02,8.924070809868762666e+00,5.586911154387481411e-12,6.182882654137949931e-12,6.175272814842456959e-12,9.940038482696096078e-06,1.117382230877496282e-11,-1.236576530827589986e-11,6.328684369657500142e-04,6.335719054179067555e-04,6.379428723592462129e-04
1.574041729311738607e+02,8.961123581441903241e+00,5.224774863732727457e-12,5.780051909220765738e-12,5.772966439763777808e-12,9.610799292265989448e-06,1.044954972746545491e-11,-1.156010381844153148e-11,6.302534372932266926e-04,6.309510943495189039e-04,6.353049739074034547e-04
1.580550132884187349e+02,8.998176353070844513e+00,4.885911334360356108e-12,5.403300418262413630e-12,5.396703294122252984e-12,9.292322245055648444e-06,9.771822668720712216e-12,-1.080660083652482726e-11,6.276599505262714374e-04,6.283518678461552653e-04,6.326889031760547354e-04
1.587058536465561076e+02,9.035229124750596696e+00,4.568924847502000031e-12,5.050952151541358205e-12,5.044809796011395342e-12,8.984261613298130276e-06,9.137849695004000062e-12,-1.010190430308271641e-11,6.250877127549347989e-04,6.257739608283019450e-04,6.300947454875268413e-04
1.593566940055039254e+02,9.072281896476486196e+00,4.272354600839314375e-12,4.721437850760608421e-12,4.715718994270974393e-12,8.686282513730231915e-06,8.544709201678628749e-12,-9.442875701521216842e-12,6.225364643428488165e-04,6.232171125127861089e-04,6.275216680920970777e-04
1.600075343651854780e+02,9.109334668244150279e+00,3.994873203392667702e-12,4.413288314391614542e-12,4.407963843034251408e-12,8.398060578999654778e-06,7.989746406785335404e-12,-8.826576628783229084e-12,6.200059498412957559e-04,6.206810663271777884e-04,6.249694168623588265e-04
1.606583747255290859e+02,9.146387440049503326e+00,3.735335512906399277e-12,4.125128116297412046e-12,4.120170895331905084e-12,8.119281638501677300e-06,7.470671025812798554e-12,-8.250256232594824093e-12,6.174959179072181392e-04,6.181655698269672428e-04,6.224377416912348950e-04
1.613092150864674750e+02,9.183440211888719062e+00,3.492540706146819905e-12,3.855669629121533681e-12,3.851054390029275109e-12,7.849641408400029577e-06,6.985081412293639810e-12,-7.711339258243067363e-12,6.150061212220614415e-04,6.156703746151848122e-04,6.199263964145838033e-04
1.619600554479380321e+02,9.220492983758230565e+00,3.265397077152664972e-12,3.603707490109400174e-12,3.599410707922417947e-12,7.588845190591167063e-06,6.530794154305329944e-12,-7.207414980218800348e-12,6.125363164125041671e-04,6.131952362604664586e-04,6.174351387355033914e-04
1.626108958098821518e+02,9.257545755654701836e+00,3.052965454949521896e-12,3.368113424602324269e-12,3.364113174277704623e-12,7.336607580376864604e-06,6.105930909899043792e-12,-6.736226849204648538e-12,6.100862639737969495e-04,6.107399142214475773e-04,6.149637301503032292e-04
1.632617361722449800e+02,9.294598527575011815e+00,2.854259027714329203e-12,3.147831320695406502e-12,3.144107186471812087e-12,7.092652182614694616e-06,5.708518055428658405e-12,-6.295662641390813004e-12,6.076557281936012522e-04,6.083041717698245421e-04,6.125121907869713516e-04
1.639125765349754715e+02,9.331651299516252607e+00,2.668380602062346584e-12,2.941872670611884190e-12,2.938405646680661638e-12,6.856711336121026154e-06,5.336761204124693167e-12,-5.883745341223768381e-12,6.052444770784926042e-04,6.058877759157477172e-04,6.100804690186766932e-04
1.645634168980258778e+02,9.368704071475706385e+00,2.494560071576046472e-12,2.749312307126141429e-12,2.746084680781269325e-12,6.628525846106380658e-06,4.989120143152092944e-12,-5.498624614252282857e-12,6.028522822818516147e-04,6.034904973361010505e-04,6.076678854951693713e-04
1.652142572613515483e+02,9.405756843450831184e+00,2.331987066407994976e-12,2.569284346851477777e-12,2.566279625773443794e-12,6.407844724427637191e-06,4.663974132815989951e-12,-5.138568693702955555e-12,6.004789190333648108e-04,6.011121103030037105e-04,6.052742166114509362e-04
1.658650976249110727e+02,9.442809615439269777e+00,2.179924417493274543e-12,2.400978437264076256e-12,2.398181269103618411e-12,6.194424937446404652e-06,4.359848834986549087e-12,-4.801956874528152512e-12,5.981241660699132545e-04,5.987523926138660357e-04,6.028992421973247522e-04
1.665159379886656268e+02,9.479862387438810600e+00,2.037740909655884342e-12,2.243636246950516859e-12,2.241032324284794846e-12,5.988031161288050443e-06,4.075481819311768684e-12,-4.487272493901033717e-12,5.957878055679599605e-04,5.964111255252202426e-04,6.005427454529076517e-04
1.671667783525790583e+02,9.516915159447396633e+00,1.904771308242918735e-12,2.096548126136542240e-12,2.094124128157235232e-12,5.788435544300011135e-06,3.809542616485837470e-12,-4.193096252273084479e-12,5.934696230786573601e-04,5.940880936849968208e-04,5.982045128855380429e-04
1.678176187166178295e+02,9.553967931463118290e+00,1.780409722892772663e-12,1.959050018611554309e-12,1.956793546029389490e-12,5.595417476513279211e-06,3.560819445785545327e-12,-3.918100037223108618e-12,5.911694074625106765e-04,5.917830850679095533e-04,5.958843342480456664e-04
1.684684590807505060e+02,9.591020703484186782e+00,1.664139723905732197e-12,1.830520574023610311e-12,1.828420071779127161e-12,5.408763365915173126e-06,3.328279447811464394e-12,-3.661041148047220622e-12,5.888869508260952124e-04,5.894958909125058710e-04,5.935822963912269334e-04
1.691192994449480693e+02,9.628073475508950096e+00,1.555414841639672731e-12,1.710378400265750668e-12,1.708423110785913229e-12,5.228266421346048155e-06,3.110829683279345463e-12,-3.420756800531501335e-12,5.866220484620487952e-04,5.872263056587723185e-04,5.912982345270350291e-04
1.697701398091832914e+02,9.665126247535855697e+00,1.453738193223657252e-12,1.598079523796262499e-12,1.596259434307914039e-12,5.053726441837411590e-06,2.907476386447314505e-12,-3.196159047592524998e-12,5.843744987871213326e-04,5.849741268885155776e-04,5.890315993881422608e-04
1.704209801734310474e+02,9.702179019563475393e+00,1.358686559942609350e-12,1.493115014923333800e-12,1.491420794616112399e-12,4.884949612212781022e-06,2.717373119885218699e-12,-2.986230029846667600e-12,5.821441032840546370e-04,5.827391552640781569e-04,5.867821934904566151e-04
1.710718205376679180e+02,9.739231791590475140e+00,1.269811685298729394e-12,1.395008728284163710e-12,1.393431690854282225e-12,4.721748304777427943e-06,2.539623370597458787e-12,-2.790017456568327419e-12,5.799306664444059400e-04,5.805211944730492846e-04,5.845498222961870508e-04
1.717226609018721604e+02,9.776284563615616818e+00,1.186705664606718170e-12,1.303315215197765766e-12,1.301847276210321941e-12,4.563940886927124910e-06,2.373411329213436340e-12,-2.606630430395531533e-12,5.777339957116489622e-04,5.783200511692010437e-04,5.823342941599375091e-04
1.723735012660236805e+02,9.813337335637758230e+00,1.109022206880637890e-12,1.217617771751090972e-12,1.216251397564080316e-12,4.411351534510175962e-06,2.218044413761275780e-12,-2.435235543502181943e-12,5.755539014259403174e-04,5.761355349188646002e-04,5.801354202759501782e-04
1.730243416301037485e+02,9.850390107655831784e+00,1.036393841249412598e-12,1.137526581560730060e-12,1.136254759321502408e-12,4.263810050781347638e-06,2.072787682498825197e-12,-2.275053163121460120e-12,5.733901967707177860e-04,5.739674581453080293e-04,5.779530146264657024e-04
1.736751819940950838e+02,9.887442879668853379e+00,9.684856092239192133e-13,1.062677000512430873e-12,1.061493203656387293e-12,4.121151690790111820e-06,1.936971218447838427e-12,-2.125354001024861747e-12,5.712426977198536981e-04,5.718156360769999225e-04,5.757872186984508639e-04
1.743260223579817136e+02,9.924495651675913521e+00,9.050141570007711909e-13,9.927279531181885651e-13,9.916260998616389538e-13,3.983216991049599443e-06,1.810028314001542382e-12,-1.985455906236377130e-12,5.691112229863071192e-04,5.696798866946517492e-04,5.736377742646469680e-04
1.749768627217488017e+02,9.961548423676168440e+00,8.456784743921672643e-13,9.273604066485906206e-13,9.263348359633929813e-13,3.849851604336755281e-06,1.691356948784334529e-12,-1.854720813297181241e-12,5.669955939709980797e-04,5.675600306812578211e-04,5.715042426546955131e-04
1.756277030853827625e+02,9.998601195668843644e+00,7.902038970972772572e-13,8.662759624759626001e-13,8.653214061751467142e-13,3.720906139477633575e-06,1.580407794194554514e-12,-1.732551924951925200e-12,5.648956347142908285e-04,5.654558913713580992e-04,5.693874547928661021e-04
1.762785434488709484e+02,1.003565396765322149e+01,7.383584575524590981e-13,8.091955391532981426e-13,8.083070881673304340e-13,3.596236005975871351e-06,1.476716915104918196e-12,-1.618391078306596285e-12,5.628111718471995317e-04,5.633672947049639390e-04,5.672854938486252430e-04
1.769293838122017917e+02,1.007270673962863938e+01,6.898955521206963867e-13,7.558581193564896903e-13,7.550312045014662558e-13,3.475701263345781352e-06,1.379791104241392773e-12,-1.511716238712979381e-12,5.607420345442593046e-04,5.612940691764878309e-04,5.651989218002457724e-04
1.775802241753646058e+02,1.010975951159449338e+01,6.445899592949434768e-13,7.060195935340275268e-13,7.052499629291055241e-13,3.359166475015147067e-06,1.289179918589886954e-12,-1.412039187068055054e-12,5.586880544773964452e-04,5.592360457914447025e-04,5.631275712343294416e-04
1.782310645383496421e+02,1.014681228355022569e+01,6.022520414851346018e-13,6.594516789120123116e-13,6.587353705853345809e-13,3.246500566666414926e-06,1.204504082970269204e-12,-1.318903357824024623e-12,5.566490657709644019e-04,5.571930580183792614e-04,5.610712771381573755e-04
1.788819049011478626e+02,1.018386505549532295e+01,5.626800135965666291e-13,6.159408909168447166e-13,6.152742174159532332e-13,3.137576688888297393e-06,1.125360027193133258e-12,-1.231881781833689433e-12,5.546249049566132072e-04,5.551649417466775205e-04,5.590298768573403760e-04
1.795327452637511101e+02,1.022091782742931798e+01,5.256888957674716250e-13,5.752875943432914469e-13,5.746671244678423298e-13,3.032272084013154127e-06,1.051377791534943250e-12,-1.150575188686582894e-12,5.526154109307124251e-04,5.531515352410476538e-04,5.570032100543454790e-04
1.801835856261517961e+02,1.025797059935178268e+01,4.911239553964236152e-13,5.373051163907197069e-13,5.367276529446836478e-13,2.930467957018970424e-06,9.822479107928472303e-13,-1.074610232781439414e-12,5.506204249121626759e-04,5.511526791005527670e-04,5.549911186678733923e-04
1.808344259883431562e+02,1.029502337126233158e+01,4.588197500118872022e-13,5.018189027052939384e-13,5.012814701859327342e-13,2.832049350377730349e-06,9.176395000237744045e-13,-1.003637805410587877e-12,5.486397903998185832e-04,5.491682162150901547e-04,5.529934468730718540e-04
1.814852663503189945e+02,1.033207614316060940e+01,4.286247298044965785e-13,4.686657391444233694e-13,4.681655689671307507e-13,2.736905022735369238e-06,8.572494596089931570e-13,-9.373314782888467388e-13,5.466733531331868789e-04,5.471979917257563386e-04,5.510100410425636600e-04
1.821361067120735413e+02,1.036912891504628931e+01,4.004126396839694841e-13,4.376930243111614123e-13,4.372275367448782472e-13,2.644927331311401512e-06,8.008252793679389682e-13,-8.753860486223228246e-13,5.447209610515701961e-04,5.452418529849900608e-04,5.490407497082713632e-04
1.827869470736018513e+02,1.040618168691908885e+01,3.740478428206183287e-13,4.087580773592357994e-13,4.083248716812241125e-13,2.556012117909378363e-06,7.480956856412366573e-13,-8.175161547184715988e-13,5.427824642557643742e-04,5.432996495161601658e-04,5.470854235240173950e-04
1.834377874348993203e+02,1.044323445877874690e+01,3.494065227804060633e-13,3.817274999342486338e-13,3.813243424805924137e-13,2.470058598432328396e-06,6.988130455608121267e-13,-7.634549998684972676e-13,5.408577149697002540e-04,5.413712329768172182e-04,5.451439152288875718e-04
1.840886277959616848e+02,1.048028723062502010e+01,3.263852507747575062e-13,3.564765797577808740e-13,3.561013892584400347e-13,2.386969255800132882e-06,6.527705015495150124e-13,-7.129531595155617479e-13,5.389465675029736502e-04,5.394564571198356973e-04,5.432168147956001423e-04
1.847394681567854491e+02,1.051734000245770950e+01,3.048730898530144672e-13,3.328887231275196477e-13,3.325395628354135237e-13,2.306649736168588005e-06,6.097461797060289344e-13,-6.657774462550392955e-13,5.370488782148186147e-04,5.375551777574427703e-04,5.413034679795648537e-04
1.853903085173672594e+02,1.055439277427662326e+01,2.847686396579250211e-13,3.108549319869324031e-13,3.105300000145733942e-13,2.229008748352768190e-06,5.695372793158500423e-13,-6.217098639738648062e-13,5.351645054778031430e-04,5.356672527243588888e-04,5.394034878926151286e-04
1.860411488777042734e+02,1.059144554608160327e+01,2.659875601966246743e-13,2.902733151360061826e-13,2.899709325527992742e-13,2.153957966359786806e-06,5.319751203932493486e-13,-5.805466302720123653e-13,5.332933096429126607e-04,5.337925418439359859e-04,5.375167357433334805e-04
1.866919892377939334e+02,1.062849831787249855e+01,2.484391827227589637e-13,2.710486231400464315e-13,2.707672276816214797e-13,2.081411934938863577e-06,4.968783654455179274e-13,-5.420972462800928631e-13,5.314351530054661765e-04,5.319309068928523843e-04,5.356430746413707016e-04
1.873428295976340792e+02,1.066555108964919008e+01,2.320402698189716473e-13,2.530918199135256840e-13,2.528299581677974688e-13,2.011287978059024568e-06,4.640805396379432946e-13,-5.061836398270513680e-13,5.295898997708659017e-04,5.300822115665848600e-04,5.337823695653431781e-04
1.879936699572228633e+02,1.070260386141157127e+01,2.167219721467429038e-13,2.363196822823201065e-13,2.360760000306697033e-13,1.943506110227265334e-06,4.334439442934858075e-13,-4.726393645646402129e-13,5.277574160227893607e-04,5.282463214474342195e-04,5.319344873313665246e-04
1.886445103165586374e+02,1.073965663315954977e+01,2.024102602974457184e-13,2.206544189611562540e-13,2.204276561521859541e-13,1.877988950562535967e-06,4.048205205948914369e-13,-4.413088379223125079e-13,5.259375696897161667e-04,5.264231039716626981e-04,5.300992965622128511e-04
1.892953506756400941e+02,1.077670940489304741e+01,1.890369790816440141e-13,2.060233196952487926e-13,2.058123041268304539e-13,1.814661639543109732e-06,3.780739581632880281e-13,-4.120466393904975851e-13,5.241302305141193330e-04,5.246124283977415814e-04,5.282766676570764845e-04
1.899461910344661817e+02,1.081376217661200911e+01,1.765458549243622093e-13,1.923584273203444855e-13,1.921620668032183052e-13,1.753451758347372598e-06,3.530917098487244185e-13,-3.847168546406889710e-13,5.223352700211014721e-04,5.228141657755980276e-04,5.264664727619367598e-04
1.905970313930361044e+02,1.085081494831638516e+01,1.648762464398258076e-13,1.795962257240933337e-13,1.794135040670116413e-13,1.694289250710216366e-06,3.297524928796516153e-13,-3.591924514481866674e-13,5.205525614884187746e-04,5.210281889143075773e-04,5.246685857405027032e-04
1.912478717513491802e+02,1.088786772000614000e+01,1.539726307657872340e-13,1.676773526048763738e-13,1.675073245066326380e-13,1.637106347219423048e-06,3.079452615315744680e-13,-3.353547052097527476e-13,5.187819799162274315e-04,5.192543723552267565e-04,5.228828821457263791e-04
1.918987121094050110e+02,1.092492049168124879e+01,1.437891722902916839e-13,1.565463309964923683e-13,1.563881156893288687e-13,1.581837491978636231e-06,2.875783445805833678e-13,-3.130926619929847366e-13,5.170234019989394803e-04,5.174925923409068318e-04,5.211092391918744921e-04
1.925495524672033412e+02,1.096197326334169908e+01,1.342761960274751419e-13,1.461513138123171078e-13,1.460040918558079691e-13,1.528419271565537191e-06,2.685523920549502838e-13,-2.923026276246342156e-13,5.152767060956908729e-04,5.157427267858949449e-04,5.193475357271423081e-04
1.932003928247441706e+02,1.099902603498748910e+01,1.253881793589460652e-13,1.364438487656311211e-13,1.363068579172728506e-13,1.476790346215862021e-06,2.507763587178921303e-13,-2.728876975312622422e-13,5.135417722024748777e-04,5.140046552494226262e-04,5.175976522068025196e-04
1.938512331820274994e+02,1.103607880661861884e+01,1.170876820441490584e-13,1.273786586495955881e-13,1.272511887095827079e-13,1.426891383165979946e-06,2.341753640882981169e-13,-2.547573172991911761e-13,5.118184819256632601e-04,5.122782589087604421e-04,5.158594706668735534e-04
1.945020735390536686e+02,1.107313157823510785e+01,1.093343057172724226e-13,1.189134322740511199e-13,1.187948225256538361e-13,1.378664992088528166e-06,2.186686114345448452e-13,-2.378268645481022397e-13,5.101067184539176402e-04,5.105634205296860628e-04,5.141336588487659684e-04
1.951529138958229908e+02,1.111018434983697567e+01,1.020907714139919725e-13,1.110086321380005171e-13,1.108982680094907245e-13,1.332055662557631877e-06,2.041815428279839450e-13,-2.220172642760010342e-13,5.084063665330429416e-04,5.088600244433916231e-04,5.124193460073209541e-04
1.958037542523360059e+02,1.114723712142425249e+01,9.532666526221279289e-14,1.036273146689982366e-13,1.035246235535457587e-13,1.287009703481963722e-06,1.906533305244255858e-13,-2.072546293379964732e-13,5.067173124392310157e-04,5.071679565172848569e-04,5.107163732011645594e-04
1.964545946085933110e+02,1.118428989299697029e+01,8.900884627565603037e-14,9.673495918306988232e-14,9.663940839576666761e-14,1.243475184445699646e-06,1.780176925513120607e-13,-1.934699183661397646e-13,5.050394439541361358e-04,5.054871041316744140e-04,5.090246289013385149e-04
1.971054349645957018e+02,1.122134266455517526e+01,8.310677260652926211e-14,9.029931058424718798e-14,9.021040466391015106e-14,1.201401878899214287e-06,1.662135452130585242e-13,-1.805986211684943760e-13,5.033726503402835561e-04,5.038173561540126855e-04,5.073440030268545507e-04
1.977562753203439172e+02,1.125839543609891003e+01,7.759584187785663609e-14,8.429023234227886668e-14,8.420750966266994586e-14,1.160741209142985138e-06,1.551916837557132722e-13,-1.685804646845577334e-13,5.017168223165890950e-04,5.021586029148039643e-04,5.056743869214790250e-04
1.984071156758389520e+02,1.129544820762823143e+01,7.244884722293769195e-14,7.867956660451262012e-14,7.860259774412261562e-14,1.121446193049832359e-06,1.448976944458753839e-13,-1.573591332090252402e-13,5.000718520343783169e-04,5.005107361829574941e-04,5.040156733309532951e-04
1.990579560310817158e+02,1.133250097914319099e+01,6.764097401655864872e-14,7.344100558289702482e-14,7.336939114411286814e-14,1.083471392472272822e-06,1.352819480331172974e-13,-1.468820111657940496e-13,4.984376330544049161e-04,4.988736491438050535e-04,5.023677563806498280e-04
1.997087963860733453e+02,1.136955375064385443e+01,6.315182291278787487e-14,6.854997134426688321e-14,6.848333920663632114e-14,1.046772863283234482e-06,1.263036458255757497e-13,-1.370999426885337664e-13,4.968140603232029662e-04,4.972472363736768486e-04,5.007305315536431274e-04
2.003596367408150627e+02,1.140660652213028747e+01,5.895947082218101681e-14,6.398350143555828062e-14,6.392150545524264893e-14,1.011308106999979707e-06,1.179189416443620336e-13,-1.279670028711165612e-13,4.952010301517151269e-04,4.956313938198064761e-04,4.991038956691972112e-04
2.010104770953080049e+02,1.144365929360255940e+01,5.504356406579370082e-14,5.972014375786768636e-14,5.966246200508677076e-14,9.770360239425096991e-07,1.100871281315874016e-13,-1.194402875157353727e-13,4.935984401920889830e-04,4.940260187763501065e-04,4.974877468616532676e-04
2.016613174495533940e+02,1.148071206506073771e+01,5.138752672593944067e-14,5.573985830855443408e-14,5.568619084167407485e-14,9.439168678791502810e-07,1.027750534518788813e-13,-1.114797166171088682e-13,4.920061894170268957e-04,4.924310098645134914e-04,4.958819845597133708e-04
2.023121578035526511e+02,1.151776483650490412e+01,4.797325272110160737e-14,5.202392369449440014e-14,5.197399152271390793e-14,9.119122021134614512e-07,9.594650544220321474e-14,-1.040478473889888003e-13,4.904241780980811427e-04,4.908462670086821689e-04,4.942865094661078951e-04
2.029629981573070268e+02,1.155481760793512791e+01,4.478436399628191192e-14,4.855485122898543444e-14,4.850839488792463638e-14,8.809848569679243789e-07,8.956872799256382383e-14,-9.710970245797086889e-14,4.888523077849482590e-04,4.892716914181027832e-04,4.927012235376431598e-04
2.036138385108181126e+02,1.159187037935150322e+01,4.180737269552762279e-14,4.531630464006893928e-14,4.527308238826323871e-14,8.510988886211823924e-07,8.361474539105524559e-14,-9.063260928013787855e-14,4.872904812848743994e-04,4.877071855639014686e-04,4.911260299656172680e-04
2.042646788640871875e+02,1.162892315075409932e+01,3.902742541296084746e-14,4.229302367927340272e-14,4.225281067099337492e-14,8.222195392569395916e-07,7.805485082592169492e-14,-8.458604735854680543e-14,4.857386026432264359e-04,4.861526531622084590e-04,4.895609328759081358e-04
2.049155192171158717e+02,1.166597592214300860e+01,3.643123731123720725e-14,3.947075394616822447e-14,3.943334108034719990e-14,7.943131984837940684e-07,7.286247462247441450e-14,-7.894150789233644894e-14,4.841965771235079430e-04,4.846079991507323825e-04,4.880063468074212442e-04
2.055663595699056145e+02,1.170302869351831632e+01,3.400753839634305531e-14,3.683618129615680250e-14,3.680137375540808839e-14,7.673473659865715894e-07,6.801507679268611061e-14,-7.367236259231360501e-14,4.826643111878192727e-04,4.830731296724399826e-04,4.864615555690433423e-04
2.062171999224579793e+02,1.174008146488010951e+01,3.174453241694425606e-14,3.437686943616930696e-14,3.434448602730591104e-14,7.412906153708507675e-07,6.348906483388851213e-14,-6.875373887233861391e-14,4.811417124783723409e-04,4.815479520547949477e-04,4.849264673895609177e-04
2.068680402747745006e+02,1.177713423622847699e+01,2.963118058665832161e-14,3.208120261307931249e-14,3.205107483698354292e-14,7.161125591635274825e-07,5.926236117331664323e-14,-6.416240522615862498e-14,4.796286897992274589e-04,4.800323747915502537e-04,4.834009916331897193e-04
2.075188806268568271e+02,1.181418700756350937e+01,2.765855117420173778e-14,2.993833204440607877e-14,2.991030291273850812e-14,6.917838149334054621e-07,5.531710234840347556e-14,-5.987666408881215754e-14,4.781251530971419861e-04,4.785263075252066400e-04,4.818850387822119102e-04
2.081697209787066072e+02,1.185123977888530433e+01,2.581671329284828089e-14,2.793812495401549486e-14,2.791204846353819411e-14,6.682759724968503618e-07,5.163342658569656178e-14,-5.587624990803098971e-14,4.766310134444728952e-04,4.770296610271396176e-04,4.803785204199266631e-04
2.088205613303253756e+02,1.188829255019394715e+01,2.409666579974580408e-14,2.607111777880934415e-14,2.604685815983182838e-14,6.455615621745994506e-07,4.819333159949160816e-14,-5.214223555761868829e-14,4.751461830218572935e-04,4.755423471832775917e-04,4.788813492139080735e-04
2.094714016817148377e+02,1.192534532148953552e+01,2.249120328983353468e-14,2.432847243012768289e-14,2.430590318830502211e-14,6.236140240668745177e-07,4.498240657966706936e-14,-4.865694486025536579e-14,4.736705751000047648e-04,4.740642789731186468e-04,4.773934388995651847e-04
2.101222420328765850e+02,1.196239809277216004e+01,2.099241480612711557e-14,2.270193468340617125e-14,2.268093818079528464e-14,6.024076783148805277e-07,4.198482961225423115e-14,-4.540386936681234251e-14,4.722041040243207810e-04,4.725953704557417367e-04,4.759147042639961579e-04
2.107730823838124365e+02,1.199945086404192551e+01,1.959280895987935551e-14,2.118379598265709725e-14,2.116426283048811791e-14,5.819176963177953457e-07,3.918561791975871102e-14,-4.236759196531419450e-14,4.707466851965325105e-04,4.711355367503777813e-04,4.744450611301318150e-04
2.114239227345238419e+02,1.203650363529891187e+01,1.828650905002143728e-14,1.976685773768959829e-14,1.974868602057995256e-14,5.621200728752525415e-07,3.657301810004287457e-14,-3.953371547537919658e-14,4.692982350603669417e-04,4.696846940240861912e-04,4.729844263411636771e-04
2.120747630850126484e+02,1.207355640654322393e+01,1.706690589229212394e-14,1.844439735976036790e-14,1.842749230189162255e-14,5.429915992262366211e-07,3.413381178458424787e-14,-3.688879471952073581e-14,4.678586710837318030e-04,4.682427594705496077e-04,4.715327177452460880e-04
2.127256034352804761e+02,1.211060917777495760e+01,1.592821766093826202e-14,1.721013709196463498e-14,1.719441056648991604e-14,5.245098369562182639e-07,3.185643532187652405e-14,-3.442027418392926996e-14,4.664279117446712419e-04,4.668096512989716729e-04,4.700898541804737264e-04
2.133764437853290303e+02,1.214766194899420704e+01,1.486553020141363317e-14,1.605821487320162135e-14,1.604358477426529538e-14,5.066530927451689174e-07,2.973106040282726634e-14,-3.211642974640324271e-14,4.650058765148790130e-04,4.653852887157583496e-04,4.686557554601230658e-04
2.140272841351599880e+02,1.218471472020106994e+01,1.387349232558490577e-14,1.498315662189229046e-14,1.496954659867611575e-14,4.894003939299781964e-07,2.774698465116981154e-14,-2.996631324378458091e-14,4.635924858452655783e-04,4.639695919105291111e-04,4.672303423581545862e-04
2.146781244847749690e+02,1.222176749139563512e+01,1.294726227956918577e-14,1.397985080614664878e-14,1.396718986653079533e-14,4.727314648555697046e-07,2.589452455913837153e-14,-2.795970161229329757e-14,4.621876611502484522e-04,4.625624820414619975e-04,4.658137421953860761e-04
2.153289648341757356e+02,1.225882026257800561e+01,1.208285704808340150e-14,1.304352467246502165e-14,1.303174667478701012e-14,4.566267039898040938e-07,2.416571409616680301e-14,-2.608704934493004330e-14,4.607913247948181024e-04,4.611638812194174264e-04,4.644060757551863564e-04
2.159798051833639931e+02,1.229587303374827911e+01,1.127595970528752202e-14,1.216972163372932393e-14,1.215876507493345432e-14,4.410671617780395096e-07,2.255191941057504405e-14,-2.433944326745864786e-14,4.594034000781621607e-04,4.597737124942824494e-04,4.630068511477912095e-04
2.166306455323413331e+02,1.233292580490654267e+01,1.052264316981272241e-14,1.135428052715538600e-14,1.134408822261565887e-14,4.260345192139371151e-07,2.104528633962544481e-14,-2.270856105431077199e-14,4.580238112214529700e-04,4.583918998418701207e-04,4.616159930748797257e-04
2.172814858811094894e+02,1.236997857605289930e+01,9.819583342929329557e-15,1.059331622454466852e-14,1.058383489680784413e-14,4.115110671038210562e-07,1.963916668585865911e-14,-2.118663244908933704e-14,4.566524833529150840e-04,4.570183681481543303e-04,4.602334271252830553e-04
2.179323262296701387e+02,1.240703134718744138e+01,9.163462119374045597e-15,9.883201188990400752e-15,9.874381299046450075e-15,3.974796860026222640e-07,1.832692423874809119e-14,-1.976640237798080150e-14,4.552893424948911694e-04,4.556530431970573503e-04,4.588590797620593085e-04
2.185831665780248443e+02,1.244408411831025951e+01,8.550921886832788322e-15,9.220548560406592890e-15,9.212344049050888495e-15,3.839238268000753148e-07,1.710184377366557664e-14,-1.844109712081318578e-14,4.539343155502972849e-04,4.542958516565720473e-04,4.574928783097906640e-04
2.192340069261753968e+02,1.248113688942145494e+01,7.979398362478230742e-15,8.602196343380980435e-15,8.594564298496151648e-15,3.708274919365316100e-07,1.595879672495646148e-14,-1.720439268676196087e-14,4.525873302894112271e-04,4.529467210658832954e-04,4.561347509420981302e-04
2.198848472741233024e+02,1.251818966052111293e+01,7.445961020206625369e-15,8.025192367598821906e-15,8.018092889786704206e-15,3.581752172283661268e-07,1.489192204041325074e-14,-1.605038473519764381e-14,4.512483153373825218e-04,4.516055798223783668e-04,4.547846266693709246e-04
2.205356876218703519e+02,1.255524243160933651e+01,6.947873330295615391e-15,7.486780497773863372e-15,7.480176491439164543e-15,3.459520542835764503e-07,1.389574666059123078e-14,-1.497356099554772674e-14,4.499172001615758809e-04,4.502723571678801662e-04,4.534424353267077598e-04
2.211865279694180515e+02,1.259229520268621094e+01,6.483257398341412093e-15,6.984387741910356344e-15,6.978244646132120634e-15,3.341435534887871093e-07,1.296651479668282419e-14,-1.396877548382071269e-14,4.485939150588591495e-04,4.489469831790993126e-04,4.521081075620622864e-04
2.218373683167680497e+02,1.262934797375183038e+01,6.049488611596312765e-15,6.515611990103308258e-15,6.509897671643534859e-15,3.227357475494410711e-07,1.209897722319262553e-14,-1.303122398020661652e-14,4.472783911438904525e-04,4.476293887517579506e-04,4.507815748245903582e-04
2.224882086639220802e+02,1.266640074480629252e+01,5.644631790801245284e-15,6.078210774231436165e-15,6.072895358789562934e-15,3.117151355655240046e-07,1.128926358160249057e-14,-1.215642154846287233e-14,4.459705603367947191e-04,4.463195055915969434e-04,4.494627693531971714e-04
2.231390490108815072e+02,1.270345351584967553e+01,5.266880201942427262e-15,5.670090759560089018e-15,5.665146414120926559e-15,3.010686676257342249e-07,1.053376040388485452e-14,-1.134018151912017804e-14,4.446703553516728746e-04,4.450172662009421742e-04,4.481516241652774455e-04
2.237898893576481498e+02,1.274050628688208420e+01,4.914368178051583529e-15,5.289297750887225344e-15,5.284698598537520829e-15,2.907837299035149452e-07,9.828736356103167059e-15,-1.057859550177445069e-14,4.433777096850000099e-04,4.437226038674912942e-04,4.468480730456450144e-04
2.244407297042234006e+02,1.277755905790359670e+01,4.585295173731308001e-15,4.934007532532247777e-15,4.929729516168221577e-15,2.808481302389096361e-07,9.170590347462616003e-15,-9.868015065064495554e-15,4.420925576040790617e-04,4.424354526532114917e-04,4.455520505356515022e-04
2.250915700506089934e+02,1.281461182891431072e+01,4.278264877624713125e-15,4.602517304502514518e-15,4.598538010840795107e-15,2.712500841906831941e-07,8.556529755249426250e-15,-9.205034609005029036e-15,4.408148341363826717e-04,4.411557473822380615e-04,4.442637741108622969e-04
2.257424103968063491e+02,1.285166459991430976e+01,3.991789166503259138e-15,4.293237538489022106e-15,4.289536130252473936e-15,2.619782015436390925e-07,7.983578333006518275e-15,-8.586475076978044212e-15,4.395444750580068671e-04,4.398834236316595536e-04,4.429831433383488778e-04
2.263932507428171448e+02,1.288871737090368796e+01,3.724279469430073181e-15,4.004684514715066794e-15,4.001241620557092798e-15,2.530214732565469252e-07,7.448558938860146362e-15,-8.009369029430133587e-15,4.382814168835125201e-04,4.386184177187502087e-04,4.417098395302179498e-04
2.270440910886427446e+02,1.292577014188252171e+01,3.474780831940088894e-15,3.735473344290340851e-15,3.732270916519846275e-15,2.443692588365352102e-07,6.949561663880177788e-15,-7.470946688580681703e-15,4.370255968548231174e-04,4.373606666917551067e-04,4.404438003263240909e-04
2.276949314342848538e+02,1.296282291285090871e+01,3.241995995512669812e-15,3.484311334069238171e-15,3.481332594668599570e-15,2.360112741262535393e-07,6.483991991025339623e-15,-6.968622668138476343e-15,4.357769529310107082e-04,4.361101083181218030e-04,4.391849640677223158e-04
2.283457717797448083e+02,1.299987568380892711e+01,3.024690588168958132e-15,3.249991907273508009e-15,3.247221259000547261e-15,2.279375794905455201e-07,6.049381176337916264e-15,-6.499983814547016019e-15,4.345354237786369644e-04,4.348666810760626333e-04,4.379332697869158940e-04
2.289966121250241997e+02,1.303692845475666573e+01,2.821890133674469687e-15,3.031388919403942949e-15,3.028811830793655672e-15,2.201385683897723797e-07,5.643780267348939374e-15,-6.062777838807885897e-15,4.333009487604289056e-04,4.336303241422312382e-04,4.366886571982617031e-04
2.296474524701245628e+02,1.307398122569421162e+01,2.632772865795205575e-15,2.827451253538435585e-15,2.825054215934700829e-15,2.126049563273519127e-07,5.265545731590411150e-15,-5.654902507076871170e-15,4.320734679268967149e-04,4.324009773839510018e-04,4.354510666885344711e-04
2.302982928150472333e+02,1.311103399662164115e+01,2.456261433873075848e-15,2.637197869151901485e-15,2.634968324915852409e-15,2.053277701594541742e-07,4.912522867746151697e-15,-5.274395738303802970e-15,4.308529220055645759e-04,4.311785813484458885e-04,4.342204393076480118e-04
2.309491331597938313e+02,1.314808676753904670e+01,2.291638559200048265e-15,2.459713172702927474e-15,2.457639422279134271e-15,1.982983377551767222e-07,4.583277118400096530e-15,-4.919426345405854949e-15,4.296392523919223549e-04,4.299630772520712796e-04,4.329967167595237488e-04
2.315999735043656074e+02,1.318513953844649933e+01,2.138090719178872187e-15,2.294142616092935391e-15,2.292213783809727160e-15,1.915082779959018686e-07,4.276181438357744373e-15,-4.588285232185870781e-15,4.284324011398221721e-04,4.287544069744297914e-04,4.317798413931140094e-04
2.322508138487640963e+02,1.322219230934408785e+01,1.994679964529976466e-15,2.139688665105868397e-15,2.137894641200808476e-15,1.849494911028763386e-07,3.989359929059952933e-15,-4.279377330211736793e-15,4.272323109523190610e-04,4.275525130447155320e-04,4.305697561935660478e-04
2.329016541929907760e+02,1.325924508023189397e+01,1.860949819826387915e-15,1.995607029711658956e-15,1.993938395242622165e-15,1.786141492824181471e-07,3.721899639652775830e-15,-3.991214059423317911e-15,4.260389251727891846e-04,4.263573386354968520e-04,4.293664047735333035e-04
2.335524945370469254e+02,1.329629785110999229e+01,1.736130065627954638e-15,1.861203080205146225e-15,1.859651079831014908e-15,1.724946876784796508e-07,3.472260131255909277e-15,-3.722406160410292450e-15,4.248521877757704956e-04,4.251688275532794492e-04,4.281697313646261956e-04
2.342033348809339941e+02,1.333335062197846455e+01,1.619640315178291605e-15,1.735828565086533415e-15,1.734385060252438713e-15,1.665837956226205697e-07,3.239280630356583210e-15,-3.471657130173066830e-15,4.236720433585250412e-04,4.239869242289584506e-04,4.269796808090013706e-04
2.348541752246534600e+02,1.337040339283739421e+01,1.510993808714504444e-15,1.618878542010534937e-15,1.617535950288553871e-15,1.608744081717687653e-07,3.021987617429008888e-15,-3.237757084021069874e-15,4.224984371315465559e-04,4.228115737094917392e-04,4.257961985510856076e-04
2.355050155682065736e+02,1.340745616368685411e+01,1.409659879127401643e-15,1.509788460272261050e-15,1.508539733698387102e-15,1.553596979244430457e-07,2.819319758254803286e-15,-3.019576920544522100e-15,4.213313149116215683e-04,4.216427216500173714e-04,4.246195676510961534e-04
2.361558559115946707e+02,1.344450893452692064e+01,1.315087767228037683e-15,1.408031489312280975e-15,1.406870076584759739e-15,1.500330671064087612e-07,2.630175534456075366e-15,-2.816062978624561951e-15,4.201706231118929047e-04,4.204803143047497471e-04,4.234495210800958516e-04
2.368066962548192009e+02,1.348156170535767373e+01,1.226820051861889699e-15,1.313116020552763369e-15,1.312035818038608470e-15,1.448881399170330154e-07,2.453640103723779398e-15,-2.626232041105526738e-15,4.190163087344767057e-04,4.193242985185419158e-04,4.222858745786200281e-04
2.374575365978813579e+02,1.351861447617918266e+01,1.144510518725842160e-15,1.224583292788975005e-15,1.223578627283287786e-15,1.399187551278691344e-07,2.289021037451684319e-15,-2.449166585577950009e-15,4.178683193624688208e-04,4.181746217200021931e-04,4.211285760617417624e-04
2.381083769407826480e+02,1.355566724699153447e+01,1.067696372532709168e-15,1.142005218112480152e-15,1.141070816315810004e-15,1.351189589252853849e-07,2.135392745065418335e-15,-2.284010436224960305e-15,4.167266031516181357e-04,4.170312319113911315e-04,4.199775740046302118e-04
2.387592172835241513e+02,1.359272001779478956e+01,9.961410134273240061e-16,1.064982348811134721e-15,1.064113297765629629e-15,1.304829979892019286e-07,1.992282026854648012e-15,-2.129964697622269442e-15,4.155911088231656336e-04,4.158940776638475612e-04,4.188328174350979677e-04
2.394100576261073172e+02,1.362977278858902963e+01,9.294304598825233407e-16,9.931419449998333991e-16,9.923336783681609731e-16,1.260053128002568655e-07,1.858860919765046681e-15,-1.986283889999666798e-15,4.144617856550736334e-04,4.147631081061753378e-04,4.176942559262647480e-04
2.400608979685333679e+02,1.366682555937432575e+01,8.670031530942141228e-16,9.261362056614651846e-16,9.253844790824743460e-16,1.216805311679711156e-07,1.734006306188428246e-15,-1.852272411322930369e-15,4.133385834755864963e-04,4.136382729204024500e-04,4.165618395893391584e-04
2.407117383108035824e+02,1.370387833015074897e+01,8.088693980073817039e-16,8.636406143277220430e-16,8.629414734733103972e-16,1.175034619727136659e-07,1.617738796014763408e-15,-1.727281228655444086e-15,4.122214526550704861e-04,4.125195223322331017e-04,4.154355190665107167e-04
2.413625786529192396e+02,1.374093110091837389e+01,7.545783509217753177e-16,8.053523668746582547e-16,8.047021365296380272e-16,1.134690891144994128e-07,1.509156701843550635e-15,-1.610704733749316509e-15,4.111103440992969205e-04,4.114068071043863739e-04,4.143152455239565326e-04
2.420134189948814480e+02,1.377798387167726268e+01,7.040029494967255395e-16,7.509889324432497373e-16,7.503841966079512674e-16,1.095725656618809896e-07,1.408005898993451079e-15,-1.501977864886499475e-15,4.100052092415595872e-04,4.103000785297128417e-04,4.132009706449541299e-04
2.426642593366916287e+02,1.381503664242749529e+01,6.567473630793334870e-16,7.002867075655986033e-16,6.997242836703899091e-16,1.058092081944016763e-07,1.313494726158666974e-15,-1.400573415131197207e-15,4.089060000361244285e-04,4.091992884234230132e-04,4.120926466231038818e-04
2.433150996783508901e+02,1.385208941316913744e+01,6.127550487985563861e-16,6.529997372242386907e-16,6.524766674383328819e-16,1.021744913322954919e-07,1.225510097597112772e-15,-1.305999474448477381e-15,4.078126689512906466e-04,4.081043891166480364e-04,4.109902261556567225e-04
2.439659400198604544e+02,1.388914218390225663e+01,5.716735881614502286e-16,6.088985443356568045e-16,6.084120795028770942e-16,9.866404244731731469e-08,1.143347176322900457e-15,-1.217797088671313609e-15,4.067251689620077215e-04,4.070153334492232489e-04,4.098936624369438277e-04
2.446167803612214868e+02,1.392619495462692036e+01,5.332825421125357765e-16,5.677690349989906824e-16,5.673166138268420878e-16,9.527363654878233633e-08,1.066565084225071553e-15,-1.135538069997981365e-15,4.056434535438802058e-04,4.059320747632488846e-04,4.088029091519094029e-04
2.452676207024352664e+02,1.396324772534319969e+01,4.975711289898775254e-16,5.294114582982112656e-16,5.289907004403880249e-16,9.199919133908845813e-08,9.951422579797550508e-16,-1.058822916596422531e-15,4.045674766656737198e-04,4.048545668960956689e-04,4.077179204697428390e-04
2.459184610435027878e+02,1.400030049605115323e+01,4.642149513749770635e-16,4.936394543882220683e-16,4.932481474755253108e-16,8.883676243317517733e-08,9.284299027499541269e-16,-9.872789087764441365e-16,4.034971927837083250e-04,4.037827641740765472e-04,4.066390266233736793e-04
2.465693013844253869e+02,1.403735326675085737e+01,4.331216758507280312e-16,4.602791641580583300e-16,4.599152470054943124e-16,8.578253873655121019e-08,8.662433517014560623e-16,-9.205583283161166600e-16,4.024325568345865634e-04,4.027166214055633020e-04,4.055658354614826398e-04
2.472201417252041153e+02,1.407440603744236896e+01,4.040856624055617306e-16,4.291683833539500902e-16,4.288299404546447671e-16,8.283283797670049857e-08,8.081713248111234612e-16,-8.583367667079001804e-16,4.013735242295868311e-04,4.016560938751023713e-04,4.044982674473109768e-04
2.478709820658401668e+02,1.411145880812575903e+01,3.770767096898056990e-16,4.001557885689906855e-16,3.998410396242472739e-16,7.998410238283578023e-08,7.541534193796113980e-16,-8.003115771379813710e-16,4.003200508477244846e-04,4.006011373369755546e-04,4.034362787394541708e-04
2.485218224063346213e+02,1.414851157880108801e+01,3.518726963431566278e-16,3.731002132700235472e-16,3.728074996412387254e-16,7.723289450913916976e-08,7.037453926863132556e-16,-7.462004265400470944e-16,3.992720930306448146e-04,3.995517080097599205e-04,4.023798259482302378e-04
2.491726627466885589e+02,1.418556434946841627e+01,3.282638675889212169e-16,3.478699600554063633e-16,3.475977403811003606e-16,7.457589319678045879e-08,6.565277351778424338e-16,-6.957399201108127267e-16,3.982296075752955744e-04,3.985077625685562452e-04,4.013288661299210976e-04
2.498235030869031732e+02,1.422261712012781310e+01,3.062343109229596282e-16,3.243421714005689583e-16,3.240890131442616037e-16,7.200988967015701146e-08,6.124686218459192565e-16,-6.486843428011379166e-16,3.971925517288199536e-04,3.974692581407701653e-04,4.002833567810976968e-04
2.504743434269794307e+02,1.425966989077933356e+01,2.857371464062939599e-16,3.024022410565589150e-16,3.021668095785980182e-16,6.953178376294950578e-08,5.714742928125879199e-16,-6.048044821131178300e-16,3.961608831828944410e-04,3.964361522994508391e-04,3.992432558330345251e-04
2.511251837669184965e+02,1.429672266142304338e+01,2.666492608963943209e-16,2.819432549713294497e-16,2.817243100396435475e-16,6.713858026972492496e-08,5.332985217927886419e-16,-5.638865099426588993e-16,3.951345600669564639e-04,3.954084030574067654e-04,3.982085216462040900e-04
2.517760241067214793e+02,1.433377543205900650e+01,2.488029754125244336e-16,2.628654797990532102e-16,2.626618687661603788e-16,6.482738541896137765e-08,4.976059508250488673e-16,-5.257309595981064204e-16,3.941135409440965631e-04,3.943859688614326231e-04,3.971791130048579668e-04
2.524268644463893168e+02,1.437082820268727446e+01,2.322319164528820865e-16,2.450758844325992530e-16,2.448865334223973116e-16,6.259540346350007339e-08,4.644638329057641730e-16,-4.901517688651985059e-16,3.930977848038419431e-04,3.933688085882014462e-04,3.961549891116860722e-04
2.530777047859230890e+02,1.440788097330791118e+01,2.167832502004035564e-16,2.284876855909005642e-16,2.283115967206178153e-16,6.043993338455863488e-08,4.335665004008071129e-16,-4.569753711818011284e-16,3.920872510577155801e-04,3.923568815360489737e-04,3.951361095825583927e-04
2.537285451253239330e+02,1.444493374392097884e+01,2.022992625422852010e-16,2.130199321165753853e-16,2.128561779890548799e-16,5.835836570556853815e-08,4.045985250845704019e-16,-4.260398642331507706e-16,3.910818995334075510e-04,3.913501474219760468e-04,3.941224344413426606e-04
2.543793854645928150e+02,1.448198651452653429e+01,1.888064885884334438e-16,1.985971160944675816e-16,1.984448326919657206e-16,5.634817941221749437e-08,3.776129771768668876e-16,-3.971942321889351633e-16,3.900816904699455634e-04,3.903485663747652268e-04,3.931139241148005805e-04
2.550302258037306729e+02,1.451903928512463082e+01,1.762833820677014228e-16,1.851488035685517164e-16,1.850071880406666880e-16,5.440693897519568155e-08,3.525667641354028456e-16,-3.702976071371034327e-16,3.890865845114777066e-04,3.893520989314280811e-04,3.921105394275613059e-04
2.556810661427386435e+02,1.455609205571533415e+01,1.644870055718091635e-16,1.726092967401128827e-16,1.724776029579115510e-16,5.253229147226098994e-08,3.289740111436183269e-16,-3.452185934802257653e-16,3.880965427031091153e-04,3.883607060294336222e-04,3.911122813662966814e-04
2.563319064816175796e+02,1.459314482629869048e+01,1.535184188797280443e-16,1.609173179459501444e-16,1.607948507732553483e-16,5.072196380634414529e-08,3.070368377594560885e-16,-3.218346358919002887e-16,3.871115264855728988e-04,3.873743490042658166e-04,3.901193941449142668e-04
2.569827468203686180e+02,1.463019759687476373e+01,1.433306912099530597e-16,1.500157096030127786e-16,1.499018231347656763e-16,4.897376001652569412e-08,2.866613824199061194e-16,-3.000314192060255573e-16,3.861314976897345375e-04,3.863929895824291805e-04,3.891315115161943900e-04
2.576335871589926114e+02,1.466725036744360544e+01,1.338089680024991581e-16,1.398511597493870825e-16,1.397452537229889041e-16,4.728555867881675219e-08,2.676179360049983163e-16,-2.797023194987741650e-16,3.851564185319289457e-04,3.854165898781181099e-04,3.881485959419197791e-04
2.582844274974906398e+02,1.470430313800527600e+01,1.249941400653970915e-16,1.303739452690303533e-16,1.302754604470057125e-16,4.565531039377666418e-08,2.499882801307941829e-16,-2.607478905380607066e-16,3.841862516096861135e-04,3.844451123863334985e-04,3.871706102560023557e-04
2.589352678358635558e+02,1.474135590855982514e+01,1.166749538536844026e-16,1.215376881232842975e-16,1.214461048901149965e-16,4.408103535809747613e-08,2.333499077073688051e-16,-2.430753762465685950e-16,3.832209598961244801e-04,3.834785199805512690e-04,3.861975176599165217e-04
2.595861081741123826e+02,1.477840867910730793e+01,1.089764666826082567e-16,1.132991323890649762e-16,1.132139678545807201e-16,4.256082101737807761e-08,2.179529333652165135e-16,-2.265982647781299525e-16,3.822605067352324859e-04,3.825167759059500128e-04,3.852292817181997742e-04
2.602369485122379160e+02,1.481546144964777234e+01,1.018634933482268346e-16,1.056179356528391779e-16,1.055387399313634833e-16,4.109281979740275369e-08,2.037269866964536693e-16,-2.112358713056783557e-16,3.813048558381493258e-04,3.815598437758582762e-04,3.842658663540184810e-04
2.608877888502413498e+02,1.485251422018128586e+01,9.516644954569675444e-17,9.845647099970941898e-17,9.838282609215620977e-17,3.967524691132368291e-08,1.903328990913935089e-16,-1.969129419994188380e-16,3.803539712777803672e-04,3.806076875654262892e-04,3.833072358447982752e-04
2.615386291881233092e+02,1.488956699070788225e+01,8.889891472936679389e-17,9.177964591171914956e-17,9.171116336775388893e-17,3.830637824023647092e-08,1.777978294587335878e-16,-1.835592918234382991e-16,3.794078174843562579e-04,3.796602716111818765e-04,3.823533548179179837e-04
2.621894695258848742e+02,1.492661976122762546e+01,8.314246568379050569e-17,8.555473281889458354e-17,8.549105073902679238e-17,3.698454828471518120e-08,1.662849313675810114e-16,-1.711094656377891671e-16,3.784663592412695898e-04,3.787175606018156060e-04,3.814041882464638909e-04
2.628403098635270680e+02,1.496367253174057410e+01,7.767045209516354049e-17,7.975120828019114511e-17,7.969199042492276734e-17,3.570814818495583007e-08,1.553409041903270810e-16,-1.595024165603822902e-16,3.775295616806340071e-04,3.777795195756272761e-04,3.804597014450473210e-04
2.634911502010504591e+02,1.500072530224675660e+01,7.266118640410897207e-17,7.434060590309055824e-17,7.428553980620504979e-17,3.447562380725373836e-08,1.453223728082179441e-16,-1.486812118061811165e-16,3.765973902789543359e-04,3.768461139183054698e-04,3.795198600656811460e-04
2.641419905384561275e+02,1.503777807274623868e+01,6.793176054475576705e-17,6.929637872075362108e-17,6.924517327430908154e-17,3.328547389461272532e-08,1.358635210895115341e-16,-1.385927574415072422e-16,3.756698108527412039e-04,3.759173093552670153e-04,3.785846300937153281e-04
2.647928308757449827e+02,1.507483084323907008e+01,6.352939585024195469e-17,6.459376859781494333e-17,6.454615334204140719e-17,3.213624827935990690e-08,1.270587917004839094e-16,-1.291875371956298867e-16,3.747467895545697480e-04,3.749930719493255182e-04,3.776539778438314440e-04
2.654436712129177636e+02,1.511188361372529521e+01,5.941099600577687885e-17,6.020968679622718829e-17,6.016541039700926365e-17,3.102654615570589575e-08,1.188219920115537577e-16,-1.204193735924543766e-16,3.738282928688607676e-04,3.740733680965835362e-04,3.767278699560929899e-04
2.660945115499754365e+02,1.514893638420496380e+01,5.563744575485224324e-17,5.612260221615660515e-17,5.608143051992964874e-17,2.995501441025983598e-08,1.112748915097044865e-16,-1.122452044323132103e-16,3.729142876076063651e-04,3.731581645213255527e-04,3.758063715355262078e-04
2.667453518869189111e+02,1.518598915467813271e+01,5.211110935287271800e-17,5.231243536091379162e-17,5.227415082847553549e-17,2.892034600857342067e-08,1.042222187057454360e-16,-1.046248707218275832e-16,3.720047409068727440e-04,3.722474282736865092e-04,3.748895744393641264e-04
2.673961922237487556e+02,1.522304192514483390e+01,4.876548335246816664e-17,4.876046136529006102e-17,4.872486184327256847e-17,2.792127843585176973e-08,9.753096670493633328e-17,-9.752092273058012204e-17,3.710996202223593166e-04,3.713411267241006897e-04,3.739772185476855919e-04
2.680470325604661070e+02,1.526009469560512954e+01,4.566305747581419338e-17,4.544921925170801354e-17,4.541611640621902789e-17,2.695659219002848014e-08,9.132611495162838675e-17,-9.089843850341602708e-17,3.701988933257904790e-04,3.704392275593049177e-04,3.730692718411126240e-04
2.686978728970715906e+02,1.529714746605905518e+01,4.274539689906685931e-17,4.236242584760507240e-17,4.233164471264873948e-17,2.602510932546451019e-08,8.549079379813371863e-17,-8.472485169521014480e-17,3.693025283012518756e-04,3.695416987810062892e-04,3.721657026054006568e-04
2.693487132335661158e+02,1.533420023650666586e+01,4.009962027752449110e-17,3.948489706184856084e-17,3.945627504809712365e-17,2.512569204558461385e-08,8.019924055504898221e-17,-7.896979412369712169e-17,3.684104935408605286e-04,3.686485086983326553e-04,3.712664794278384994e-04
2.699995535699504785e+02,1.537125300694800423e+01,3.761477796372533704e-17,3.680247421409183766e-17,3.677585984774539216e-17,2.425724134282227599e-08,7.522955592745067409e-17,-7.360494842818367531e-17,3.675227577414896807e-04,3.677596259276105783e-04,3.703715711936991458e-04
2.706503939062254744e+02,1.540830577738311646e+01,3.528272965028963322e-17,3.430195415961058042e-17,3.427720672210934262e-17,2.341869568429782241e-08,7.056545930057926645e-17,-6.860390831922116083e-17,3.666392899009385253e-04,3.668750193857039932e-04,3.694809470827405129e-04
2.713012342423918994e+02,1.544535854781204698e+01,3.306039586613428467e-17,3.197102538800723175e-17,3.194801411632988404e-17,2.260902974170448974e-08,6.612079173226856933e-17,-6.394205077601446351e-17,3.657600593147680712e-04,3.659946582891260292e-04,3.685945765657545870e-04
2.719520745784504925e+02,1.548241131823483840e+01,3.101486555543419914e-17,2.979820822119765614e-17,2.977681129264418237e-17,2.182725316393033823e-08,6.202973111086839827e-17,-5.959641644239531228e-17,3.648850355718047389e-04,3.651185121483768725e-04,3.677124294011648725e-04
2.726029149144021062e+02,1.551946408865154048e+01,2.914505129597401870e-17,2.777279810170268278e-17,2.775290234634188804e-17,2.107240939098968355e-08,5.829010259194803739e-17,-5.554559620340536556e-17,3.640141885515313369e-04,3.642465507656122981e-04,3.668344756316712740e-04
2.732537552502475364e+02,1.555651685906219583e+01,2.739297409783115151e-17,2.588481372933087688e-17,2.586631398487000387e-17,2.034357450788626890e-08,5.478594819566230303e-17,-5.176962745866175376e-17,3.631474884203678144e-04,3.633787442304248216e-04,3.659606855809399728e-04
2.739045955859874653e+02,1.559356962946684710e+01,2.574781920427252638e-17,2.412494852313513524e-17,2.410774681781489446e-17,1.963985613707591055e-08,5.149563840854505277e-17,-4.824989704627027047e-17,3.622849056278965030e-04,3.625150629169571204e-04,3.650910298503418755e-04
2.745554359216226885e+02,1.563062239986553692e+01,2.417864712375612163e-17,2.248452459933975813e-17,2.246852992234812038e-17,1.896039236823884699e-08,4.835729424751224326e-17,-4.496904919867951627e-17,3.614264109040310480e-04,3.616554774801272742e-04,3.642254793157329138e-04
2.752062762571538883e+02,1.566767517025830259e+01,2.279947678550263697e-17,2.095545068338919038e-17,2.094057846446779721e-17,1.830435072411706017e-08,4.559895357100527394e-17,-4.191090136677838076e-17,3.605719752552971613e-04,3.607999588534083202e-04,3.633640051242805835e-04
2.758571165925818605e+02,1.570472794064519384e+01,2.140495540240091382e-17,1.953018271914300912e-17,1.951635417105070046e-17,1.767092716121061901e-08,4.280991080480182763e-17,-3.906036543828601823e-17,3.597215699619460416e-04,3.599484782434991814e-04,3.625065786913335289e-04
2.765079569279074576e+02,1.574178071102625509e+01,2.018594298824058799e-17,1.820168652630837140e-17,1.818882846144428979e-17,1.705934510416823251e-08,4.037188597648117599e-17,-3.640337305261674280e-17,3.588751665744016606e-04,3.591010071286593330e-04,3.616533151801539230e-04
2.771587972631312482e+02,1.577883348140152187e+01,1.904412697457609400e-17,1.696340364946126411e-17,1.695144806012424362e-17,1.646885451274580607e-08,3.808825394915218799e-17,-3.392680729892252823e-17,3.580327369101521384e-04,3.582575172552671106e-04,3.608041851936586364e-04
2.778096375982539143e+02,1.581588625177103147e+01,1.794131753614857583e-17,1.580921939453005456e-17,1.579810292388317719e-17,1.589873098024275723e-08,3.588263507229715165e-17,-3.161843878906010912e-17,3.571942530509186753e-04,3.574179806347110855e-04,3.599590145110665297e-04
2.784604779332763655e+02,1.585293902213483364e+01,1.696345148194024570e-17,1.473343253262517858e-17,1.472309632816717224e-17,1.534827486236400291e-08,3.392690296388049139e-17,-2.946686506525035715e-17,3.563596873389918152e-04,3.565823695396153070e-04,3.591177756538872540e-04
2.791113182681991134e+02,1.588999179249296212e+01,1.604594794169453547e-17,1.373072759253761672e-17,1.372111696757500292e-17,1.481681043548847064e-08,3.209189588338907094e-17,-2.746145518507523343e-17,3.555290123750665110e-04,3.557506565021739675e-04,3.582804413957331609e-04
2.797621586030229537e+02,1.592704456284545778e+01,1.514198271449258522e-17,1.279614892716971423e-17,1.278721293524557359e-17,1.430368508335978375e-08,3.028396542898517044e-17,-2.559229785433942845e-17,3.547022010142453219e-04,3.549228143088223320e-04,3.574469847594549492e-04
2.804129989377486822e+02,1.596409733319237034e+01,1.424904917269470628e-17,1.192507613716004136e-17,1.191676745491854147e-17,1.380826851124704395e-08,2.849809834538941256e-17,-2.385015227432008272e-17,3.538792263635404112e-04,3.540988160000146934e-04,3.566173790143171551e-04
2.810638392723768106e+02,1.600115010353372469e+01,1.351441981854906396e-17,1.111320159372817754e-17,1.110547624790899128e-17,1.332995198665561018e-08,2.702883963709812791e-17,-2.222640318745635508e-17,3.530600617793200335e-04,3.532786348653393915e-04,3.557915976732115904e-04
2.817146796069080779e+02,1.603820287386956522e+01,1.283380797883497841e-17,1.035650939996821974e-17,1.034932642512582440e-17,1.286814760569730131e-08,2.566761595766995683e-17,-2.071301879993643947e-17,3.522446808637558213e-04,3.524622444416314337e-04,3.549696144899078059e-04
2.823655199413432229e+02,1.607525564419993103e+01,1.221892441439248496e-17,9.651255456806783741e-18,9.644576801629632452e-18,1.242228758426056217e-08,2.443784882878496992e-17,-1.930251091361356748e-17,3.514330574628243831e-04,3.516496185096418259e-04,3.541514034563402543e-04
2.830163602756827572e+02,1.611230841452485762e+01,1.158611204809567288e-17,8.993949230930574706e-18,8.987739538094490933e-18,1.199182357314815805e-08,2.317222409619134576e-17,-1.798789846186114941e-17,3.506251656622549895e-04,3.508407310914840593e-04,3.533369387999327508e-04
2.836672006099276473e+02,1.614936118484439476e+01,1.091936371846617684e-17,8.381336689025777881e-18,8.375563019951836023e-18,1.157622599637849886e-08,2.183872743693235368e-17,-1.676267337805155576e-17,3.498209797861417947e-04,3.500355564467483305e-04,3.525261949809571941e-04
2.843180409440782910e+02,1.618641395515856374e+01,1.036395663577537878e-17,7.810384131081241576e-18,7.805015890977723035e-18,1.117498341187330632e-08,2.072791327155075757e-17,-1.562076826216248315e-17,3.490204743931690778e-04,3.492340690723905183e-04,3.517191466899292039e-04
2.849688812781352567e+02,1.622346672546740365e+01,9.869931333283312830e-18,7.278263403311730996e-18,7.273272163667256387e-18,1.078760189377954807e-08,1.973986266656662566e-17,-1.455652680662346199e-17,3.482236242747793753e-04,3.484362436978472033e-04,3.509157688450362852e-04
2.856197216120995108e+02,1.626051949577096423e+01,9.466438798627540064e-18,6.782338056662088141e-18,6.777697333951587444e-18,1.041360443569974487e-08,1.893287759725508013e-17,-1.356467611332417628e-17,3.474304044516762779e-04,3.476420552820380649e-04,3.501160365896011204e-04
2.862705619459715081e+02,1.629757226606927034e+01,9.085815445377732459e-18,6.320150236994331158e-18,6.315835432672520111e-18,1.005253037412771606e-08,1.817163089075546492e-17,-1.264030047398866232e-17,3.466407901720480744e-04,3.468514790126997482e-04,3.493199252895796102e-04
2.869214022797518169e+02,1.633462503636235752e+01,8.723542436208393015e-18,5.889408693379023576e-18,5.885396950766919172e-18,9.703934831410952390e-09,1.744708487241678603e-17,-1.177881738675804715e-17,3.458547569081815709e-04,3.460644903031662167e-04,3.485275890790701428e-04
2.875722426134411762e+02,1.637167780665026839e+01,8.355440617088843557e-18,5.487977552948544835e-18,5.484247579345433657e-18,9.367388177583276460e-09,1.671088123417768711e-17,-1.097595510589708967e-17,3.450722803548522677e-04,3.452810647875947936e-04,3.477389020295335292e-04
2.882230829470401545e+02,1.640873057693303139e+01,7.881738116002276674e-18,5.113865691176887510e-18,5.110397709798639196e-18,9.042475510432871928e-09,1.576347623200455335e-17,-1.022773138235377502e-17,3.442933364256051121e-04,3.445011783218543400e-04,3.469537596552025086e-04
2.888739232805494339e+02,1.644578334721068913e+01,7.460537285508551047e-18,4.765217008144466591e-18,4.761992642749621225e-18,8.728796153192829794e-09,1.492107457101710209e-17,-9.530434016288933181e-18,3.435179012517552977e-04,3.437248069789733407e-04,3.461721382412982968e-04
2.895247636139695260e+02,1.648283611748327004e+01,7.081300665082191408e-18,4.440301326189270084e-18,4.437303458108737340e-18,8.425963169260817327e-09,1.416260133016438282e-17,-8.880602652378540168e-18,3.427459511783914614e-04,3.429519270473635473e-04,3.453940142827975537e-04
2.901756039473010560e+02,1.651988888775080966e+01,6.760495384246302715e-18,4.137505772072501098e-18,4.134718501694770070e-18,8.133602893374886525e-09,1.352099076849260543e-17,-8.275011544145002196e-18,3.419774627635985276e-04,3.421825150280444205e-04,3.446193644821357181e-04
2.908264442805448198e+02,1.655694165801335060e+01,6.498831124996726749e-18,3.855326893110678276e-18,3.852735446879119606e-18,7.851354478691298822e-09,1.299766224999345350e-17,-7.710653786221356553e-18,3.412124127744053936e-04,3.414165476318675729e-04,3.438481657469382065e-04
2.914772846137011584e+02,1.659399442827091775e+01,6.292502731446556226e-18,3.592363276975199646e-18,3.589953892502091889e-18,7.578869459228960118e-09,1.258500546289311245e-17,-7.184726553950399293e-18,3.404507781857857296e-04,3.406540017791837016e-04,3.430803951877850044e-04
2.921281249467707539e+02,1.663104719852354307e+01,6.103187519134273407e-18,3.347308565729291917e-18,3.345068460914865698e-18,7.315811327162412040e-09,1.220637503826854681e-17,-6.694617131458583833e-18,3.396925361776048646e-04,3.398948545945135180e-04,3.423160301160006291e-04
2.927789652797541748e+02,1.666809996877126210e+01,5.954808847921452126e-18,3.118945064361957944e-18,3.116862362431947818e-18,7.061855124463483572e-09,1.190961769584290425e-17,-6.237890128723915888e-18,3.389376641328434303e-04,3.391390834072138816e-04,3.415550480414734197e-04
2.934298056126519896e+02,1.670515273901411035e+01,5.851060852011284406e-18,2.906137757541606500e-18,2.904201394745463695e-18,6.816687048407563430e-09,1.170212170402256881e-17,-5.812275515083213000e-18,3.381861396346552695e-04,3.383866657468148631e-04,3.407974266705043171e-04
2.940806459454648802e+02,1.674220550925212336e+01,5.747235889012565286e-18,2.707828647131531251e-18,2.706028347968469964e-18,6.580004070477123732e-09,1.149447177802513057e-17,-5.415657294263062502e-18,3.374379404650906800e-04,3.376375793422425886e-04,3.400431439036822614e-04
2.947314862781933016e+02,1.677925827948532600e+01,5.673630302461191398e-18,2.523031571144704956e-18,2.521357787947787671e-18,6.351513568210698838e-09,1.134726060492238280e-17,-5.046063142289409913e-18,3.366930446020433010e-04,3.368918021188216372e-04,3.392921778337863693e-04
2.953823266108377652e+02,1.681631104971374668e+01,5.588067952699772789e-18,2.350827353535320261e-18,2.349271192327585300e-18,6.130932969560290886e-09,1.117613590539954558e-17,-4.701654707070640521e-18,3.359514302174737566e-04,3.361493121976089071e-04,3.385445067437168427e-04
2.960331669433990101e+02,1.685336381993743515e+01,5.526565192022687745e-18,2.190359214954416879e-18,2.188912415562900230e-18,5.917989409335437523e-09,1.105313038404537549e-17,-4.380718429908833759e-18,3.352130756750781870e-04,3.354100878902865901e-04,3.378001091044496754e-04
2.966840072758774340e+02,1.689041659015640562e+01,5.442505529004490844e-18,2.040828573315659698e-18,2.039483460683887943e-18,5.712419397325638043e-09,1.088501105800898169e-17,-4.081657146631319397e-18,3.344779595287894480e-04,3.346741077004944387e-04,3.370589635730210126e-04
2.973348476082736624e+02,1.692746936037069716e+01,5.318523279927573588e-18,1.901491112465867416e-18,1.900240537106501637e-18,5.513968497706894531e-09,1.063704655985514718e-17,-3.802982224931734833e-18,3.337460605199460417e-04,3.339413503194998967e-04,3.363212544652967014e-04
2.979856879405882637e+02,1.696452213058033820e+01,5.134952249138723968e-18,1.771653063156316359e-18,1.770490385179460559e-18,5.322391019351299999e-09,1.026990449827744794e-17,-3.543306126312632718e-18,3.330173575755712712e-04,3.332117946247548090e-04,3.355867790841953998e-04
2.986365282728216357e+02,1.700157490078536071e+01,4.799304804286494667e-18,1.650667799576614896e-18,1.649586849457719194e-18,5.137449716671055332e-09,9.598609608572989335e-18,-3.301335599153229792e-18,3.322918298063748388e-04,3.324854196781190652e-04,3.348554896808224801e-04
2.992873686049744038e+02,1.703862767098578956e+01,4.467828663226531142e-18,1.537932653142226046e-18,1.536927683906241828e-18,4.958915500641230708e-09,8.935657326453062284e-18,-3.075865306284452092e-18,3.315694565045324005e-04,3.317622047233070859e-04,3.341273656812249193e-04
2.999382089370471931e+02,1.707568044118166739e+01,4.159051438267596907e-18,1.432885898983216617e-18,1.431951573369141857e-18,4.786567159656936053e-09,8.318102876535193814e-18,-2.865771797966433233e-18,3.308502171422977867e-04,3.310421291844445335e-04,3.334023866871138110e-04
3.005890492690404585e+02,1.711273321137301906e+01,3.871280788877045380e-18,1.335003997844089171e-18,1.334135356695088552e-18,4.620191089892431823e-09,7.742561577754090761e-18,-2.670007995688178343e-18,3.301340913694494894e-04,3.303251726637368435e-04,3.326805324740077772e-04
3.012398896009546547e+02,1.714978598155986589e+01,3.603142291735322802e-18,1.243799014019810483e-18,1.242991437894527994e-18,4.459581034840879173e-09,7.206284583470645604e-18,-2.487598028039620967e-18,3.294210590113477721e-04,3.296113149400259346e-04,3.319617829893981736e-04
3.018907299327902365e+02,1.718683875174223985e+01,3.353301944156124648e-18,1.158816173771201988e-18,1.158065372622530944e-18,4.304537833723905655e-09,6.706603888312249297e-18,-2.317632347542403976e-18,3.287111000676024020e-04,3.289005359667918071e-04,3.312461183509390677e-04
3.025415702645479428e+02,1.722389152192018003e+01,3.120515142715040482e-18,1.079631630428995818e-18,1.078933618138071891e-18,4.154869178471104509e-09,6.241030285430080965e-18,-2.159263260857991635e-18,3.280041947096856703e-04,3.281928158688218744e-04,3.305335188446577636e-04
3.031924105962280578e+02,1.726094429209370062e+01,2.903649662662015681e-18,1.005850372127735234e-18,1.005201435689305016e-18,4.010389378979163556e-09,5.807299325324031362e-18,-2.011700744255470468e-18,3.273003232792670580e-04,3.274881349432101629e-04,3.298239649231906961e-04
3.038432509278313205e+02,1.729799706226284783e+01,2.701566211906832340e-18,9.371042438019619023e-19,9.365009350198927755e-19,3.870919136370364149e-09,5.403132423813664681e-18,-1.874208487603923805e-18,3.265994662866589238e-04,3.267864736542502868e-04,3.291174372040378657e-04
3.044940912593580720e+02,1.733504983242763942e+01,2.513240885316825107e-18,8.730501364135090956e-19,8.724892513865411281e-19,3.736285323979507989e-09,5.026481770633650214e-18,-1.746100272827018191e-18,3.259016044082629904e-04,3.260878126351007822e-04,3.284139164678412880e-04
3.051449315908087101e+02,1.737210260258809669e+01,2.337843990970725897e-18,8.133682917350548499e-19,8.128468461263119577e-19,3.606320775807525406e-09,4.675687981941451793e-18,-1.626736583470109700e-18,3.252067184857931892e-04,3.253921326830111482e-04,3.277133836566848020e-04
3.057957719221839170e+02,1.740915537274426228e+01,2.174446058192791829e-18,7.577607000657916046e-19,7.572759224169037128e-19,3.480864082188567586e-09,4.348892116385583658e-18,-1.515521400131583209e-18,3.245147895237221469e-04,3.246994147588777579e-04,3.270158198724121474e-04
3.064466122534840906e+02,1.744620814289615396e+01,2.022174858843975021e-18,7.059496332298676386e-19,7.054989484373159603e-19,3.359759392426346928e-09,4.044349717687950043e-18,-1.411899266459735277e-18,3.238257986880044292e-04,3.240096399856895459e-04,3.263212063749704119e-04
3.070974525847097425e+02,1.748326091304380370e+01,1.880312177654361128e-18,6.576762711911030068e-19,6.572572806621437490e-19,3.242856224163245334e-09,3.760624355308722257e-18,-1.315352542382206014e-18,3.231397273038560947e-04,3.233227896463075624e-04,3.256295411424839814e-04
3.077482929158613274e+02,1.752031368318723636e+01,1.748198537959915527e-18,6.126994042468473652e-19,6.123098805134921580e-19,3.130009279253956838e-09,3.496397075919831054e-18,-1.225398808493694730e-18,3.224565568549775385e-04,3.226388451820216829e-04,3.249409819887347011e-04
3.083991332469393569e+02,1.755736645332648038e+01,1.625081689531885662e-18,5.707942446410137376e-19,5.704321180520463114e-19,3.021078265923069560e-09,3.250163379063771324e-18,-1.141588489282027475e-18,3.217762689809999799e-04,3.219577881904411853e-04,3.242553150105709236e-04
3.090499735779441721e+02,1.759441922346155707e+01,1.510344539757481257e-18,5.317513140148238431e-19,5.314146568154959216e-19,2.915927726993235180e-09,3.020689079514962514e-18,-1.063502628029647686e-18,3.210988454759866606e-04,3.212796004254947491e-04,3.235725221221483574e-04
3.097008139088763414e+02,1.763147199359249839e+01,1.403451115725966754e-18,4.953753923201332210e-19,4.950624143106405075e-19,2.814426873978119275e-09,2.806902231451933509e-18,-9.907507846402664421e-19,3.204242682872115999e-04,3.206042637926564964e-04,3.228925853871635184e-04
3.103516542397363764e+02,1.766852476371933278e+01,1.303886241673703167e-18,4.614845552180389817e-19,4.611935930365151754e-19,2.716449426840897779e-09,2.607772483347406333e-18,-9.229691104360779634e-19,3.197525195135497711e-04,3.199317603505003049e-04,3.222154870173231074e-04
3.110024945705246751e+02,1.770557753384208510e+01,1.211167406359115034e-18,4.299092729096824866e-19,4.296387772621026268e-19,2.621873459225986702e-09,2.422334812718230067e-18,-8.598185458193649733e-19,3.190835814031456330e-04,3.192620723078132272e-04,3.215412093708324695e-04
3.116533349012416920e+02,1.774263030396077667e+01,1.124830079495312592e-18,4.004915589465331374e-19,4.002400911049968787e-19,2.530581248978176911e-09,2.249660158990625184e-18,-8.009831178930662748e-19,3.184174363529690410e-04,3.185951820213750452e-04,3.208697349508999913e-04
3.123041752318878252e+02,1.777968307407543591e+01,1.044378715942422992e-18,3.730841905851980502e-19,3.728504137583576789e-19,2.442459133769431769e-09,2.088757431884845983e-18,-7.461683811703961003e-19,3.177540669061507117e-04,3.179310719956252029e-04,3.202010464042626950e-04
3.129550155624635295e+02,1.781673584418608058e+01,9.693162754435437703e-19,3.475499789026759589e-19,3.473326479943333208e-19,2.357397371659969733e-09,1.938632550887087541e-18,-6.950999578053519177e-19,3.170934557515381336e-04,3.172697248807754278e-04,3.195351265197270640e-04
3.136058558929693731e+02,1.785378861429275332e+01,8.994895099175672283e-19,3.237610795507910422e-19,3.235590383338245829e-19,2.275290006425816836e-09,1.798979019835134457e-18,-6.475221591015820843e-19,3.164355857211420542e-04,3.166111234697011056e-04,3.188719582267278137e-04
3.142566962234057542e+02,1.789084138439546834e+01,8.343787796081745479e-19,3.015983613482775398e-19,3.014105355166548854e-19,2.196034737490843499e-09,1.668757559216349096e-18,-6.031967226965550796e-19,3.157804397893593240e-04,3.159552506994955934e-04,3.182115245939062852e-04
3.149075365537729567e+02,1.792789415449424339e+01,7.738025733876475914e-19,2.809508151770532381e-19,2.807762041338616831e-19,2.119532794306751677e-09,1.547605146775295183e-18,-5.619016303541064762e-19,3.151280010713075619e-04,3.153020896480285273e-04,3.175538088277035848e-04
3.155583768840715493e+02,1.796494692458911757e+01,7.173559273484178417e-19,2.617149959208095204e-19,2.615526704960891809e-19,2.045688815029653173e-09,1.434711854696835683e-18,-5.234299918416190407e-19,3.144782528213818651e-04,3.146516235319474220e-04,3.168987942709703656e-04
3.162092172143019297e+02,1.800199969468010508e+01,6.647794586893878976e-19,2.437945111528247120e-19,2.436436080100845068e-19,1.974410729347202455e-09,1.329558917378775795e-18,-4.875890223056494239e-19,3.138311784315894748e-04,3.140038357066776697e-04,3.162464644015958539e-04
3.168600575444644960e+02,1.803905246476723079e+01,6.157873608851360297e-19,2.270995424671366393e-19,2.269592575198417456e-19,1.905609645314975870e-09,1.231574721770272059e-18,-4.541990849342732785e-19,3.131867614307726200e-04,3.133587096648682291e-04,3.155968028311501570e-04
3.175108978745597028e+02,1.807610523485052312e+01,5.701617707039087271e-19,2.115463936735772810e-19,2.114159802411034484e-19,1.839199740065677414e-09,1.140323541407817454e-18,-4.230927873471545621e-19,3.125449854823880713e-04,3.127162290339491335e-04,3.149498452933191962e-04
3.181617382045880618e+02,1.811315800493001049e+01,5.276598844346955702e-19,1.970570767733478955e-19,1.969358410784322583e-19,1.775098154259340156e-09,1.055319768869391140e-18,-3.941141535466957910e-19,3.119058343835634517e-04,3.120763775751322910e-04,3.143056609063266484e-04
3.188125785345497434e+02,1.815021077500570001e+01,4.880756378075368633e-19,1.835589243720436498e-19,1.834462202637381963e-19,1.713224890147178253e-09,9.761512756150737266e-19,-3.671178487440872996e-19,3.112692920641535466e-04,3.114391391830784173e-04,3.136640939721421447e-04
3.194634188644452593e+02,1.818726354507762721e+01,4.512567052794436829e-19,1.709842239319194061e-19,1.708794513946779568e-19,1.653502713125940767e-09,9.025134105588873657e-19,-3.419684478638388121e-19,3.106353425841312799e-04,3.108044978832325000e-04,3.130251286559684529e-04
3.201142591942751778e+02,1.822431631514581341e+01,4.169934500017826951e-19,1.592698825518264631e-19,1.591724840815151555e-19,1.595857056663986630e-09,8.339869000035653901e-19,-3.185397651036529262e-19,3.100039701336987363e-04,3.101724378307135765e-04,3.123887492496824569e-04
3.207650995240397265e+02,1.826136908521028346e+01,3.850264532148098561e-19,1.483571131575085093e-19,1.482665695323156718e-19,1.540215930484115878e-09,7.700529064296197123e-19,-2.967142263150170186e-19,3.093751590313997824e-04,3.095429433095375771e-04,3.117549401705817106e-04
3.214159398537394168e+02,1.829842185527105869e+01,3.552610902246399552e-19,1.381911384451859110e-19,1.381069675195128410e-19,1.486509831892209706e-09,7.105221804492799104e-19,-2.763822768903718221e-19,3.087488937219551310e-04,3.089159987317291467e-04,3.111236859601429722e-04
3.220667801833745330e+02,1.833547462532815686e+01,3.275371421009041404e-19,1.287209194884289291e-19,1.286426732763554742e-19,1.434671660144469287e-09,6.550742842018082808e-19,-2.574418389768578582e-19,3.081251587766509203e-04,3.082915886341019984e-04,3.104949712827967303e-04
3.227176205129455298e+02,1.837252739538160640e+01,3.018066287184093580e-19,1.198989016834467325e-19,1.198261629700881757e-19,1.384636633749595209e-09,6.036132574368187161e-19,-2.397978033668934650e-19,3.075039388910627558e-04,3.076696976790360694e-04,3.098687809247164214e-04
3.233684608424526914e+02,1.840958016543142151e+01,2.777847152408174308e-19,1.116807751252091278e-19,1.116131564904446764e-19,1.336342210605919187e-09,5.555694304816348617e-19,-2.233615502504182556e-19,3.068852188833348649e-04,3.070503106527011639e-04,3.092450997926216331e-04
3.240193011718966432e+02,1.844663293547763772e+01,2.553590531548831801e-19,1.040252549059489213e-19,1.039623963775018573e-19,1.289728010876723435e-09,5.107181063097663601e-19,-2.080505098118978426e-19,3.062689836941800969e-04,3.064334124620593514e-04,3.086239129125934507e-04
3.246701415012776692e+02,1.848368570552026924e+01,2.345730273862241996e-19,9.689387545397645885e-20,9.683544179267658945e-20,1.244735742510363324e-09,4.691460547724483992e-19,-1.937877509079529177e-19,3.056552183847149884e-04,3.058189881367523455e-04,3.080052054289069883e-04
3.253209818305959402e+02,1.852073847555933028e+01,2.151172034075508893e-19,9.025079660186232325e-20,9.019647651096818940e-20,1.201309129314969872e-09,4.302344068151017787e-19,-1.805015932037246465e-19,3.050439081357936288e-04,3.052070228257708351e-04,3.073889626028749244e-04
3.259718221598521382e+02,1.855779124559485993e+01,1.970936023124332881e-19,8.406262574496768309e-20,8.401212998182798705e-20,1.159393841500483306e-09,3.941872046248665762e-19,-1.681252514899353662e-19,3.044350382464533489e-04,3.045975017961222164e-04,3.067751698117048074e-04
3.266226624890463768e+02,1.859484401562685818e+01,1.802696465696913380e-19,7.829825136908042603e-20,7.825131057066647491e-20,1.118937428603880212e-09,3.605392931393826760e-19,-1.565965027381608521e-19,3.038285941328044970e-04,3.039904104334967272e-04,3.061638125473712139e-04
3.272735028181791677e+02,1.863189678565536056e+01,1.645802077137327570e-19,7.292868611102905689e-20,7.288505015321401746e-20,1.079889254716160387e-09,3.291604154274655141e-19,-1.458573722220581138e-19,3.032245613269757278e-04,3.033857342384926881e-04,3.055548764154980990e-04
3.279243431472509656e+02,1.866894955568038839e+01,1.500310897351237748e-19,6.792692281274830665e-20,6.788635929112048459e-20,1.042200435932516639e-09,3.000621794702475496e-19,-1.358538456254966133e-19,3.026229254760037790e-04,3.027834588272826366e-04,3.049484279120317446e-04
3.285751834762620547e+02,1.870600232570196297e+01,1.364836161354125703e-19,6.326779978107303985e-20,6.323009226952470929e-20,1.005823779949746123e-09,2.729672322708251406e-19,-1.265355995621460797e-19,3.020236723405567147e-04,3.021835699306141265e-04,3.043444628937792547e-04
3.292260238052126624e+02,1.874305509572009143e+01,1.238657806239985900e-19,5.892787379489174278e-20,5.889282132613431885e-20,9.707137277375596134e-10,2.477315612479971800e-19,-1.178557475897834856e-19,3.014267877938237028e-04,3.015860533919223485e-04,3.037428743262831602e-04
3.298768641341033572e+02,1.878010786573480928e+01,1.121406999055230165e-19,5.488530360334260490e-20,5.485271944685008371e-20,9.368262972128831886e-10,2.242813998110460330e-19,-1.097706072066852098e-19,3.008322578205713249e-04,3.009908951654427511e-04,3.031436482862203004e-04
3.305277044629343663e+02,1.881716063574613074e+01,1.012109790003654626e-19,5.111974087774639141e-20,5.108945114540066759e-20,9.041190288487521478e-10,2.024219580007309251e-19,-1.022394817554927828e-19,3.002400685159223315e-04,3.003980813170992192e-04,3.025467709581456852e-04
3.311785447917060878e+02,1.885421340575407712e+01,9.103001354166461523e-20,4.761222745930544964e-20,4.758407068398573386e-20,8.725509331516250916e-10,1.820600270833292305e-19,-9.522445491861089929e-20,2.996502060838568404e-04,2.998075980225056725e-04,3.019522286334572442e-04
3.318293851204189195e+02,1.889126617575866973e+01,8.164218111194587362e-20,4.434510107613927758e-20,4.431892722879818262e-20,8.420824399432462737e-10,1.632843622238917472e-19,-8.869020215227855516e-20,2.990626568371568261e-04,2.992194315647456193e-04,3.013600077093725026e-04
3.324802254490730888e+02,1.892831894575992280e+01,7.289206231649232702e-20,4.130190709526876429e-20,4.127757646866392927e-20,8.126753493853636488e-10,1.457841246329846540e-19,-8.260381419053752857e-20,2.984774071954077179e-04,2.986335683352603354e-04,3.007700946879164790e-04
3.331310657776691073e+02,1.896537171575786473e+01,6.471181526536638813e-20,3.846731539040260551e-20,3.844469825706904564e-20,7.842927846876475909e-10,1.294236305307327763e-19,-7.693463078080521102e-20,2.978944436845543109e-04,2.980499948309622837e-04,3.001824761749218333e-04
3.337819061062071455e+02,1.900242448575250620e+01,5.711063863385594826e-20,3.582704404596003446e-20,3.580601986772133148e-20,7.568991464412820414e-10,1.142212772677118965e-19,-7.165408809192006891e-20,2.973137529350688979e-04,2.974686976554563600e-04,2.995971388790403460e-04
3.344327464346876582e+02,1.903947725574387562e+01,5.001023614967223124e-20,3.336778794714212560e-20,3.334824448162408855e-20,7.304600685225616237e-10,1.000204722993444625e-19,-6.673557589428425121e-20,2.967353216820067807e-04,2.968896635150430896e-04,2.990140696107641003e-04
3.350835867631109863e+02,1.907653002573198719e+01,4.343489120239392525e-20,3.107715152670564276e-20,3.105898454959999096e-20,7.049423755127789603e-10,8.686978240478785050e-20,-6.215430305341128552e-20,2.961591367631744021e-04,2.963128792208280515e-04,2.984332552814597289e-04
3.357344270914774143e+02,1.911358279571685870e+01,3.723299849254781644e-20,2.894358702898153083e-20,2.892669969839549028e-20,6.803140415825090150e-10,7.446599698509563288e-20,-5.788717405796306167e-20,2.955851851186297452e-04,2.957383316848360977e-04,2.978546829024127443e-04
3.363852674197872261e+02,1.915063556569850789e+01,3.153145062714133997e-20,2.695633672963028395e-20,2.694063887104522571e-20,6.565441507901228888e-10,6.306290125428267994e-20,-5.391267345926056790e-20,2.950134537893500664e-04,2.951660079216766874e-04,2.972783395838815177e-04
3.370361077480408767e+02,1.918768833567695609e+01,2.624178071776903990e-20,2.510537853257262302e-20,2.509078641320564384e-20,6.336028587461473083e-10,5.248356143553807980e-20,-5.021075706514524605e-20,2.944439299162326940e-04,2.945958950452132186e-04,2.967042125341640526e-04
3.376869480762385933e+02,1.922474110565222460e+01,2.133918605805477498e-20,2.338137601903018213e-20,2.336781183675646372e-20,6.114613555966586248e-10,4.267837211610954996e-20,-4.676275203806036425e-20,2.938766007394288948e-04,2.940279802695622280e-04,2.961322890586733222e-04
3.383377884043808308e+02,1.926179387562433476e+01,1.676121370094969247e-20,2.177563169902175965e-20,2.176302301023962544e-20,5.900918302805369197e-10,3.352242740189938494e-20,-4.355126339804351929e-20,2.933114535972336512e-04,2.934622509065398788e-04,2.955626606800418441e-04
3.389886287324677596e+02,1.929884664559329366e+01,1.244307070317532719e-20,2.028004300649978437e-20,2.026832254273223904e-20,5.694674360169471654e-10,2.488614140635065438e-20,-4.056008601299956873e-20,2.927484759253085045e-04,2.928986943655509378e-04,2.949952627217814405e-04
3.396394690604997209e+02,1.933589941555912262e+01,8.487539697305309440e-21,1.888706188659004984e-20,1.887616714361855792e-20,5.495622569808600916e-10,1.697507939461061888e-20,-3.777412377318009968e-20,2.921876552554047990e-04,2.923372981534777537e-04,2.944300289139421345e-04
3.402903093884771124e+02,1.937295218552184650e+01,4.811966430577769443e-21,1.758965697537041645e-20,1.757952975552525288e-20,5.303512761259314976e-10,9.623932861155538887e-21,-3.517931395074083290e-20,2.916289792143089699e-04,2.917780498713495874e-04,2.938669469647583934e-04
3.409411497164001048e+02,1.941000495548147597e+01,1.431762973950179642e-21,1.638127800844149906e-20,1.637186427146902504e-20,5.118103441153806895e-10,2.863525947900359284e-21,-3.276255601688299812e-20,2.910724355240090766e-04,2.912209372158969245e-04,2.933060046747964253e-04
3.415919900442693233e+02,1.944705772543803945e+01,-1.746499960863740655e-21,1.525582312732085234e-20,1.524707266012190983e-20,4.939161493228891820e-10,-3.492999921727481309e-21,-3.051164625464170467e-20,2.905180119995298682e-04,2.906659479764428511e-04,2.927471899360932690e-04
3.422428303720848248e+02,1.948411049539154760e+01,-4.656629236325822191e-21,1.420760828455487258e-20,1.419947433507917895e-20,4.766461888668227263e-10,-9.313258472651644383e-21,-2.841521656910974515e-20,2.899656965488772720e-04,2.901130700372345217e-04,2.921904907313093271e-04
3.428936706998468367e+02,1.952116326534201107e+01,-7.364535426013048459e-21,1.323133845925739205e-20,1.322377761518235030e-20,4.599787406423449016e-10,-1.472907085202609692e-20,-2.646267691851478410e-20,2.894154771711510143e-04,2.895622913732243120e-04,2.916358951328873505e-04
3.435445110275559273e+02,1.955821603528945829e+01,-9.924424317624434192e-21,1.232208121006102559e-20,1.231505313335610669e-20,4.438928363171653069e-10,-1.984884863524886838e-20,-2.464416242012205118e-20,2.888673419571552436e-04,2.890136000496257296e-04,2.910833913022212345e-04
3.441953513552122104e+02,1.959526880523389991e+01,-1.231947798130520580e-20,1.147524192697976126e-20,1.146870906112254145e-20,4.283682352578919465e-10,-2.463895596261041160e-20,-2.295048385395952252e-20,2.883212790876221732e-04,2.884669842240228377e-04,2.905329674888348446e-04
3.448461916828159701e+02,1.963232157517535370e+01,-1.452563005854379286e-20,1.068654055375560661e-20,1.068046802499475879e-20,4.133853993550281873e-10,-2.905126011708758572e-20,-2.137308110751121322e-20,2.877772768319353247e-04,2.879224321423734523e-04,2.899846120295687560e-04
3.454970320103677182e+02,1.966937434511384453e+01,-1.656067116145440071e-20,9.951990195331971569e-21,9.946345599381490202e-21,3.989254687157788553e-10,-3.312134232290880142e-20,-1.990398039066394314e-20,2.872353235483515732e-04,2.873799321383430083e-04,2.894383133477765888e-04
3.461478723378675681e+02,1.970642711504938305e+01,-1.843518698363535529e-20,9.267877100556133078e-21,9.262630268488972411e-21,3.849702381948811784e-10,-3.687037396727071057e-20,-1.853575420111226616e-20,2.866954076826133679e-04,2.868394726349698942e-04,2.888940599525306675e-04
3.467987126653157475e+02,1.974347988498197992e+01,-2.011777477083080488e-20,8.630741839166497344e-21,8.625864757025969675e-21,3.715021347346681261e-10,-4.023554954166160976e-20,-1.726148367833299469e-20,2.861575177670050429e-04,2.863010421413347828e-04,2.883518404378342939e-04
3.474495529927128246e+02,1.978053265491166357e+01,-2.167893632525228508e-20,8.037361998934413799e-21,8.032828636343405707e-21,3.585041954866002409e-10,-4.335787265050457017e-20,-1.607472399786882760e-20,2.856216424197977055e-04,2.857646292523385867e-04,2.878116434818448074e-04
3.481003933200587994e+02,1.981758542483844110e+01,-2.314267671386493309e-20,7.484735995992404533e-21,7.480522118997062992e-21,3.459600466874072523e-10,-4.628535342772986617e-20,-1.496947199198480907e-20,2.850877703441390132e-04,2.852302226494796145e-04,2.872734578461046693e-04
3.487512336473541268e+02,1.985463819476233382e+01,-2.446567686607164325e-20,6.970067855054808039e-21,6.966150960650070824e-21,3.338538832639230267e-10,-4.893135373214328650e-20,-1.394013571010961608e-20,2.845558903281086849e-04,2.846978110973008569e-04,2.867373953580385870e-04
3.494020739745990340e+02,1.989169096468335951e+01,-2.567760360259334544e-20,6.490753215319318319e-21,6.487112393755593082e-21,3.221704491415832626e-10,-5.135520720518669087e-20,-1.298150643063863664e-20,2.840259912426090771e-04,2.841673834449442992e-04,2.862033413468818691e-04
3.500529143017938623e+02,1.992874373460152881e+01,-2.678139529205411427e-20,6.044366237420638285e-21,6.040982022607386720e-21,3.108950182323901249e-10,-5.356279058410822853e-20,-1.208873247484127657e-20,2.834980620416427399e-04,2.836389286241525198e-04,2.856712637389192499e-04
3.507037546289387819e+02,1.996579650451685950e+01,-2.781876690747903206e-20,5.628647297986079049e-21,5.625501614145416408e-21,3.000133760790119466e-10,-5.563753381495806412e-20,-1.125729459597215810e-20,2.829720917610356601e-04,2.831124356488246008e-04,2.851411516418064112e-04
3.513545949560342478e+02,2.000284927442937644e+01,-2.875986530869233853e-20,5.241491672312650163e-21,5.238567723373619619e-21,2.895118021324483248e-10,-5.751973061738467706e-20,-1.048298334462530033e-20,2.824480695179376610e-04,2.825878936144610165e-04,2.846129942425957562e-04
3.520054352830802600e+02,2.003990204433907607e+01,-2.967143695036607935e-20,4.880938946370532578e-21,4.878221096415172049e-21,2.793770526414844071e-10,-5.934287390073215869e-20,-9.761877892741065157e-21,2.819259845099897355e-04,2.820652916977195446e-04,2.840867808070195351e-04
3.526562756100773868e+02,2.007695481424599393e+01,-3.050182386474767731e-20,4.545163068330122225e-21,4.542636798113932495e-21,2.695963441328960661e-10,-6.100364772949535463e-20,-9.090326136660244449e-21,2.814058260146024004e-04,2.815446191540837972e-04,2.835625006787808309e-04
3.533071159370257419e+02,2.011400758415013357e+01,-3.130430742538287889e-20,4.232463196592793289e-21,4.230115014710365456e-21,2.601573374620939710e-10,-6.260861485076575778e-20,-8.464926393185586579e-21,2.808875833876234296e-04,2.810258653187514000e-04,2.830401432788514303e-04
3.539579562639256096e+02,2.015106035405151275e+01,-3.210840726136532017e-20,3.941255138136049627e-21,3.939072485492667104e-21,2.510481224145734782e-10,-6.421681452273064033e-20,-7.882510276272099254e-21,2.803712460640039872e-04,2.805090196055237683e-04,2.825196981047785306e-04
3.546087965907773309e+02,2.018811312395014923e+01,-3.286257942699010923e-20,3.670063306105570743e-21,3.668034520468190623e-21,2.422572028392366400e-10,-6.572515885398021847e-20,-7.340126612211141485e-21,2.798568035557447153e-04,2.799940715055848628e-04,2.820011547299977345e-04
3.552596369175811333e+02,2.022516589384606078e+01,-3.357203740985272203e-20,3.417513319369579295e-21,3.415627564028710296e-21,2.337734822952752426e-10,-6.714407481970544406e-20,-6.835026638739158589e-21,2.793442454517292006e-04,2.794810105877232331e-04,2.814845028031533105e-04
3.559104772443372440e+02,2.026221866373925806e+01,-3.419915371938184119e-20,3.182325079861920176e-21,3.180572267313491876e-21,2.255862501949439943e-10,-6.839830743876368238e-20,-6.364650159723840352e-21,2.788335614169468180e-04,2.789698264967777064e-04,2.809697320474269623e-04
3.565613175710459473e+02,2.029927143362975528e+01,-3.477669959169358037e-20,2.963306271483216370e-21,2.961677034518171343e-21,2.176851684251610661e-10,-6.955339918338716073e-20,-5.926612542966432739e-21,2.783247411921041525e-04,2.784605089527492083e-04,2.804568322598713706e-04
3.572121578977075274e+02,2.033632420351756664e+01,-3.528587699025280540e-20,2.759346376342893102e-21,2.757832010767740699e-21,2.100602584314411772e-10,-7.057175398050561079e-20,-5.518692752685786204e-21,2.778177745922927322e-04,2.779530477510228081e-04,2.799457933107545211e-04
3.578629982243221548e+02,2.037337697340270992e+01,-3.574046517276170186e-20,2.569411077705790767e-21,2.568003481381953068e-21,2.027018887482582113e-10,-7.148093034552340373e-20,-5.138822155411581534e-21,2.773126515068780051e-04,2.774474327612574953e-04,2.794366051429060939e-04
3.585138385508901706e+02,2.041042974328519577e+01,-3.615926139292805203e-20,2.392537005160219506e-21,2.391228654419476527e-21,1.956007629604537708e-10,-7.231852278585610406e-20,-4.785074010320439013e-21,2.768093618986111615e-04,2.769436539268310682e-04,2.789292641653811646e-04
3.591646788774118590e+02,2.044748251316504550e+01,-3.653632108104928504e-20,2.227826896646036489e-21,2.226610800306077168e-21,1.887479080808506252e-10,-7.307264216209857007e-20,-4.455653793292072978e-21,2.763078958028519772e-04,2.764417012633968440e-04,2.784238794269815144e-04
3.598155192038875043e+02,2.048453528304227333e+01,-3.690573953261240728e-20,2.074445073460779867e-21,2.073314724139795418e-21,1.821346633297372295e-10,-7.381147906522481456e-20,-4.148890146921559735e-21,2.758082433271802358e-04,2.759415648589946812e-04,2.779203142040321184e-04
3.604663595303172201e+02,2.052158805291688637e+01,-3.724831787617613340e-20,1.931613193060006718e-21,1.930562547931769457e-21,1.757526693023702345e-10,-7.449663575235226679e-20,-3.863226386120013436e-21,2.753103946505075506e-04,2.754432348741620018e-04,2.774185587408190532e-04
3.611171998567012906e+02,2.055864082278890237e+01,-3.752970733506702664e-20,1.798606337711508880e-21,1.797629781594242868e-21,1.695938575111371338e-10,-7.505941467013405327e-20,-3.597212675423017759e-21,2.748143400227442967e-04,2.749467015396023228e-04,2.769186033508113363e-04
3.617680401830400001e+02,2.059569359265833555e+01,-3.781594284692860852e-20,1.674749356452442267e-21,1.673841662933368974e-21,1.636504402894593640e-10,-7.563188569385721704e-20,-3.349498712904884533e-21,2.743200697636338781e-04,2.744519551565183235e-04,2.764204384160568622e-04
3.624188805093336327e+02,2.063274636252520011e+01,-3.804625855282094307e-20,1.559413432525032242e-21,1.558569748252693561e-21,1.579149010449713600e-10,-7.609251710564188615e-20,-3.118826865050064484e-21,2.738275742625306819e-04,2.739589860955016221e-04,2.759240543865772014e-04
3.630697208355823022e+02,2.066979913238950672e+01,-3.825985341460489610e-20,1.452012921368462835e-21,1.451228736429200417e-21,1.523799848499375777e-10,-7.651970682920979220e-20,-2.904025842736925670e-21,2.733368439779559900e-04,2.734677847966437980e-04,2.754294417797752462e-04
3.637205611617864065e+02,2.070685190225127670e+01,-3.843891470707004911e-20,1.352002393613123805e-21,1.351273510494061798e-21,1.470386893572742245e-10,-7.687782941414009823e-20,-2.704004787226247610e-21,2.728478694360991774e-04,2.729783417682041247e-04,2.749365911798450795e-04
3.643714014879460592e+02,2.074390467211051714e+01,-3.859675617238088748e-20,1.258873861075639567e-21,1.258196381841143203e-21,1.418842560309574735e-10,-7.719351234476177495e-20,-2.517747722151279133e-21,2.723606412314838465e-04,2.724906475866095690e-04,2.744454932371897041e-04
3.650222418140616583e+02,2.078095744196724581e+01,-3.873283564346247349e-20,1.172154220681541579e-21,1.171524523202214498e-21,1.369101616799696616e-10,-7.746567128692494699e-20,-2.344308441363083158e-21,2.718751500253580033e-04,2.720046928947894571e-04,2.739561386678434339e-04
3.656730821401333174e+02,2.081801021182147693e+01,-3.886533348187037457e-20,1.091402864297186329e-21,1.090817577474906191e-21,1.321101102853165350e-10,-7.773066696374074915e-20,-2.182805728594372658e-21,2.713913865455275243e-04,2.715204684029526305e-04,2.734685182529019288e-04
3.663239224661613207e+02,2.085506298167322115e+01,-3.897476534759469615e-20,1.016209437074959501e-21,1.015665430371692617e-21,1.274780251100050688e-10,-7.794953069518939230e-20,-2.032418874149919003e-21,2.709093415854679776e-04,2.710379648876992675e-04,2.729826228379568921e-04
3.669747627921457820e+02,2.089211575152248557e+01,-3.908487253335859448e-20,9.461917713142240582e-22,9.456861356803448090e-22,1.230080410822215949e-10,-7.816974506671718896e-20,-1.892383542628448116e-21,2.704290060042691124e-04,2.705571731901335042e-04,2.724984433325370009e-04
3.676256031180870991e+02,2.092916852136929151e+01,-3.918045368067459037e-20,8.809939545909899461e-22,8.805239826921806590e-22,1.186944974422777933e-10,-7.836090736134918073e-20,-1.761987909181979892e-21,2.699503707256911689e-04,2.700780842163075235e-04,2.720159707095542588e-04
3.682764434439853858e+02,2.096622129121365319e+01,-3.921305034082929495e-20,8.202845184031761317e-22,8.198476960684015536e-22,1.145319306442287534e-10,-7.842610068165858990e-20,-1.640569036806352263e-21,2.694734267371656777e-04,2.696006889376656446e-04,2.715351960047574496e-04
3.689272837698409830e+02,2.100327406105558126e+01,-3.926937102218157794e-20,7.637547681569912951e-22,7.633487590796240283e-22,1.105150675033679912e-10,-7.853874204436315587e-20,-1.527509536313982590e-21,2.689981650904060828e-04,2.691249783879356983e-04,2.710561397743933821e-04
3.695781240956540614e+02,2.104032683089508993e+01,-3.930370627828600396e-20,7.111172218141532447e-22,7.107398517734675825e-22,1.066388185811127680e-10,-7.860741255657200792e-20,-1.422234443628306489e-21,2.685245768997424065e-04,2.686509436650164062e-04,2.705788550482829337e-04
3.702289644214247915e+02,2.107737960073218630e+01,-3.933515366876322637e-20,6.621041463270947894e-22,6.617533962024088316e-22,1.028982717990858287e-10,-7.867030733752645275e-20,-1.324208292654189579e-21,2.680526533418436941e-04,2.681785759290900018e-04,2.701032403614555643e-04
3.708798047471534005e+02,2.111443237056688460e+01,-3.935424191931675262e-20,6.164662078816378212e-22,6.161402013819360056e-22,9.928868627447427396e-11,-7.870848383863350523e-20,-1.232932415763275642e-21,2.675823856558845470e-04,2.677078664025112076e-04,2.696292870108683219e-04
3.715306450728402297e+02,2.115148514039920613e+01,-3.936905652386956433e-20,5.739712100753393601e-22,5.736682011504034514e-22,9.580548636903032746e-11,-7.873811304773912866e-20,-1.147942420150678720e-21,2.671137651416022329e-04,2.672388063689190574e-04,2.691569863534693289e-04
3.721814853984854494e+02,2.118853791022915800e+01,-3.934184437150432562e-20,5.344029114358309707e-22,5.341212785687986735e-22,9.244425594432992471e-11,-7.868368874300865125e-20,-1.068805822871661941e-21,2.666467831600738414e-04,2.667713871727928066e-04,2.686863298056865268e-04
3.728323257240892303e+02,2.122559068005675087e+01,-3.931542764738761072e-20,4.975599345661700682e-22,4.972981709338126166e-22,8.920073281616581944e-11,-7.863085529477522145e-20,-9.951198691323401365e-22,2.661814311327725946e-04,2.663056002200070438e-04,2.682173088429191314e-04
3.734831660496518566e+02,2.126264344988199895e+01,-3.928302720656777050e-20,4.632547464526509775e-22,4.630114498829649338e-22,8.607080340119661843e-11,-7.856605441313554099e-20,-9.265094929053019551e-22,2.657177005406241577e-04,2.658414369749451112e-04,2.677499149990366766e-04
3.741340063751733851e+02,2.129969621970490934e+01,-3.927002447390832636e-20,4.313127031396059997e-22,4.310865714481490683e-22,8.305049754920427627e-11,-7.854004894781665272e-20,-8.626254062792119995e-22,2.652555829240621499e-04,2.653788889629415948e-04,2.672841398658824504e-04
3.747848467006542705e+02,2.133674898952550691e+01,-3.924047118908645262e-20,4.015711681652635547e-22,4.013609912659588167e-22,8.013598355455145512e-11,-7.848094237817290525e-20,-8.031423363305271095e-22,2.647950698820289439e-04,2.649179477667296112e-04,2.668199750927805619e-04
3.754356870260945698e+02,2.137380175934379167e+01,-3.919463115928446562e-20,3.738786885855142991e-22,3.736833404808801365e-22,7.732356334064074992e-11,-7.838926231856893124e-20,-7.477573771710285981e-22,2.643361530720311769e-04,2.644586050284392087e-04,2.663574123860501107e-04
3.760865273514945670e+02,2.141085452915978138e+01,-3.918284129162707706e-20,3.480942232130616869e-22,3.479126581829369646e-22,7.460966781139687856e-11,-7.836568258325415411e-20,-6.961884464261233739e-22,2.638788242091405500e-04,2.640008524474879437e-04,2.658964435085223914e-04
3.767373676768543760e+02,2.144790729897348669e+01,-3.911704691861959842e-20,3.240864302286101917e-22,3.239176765059418939e-22,7.199085236399878877e-11,-7.823409383723919684e-20,-6.481728604572203834e-22,2.634230750654942277e-04,2.635446817813580367e-04,2.654370602790646579e-04
3.773882080021743377e+02,2.148496006878492182e+01,-3.907595825476916480e-20,3.017330013942695383e-22,3.015761547775735149e-22,6.946379255728250323e-11,-7.815191650953832960e-20,-6.034660027885390765e-22,2.629688974701283044e-04,2.630900848432649042e-04,2.649792545721064356e-04
3.780390483274545090e+02,2.152201283859409031e+01,-3.900894429566317736e-20,2.809200386212676894e-22,2.807742593595828736e-22,6.702527993043614222e-11,-7.801788859132635472e-20,-5.618400772425353788e-22,2.625162833083671821e-04,2.626370535042665821e-04,2.645230183171739646e-04
3.786898886526952310e+02,2.155906560840101349e+01,-3.893052547602756487e-20,2.615414783223410667e-22,2.614059860464631331e-22,6.467221796678547583e-11,-7.786105095205512973e-20,-5.230829566446821333e-22,2.620652245214905030e-04,2.621855796899330571e-04,2.640683434984246437e-04
3.793407289778966742e+02,2.159611837820569846e+01,-3.885107656699419224e-20,2.434985534759375933e-22,2.433726221053533152e-22,6.240161819765296164e-11,-7.770215313398838447e-20,-4.869971069518751865e-22,2.616157131055674157e-04,2.617356553820116005e-04,2.636152709499007293e-04
3.799915693030590091e+02,2.163317114800815943e+01,-3.874515095060653460e-20,2.266992900430266321e-22,2.265822452396498478e-22,6.021059644144373897e-11,-7.749030190121306920e-20,-4.533985800860532641e-22,2.611677411119561754e-04,2.612872726173165461e-04,2.631638061773278713e-04
3.806424096281824632e+02,2.167022391780840707e+01,-3.864619958924716487e-20,2.110580418385156381e-22,2.109492569448851294e-22,5.809636917328106082e-11,-7.729239917849432973e-20,-4.221160836770312761e-22,2.607213006460828986e-04,2.608404234868411109e-04,2.627138779025043583e-04
3.812932499532672068e+02,2.170727668760645201e+01,-3.854520313630899884e-20,1.964950559197643792e-22,1.963939478987477458e-22,5.605625002067087997e-11,-7.709040627261799769e-20,-3.929901118395287584e-22,2.602763838674970742e-04,2.603951001353133066e-04,2.622654783368289920e-04
3.819440902783134106e+02,2.174432945740230139e+01,-3.847415479894677452e-20,1.829360658353886860e-22,1.828420931886586554e-22,5.408764638083763329e-11,-7.694830959789354903e-20,-3.658721316707773721e-22,2.598329829889833853e-04,2.599512947615290059e-04,2.618185997439269178e-04
3.825949306033214157e+02,2.178138222719597650e+01,-3.840928017180169782e-20,1.703119158169541525e-22,1.702245753307129443e-22,5.218805615551710755e-11,-7.681856034360339563e-20,-3.406238316339083051e-22,2.593910902760621084e-04,2.595089996171306979e-04,2.613732344392145890e-04
3.832457709282912788e+02,2.181843499698747735e+01,-3.831915688562193841e-20,1.585582096654570634e-22,1.584770331739810595e-22,5.035506459914133678e-11,-7.663831377124387683e-20,-3.171164193309141269e-22,2.589506980476552478e-04,2.590682070066074871e-04,2.609293747894713441e-04
3.838966112532232273e+02,2.185548776677682525e+01,-3.821641780049949600e-20,1.476149822308224490e-22,1.475395349147254942e-22,4.858634127649053329e-11,-7.643283560099899199e-20,-2.952299644616448981e-22,2.585117986736440443e-04,2.586289092862958938e-04,2.604870132124132613e-04
3.845474515781174318e+02,2.189254053656402021e+01,-3.812219263849208795e-20,1.374263957872680426e-22,1.373562735667029789e-22,4.687963712601930655e-11,-7.624438527698417590e-20,-2.748527915745360853e-22,2.580743845765343103e-04,2.581910988644908755e-04,2.600461421762724338e-04
3.851982919029742334e+02,2.192959330634908710e+01,-3.803360859658547961e-20,1.279404563917921526e-22,1.278752833470693484e-22,4.523278162520086996e-11,-7.606721719317095922e-20,-2.558809127835843053e-22,2.576384482292359834e-04,2.577547682006686713e-04,2.596067541993798229e-04
3.858491322277935183e+02,2.196664607613201881e+01,-3.793935403368302276e-20,1.191087485626699919e-22,1.190481755429234677e-22,4.364368005435352317e-11,-7.587870806736604552e-20,-2.382174971253399838e-22,2.572039821558402828e-04,2.573199098059308909e-04,2.591688418497526650e-04
3.864999725525758549e+02,2.200369884591284375e+01,-3.784312027149689863e-20,1.108861899864339681e-22,1.108298925218827974e-22,4.211031085553898941e-11,-7.568624054299379727e-20,-2.217723799728679362e-22,2.567709789309535751e-04,2.568865162405620239e-04,2.587323977446850227e-04
3.871508128773212434e+02,2.204075161569156904e+01,-3.771657386449284835e-20,1.032308023951351727e-22,1.031784786416818978e-22,4.063072308323973765e-11,-7.543314772898569670e-20,-2.064616047902703454e-22,2.563394311785871515e-04,2.564545801154727300e-04,2.582974145503438108e-04
3.878016532020298541e+02,2.207780438546819823e+01,-3.762250895043787243e-20,9.610349729748093049e-23,9.605486689910417065e-23,3.920303394363332600e-11,-7.524501790087574487e-20,-1.922069945949618610e-22,2.559093315727123397e-04,2.560240940916447272e-04,2.578638849813670998e-04
3.884524935267017440e+02,2.211485715524273843e+01,-3.752029747582531389e-20,8.946787782102250362e-23,8.942268023807426525e-23,3.782542641939662589e-11,-7.504059495165062778e-20,-1.789357556420450072e-22,2.554806728362057910e-04,2.555950508792426135e-04,2.574318018004672975e-04
3.891033338513373678e+02,2.215190992501521094e+01,-3.740394401929827744e-20,8.329005363917584251e-23,8.324804651076040761e-23,3.649614697707370909e-11,-7.480788803859655488e-20,-1.665801072783516850e-22,2.550534477405719258e-04,2.551674432358375100e-04,2.570011578180378007e-04
3.897541741759367255e+02,2.218896269478562289e+01,-3.728137974570615124e-20,7.753846794074557033e-23,7.749942615453129169e-23,3.521350335414669687e-11,-7.456275949141230248e-20,-1.550769358814911407e-22,2.546276491056098656e-04,2.547412639690715963e-04,2.565720108819506641e-04
3.904050145005002150e+02,2.222601546455399202e+01,-3.717700815813307046e-20,7.218373735794359626e-23,7.214745171186140359e-23,3.397586242304649058e-11,-7.435401631626614092e-20,-1.443674747158871925e-22,2.542032697991358781e-04,2.543165059335494860e-04,2.561443261683181904e-04
3.910558548250277795e+02,2.226306823432031479e+01,-3.704617909590015970e-20,6.719850248246400866e-23,6.716477838013786527e-23,3.278164812943677981e-11,-7.409235819180031940e-20,-1.343970049649280173e-22,2.537803027361507091e-04,2.538931620319484495e-04,2.557180582775372491e-04
3.917066951495195894e+02,2.230012100408460185e+01,-3.693443805554933510e-20,6.255728814392977148e-23,6.252594483406724766e-23,3.162933950219441476e-11,-7.386887611109867019e-20,-1.251145762878595430e-22,2.533587408791726503e-04,2.534712252141302358e-04,2.552932002184395621e-04
3.923575354739759860e+02,2.233717377384687097e+01,-3.680671392029493482e-20,5.823637411011202123e-23,5.820724361533504355e-23,3.051746873260232629e-11,-7.361342784058986963e-20,-1.164727482202240425e-22,2.529385772368497598e-04,2.530506884764749387e-04,2.548697450454930893e-04
3.930083757983971395e+02,2.237422654360713636e+01,-3.668982887068343076e-20,5.421367435479326026e-23,5.418660043253128038e-23,2.944461932035291933e-11,-7.337965774136686151e-20,-1.084273487095865205e-22,2.525198048644594628e-04,2.526315448613258852e-04,2.544476858584326408e-04
3.936592161227831639e+02,2.241127931336540158e+01,-3.657601479595932932e-20,5.046862423889784738e-23,5.044346175943181797e-23,2.840942428404541061e-11,-7.315202959191865865e-20,-1.009372484777956948e-22,2.521024168632424178e-04,2.522137874580998584e-04,2.540270158018935790e-04
3.943100564471341158e+02,2.244833208312167017e+01,-3.645509574843675234e-20,4.698207607241087260e-23,4.695869016169958697e-23,2.741056443394030782e-11,-7.291019149687350468e-20,-9.396415214482174519e-23,2.516864063798474049e-04,2.517974094016217634e-04,2.536077280650510506e-04
3.949608967714503365e+02,2.248538485287595989e+01,-3.635517002256927788e-20,4.373620160903521428e-23,4.371446682116487369e-23,2.644676670480983324e-11,-7.271034004513855576e-20,-8.747240321807042856e-23,2.512717666060537702e-04,2.513824038710144038e-04,2.531898158812603025e-04
3.956117370957319963e+02,2.252243762262828497e+01,-3.624632686732767369e-20,4.071440095467354939e-23,4.069420076327724040e-23,2.551680254680111520e-11,-7.249265373465534738e-20,-8.142880190934709878e-23,2.508584907786048923e-04,2.509687640911417716e-04,2.527732725277024185e-04
3.962625774199791522e+02,2.255949039237864184e+01,-3.612632782907953715e-20,3.790121821475396211e-23,3.788244432723428263e-23,2.461948637229762645e-11,-7.225265565815907429e-20,-7.580243642950792422e-23,2.504465721784310261e-04,2.505564833313878026e-04,2.523580913250324416e-04
3.969134177441920883e+02,2.259654316212705538e+01,-3.598746669194928156e-20,3.528226275135210843e-23,3.526481444990060980e-23,2.375367405683612918e-11,-7.197493338389856312e-20,-7.056452550270421685e-23,2.500360041307603254e-04,2.501455549052122862e-04,2.519442656370302069e-04
3.975642580683709753e+02,2.263359593187352559e+01,-3.587081514050612801e-20,3.284413563833490623e-23,3.282791936406279831e-23,2.291826149220321667e-11,-7.174163028101225602e-20,-6.568827127666981245e-23,2.496267800043971974e-04,2.497359721692626877e-04,2.515317888702565952e-04
3.982150983925157561e+02,2.267064870161805601e+01,-3.576510545353199323e-20,3.057436153456776678e-23,3.055929033897878831e-23,2.211218318989919598e-11,-7.153021090706398647e-20,-6.114872306913553356e-23,2.492188932113337252e-04,2.493277285247064157e-04,2.511206544737111415e-04
3.988659387166269994e+02,2.270770147136067862e+01,-3.563646998164644061e-20,2.846132509641704736e-23,2.844731811672439871e-23,2.133441093322218649e-11,-7.127293996329288123e-20,-5.692265019283409472e-23,2.488123372067496675e-04,2.489208174146773089e-04,2.507108559384928432e-04
3.995167790407045345e+02,2.274475424110138277e+01,-3.549612288876500959e-20,2.649421160254483324e-23,2.648119372161819911e-23,2.058395247628334443e-11,-7.099224577753001917e-20,-5.298842320508966648e-23,2.484071054886793917e-04,2.485152323260519935e-04,2.503023867974661166e-04
4.001676193647487594e+02,2.278180701084018622e+01,-3.535259017716176736e-20,2.466295193444178633e-23,2.465085334216498013e-23,1.985985028832391975e-11,-7.070518035432353472e-20,-4.932590386888357266e-23,2.480031915969571621e-04,2.481109667872294366e-04,2.498953191511625073e-04
4.008184596887595603e+02,2.281885978057708897e+01,-3.522456919988354934e-20,2.295817123002872580e-23,2.294692700559374652e-23,1.916118034176130649e-11,-7.044913839976709867e-20,-4.591634246005745160e-23,2.476005891135502068e-04,2.477080143694632142e-04,2.494895839577443929e-04
4.014693000127373352e+02,2.285591255031211233e+01,-3.509688879475801809e-20,2.137114095042688251e-23,2.136069078428329504e-23,1.848705094244435559e-11,-7.019377758951603618e-20,-4.274228190085376502e-23,2.471992916622811620e-04,2.473063686848631093e-04,2.490851580247972047e-04
4.021201403366821978e+02,2.289296532004526341e+01,-3.497222948866488624e-20,1.989373444810692237e-23,1.988402229127633979e-23,1.783660160065311995e-11,-6.994445897732977248e-20,-3.978746889621384474e-23,2.467992929079398934e-04,2.469060233875053356e-04,2.486820350590929055e-04
4.027709806605942049e+02,2.293001808977654221e+01,-3.484180653021705356e-20,1.851838550717872493e-23,1.850935923875165234e-23,1.720900194142665604e-11,-6.968361306043410711e-20,-3.703677101435744987e-23,2.464005865562834963e-04,2.465069721723223140e-04,2.482802088074216856e-04
4.034218209844735838e+02,2.296707085950596294e+01,-3.473128182039688204e-20,1.723804964906669611e-23,1.722966084885772956e-23,1.660345065285296802e-11,-6.946256364079376407e-20,-3.447609929813339221e-23,2.460031663538697622e-04,2.461092087752136948e-04,2.478796730562779775e-04
4.040726613083206189e+02,2.300412362923354337e+01,-3.461857869251632794e-20,1.604616825252277241e-23,1.603837192077487908e-23,1.601917447100187022e-11,-6.923715738503265587e-20,-3.209233650504554482e-23,2.456070260872800226e-04,2.457127269714920459e-04,2.474804216315468512e-04
4.047235016321353100e+02,2.304117639895927994e+01,-3.449047206395321294e-20,1.493663507861397743e-23,1.492938937134639264e-23,1.545542720022783102e-11,-6.898094412790642588e-20,-2.987327015722795486e-23,2.452121595836187495e-04,2.453175205773261425e-04,2.470824483981954494e-04
4.053743419559178847e+02,2.307822916868319041e+01,-3.437956330622720526e-20,1.390376503603390659e-23,1.389703107916507067e-23,1.491148876761274803e-11,-6.875912661245441051e-20,-2.780753007206781318e-23,2.448185607084596427e-04,2.449235834487417662e-04,2.466857472599661046e-04
4.060251822796683427e+02,2.311528193840527479e+01,-3.426958010246314036e-20,1.294226520832161830e-23,1.293600687369218453e-23,1.438666431036308519e-11,-6.853916020492628072e-20,-2.588453041664323661e-23,2.444262233681770979e-04,2.445309094809555717e-04,2.462903121590723828e-04
4.066760226033870254e+02,2.315233470812554728e+01,-3.417481971527300668e-20,1.204720782712051389e-23,1.204139152186721863e-23,1.388028329501510932e-11,-6.834963943054601337e-20,-2.409441565424102779e-23,2.440351415068930940e-04,2.441394926079309968e-04,2.458961370758989766e-04
4.073268629270740462e+02,2.318938747784401500e+01,-3.407598092154929500e-20,1.121400506021563548e-23,1.120859957480670782e-23,1.339169866734266550e-11,-6.815196184309859001e-20,-2.242801012043127096e-23,2.436453091080870159e-04,2.437493268028223525e-04,2.455032160287032241e-04
4.079777032507296326e+02,2.322644024756069570e+01,-3.396444203370396990e-20,1.043838561732383214e-23,1.043336194663228649e-23,1.292028603190024555e-11,-6.792888406740793980e-20,-2.087677123464766428e-23,2.432567201936519652e-04,2.433604060767535771e-04,2.451115430733191757e-04
4.086285435743537278e+02,2.326349301727558583e+01,-3.384733213510447299e-20,9.716372930570762938e-24,9.711704106260596362e-24,1.246544286017025296e-11,-6.769466427020894599e-20,-1.943274586114152588e-23,2.428693688231176040e-04,2.429727244799284591e-04,2.447211123028665406e-04
4.092793838979465590e+02,2.330054578698869250e+01,-3.374063994184393637e-20,9.044264804885352676e-24,9.039925771180289873e-24,1.202658772632057270e-11,-6.748127988368787275e-20,-1.808852960977070535e-23,2.424832490940942442e-04,2.425862760994101919e-04,2.443319178474593072e-04
4.099302242215084107e+02,2.333759855670003702e+01,-3.363458775621134145e-20,8.418614529082080237e-24,8.414581999866764422e-24,1.160315956961155623e-11,-6.726917551242268290e-20,-1.683722905816416047e-23,2.420983551418287583e-04,2.422010550604536405e-04,2.439439554661377056e-04
4.105810645450393395e+02,2.337465132640961940e+01,-3.355359994368353249e-20,7.836213261144708568e-24,7.832465586590840789e-24,1.119461698252572888e-11,-6.710719988736706499e-20,-1.567242652228941714e-23,2.417146811384274230e-04,2.418170555251730747e-04,2.435573043935219029e-04
4.112319048685394591e+02,2.341170409611745029e+01,-3.345116123967302733e-20,7.294073603979305418e-24,7.290590668993713390e-24,1.080043752372557373e-11,-6.690232247934605466e-20,-1.458814720795861084e-23,2.413322212928004085e-04,2.414342716928752353e-04,2.431718713528076769e-04
4.118827451920088834e+02,2.344875686582353325e+01,-3.334262855877188292e-20,6.789414354830090362e-24,6.786177464961446614e-24,1.042011705497510944e-11,-6.668525711754376585e-20,-1.357882870966018072e-23,2.409509698508838227e-04,2.410526977998372899e-04,2.427876506282600135e-04
4.125335855154478395e+02,2.348580963552787892e+01,-3.324497579823655971e-20,6.319646285754320898e-24,6.316638061072849716e-24,1.005316910119220067e-11,-6.648995159647311942e-20,-1.263929257150864180e-23,2.405709210946405108e-04,2.406723281179745655e-04,2.424046365396285074e-04
4.131844258388564981e+02,2.352286240523050154e+01,-3.313468559067409300e-20,5.882358888146057924e-24,5.879563180237263217e-24,9.699124232826188814e-12,-6.626937118134818600e-20,-1.176471777629211585e-23,2.401920693421155661e-04,2.402931569556177038e-04,2.420228234418737910e-04
4.138352661622349160e+02,2.355991517493140464e+01,-3.303512671432001000e-20,5.475308060220800446e-24,5.472709861117421199e-24,9.357529469784144907e-12,-6.607025342864002000e-20,-1.095061612044160089e-23,2.398144089470477525e-04,2.399151786575126621e-04,2.416422057248975681e-04
4.144861064855833206e+02,2.359696794463059533e+01,-3.293308586989702858e-20,5.096404628815511269e-24,5.093989986567604531e-24,9.027947706155683847e-12,-6.586617173979405716e-20,-1.019280925763102254e-23,2.394379342984809256e-04,2.395383876029333337e-04,2.412627778132745988e-04
4.151369468089017687e+02,2.363402071432808427e+01,-3.282574494704644537e-20,4.743703651801335476e-24,4.741459602634707139e-24,8.709957155012607224e-12,-6.565148989409289074e-20,-9.487407303602670952e-24,2.390626398210415893e-04,2.391627782072358599e-04,2.408845341659868807e-04
4.157877871321905445e+02,2.367107348402388212e+01,-3.270815507081795543e-20,4.415394478041272917e-24,4.413308973689554971e-24,8.403150812584103285e-12,-6.541631014163591087e-20,-8.830788956082545834e-24,2.386885199738286722e-04,2.387883449198602293e-04,2.405074692761609463e-04
4.164386274554495913e+02,2.370812625371798887e+01,-3.259797315639610302e-20,4.109791482465420929e-24,4.107853323001209744e-24,8.107135941133548970e-12,-6.519594631279220604e-20,-8.219582964930841858e-24,2.383155692509686396e-04,2.384150822258845892e-04,2.401315776708067061e-04
4.170894677786791362e+02,2.374517902341041165e+01,-3.249472468700171697e-20,3.825325433160001519e-24,3.823524211552696908e-24,7.821533569885329963e-12,-6.498944937400343394e-20,-7.650650866320003037e-24,2.379437821804497588e-04,2.380429846448040010e-04,2.397568539105597606e-04
4.177403081018794069e+02,2.378223179310117175e+01,-3.236796825184995592e-20,3.560535466996569807e-24,3.558861511144608646e-24,7.545978013373331663e-12,-6.473593650369991184e-20,-7.121070933993139615e-24,2.375731533250657890e-04,2.376720467291981720e-04,2.393832925894242008e-04
4.183911484250504031e+02,2.381928456279026562e+01,-3.226228911345639931e-20,3.314061611560029948e-24,3.312505930856999295e-24,7.280116406604498216e-12,-6.452457822691279863e-20,-6.628123223120059895e-24,2.372036772805841132e-04,2.373022630666188348e-04,2.390108883345203408e-04
4.190419887481924093e+02,2.385633733247770749e+01,-3.214806438217633987e-20,3.084637818725664253e-24,3.083192058755832922e-24,7.023608256451474824e-12,-6.429612876435267974e-20,-6.169275637451328506e-24,2.368353486771335170e-04,2.369336282773693014e-04,2.386396358058321266e-04
4.196928290713053684e+02,2.389339010216349379e+01,-3.203862960506390710e-20,2.871085487042143166e-24,2.869741883353692708e-24,6.776125008709556394e-12,-6.407725921012781419e-20,-5.742170974084286331e-24,2.364681621774833431e-04,2.365661370163918420e-04,2.382695296959589076e-04
4.203436693943895079e+02,2.393044287184764229e+01,-3.192465594526791682e-20,2.672307426176620639e-24,2.671058761776005087e-24,6.537349630271895071e-12,-6.384931189053583364e-20,-5.344614852353241279e-24,2.361021124778206470e-04,2.361997839708251945e-04,2.379005821565057367e-04
4.209945097174451121e+02,2.396749564153016721e+01,-3.182416585393460290e-20,2.487282235523574324e-24,2.486121803858990025e-24,6.306976205896438734e-12,-6.364833170786920581e-20,-4.974564471047148648e-24,2.357371943071950859e-04,2.358345638602266092e-04,2.375328348385742628e-04
4.216453500404720103e+02,2.400454841121105432e+01,-3.170471397161071887e-20,2.315059075414044677e-24,2.313980643523541334e-24,6.084709549056278578e-12,-6.340942794322143773e-20,-4.630118150828089354e-24,2.353734024268527847e-04,2.354704714380151387e-04,2.371662174034876809e-04
4.222961903634706573e+02,2.404160118089033560e+01,-3.158978028273715980e-20,2.154752796041148723e-24,2.153750570741396084e-24,5.870264826382395739e-12,-6.317956056547431960e-20,-4.309505592082297446e-24,2.350107316308469585e-04,2.351075014886960801e-04,2.368007246798094429e-04
4.229470306864409395e+02,2.407865395056800040e+01,-3.148619817401347410e-20,2.005539401602427585e-24,2.004607999247301253e-24,5.663367195225541706e-12,-6.297239634802694819e-20,-4.011078803204855171e-24,2.346491767444280896e-04,2.347456488301924438e-04,2.364363515274186893e-04
4.235978710093830273e+02,2.411570672024406292e+01,-3.139209854356914561e-20,1.866651829748648457e-24,1.865786246860803186e-24,5.463751453879728748e-12,-6.278419708713829123e-20,-3.733303659497296913e-24,2.342887326256537506e-04,2.343849083111804177e-04,2.360730928372758726e-04
4.242487113322972050e+02,2.415275948991853383e+01,-3.128095580925064798e-20,1.737376020498172751e-24,1.736571606874485490e-24,5.271161704026140982e-12,-6.256191161850129596e-20,-3.474752040996345501e-24,2.339293941632791807e-04,2.340252748124216353e-04,2.357109435311884873e-04
4.248995516551835863e+02,2.418981225959142378e+01,-3.119410805213462078e-20,1.617047256440571723e-24,1.616299690448702451e-24,5.085351024971554480e-12,-6.238821610426924156e-20,-3.234094512881143446e-24,2.335711562780340422e-04,2.336667432456529525e-04,2.353498985615807865e-04
4.255503919780420574e+02,2.422686502926272212e+01,-3.109768232161922194e-20,1.505046756152119937e-24,1.504352021333925032e-24,4.906081159269870913e-12,-6.219536464323844388e-20,-3.010093512304239873e-24,2.332140139211791308e-04,2.333093085546966705e-04,2.349899529112660444e-04
4.262012323008729595e+02,2.426391779893245371e+01,-3.100306309786818150e-20,1.400798501849351356e-24,1.400152865528440457e-24,4.733122209330226924e-12,-6.200612619573636299e-20,-2.801597003698702713e-24,2.328579620750614865e-04,2.329529657130180453e-04,2.346311015932185217e-04
4.268520726236762926e+02,2.430097056860061500e+01,-3.090003194901790377e-20,1.303766286571913608e-24,1.303166279676497911e-24,4.566252344628356956e-12,-6.180006389803580754e-20,-2.607532573143827217e-24,2.325029957525592827e-04,2.325977097260567561e-04,2.342733396503496053e-04
4.275029129464523976e+02,2.433802333826722730e+01,-3.079623132133822175e-20,1.213450964697170851e-24,1.212893363127598051e-24,4.405257519151584205e-12,-6.159246264267644349e-20,-2.426901929394341701e-24,2.321491099970263150e-04,2.322435356281182806e-04,2.339166621552840283e-04
4.281537532692012178e+02,2.437507610793228352e+01,-3.070764321148730201e-20,1.129387892003221304e-24,1.128869699616125673e-24,4.249931198720516920e-12,-6.141528642297460403e-20,-2.258775784006442609e-24,2.317962998818479115e-04,2.318904384852604750e-04,2.335610642101406450e-04
4.288045935919228668e+02,2.441212887759579431e+01,-3.061728665025265716e-20,1.051144543357516165e-24,1.050662975487724410e-24,4.100074097843060981e-12,-6.123457330050531432e-20,-2.102289086715032329e-24,2.314445605102743997e-04,2.315384133926290389e-04,2.332065409463127440e-04
4.294554339146174584e+02,2.444918164725776677e+01,-3.051347953391223420e-20,9.783182936717586663e-25,9.778707622992606534e-25,3.955493925768079189e-12,-6.102695906782446841e-20,-1.956636587343517333e-24,2.310938870153655955e-04,2.311874554753456934e-04,2.328530875242514249e-04
4.301062742372852767e+02,2.448623441691821156e+01,-3.040898321275546292e-20,9.105343522427884353e-25,9.101184524580535370e-25,3.816005141418032286e-12,-6.081796642551092583e-20,-1.821068704485576871e-24,2.307442745594912026e-04,2.308375598877310253e-04,2.325006991332499229e-04
4.307571145599263218e+02,2.452328718657713580e+01,-3.028750741960436567e-20,8.474438407981409956e-25,8.470573373467044566e-25,3.681428716890668289e-12,-6.057501483920873134e-20,-1.694887681596281991e-24,2.303957183346083681e-04,2.304887218138595983e-04,2.321494020034596171e-04
4.314079548825407642e+02,2.456033995623454302e+01,-3.017207309841846425e-20,7.887220026285837445e-25,7.883628181071258337e-25,3.551591909230847024e-12,-6.034414619683692850e-20,-1.577444005257167489e-24,2.300482135608183931e-04,2.301409364667827973e-04,2.317992052527236523e-04
4.320587952051286038e+02,2.459739272589043679e+01,-3.005263691514022940e-20,7.340665358439465973e-25,7.337327399344435663e-25,3.426328040183995181e-12,-6.010527383028045879e-20,-1.468133071687893195e-24,2.297017554879765555e-04,2.297941990880847385e-04,2.314500585404438563e-04
4.327096355276901249e+02,2.463444549554483132e+01,-2.994537116949151440e-20,6.831960428778117642e-25,6.828858413618249139e-25,3.305476283652508366e-12,-5.989074233898302879e-20,-1.366392085755623528e-24,2.293563393942488204e-04,2.294485049481043148e-04,2.311019571762071864e-04
4.333604758502254413e+02,2.467149826519773370e+01,-2.984919716336734192e-20,6.358485852356014010e-25,6.355603106045139814e-25,3.188881460586489789e-12,-5.969839432673468385e-20,-1.271697170471202802e-24,2.290119605856122398e-04,2.291038493456021286e-04,2.307548964973216979e-04
4.340113161727344391e+02,2.470855103484913684e+01,-2.973887486479685607e-20,5.917803386864679036e-25,5.915124415778399745e-25,3.076393841049198329e-12,-5.947774972959371214e-20,-1.183560677372935807e-24,2.286686143970206864e-04,2.287602276083156028e-04,2.304088718686135269e-04
4.346621564952176300e+02,2.474560380449907271e+01,-2.964506722439652814e-20,5.507643424835578174e-25,5.505153827130623794e-25,2.967868953206828737e-12,-5.929013444879305628e-20,-1.101528684967115635e-24,2.283262961907395194e-04,2.284176350901834240e-04,2.300638786822249856e-04
4.353129968176746729e+02,2.478265657414751999e+01,-2.953607983127634783e-20,5.125893330738204443e-25,5.123579721688694709e-25,2.863167399000957994e-12,-5.907215966255269566e-20,-1.025178666147640889e-24,2.279850013570117184e-04,2.280760671752313229e-04,2.297199123574158812e-04
4.359638371401060226e+02,2.481970934379450355e+01,-2.942850764682842933e-20,4.770586590899901907e-25,4.768436534775910404e-25,2.762154676270222438e-12,-5.885701529365685867e-20,-9.541173181799803814e-25,2.276447253136137938e-04,2.277355192730201594e-04,2.293769683403652977e-04
4.366146774625117928e+02,2.485676211344003050e+01,-2.933922204189028905e-20,4.439892723894114137e-25,4.437894660762330093e-25,2.664701007096242239e-12,-5.867844408378057810e-20,-8.879785447788228273e-25,2.273054635056337425e-04,2.273959868213104585e-04,2.290350421039757608e-04
4.372655177848918129e+02,2.489381488308409374e+01,-2.923831202496122029e-20,4.132107869170912836e-25,4.130251055549398776e-25,2.570681172156329133e-12,-5.847662404992244057e-20,-8.264215738341825671e-25,2.269672114051379808e-04,2.270574652856183206e-04,2.286941291476788144e-04
4.379163581072465377e+02,2.493086765272671457e+01,-2.912532049385052685e-20,3.845646033451311527e-25,3.843920488118289836e-25,2.479974350873263287e-12,-5.825064098770105371e-20,-7.691292066902623054e-25,2.266299645112268557e-04,2.267199501571059983e-04,2.283542249972426823e-04
4.385671984295758534e+02,2.496792042236788944e+01,-2.903475223985435403e-20,3.579030952092841983e-25,3.577427396348564233e-25,2.392463967159736139e-12,-5.806950447970870806e-20,-7.158061904185683967e-25,2.262937183498126004e-04,2.263834369550243864e-04,2.280153252045805004e-04
4.392180387518799876e+02,2.500497319200763258e+01,-2.894170094993795518e-20,3.330888494884828178e-25,3.329398305401990245e-25,2.308037540561934771e-12,-5.788340189987591036e-20,-6.661776989769656357e-25,2.259584684728976889e-04,2.260479212241595093e-04,2.276774253475614756e-04
4.398688790741589401e+02,2.504202596164594041e+01,-2.885074767040950729e-20,3.099939604131485127e-25,3.098554769843189435e-25,2.226586542613851203e-12,-5.770149534081901459e-20,-6.199879208262970254e-25,2.256242104594630149e-04,2.257133985367199003e-04,2.273405210298234816e-04
4.405197193964128815e+02,2.507907873128282361e+01,-2.873647247486536922e-20,2.884993729990960179e-25,2.883706803345635092e-25,2.148006258220170051e-12,-5.747294494973073844e-20,-5.769987459981920359e-25,2.252909399139690905e-04,2.253798644898941106e-04,2.270046078805860882e-04
4.411705597186419254e+02,2.511613150091828928e+01,-2.863545868286618952e-20,2.684942702807773726e-25,2.683746762325376436e-25,2.072195651892118609e-12,-5.727091736573237904e-20,-5.369885405615547451e-25,2.249586524672442245e-04,2.250473147077380887e-04,2.266697242149368346e-04
4.418214000408463562e+02,2.515318427055235517e+01,-2.853590693141817082e-20,2.498755036194357101e-25,2.497643652166109690e-25,1.999057238666710978e-12,-5.707181386283634163e-20,-4.997510072388714202e-25,2.246273437757073665e-04,2.247157448396208679e-04,2.263358509817051676e-04
4.424722403630260601e+02,2.519023704018501419e+01,-2.843785800657970784e-20,2.325470632141344820e-25,2.324437826860835497e-25,1.928496959545785002e-12,-5.687571601315941568e-20,-4.650941264282689640e-25,2.242970095213681070e-04,2.243851505605576335e-04,2.260029552918045050e-04
4.431230806851811508e+02,2.522728980981626989e+01,-2.832380930252591054e-20,2.164195836866896021e-25,2.163236054907564874e-25,1.860424061296806614e-12,-5.664761860505182107e-20,-4.328391673733792042e-25,2.239676454112160542e-04,2.240555275715427896e-04,2.256710328811949336e-04
4.437739210073117420e+02,2.526434257944612938e+01,-2.821822024673791724e-20,2.014098845247453252e-25,2.013206926170861411e-25,1.794750980463133297e-12,-5.643644049347583448e-20,-4.028197690494906503e-25,2.236392471783310576e-04,2.237268715982176914e-04,2.253400795104471975e-04
4.444247613294181747e+02,2.530139534907461751e+01,-2.815048153034706451e-20,1.874405430249871806e-25,1.873576576165146251e-25,1.731393231436531252e-12,-5.630096306069412903e-20,-3.748810860499743612e-25,2.233118105796072506e-04,2.233991783908706452e-04,2.250100909645655941e-04
4.450756016515001647e+02,2.533844811870171299e+01,-2.804595884679628473e-20,1.744394953859012280e-25,1.743624705840400054e-25,1.670269298449995516e-12,-5.609191769359256947e-20,-3.488789907718024560e-25,2.229853313976404294e-04,2.230724437263242876e-04,2.246810630528146369e-04
4.457264419735581669e+02,2.537550088832744066e+01,-2.797880928246524667e-20,1.623396660093620407e-25,1.622680876463275029e-25,1.611300531353862577e-12,-5.595761856493049334e-20,-3.246793320187240814e-25,2.226598054393957860e-04,2.227466634038277604e-04,2.243529916085454747e-04
4.463772822955921242e+02,2.541255365795180055e+01,-2.788643887332120438e-20,1.510786230725027923e-25,1.510121060594569964e-25,1.554411045042884342e-12,-5.577287774664240876e-20,-3.021572461450055845e-25,2.223352285363744407e-04,2.224218332486094241e-04,2.240258724890240732e-04
4.470281226176020937e+02,2.544960642757479619e+01,-2.780845969486336209e-20,1.405982566906730970e-25,1.405364431475487191e-25,1.499527622406729624e-12,-5.561691938972672417e-20,-2.811965133813461940e-25,2.220115965438917982e-04,2.220979491101005010e-04,2.236997015752618077e-04
4.476789629395883594e+02,2.548665919719644180e+01,-2.772205590100738609e-20,1.308444799083467634e-25,1.307870374355346521e-25,1.446579620680643451e-12,-5.544411180201477218e-20,-2.616889598166935267e-25,2.216889053417991917e-04,2.217750068612689418e-04,2.233744747718458402e-04
4.483298032615509214e+02,2.552371196681673737e+01,-2.765740233256465074e-20,1.217669509222629825e-25,1.217135704430174870e-25,1.395498881077401598e-12,-5.531480466512930147e-20,-2.435339018445259650e-25,2.213671508340397942e-04,2.214530023997296482e-04,2.230501880067727212e-04
4.489806435834898934e+02,2.556076473643569003e+01,-2.756743842743682208e-20,1.133188134339119729e-25,1.132692077119693403e-25,1.346219641585840749e-12,-5.513487685487364416e-20,-2.266376268678239457e-25,2.210463289477604398e-04,2.211319316464122053e-04,2.227268372312824526e-04
4.496314839054052186e+02,2.559781750605329620e+01,-2.746503149905119838e-20,1.054564554755373830e-25,1.054103577395211373e-25,1.298678452825154996e-12,-5.493006299810239676e-20,-2.109129109510747660e-25,2.207264356340887801e-04,2.208117905461159935e-04,2.224044184196935807e-04
4.502823242272972379e+02,2.563487027566957366e+01,-2.734054088889522635e-20,9.813928539457899922e-26,9.809644757884434794e-26,1.252814096848175430e-12,-5.468108177779045269e-20,-1.962785707891579984e-25,2.204074668672451054e-04,2.204925750666220097e-04,2.220829275692401861e-04
4.509331645491660083e+02,2.567192304528452951e+01,-2.722203790722636289e-20,9.132952238625325573e-26,9.128971395649274505e-26,1.208567508790420844e-12,-5.444407581445272578e-20,-1.826590447725065115e-25,2.200894186449864343e-04,2.201742811995810456e-04,2.217623606999110698e-04
4.515840048710114729e+02,2.570897581489816019e+01,-2.712512815520975569e-20,8.499200197584995361e-26,8.495500883409369890e-26,1.165881701265398170e-12,-5.425025631041951137e-20,-1.699840039516999072e-25,2.197722869881069130e-04,2.198569049600695990e-04,2.214427664903012951e-04
4.522348451928339159e+02,2.574602858451047993e+01,-2.705175935134867566e-20,7.909399536573513563e-26,7.905961841629319498e-26,1.124701691410078321e-12,-5.410351870269735132e-20,-1.581879907314702713e-25,2.194560679399382153e-04,2.195404423850355613e-04,2.211241015005636836e-04
4.528856855146333942e+02,2.578308135412148872e+01,-2.697732003232688257e-20,7.360504045621432557e-26,7.357309467577675363e-26,1.084974430487847076e-12,-5.395464006465376513e-20,-1.472100809124286511e-25,2.191407575671266983e-04,2.192248895344084403e-04,2.208063480818088053e-04
4.535365258364100214e+02,2.582013412373120076e+01,-2.689723850122163472e-20,6.849678496446454994e-26,6.846709853033822252e-26,1.046648735959400814e-12,-5.379447700244326943e-20,-1.369935699289290999e-25,2.188263519585231798e-04,2.189102424916544720e-04,2.204895023490039839e-04
4.541873661581637975e+02,2.585718689333960896e+01,-2.679233622663873704e-20,6.374284074545235480e-26,6.371525386671876810e-26,1.009675225935300616e-12,-5.358467245327747408e-20,-1.274856814909047096e-25,2.185128472251829379e-04,2.185964973620002638e-04,2.201735604390261274e-04
4.548382064798947795e+02,2.589423966294672041e+01,-2.669239289213908644e-20,5.931864747991726303e-26,5.929301166153257063e-26,9.740062559267887343e-13,-5.338478578427817289e-20,-1.186372949598345261e-25,2.182002395010318452e-04,2.182836502730989281e-04,2.198585185105082600e-04
4.554890468016033083e+02,2.593129243255255290e+01,-2.661139072194395140e-20,5.520134615272896462e-26,5.517752350138038616e-26,9.395958578144574220e-13,-5.322278144388790280e-20,-1.104026923054579292e-25,2.178885249416451231e-04,2.179716973748080378e-04,2.195443727436868385e-04
4.561398871232893271e+02,2.596834520215710640e+01,-2.652792140605813633e-20,5.136966158086046595e-26,5.134752385245281433e-26,9.063996809571619808e-13,-5.305584281211627267e-20,-1.027393231617209319e-25,2.175776997244138755e-04,2.176606348385234924e-04,2.192311193402525667e-04
4.567907274449529496e+02,2.600539797176038448e+01,-2.644086522580290463e-20,4.780379245717734358e-26,4.778322047479253592e-26,8.743749353662195149e-13,-5.288173045160580927e-20,-9.560758491435468716e-26,2.172677600491557115e-04,2.173504588580676966e-04,2.189187545232003688e-04
4.574415677665941189e+02,2.604245074136238003e+01,-2.636533045007298814e-20,4.448530931708397637e-26,4.446619241817629494e-26,8.434803368726628201e-13,-5.273066090014597629e-20,-8.897061863416795274e-26,2.169587021365049218e-04,2.170411656488013818e-04,2.186072745366812330e-04
4.580924080882131761e+02,2.607950351096312147e+01,-2.627745487338906714e-20,4.139705981515159815e-26,4.137929507545853394e-26,8.136760542177314042e-13,-5.255490974677813428e-20,-8.279411963030319630e-26,2.166505222293002575e-04,2.167327514475125838e-04,2.182966756458556816e-04
4.587432484098102350e+02,2.611655628056260880e+01,-2.618944080471511903e-20,3.852308003197055901e-26,3.850657180543627293e-26,7.849236579992862002e-13,-5.237888160943023805e-20,-7.704616006394111801e-26,2.163432165909195959e-04,2.164252125119725534e-04,2.179869541367475123e-04
4.593940887313850681e+02,2.615360905016083137e+01,-2.610009147416870340e-20,3.584851219255185348e-26,3.583317167100406247e-26,7.571860714091781474e-13,-5.220018294833740681e-20,-7.169702438510370696e-26,2.160367815066677188e-04,2.161185451220459797e-04,2.176781063161003040e-04
4.600449290529381301e+02,2.619066181975781404e+01,-2.600150304002260165e-20,3.335952828882854116e-26,3.334527286974644077e-26,7.304275226988253732e-13,-5.200300608004520330e-20,-6.671905657765708232e-26,2.157312132823330231e-04,2.158127455774705439e-04,2.173701285112331094e-04
4.606957693744692506e+02,2.622771458935354616e+01,-2.589889956131602137e-20,3.104325854027241124e-26,3.103001146334060535e-26,7.046134993125306822e-13,-5.179779912263204273e-20,-6.208651708054482249e-26,2.154265082449091651e-04,2.155078102000773654e-04,2.170630170698991290e-04
4.613466096959786569e+02,2.626476735894804193e+01,-2.580657175050375328e-20,2.888772504301943967e-26,2.887541503933273201e-26,6.797107036300986162e-13,-5.161314350100750655e-20,-5.777545008603887934e-26,2.151226627420399495e-04,2.152037353314595336e-04,2.167567683601443862e-04
4.619974500174665195e+02,2.630182012854131557e+01,-2.570104107471601733e-20,2.688178018706497439e-26,2.687034096417806600e-26,6.556870102624033358e-13,-5.140208214943203466e-20,-5.376356037412994878e-26,2.148196731417972849e-04,2.149005173346374420e-04,2.164514399345876115e-04
4.626482903389327817e+02,2.633887289813335641e+01,-2.556813628579253628e-20,2.501504895500727097e-26,2.500441891000722767e-26,6.325114248455245381e-13,-5.113627257158507256e-20,-5.003009791001454194e-26,2.145175358327366943e-04,2.145981525926154987e-04,2.161469672464564999e-04
4.632991306603774433e+02,2.637592566772416447e+01,-2.547086033196334646e-20,2.327787541954453161e-26,2.326799735952349650e-26,6.101540442809306947e-13,-5.094172066392669292e-20,-4.655575083908906322e-26,2.142162472238418047e-04,2.142966375092703046e-04,2.158433459623226326e-04
4.639499709818008455e+02,2.641297843731376815e+01,-2.536228204058152586e-20,2.166127309116627284e-26,2.165209381387109439e-26,5.885860183710937677e-13,-5.072456408116305172e-20,-4.332254618233254568e-26,2.139158037440802573e-04,2.139959685075742968e-04,2.155405725349712146e-04
4.646008113032029314e+02,2.645003120690215326e+01,-2.525806906369603559e-20,2.015687837986429272e-26,2.014834844732786692e-26,5.677795128016207791e-13,-5.051613812739207117e-20,-4.031375675972858545e-26,2.136162018425702414e-04,2.136961420318161942e-04,2.152386434367437745e-04
4.652516516245838716e+02,2.648708397648933754e+01,-2.515667442738028319e-20,1.875690745462913794e-26,1.874898097038424737e-26,5.477076734227373864e-13,-5.031334885476056639e-20,-3.751381490925827588e-26,2.133174379880253824e-04,2.133971545451585072e-04,2.149375551594044555e-04
4.659024919459437228e+02,2.652413674607532101e+01,-2.505439189364876574e-20,1.745411621161008891e-26,1.744675047925190426e-26,5.283445917845951101e-13,-5.010878378729753148e-20,-3.490823242322017781e-26,2.130195086693653650e-04,2.130990025311918501e-04,2.146373042140069297e-04
4.665533322672825420e+02,2.656118951566010722e+01,-2.495348140168223312e-20,1.624176274047183922e-26,1.623491808518989280e-26,5.096652718824761145e-13,-4.990696280336446625e-20,-3.248352548094367845e-26,2.127224103946057099e-04,2.128016824929357398e-04,2.143378871307637513e-04
4.672041725886002723e+02,2.659824228524369261e+01,-2.487818047317147970e-20,1.511357254034331291e-26,1.510721213131817801e-26,4.916455980694740612e-13,-4.975636094634295941e-20,-3.022714508068662582e-26,2.124261396913573741e-04,2.125051909529496186e-04,2.140393004589155211e-04
4.678550129098973684e+02,2.663529505482610205e+01,-2.480970567073112857e-20,1.406370624543629064e-26,1.405779581788922425e-26,4.742623040957689052e-13,-4.961941134146225715e-20,-2.812741249087258129e-26,2.121306931069377733e-04,2.122095244526667202e-04,2.137415407666015405e-04
4.685058532311736599e+02,2.667234782440732843e+01,-2.474217125423553320e-20,1.308672935477245349e-26,1.308123706936314231e-26,4.574929432349861479e-13,-4.948434250847106640e-20,-2.617345870954490698e-26,2.118360672070940254e-04,2.119146795532822480e-04,2.134446046407318222e-04
4.691566935524293172e+02,2.670940059398737887e+01,-2.466872954937239838e-20,1.217758418694878575e-26,1.217248048815744189e-26,4.413158594595474759e-13,-4.933745909874479677e-20,-2.435516837389757149e-26,2.115422585772241959e-04,2.116206528354203087e-04,2.131484886868596957e-04
4.698075338736643403e+02,2.674645336356625336e+01,-2.459113011228614670e-20,1.133156386076896344e-26,1.132682125066929266e-26,4.257101596282483336e-13,-4.918226022457229340e-20,-2.266312772153792688e-26,2.112492638216556529e-04,2.113274408975795993e-04,2.128531895290556610e-04
4.704583741948788429e+02,2.678350613314396256e+01,-2.451995915776847512e-20,1.054428788358086745e-26,1.053988081115258951e-26,4.106556866505581857e-13,-4.903991831553695023e-20,-2.108857576716173490e-26,2.109570795631454665e-04,2.110350403580207868e-04,2.125587038097813495e-04
4.711092145160729956e+02,2.682055890272051357e+01,-2.445241578778141422e-20,9.811679540154189236e-27,9.807584288330794497e-27,3.961329935934303316e-13,-4.890483157556282843e-20,-1.962335908030837847e-26,2.106657024433244985e-04,2.107434478533232181e-04,2.122650281897671453e-04
4.717600548372467983e+02,2.685761167229590285e+01,-2.437637470178606987e-20,9.129944916703512570e-27,9.126139418277085829e-27,3.821233186975552535e-13,-4.875274940357213974e-20,-1.825988983340702514e-26,2.103751291221422903e-04,2.104526600384959423e-04,2.119721699138592372e-04
4.724108951584004217e+02,2.689466444187014460e+01,-2.429571732419146787e-20,8.495553214598566567e-27,8.492016965150478523e-27,3.686085612711778219e-13,-4.859143464838293573e-20,-1.699110642919713313e-26,2.100853562784221751e-04,2.101626735870887330e-04,2.116801624195423399e-04
4.730617354795338088e+02,2.693171721144323527e+01,-2.421981749871503181e-20,7.905218521086807859e-27,7.901932488874992605e-27,3.555712584307115734e-13,-4.843963499743006362e-20,-1.581043704217361572e-26,2.097963806086955429e-04,2.098734851914141331e-04,2.113889546057746798e-04
4.737125758006471870e+02,2.696876998101518552e+01,-2.414537996536435573e-20,7.355882899651709401e-27,7.352829375828359194e-27,3.429945626584388571e-13,-4.829075993072871145e-20,-1.471176579930341880e-26,2.095081988279789975e-04,2.095850915611041643e-04,2.110985432096088900e-04
4.743634161217405563e+02,2.700582275058599890e+01,-2.406862807280832495e-20,6.844700514929619686e-27,6.841863045106427889e-27,3.308622201486637481e-13,-4.813725614561664989e-20,-1.368940102985923937e-26,2.092208076692192442e-04,2.092974894246646400e-04,2.108089249857151301e-04
4.750142564428139167e+02,2.704287552015567186e+01,-2.399103934311709438e-20,6.369022936639482653e-27,6.366386248976339169e-27,3.191585499146488813e-13,-4.798207868623418876e-20,-1.273804587327896531e-26,2.089342038835151349e-04,2.090106755283649420e-04,2.105200967062637485e-04
4.756650967638675525e+02,2.707992828972422217e+01,-2.391552216976969631e-20,5.926385508400491555e-27,5.923935391763158730e-27,3.078684236296579625e-13,-4.783104433953939262e-20,-1.185277101680098311e-26,2.086483842392294896e-04,2.087246466354608643e-04,2.102320551608078086e-04
4.763159370849015204e+02,2.711698105929164981e+01,-2.383566223888165880e-20,5.514494546437938705e-27,5.512217796655611906e-27,2.969772461763523583e-13,-4.767132447776331760e-20,-1.102898909287587741e-26,2.083633455228217635e-04,2.084393995277489253e-04,2.099447971561674861e-04
4.769667774059157637e+02,2.715403382885795835e+01,-2.375507949966619311e-20,5.131215492333197605e-27,5.129099854795778422e-27,2.864709368796989309e-13,-4.751015899933238622e-20,-1.026243098466639521e-26,2.080790845379598686e-04,2.081549310046781898e-04,2.096583195163149267e-04
4.776176177269104528e+02,2.719108659842315134e+01,-2.367500177722360964e-20,4.774561924996112094e-27,4.772595995558407354e-27,2.763359113993954267e-13,-4.735000355444721929e-20,-9.549123849992224188e-27,2.077955981061307966e-04,2.078712378827951568e-04,2.093726190822595373e-04
4.782684580478855310e+02,2.722813936798722878e+01,-2.360430184270704652e-20,4.442685238339342798e-27,4.440858421154449251e-27,2.665590642586951770e-13,-4.720860368541409304e-20,-8.885370476678685596e-27,2.075128830658079515e-04,2.075883169960768271e-04,2.090876927119357444e-04
4.789192983688412824e+02,2.726519213755020843e+01,-2.353058167478191952e-20,4.133865090942935382e-27,4.132167552627216035e-27,2.571277519872863761e-13,-4.706116334956383904e-20,-8.267730181885870765e-27,2.072309362726176829e-04,2.073061651952645690e-04,2.088035372800890982e-04
4.795701386897777638e+02,2.730224490711208674e+01,-2.345589922012929948e-20,3.846500548921184163e-27,3.844923137973589559e-27,2.480297768566859736e-13,-4.691179844025859896e-20,-7.693001097842368325e-27,2.069497545995058196e-04,2.070247793490853638e-04,2.085201496781669038e-04
4.802209790106949754e+02,2.733929767667287081e+01,-2.338051830577909854e-20,3.579101762783329111e-27,3.577635976532263304e-27,2.392533711873590548e-13,-4.676103661155819708e-20,-7.158203525566658221e-27,2.066693349362935805e-04,2.067441563424754492e-04,2.082375268142050851e-04
4.808718193315928602e+02,2.737635044623255354e+01,-2.330338669872658369e-20,3.330282268960906279e-27,3.328920216954531471e-27,2.307871822074885268e-13,-4.660677339745316737e-20,-6.660564537921812559e-27,2.063896741893445075e-04,2.064642930779125862e-04,2.079556656127204959e-04
4.815226596524717024e+02,2.741340321579115269e+01,-2.322954447994681440e-20,3.098751850534819001e-27,3.097486189028446929e-27,2.226202574440501191e-13,-4.645908895989362881e-20,-6.197503701069638001e-27,2.061107692821750881e-04,2.061851864739727702e-04,2.076745630146012531e-04
4.821734999733316158e+02,2.745045598534867182e+01,-2.315590508145799814e-20,2.883309826304055020e-27,2.882133732376338913e-27,2.147420306274983113e-13,-4.631181016291599629e-20,-5.766619652608110041e-27,2.058326171545665773e-04,2.059068334658853416e-04,2.073942364394760303e-04
4.828243402941725435e+02,2.748750875490511447e+01,-2.308081440719906175e-20,2.682838845303627850e-27,2.681745987606079796e-27,2.071423080920391684e-13,-4.616162881439812349e-20,-5.365677690607255700e-27,2.055552147628980642e-04,2.056292310061991202e-04,2.071146960967715017e-04
4.834751806149944855e+02,2.752456152446047355e+01,-2.301217617819838172e-20,2.496299132374301294e-27,2.495283617879185490e-27,1.998112556540971500e-13,-4.602435235639676344e-20,-4.992598264748602587e-27,2.052785590802574944e-04,2.053523760632280926e-04,2.068359048107583755e-04
4.841260209357977260e+02,2.756161429401476681e+01,-2.293447313100962488e-20,2.322723077324592881e-27,2.321779431076428467e-27,1.927393859521785871e-13,-4.586894626201924976e-20,-4.645446154649185762e-27,2.050026470954979807e-04,2.050762656212734569e-04,2.065578595907484967e-04
4.847768612565822082e+02,2.759866706356799426e+01,-2.285536769723898804e-20,2.161210233069481118e-27,2.160333374806769411e-27,1.859175462319474260e-13,-4.571073539447797609e-20,-4.322420466138962235e-27,2.047274758138484252e-04,2.048008966818448684e-04,2.062805574618545204e-04
4.854277015773481025e+02,2.763571983312016300e+01,-2.277989255845619227e-20,2.010922677549098012e-27,2.010107878426420566e-27,1.793369065608714303e-13,-4.555978511691238454e-20,-4.021845355098196023e-27,2.044530422566914751e-04,2.045262662613289706e-04,2.060039954648872919e-04
4.860785418980954660e+02,2.767277260267127659e+01,-2.270519315229708015e-20,1.871080651258698324e-27,1.870323518023950612e-27,1.729889484573601620e-13,-4.541038630459416031e-20,-3.742161302517396648e-27,2.041793434611749447e-04,2.042523713933208640e-04,2.057281706562527938e-04
4.867293822188242984e+02,2.770982537222133502e+01,-2.262698012214240503e-20,1.740958525689036265e-27,1.740254981992187167e-27,1.668654539198422383e-13,-4.525396024428481007e-20,-3.481917051378072529e-27,2.039063764806003931e-04,2.039792091265146823e-04,2.054530801078499050e-04
4.873802225395346568e+02,2.774687814177034184e+01,-2.254956652638446071e-20,1.619881065129273965e-27,1.619227316357197927e-27,1.609584948417298166e-13,-4.509913305276892142e-20,-3.239762130258547930e-27,2.036341383835349461e-04,2.037067765253697260e-04,2.051787209069701396e-04
4.880310628602267684e+02,2.778393091131831127e+01,-2.247535282921951912e-20,1.507219909551130070e-27,1.506612430477511641e-27,1.552604227987293144e-13,-4.495070565843903824e-20,-3.014439819102260139e-27,2.033626262546994745e-04,2.034350706703325073e-04,2.049050901561963553e-04
4.886819031809005196e+02,2.782098368086523266e+01,-2.239598464908748191e-20,1.402390325232707286e-27,1.401825845068969913e-27,1.497638591954130926e-13,-4.479196929817496382e-20,-2.804780650465414572e-27,2.030918371938583711e-04,2.031640886572816385e-04,2.046321849733045788e-04
4.893327435015560809e+02,2.785803645041112020e+01,-2.232222536573903184e-20,1.304848191933019608e-27,1.304323665760597409e-27,1.444616857584375473e-13,-4.464445073147806369e-20,-2.609696383866039215e-27,2.028217683166522178e-04,2.028938275973057870e-04,2.043600024911639067e-04
4.899835838221936228e+02,2.789508921995598101e+01,-2.224906501604873866e-20,1.214087167407482131e-27,1.213599766549997774e-27,1.393470353642299964e-13,-4.449813003209747732e-20,-2.428174334814964263e-27,2.025524167537096076e-04,2.026242846172587875e-04,2.040885398576392526e-04
4.906344241428129180e+02,2.793214198949980442e+01,-2.217603367307819843e-20,1.129636068546667629e-27,1.129183168609593890e-27,1.344132831893987388e-13,-4.435206734615639685e-20,-2.259272137093335257e-27,2.022837796508691888e-04,2.023554568590935077e-04,2.038177942354940674e-04
4.912852644634144212e+02,2.796919475904261176e+01,-2.209835917731948093e-20,1.051056443235544524e-27,1.050635600902613050e-27,1.296540381725220628e-13,-4.419671835463896187e-20,-2.102112886471089048e-27,2.020158541694017096e-04,2.020873414796398038e-04,2.035477628022936282e-04
4.919361047839979051e+02,2.800624752858439592e+01,-2.201437560326192434e-20,9.779402844687162662e-28,9.775492300060337094e-28,1.250631347763862026e-13,-4.402875120652384869e-20,-1.955880568937432532e-27,2.017486374855104181e-04,2.018199356512706544e-04,2.032784427503100619e-04
4.925869451045635969e+02,2.804330029812516756e+01,-2.193866738858581122e-20,9.099079197270346661e-28,9.095445474104868796e-28,1.206346250401094053e-13,-4.387733477717162244e-20,-1.819815839454069332e-27,2.014821267899424839e-04,2.015532365607919374e-04,2.030098603877728621e-04
4.932377854251116105e+02,2.808035306766493377e+01,-2.186311519191264239e-20,8.466060541076878159e-28,8.462684033799193046e-28,1.163627709109692422e-13,-4.372623038382528477e-20,-1.693212108215375632e-27,2.012163192885441099e-04,2.012872414101085639e-04,2.027420054936652605e-04
4.938886257456418321e+02,2.811740583720368392e+01,-2.178342294854757220e-20,7.877059275677680431e-28,7.873921772101699025e-28,1.122420368461064548e-13,-4.356684589709514441e-20,-1.575411855135536086e-27,2.009512122023160430e-04,2.010219474161134556e-04,2.024748532167809862e-04
4.945394660661544890e+02,2.815445860674143574e+01,-2.170246370801689273e-20,7.329016139611462253e-28,7.326100744295147720e-28,1.082670826746164633e-13,-4.340492741603378547e-20,-1.465803227922292451e-27,2.006868027659702847e-04,2.007573518096883447e-04,2.022084008108771360e-04
4.951903063866494676e+02,2.819151137627817860e+01,-2.162287119490067705e-20,6.819084440140983489e-28,6.816375421396835847e-28,1.044327567108851969e-13,-4.324574238980135410e-20,-1.363816888028196698e-27,2.004230882294844029e-04,2.004934518371470631e-04,2.019426455439164302e-04
4.958411467071270522e+02,2.822856414581393381e+01,-2.154775678621527955e-20,6.344615198406684219e-28,6.342097943055422738e-28,1.007340891103338279e-13,-4.309551357243055910e-20,-1.268923039681336844e-27,2.001600658570468205e-04,2.002302447585702083e-04,2.016775846979751365e-04
4.964919870275872995e+02,2.826561691534870135e+01,-2.147425693314692704e-20,5.903143441710857374e-28,5.900804393694035185e-28,9.716628545905445304e-14,-4.294851386629385409e-20,-1.180628688342171475e-27,1.998977329271123260e-04,1.999677278484712772e-04,2.014132155691527020e-04
4.971428273480300959e+02,2.830266968488247770e+01,-2.140273408584573656e-20,5.492375494753171273e-28,5.490202030942568494e-28,9.372472058911730970e-14,-4.280546817169147313e-20,-1.098475098950634255e-27,1.996360867324575850e-04,1.997058983963517775e-04,2.011495354674828757e-04
4.977936676684556687e+02,2.833972245441526994e+01,-2.132889019740242797e-20,5.110177005194089919e-28,5.108157400318840837e-28,9.040493261161220950e-14,-4.265778039480485593e-20,-1.022035401038817984e-27,1.993751245799590954e-04,1.994447537048138486e-04,2.008865417168438010e-04
4.984445079888639043e+02,2.837677522394707808e+01,-2.126121271837365166e-20,4.754561897235933767e-28,4.752685274696578559e-28,8.720261715977637914e-14,-4.252242543674730332e-20,-9.509123794471867534e-28,1.991148437905931878e-04,1.991842910915586629e-04,2.006242316548705203e-04
4.990953483092550869e+02,2.841382799347791277e+01,-2.118608263387659651e-20,4.423682130281787003e-28,4.421938361356798691e-28,8.411362183481863412e-14,-4.237216526775319302e-20,-8.847364260563574006e-28,1.988552416995470473e-04,1.989245078874990469e-04,2.003626026328662337e-04
4.997461886296292732e+02,2.845088076300778113e+01,-2.110947757753665426e-20,4.115818046680758802e-28,4.114197723384742629e-28,8.113394084731486834e-14,-4.221895515507330852e-20,-8.231636093361517604e-28,1.985963156554415576e-04,1.986654014376476596e-04,2.001016520157161856e-04
5.003970289499864066e+02,2.848793353253667959e+01,-2.102865196932586519e-20,3.829369470204983862e-28,3.827863865864781711e-28,7.825970984730042273e-14,-4.205730393865173037e-20,-7.658738940409967724e-28,1.983380630208864126e-04,1.984069691013390369e-04,1.998413771818015252e-04
5.010478692703265438e+02,2.852498630206460817e+01,-2.095221195021533403e-20,3.562847453293647138e-28,3.561448440759669768e-28,7.548720093642015340e-14,-4.190442390043066806e-20,-7.125694906587294276e-28,1.980804811721470493e-04,1.981492082508973240e-04,1.995817755229129496e-04
5.016987095906497984e+02,2.856203907159157751e+01,-2.088434225338808958e-20,3.314866496878869237e-28,3.313566527558228771e-28,7.281281785573997611e-14,-4.176868450677617916e-20,-6.629732993757738474e-28,1.978235674994222038e-04,1.978921162729685435e-04,1.993228444441658923e-04
5.023495499109563411e+02,2.859909184111759473e+01,-2.080807697314574698e-20,3.084137377503869695e-28,3.082929449749739089e-28,7.023309134303844892e-14,-4.161615394629149396e-20,-6.168274755007739391e-28,1.975673194060667548e-04,1.976356905669662822e-04,1.990645813639161450e-04
5.030003902312460013e+02,2.863614461064265271e+01,-2.073584560040617084e-20,2.869460497196030420e-28,2.868338089953011508e-28,6.774467465361995604e-14,-4.147169120081234168e-20,-5.738920994392060840e-28,1.973117343088137687e-04,1.973799285465149822e-04,1.988070203504905891e-04
5.036512305515191201e+02,2.867319738016676567e+01,-2.066442375159782712e-20,2.669719612466853091e-28,2.668676669105119041e-28,6.534433923889804065e-14,-4.132884750319565425e-20,-5.339439224933706181e-28,1.970568096381075662e-04,1.971248276384507392e-04,1.985501332131530479e-04
5.043020708717755838e+02,2.871025014968993361e+01,-2.059202082875226834e-20,2.483876054553052783e-28,2.482906957513530356e-28,6.302897057720083418e-14,-4.118404165750453668e-20,-4.967752109106105566e-28,1.968025428373265662e-04,1.968703852823772138e-04,1.982939060144087542e-04
5.049529111920154492e+02,2.874730291921215297e+01,-2.051971398041813797e-20,2.310963370836060048e-28,2.310062887807532681e-28,6.079556415144161079e-14,-4.103942796083627593e-20,-4.621926741672120096e-28,1.965489313632828861e-04,1.966165989316648322e-04,1.980383362279886106e-04
5.056037515122389436e+02,2.878435568873344508e+01,-2.045073116064129578e-20,2.150082270422555706e-28,2.149245541903119976e-28,5.864122156849217371e-14,-4.090146232128259155e-20,-4.300164540845111412e-28,1.962959726856672305e-04,1.963634660523405628e-04,1.977834213404219843e-04
5.062545918324458967e+02,2.882140845825379216e+01,-2.037790413161529869e-20,2.000395967075761241e-28,1.999618486028720607e-28,5.656314681527145323e-14,-4.075580826323059738e-20,-4.000791934151522483e-28,1.960436642873264468e-04,1.961109841241981400e-04,1.975291588509558798e-04
5.069054321526365356e+02,2.885846122777320844e+01,-2.030207071831182012e-20,1.861125861455053541e-28,1.860403429659211960e-28,5.455864264674057161e-14,-4.060414143662364024e-20,-3.722251722910107082e-28,1.957920036639859696e-04,1.958591506393547732e-04,1.972755462714758734e-04
5.075562724728109174e+02,2.889551399729170456e+01,-2.022872899320294373e-20,1.731547467380258027e-28,1.730876185880652518e-28,5.262510710116459165e-14,-4.045745798640588746e-20,-3.463094934760516055e-28,1.955409883240277757e-04,1.956079631024731924e-04,1.970225811264256655e-04
5.082071127929689283e+02,2.893256676680926631e+01,-2.015333931231778494e-20,1.610986659488199368e-28,1.610362912266858015e-28,5.076003013816060411e-14,-4.030667862463556988e-20,-3.221973318976398736e-28,1.952906157890454963e-04,1.953574190323159598e-04,1.967702609527299936e-04
5.088579531131109661e+02,2.896961953632591502e+01,-2.007865118874823576e-20,1.498816194217025126e-28,1.498236612800224909e-28,4.896099039521524816e-14,-4.015730237749647151e-20,-2.997632388434050251e-28,1.950408835928452156e-04,1.951075159584148011e-04,1.965185832997154046e-04
5.095087934332368036e+02,2.900667230584164713e+01,-2.000048328859969820e-20,1.394452426574169419e-28,1.393913882719090921e-28,4.722565205850042724e-14,-4.000096657719939641e-20,-2.788904853148338839e-28,1.947917892821116048e-04,1.948582514248453634e-04,1.962675457290339535e-04
5.101596337533466681e+02,2.904372507535646619e+01,-1.992540886891643469e-20,1.297352286847259679e-28,1.296851879430870056e-28,4.555176184396594823e-14,-3.985081773783286938e-20,-2.594704573694519359e-28,1.945433304159083221e-04,1.946096229871185912e-04,1.960171458145852500e-04
5.108104740734403890e+02,2.908077784487036865e+01,-1.984482507990153322e-20,1.207010477473060553e-28,1.206545503799749931e-28,4.393714608482894849e-14,-3.968965015980306644e-20,-2.414020954946121107e-28,1.942955045657890345e-04,1.943616282138460605e-04,1.957673811424412143e-04
5.114613143935184212e+02,2.911783061438337583e+01,-1.977008493702758835e-20,1.122956826990597013e-28,1.122524777206087576e-28,4.237970792171343162e-14,-3.954016987405517670e-20,-2.245913653981194025e-28,1.940483093156863958e-04,1.941142646847415776e-04,1.955182493107696952e-04
5.121121547135805940e+02,2.915488338389548062e+01,-1.969736534059743550e-20,1.044753854227320715e-28,1.044352400787958299e-28,4.087742459182981955e-14,-3.939473068119487100e-20,-2.089507708454641429e-28,1.938017422617455132e-04,1.938675299932857143e-04,1.952697479297593351e-04
5.127629950336266802e+02,2.919193615340666881e+01,-1.961901920390047790e-20,9.719945098012664724e-29,9.716214842178700210e-29,3.942834481370720643e-14,-3.923803840780095580e-20,-1.943989019602532945e-28,1.935558010124904804e-04,1.936214217450604735e-04,1.950218746215458168e-04
5.134138353536571913e+02,2.922898892291697237e+01,-1.954627993480989740e-20,9.043000436616060954e-29,9.039534322451208157e-29,3.803058626411369668e-14,-3.909255986961979479e-20,-1.808600087323212191e-28,1.933104831882692665e-04,1.933759375566390659e-04,1.947746702227293278e-04
5.140646756736720135e+02,2.926604169242638420e+01,-1.947353180290936604e-20,8.413180426504535939e-29,8.409959780510601515e-29,3.668233314392224250e-14,-3.894706360581873208e-20,-1.682636085300907188e-28,1.930657864216422936e-04,1.931310750574732893e-04,1.945280907410973533e-04
5.147155159936712607e+02,2.930309446193490430e+01,-1.939671247237694877e-20,7.827206108635629383e-29,7.824213532242393106e-29,3.538183382978873930e-14,-3.879342494475389754e-20,-1.565441221727125877e-28,1.928217083572714152e-04,1.928868318890053501e-04,1.942821319071386349e-04
5.153663563136548191e+02,2.934014723144253622e+01,-1.932860875119490106e-20,7.282026511430032447e-29,7.279245848698641487e-29,3.412739860862211420e-14,-3.865721750238980212e-20,-1.456405302286006489e-28,1.925782466515313374e-04,1.926432057047788859e-04,1.940367913929675670e-04
5.160171966336229161e+02,2.937720000094928352e+01,-1.925500091392079065e-20,6.774802840638910063e-29,6.772219110261352031e-29,3.291739749193147234e-14,-3.851000182784158131e-20,-1.354960568127782013e-28,1.923353989726206414e-04,1.924001941696618090e-04,1.937920668822537811e-04
5.166680369535757791e+02,2.941425277045516751e+01,-1.918736124628235474e-20,6.302893819127954581e-29,6.300493061726348665e-29,3.175025810723774011e-14,-3.837472249256470949e-20,-1.260578763825590916e-28,1.920931630006728064e-04,1.921577949599573287e-04,1.935479560701514556e-04
5.173188772735130669e+02,2.945130553996016332e+01,-1.911385987104628803e-20,5.863841838163508702e-29,5.861611091860211276e-29,3.062446366383636389e-14,-3.822771974209257607e-20,-1.172768367632701740e-28,1.918515364272010970e-04,1.919160057650692863e-04,1.933044566632285445e-04
5.179697175934350071e+02,2.948835830946428516e+01,-1.904549104863872489e-20,5.455360220540012720e-29,5.453287466288348938e-29,2.953855099029293576e-14,-3.809098209727744979e-20,-1.091072044108002544e-28,1.916105169557091870e-04,1.916748242850596640e-04,1.930615663793961421e-04
5.186205579133417132e+02,2.952541107896753658e+01,-1.897341227524756996e-20,5.075321409626564175e-29,5.073395447509769981e-29,2.849110864114563061e-14,-3.794682455049513991e-20,-1.015064281925312835e-28,1.913701023006919577e-04,1.914342482314257410e-04,1.928192829478400151e-04
5.192713982332334126e+02,2.956246384846993891e+01,-1.890300134670580888e-20,4.721745809602999232e-29,4.719956240429077992e-29,2.748077507037697229e-14,-3.780600269341161777e-20,-9.443491619205998464e-29,1.911302901886346994e-04,1.911942753269890716e-04,1.925776041089505633e-04
5.199222385531097643e+02,2.959951661797146372e+01,-1.883186862140892797e-20,4.392791524736132078e-29,4.391128706073015462e-29,2.650623686930459972e-14,-3.766373724281785594e-20,-8.785583049472264156e-29,1.908910783570139102e-04,1.909549033068946855e-04,1.923365276142553553e-04
5.205730788729709957e+02,2.963656938747212877e+01,-1.876598937282109310e-20,4.086744844152138167e-29,4.085199790137130060e-29,2.556622706661936917e-14,-3.753197874564218619e-20,-8.173489688304276334e-29,1.906524645547968966e-04,1.907161299171677982e-04,1.920960512263497936e-04
5.212239191928172204e+02,2.967362215697194117e+01,-1.869436996148257943e-20,3.802011249177480394e-29,3.800575616713930051e-29,2.465952348838535138e-14,-3.738873992296515886e-20,-7.604022498354960788e-29,1.904144465424972843e-04,1.904779529147138106e-04,1.918561727188309782e-04
5.218747595126485521e+02,2.971067492647090447e+01,-1.862191011852870520e-20,3.537107147607784017e-29,3.535773200998349747e-29,2.378494717588702103e-14,-3.724382023705741040e-20,-7.074214295215568033e-29,1.901770220910647957e-04,1.902403700677623988e-04,1.916168898762292665e-04
5.225255998324648772e+02,2.974772769596901156e+01,-1.854920759128725733e-20,3.290652208162236467e-29,3.289412737975122103e-29,2.294136085928686891e-14,-3.709841518257451466e-20,-6.581304416324472933e-29,1.899401889829954726e-04,1.900033791560895580e-04,1.913782004939422997e-04
5.231764401522664230e+02,2.978478046546628022e+01,-1.847996711298106875e-20,3.061362114306875030e-29,3.060210427077225647e-29,2.212766748512721383e-14,-3.695993422596213749e-20,-6.122724228613750059e-29,1.897039450120541204e-04,1.897669779699073800e-04,1.911401088338393638e-04
5.238272804720529621e+02,2.982183323496269267e+01,-1.840498740491540524e-20,2.848041905810820029e-29,2.846971795582447598e-29,2.134280879577923721e-14,-3.680997480983081047e-20,-5.696083811621640058e-29,1.894682879823861299e-04,1.895311643115293876e-04,1.909026422607281717e-04
5.244781207918249493e+02,2.985888600445827734e+01,-1.833609917865911988e-20,2.649579803464665443e-29,2.648585486100233894e-29,2.058576395900908611e-14,-3.667219835731823976e-20,-5.299159606929330886e-29,1.892332157096832113e-04,1.892959359925949769e-04,1.906657622616260168e-04
5.251289611115821572e+02,2.989593877395302357e+01,-1.826947863408905726e-20,2.464941370363729888e-29,2.464017475906700934e-29,1.985554824589520496e-14,-3.653895726817811452e-20,-4.929882740727459776e-29,1.889987260199066377e-04,1.890612908367339529e-04,1.904294666774154234e-04
5.257798014313248132e+02,2.993299154344693846e+01,-1.820476745570268031e-20,2.293164148355391217e-29,2.292305698124413111e-29,1.915121175539307945e-14,-3.640953491140536062e-20,-4.586328296710782435e-29,1.887648167498978680e-04,1.888272266779011943e-04,1.901937533594976826e-04
5.264306417510528036e+02,2.997004431294001847e+01,-1.814005380309345940e-20,2.133352683414392092e-29,2.132555036827184794e-29,1.847183818390442558e-14,-3.628010760618691880e-20,-4.266705366828784185e-29,1.885314857475450800e-04,1.885937413609317659e-04,1.899586201697282069e-04
5.270814820707662420e+02,3.000709708243226714e+01,-1.807342581392585942e-20,1.984673821140525554e-29,1.983932670088320681e-29,1.781654363826304260e-14,-3.614685162785171885e-20,-3.969347642281051109e-29,1.882987308710060148e-04,1.883608327413188732e-04,1.897240649803544322e-04
5.277323223904651286e+02,3.004414985192369159e+01,-1.800440561869052739e-20,1.846352386389798477e-29,1.845663736796040479e-29,1.718447549060972909e-14,-3.600881123738105478e-20,-3.692704772779596954e-29,1.880665499891520653e-04,1.881284986853248853e-04,1.894900856739523110e-04
5.283831627101495769e+02,3.008120262141429180e+01,-1.793120082094763875e-20,1.717667175955985841e-29,1.717027304737800205e-29,1.657481127367814187e-14,-3.586240164189527750e-20,-3.435334351911971681e-29,1.878349409812907211e-04,1.878967370689821337e-04,1.892566801433650007e-04
5.290340030298198144e+02,3.011825539090408554e+01,-1.785345302314086556e-20,1.597947168059560476e-29,1.597352619018353778e-29,1.598675761506806046e-14,-3.570690604628173113e-20,-3.195894336119120951e-29,1.876039017371655682e-04,1.876655457792031356e-04,1.890238462916406844e-04
5.296848433494756136e+02,3.015530816039305506e+01,-1.778299298664654632e-20,1.486568042359674877e-29,1.486015611330226061e-29,1.541954920913176984e-14,-3.556598597329309264e-20,-2.973136084719349753e-29,1.873734301568452665e-04,1.874349227138916163e-04,1.887915820319714492e-04
5.303356836691170884e+02,3.019236092988120745e+01,-1.771145572208518921e-20,1.382948951925321399e-29,1.382435651948385068e-29,1.487244782514773561e-14,-3.542291144417037842e-20,-2.765897903850642797e-29,1.871435241508900837e-04,1.872048657806102412e-04,1.885598852876325168e-04
5.309865239887444659e+02,3.022941369936856049e+01,-1.764362140535001108e-20,1.286549469230137028e-29,1.286072527580103028e-29,1.434474135050250619e-14,-3.528724281070002216e-20,-2.573098938460274056e-29,1.869141816400743394e-04,1.869753728969136830e-04,1.883287539919216631e-04
5.316373643083576326e+02,3.026646646885510350e+01,-1.757566607662906823e-20,1.196866783150344634e-29,1.196423629372719922e-29,1.383574286764665176e-14,-3.515133215325813646e-20,-2.393733566300689268e-29,1.866854005550533380e-04,1.867464419913478224e-04,1.880981860880989915e-04
5.322882046279567021e+02,3.030351923834084360e+01,-1.750914335308708831e-20,1.113433098738883441e-29,1.113021336472468291e-29,1.334478976363415488e-14,-3.501828670617417663e-20,-2.226866197477766882e-29,1.864571788366964356e-04,1.865180710018954358e-04,1.878681795293284400e-04
5.329390449475417881e+02,3.034057200782578789e+01,-1.744214128247132987e-20,1.035813176689309828e-29,1.035430581542186267e-29,1.287124287109639671e-14,-3.488428256494265974e-20,-2.071626353378619656e-29,1.862295144365311295e-04,1.862902578771974405e-04,1.876387322786176345e-04
5.335898852671127770e+02,3.037762477730992927e+01,-1.737776700752103768e-20,9.636020756787695638e-30,9.632465855901099996e-30,1.241448563954292876e-14,-3.475553401504207537e-20,-1.927204151357539128e-29,1.860024053150777235e-04,1.860630005755536942e-04,1.874098561908035386e-04
5.342407255866697824e+02,3.041467754679327484e+01,-1.731709613510558689e-20,8.964230578941004759e-30,8.960927503403397121e-30,1.197392333591853042e-14,-3.463419227021117377e-20,-1.792846115788200952e-29,1.857758494436256846e-04,1.858362970653670843e-04,1.871815614771621232e-04
5.348915659062129180e+02,3.045173031627583171e+01,-1.724877596445456594e-20,8.339256066937510787e-30,8.336186971937342209e-30,1.154898227338658041e-14,-3.449755192890913189e-20,-1.667851213387502157e-29,1.855498448027348424e-04,1.856101453242553490e-04,1.869538197077141514e-04
5.355424062257421838e+02,3.048878308575759988e+01,-1.718368131077841750e-20,7.757836082406951240e-30,7.754984425884068704e-30,1.113910906734219493e-14,-3.436736262155683500e-20,-1.551567216481390248e-29,1.853243893834566336e-04,1.853845433409384569e-04,1.867266288866808641e-04
5.361932465452575798e+02,3.052583585523857579e+01,-1.711679310640736347e-20,7.216936644480968104e-30,7.214287002773502334e-30,1.074376991769537270e-14,-3.423358621281472694e-20,-1.443387328896193621e-29,1.850994811857797906e-04,1.851594891132402054e-04,1.864999870278170543e-04
5.368440868647592197e+02,3.056288862471877010e+01,-1.705181600466870919e-20,6.713734959465614933e-30,6.711273016995134506e-30,1.036244991649765027e-14,-3.410363200933741838e-20,-1.342746991893122987e-29,1.848751182200181198e-04,1.849349806481992431e-04,1.862738921543554207e-04
5.374949271842473308e+02,3.059994139419819348e+01,-1.698851105600384531e-20,6.245604775675448488e-30,6.243317262338017841e-30,9.994652380018440783e-15,-3.397702211200769062e-20,-1.249120955135089698e-29,1.846512985059223233e-04,1.847110159630682702e-04,1.860483422989495116e-04
5.381457675037216859e+02,3.063699416367683170e+01,-1.692102262879434521e-20,5.810102794869950662e-30,5.807977336960185471e-30,9.639898204408746229e-15,-3.384204525758869042e-20,-1.162020558973990132e-29,1.844280200729020436e-04,1.844875930846479051e-04,1.858233355036185931e-04
5.387966078231822848e+02,3.067404693315469189e+01,-1.685915007215049026e-20,5.404955806416052023e-30,5.402980919696968221e-30,9.297725244120278673e-15,-3.371830014430098052e-20,-1.080991161283210405e-29,1.842052809594707519e-04,1.842647100499528179e-04,1.855988698196928426e-04
5.394474481426298098e+02,3.071109970263180244e+01,-1.679703774610814336e-20,5.028048892332260434e-30,5.026213931558077174e-30,8.967687712277297862e-15,-3.359407549221628673e-20,-1.005609778466452087e-29,1.839830792143559712e-04,1.840423649032141284e-04,1.853749433077570789e-04
5.400982884620633513e+02,3.074815247210812075e+01,-1.673050303871185816e-20,4.677414482473180295e-30,4.675709520861104789e-30,8.649355602227120586e-15,-3.346100607742371632e-20,-9.354828964946360590e-30,1.837614128947784309e-04,1.838205557014305214e-04,1.851515540375977718e-04
5.407491287814837051e+02,3.078520524158368588e+01,-1.666695524350074065e-20,4.351221989977615491e-30,4.349637814725730315e-30,8.342314129521357572e-15,-3.333391048700148130e-20,-8.702443979955230982e-30,1.835402800682284230e-04,1.835992805074848633e-04,1.849287000881480729e-04
5.413999691008905302e+02,3.082225801105848362e+01,-1.660388480920120198e-20,4.047768312053135178e-30,4.046296383636009471e-30,8.046163193608252140e-15,-3.320776961840240396e-20,-8.095536624106270356e-30,1.833196788108004682e-04,1.833785373965834964e-04,1.847063795474343105e-04
5.420508094202839402e+02,3.085931078053251397e+01,-1.653734811249926238e-20,3.765469014741683634e-30,3.764101369480093330e-30,7.760516858539867281e-15,-3.307469622499852476e-20,-7.530938029483367267e-30,1.830996072081370052e-04,1.831583244511492126e-04,1.844845905125225109e-04
5.427016497396640489e+02,3.089636355000578760e+01,-1.647248387825737746e-20,3.502849983597114440e-30,3.501579230925095476e-30,7.485002852023606725e-15,-3.294496775651475492e-20,-7.005699967194228880e-30,1.828800633550398125e-04,1.829386397638188555e-04,1.842633310894659776e-04
5.433524900590309699e+02,3.093341631947831161e+01,-1.640463144325852420e-20,3.258539773556786140e-30,3.257359063191763202e-30,7.219262082170740215e-15,-3.280926288651704840e-20,-6.517079547113572280e-30,1.826610453554700086e-04,1.827194814355559416e-04,1.840425993932512437e-04
5.440033303783847032e+02,3.097046908895008599e+01,-1.634096113244297735e-20,3.031262509080749860e-30,3.030165452278389642e-30,6.962948171317536951e-15,-3.268192226488595469e-20,-6.062525018161499720e-30,1.824425513221039630e-04,1.825008475775380390e-04,1.838224140048680562e-04
5.446541706977250215e+02,3.100752185842109654e+01,-1.627549771792056449e-20,2.819831158408400377e-30,2.818811826460581474e-30,6.715727006316539151e-15,-3.255099543584112897e-20,-5.639662316816800753e-30,1.822245793773324962e-04,1.822827363091583663e-04,1.836027698566097442e-04
5.453050110170526068e+02,3.104457462789137878e+01,-1.621397747882705985e-20,2.623141372726529116e-30,2.622194270477864640e-30,6.477276304716808485e-15,-3.242795495765411970e-20,-5.246282745453058233e-30,1.820071276518175907e-04,1.820651457582478372e-04,1.833836475451487301e-04
5.459558513363668908e+02,3.108162739736090785e+01,-1.615030566198103639e-20,2.440165768007365161e-30,2.439285770222772662e-30,6.247285196272406481e-15,-3.230061132396207279e-20,-4.880331536014730321e-30,1.817901942854915909e-04,1.818480740634065285e-04,1.831650452228870930e-04
5.466066916556682145e+02,3.111868016682969795e+01,-1.608806745248208867e-20,2.269948507273761226e-30,2.269130857985704243e-30,6.025453819238121515e-15,-3.217613490496417733e-20,-4.539897014547522452e-30,1.815737774271686256e-04,1.816315193705619890e-04,1.829469610508844830e-04
5.472575319749565779e+02,3.115573293629774909e+01,-1.602558979000299809e-20,2.111600339250251789e-30,2.110840630391160723e-30,5.811492930930792323e-15,-3.205117958000599619e-20,-4.223200678500503577e-30,1.813578752342670519e-04,1.814154798344125297e-04,1.827293931988086277e-04
5.479083722942318673e+02,3.119278570576505771e+01,-1.595522429788040628e-20,1.964293993106744324e-30,1.963588113097795130e-30,5.605123532052145923e-15,-3.191044859576081257e-20,-3.928587986213488648e-30,1.811424858729204779e-04,1.811999536197594907e-04,1.825123398448849166e-04
5.485592126134943101e+02,3.122983847523163092e+01,-1.588844356420137273e-20,1.827259814469729322e-30,1.826603948138546994e-30,5.406076504288184295e-15,-3.177688712840274546e-20,-3.654519628939458644e-30,1.809276075184218513e-04,1.809849388985096397e-04,1.822957991758462838e-04
5.492100529327441336e+02,3.126689124469749004e+01,-1.582321600786938782e-20,1.699781770115632644e-30,1.699172381453601585e-30,5.214092260715917181e-15,-3.164643201573877564e-20,-3.399563540231265287e-30,1.807132383543352816e-04,1.807704338520066401e-04,1.820797693868854493e-04
5.498608932519809969e+02,3.130394401416261019e+01,-1.576217079336416922e-20,1.581193739098250828e-30,1.580627529730455418e-30,5.028920408565568860e-15,-3.152434158672833843e-20,-3.162387478196501657e-30,1.804993765726625732e-04,1.805564366706979840e-04,1.818642486816045029e-04
5.505117335712050135e+02,3.134099678362699848e+01,-1.569765951780953416e-20,1.470875997645830879e-30,1.470349907117602965e-30,4.850319423902063787e-15,-3.139531903561906831e-20,-2.941751995291661758e-30,1.802860203742318035e-04,1.803429455529137471e-04,1.816492352719670375e-04
5.511625738904162972e+02,3.137804955309066202e+01,-1.563661357969471731e-20,1.368252001869109507e-30,1.367763193729842835e-30,4.678056337804995321e-15,-3.127322715938943462e-20,-2.736504003738219013e-30,1.800731679685863007e-04,1.801299587058657892e-04,1.814347273782501181e-04
5.518134142096153028e+02,3.141510232255362567e+01,-1.557090652404782094e-20,1.272785400859885097e-30,1.272331229120773871e-30,4.511906433641147880e-15,-3.114181304809564188e-20,-2.545570801719770194e-30,1.798608175730964653e-04,1.799174743436493529e-04,1.812207232289950328e-04
5.524642545288012343e+02,3.145215509201584680e+01,-1.550818680413812231e-20,1.183977205422781544e-30,1.183555215068138643e-30,4.351652955037914904e-15,-3.101637360827624461e-20,-2.367954410845563088e-30,1.796489674140699933e-04,1.797054906921280448e-04,1.810072210609619452e-04
5.531150948479750014e+02,3.148920786147737516e+01,-1.544606429404456153e-20,1.101363197352225964e-30,1.100971113106470215e-30,4.197086824179781389e-15,-3.089212858808912306e-20,-2.202726394704451928e-30,1.794376157259192084e-04,1.794940059823835199e-04,1.807942191190805908e-04
5.537659351671359218e+02,3.152626063093817166e+01,-1.538477802009127827e-20,1.024511524013202409e-30,1.024147223254677120e-30,4.048006370063519813e-15,-3.076955604018255654e-20,-2.049023048026404819e-30,1.792267607513275962e-04,1.792830184551563732e-04,1.805817156564045779e-04
5.544167754862845641e+02,3.156331340039826827e+01,-1.532540356278681558e-20,9.530204179328468440e-31,9.526819313285654464e-31,3.904217066360046590e-15,-3.065080712557363116e-20,-1.906040835865693688e-30,1.790164007415273595e-04,1.790725263591808059e-04,1.803697352096876659e-04
5.550676158054208145e+02,3.160036616985765789e+01,-1.526447521093544160e-20,8.865161106686875917e-31,8.862016131059423809e-31,3.765531278544247958e-15,-3.052895042187088320e-20,-1.773032221337375183e-30,1.788065339554112398e-04,1.788625279515176913e-04,1.801582591015702013e-04
5.557184561245444456e+02,3.163741893931633342e+01,-1.520199296608385864e-20,8.246508957101888953e-31,8.243586844275638466e-31,3.631768019965072204e-15,-3.040398593216771728e-20,-1.649301791420377791e-30,1.785971586605872297e-04,1.786530214975545761e-04,1.799472760131463022e-04
5.563692964436557986e+02,3.167447170877430906e+01,-1.513867387803502783e-20,7.671012918013042499e-31,7.668297870769146143e-31,3.502752716540326131e-15,-3.027734775607005565e-20,-1.534202583602608500e-30,1.783882731324903936e-04,1.784440052705615898e-04,1.797367842314973973e-04
5.570201367627548734e+02,3.171152447823158127e+01,-1.507415942535031923e-20,7.135663631585892942e-31,7.133141009882941447e-31,3.378316979771540942e-15,-3.014831885070063845e-20,-1.427132726317178588e-30,1.781798756544938911e-04,1.782354775515804235e-04,1.795267820515826745e-04
5.576709770818416700e+02,3.174857724768816070e+01,-1.501621765592498555e-20,6.637661595464510101e-31,6.635317739901689838e-31,3.258298387785057262e-15,-3.003243531184997110e-20,-1.327532319092902020e-30,1.779719645183530652e-04,1.780274366302014855e-04,1.793172677761929203e-04
5.583218174009163022e+02,3.178563001714404379e+01,-1.495026855676215946e-20,6.174402370260223470e-31,6.172224609025020794e-31,3.142540274115835952e-15,-2.990053711352431891e-20,-1.234880474052044694e-30,1.777645380234282868e-04,1.778198808040087897e-04,1.791082397159062033e-04
5.589726577199787698e+02,3.182268278659923411e+01,-1.488969707781435074e-20,5.743463054014141125e-31,5.741439643759786652e-31,3.030891523960509261e-15,-2.977939415562870149e-20,-1.148692610802828225e-30,1.775575944772400661e-04,1.776128083779138223e-04,1.788996961890439369e-04
5.596234980390291867e+02,3.185973555605373875e+01,-1.482924485484671298e-20,5.342589720545873019e-31,5.340709703906743618e-31,2.923206377635829903e-15,-2.965848970969342597e-20,-1.068517944109174604e-30,1.773511321948584296e-04,1.774062176653767864e-04,1.786916355216264544e-04
5.602743383580673253e+02,3.189678832550754706e+01,-1.476735827615233013e-20,4.969685505943914262e-31,4.967938718245013160e-31,2.819344240987968018e-15,-2.953471655230466025e-20,-9.939371011887828523e-31,1.771451494997910991e-04,1.772001069879625135e-04,1.784840560473298571e-04
5.609251786770935269e+02,3.193384109496067325e+01,-1.470714457863152722e-20,4.622799718092119963e-31,4.621176739603333945e-31,2.719169502507214979e-15,-2.941428915726305445e-20,-9.245599436184239926e-31,1.769396447225402014e-04,1.769944746734530838e-04,1.782769561074418879e-04
5.615760189961076776e+02,3.197089386441311376e+01,-1.464561604037362718e-20,4.300117721317136244e-31,4.298609762272118786e-31,2.622551356910935611e-15,-2.929123208074725435e-20,-8.600235442634272489e-31,1.767346162019900468e-04,1.767893190589564512e-04,1.780703340508197014e-04
5.622268593151098912e+02,3.200794663386487571e+01,-1.458623843422829048e-20,3.999951341799617586e-31,3.998550248682158277e-31,2.529363634966600301e-15,-2.917247686845658096e-20,-7.999902683599235173e-31,1.765300622844079292e-04,1.765846384885749742e-04,1.778641882338459804e-04
5.628776996341001677e+02,3.204499940331595553e+01,-1.452530697470014991e-20,3.720730098984931532e-31,3.719428315967091754e-31,2.439484639334166198e-15,-2.905061394940029983e-20,-7.441460197969863064e-31,1.763259813238327034e-04,1.763804313144046176e-04,1.776585170203876559e-04
5.635285399530785071e+02,3.208205217276636034e+01,-1.446294116937582548e-20,3.460993060293298499e-31,3.459783536464654519e-31,2.352796986215225277e-15,-2.892588233875165096e-20,-6.921986120586596998e-31,1.761223716817972296e-04,1.761766958963129071e-04,1.774533187817522127e-04
5.641793802720451367e+02,3.211910494221609014e+01,-1.440451896070742659e-20,3.219381114279412138e-31,3.218257309408879098e-31,2.269187452603730244e-15,-2.880903792141485318e-20,-6.438762228558824275e-31,1.759192317272728623e-04,1.759734306006066618e-04,1.772485918966473306e-04
5.648302205909998293e+02,3.215615771166514492e+01,-1.434669408564855880e-20,2.994629910651951452e-31,2.993585764040556196e-31,2.188546828940356489e-15,-2.869338817129711760e-20,-5.989259821303902903e-31,1.757165598372245618e-04,1.757706338026965298e-04,1.770443661719513565e-04
5.654810609099429257e+02,3.219321048111354600e+01,-1.428862997824277356e-20,2.785563301488504220e-31,2.784593157131441132e-31,2.110769776979551603e-15,-2.857725995648554713e-20,-5.571126602977008441e-31,1.755143543956672048e-04,1.755683038843214305e-04,1.768406108093987952e-04
5.661319012288740851e+02,3.223026325056125785e+01,-1.422865349592517725e-20,2.591087118713223112e-31,2.590185730493279046e-31,2.035754692685060793e-15,-2.845730699185035449e-20,-5.182174237426446223e-31,1.753126137939986506e-04,1.753664392354359336e-04,1.766373217327696539e-04
5.667827415477938757e+02,3.226731602000833021e+01,-1.416748169720677508e-20,2.410183489911781392e-31,2.409345996439088312e-31,1.963403573976206517e-15,-2.833496339441355016e-20,-4.820366979823562784e-31,1.751113364313883203e-04,1.751650382523228799e-04,1.764344973517742378e-04
5.674335818667018430e+02,3.230436878945472046e+01,-1.410678772865683317e-20,2.241905557143371786e-31,2.241127421394057649e-31,1.893621893153565193e-15,-2.821357545731366634e-20,-4.483811114286743572e-31,1.749105207140000395e-04,1.749640993399248501e-04,1.762321360833026289e-04
5.680844221855982141e+02,3.234142155890045700e+01,-1.404274725060008745e-20,2.085372465991238630e-31,2.084649479927279400e-31,1.826318473838461424e-15,-2.808549450120017489e-20,-4.170744931982477260e-31,1.747101650554916397e-04,1.747636209097347404e-04,1.760302363513824016e-04
5.687352625044831029e+02,3.237847432834553985e+01,-1.398145530842437742e-20,1.939764789163188006e-31,1.939093053406890471e-31,1.761405372266993173e-15,-2.796291061684875483e-20,-3.879529578326376012e-31,1.745102678765708681e-04,1.745636013803508746e-04,1.758287965871413807e-04
5.693861028233562820e+02,3.241552709778995478e+01,-1.392458506858755721e-20,1.804320274118799441e-31,1.803696149275980538e-31,1.698797762784484268e-15,-2.784917013717511443e-20,-3.608640548237598883e-31,1.743108276053839667e-04,1.743640391785872268e-04,1.756278152287653576e-04
5.700369431422180924e+02,3.245257986723372312e+01,-1.386353174457853476e-20,1.678329807892174622e-31,1.677749918618225110e-31,1.638413827391956658e-15,-2.772706348915706952e-20,-3.356659615784349243e-31,1.741118426772936267e-04,1.741649327372529754e-04,1.754272907214605764e-04
5.706877834610685341e+02,3.248963263667684487e+01,-1.380200017409629639e-20,1.561133732657657209e-31,1.560594951236689238e-31,1.580174649201379454e-15,-2.760400034819259278e-20,-3.122267465315314419e-31,1.739133115345459224e-04,1.739662804967068155e-04,1.752272215174139171e-04
5.713386237799076071e+02,3.252668540611932002e+01,-1.374417325829417567e-20,1.452118421818376832e-31,1.451617828915737564e-31,1.524004109661512766e-15,-2.748834651658835135e-20,-2.904236843636753664e-31,1.737152326267699110e-04,1.737680809048569586e-04,1.750276060757541350e-04
5.719894640987351977e+02,3.256373817556113437e+01,-1.368921443090653105e-20,1.350713030672280360e-31,1.350247918881835247e-31,1.469828789421045598e-15,-2.737842886181306211e-20,-2.701426061344560720e-31,1.735176044102004767e-04,1.735703324162729544e-04,1.748284428625131821e-04
5.726403044175515333e+02,3.260079094500231633e+01,-1.363162616375415434e-20,1.256386530154092650e-31,1.255954390731187657e-31,1.417577872700438355e-15,-2.726325232750830869e-20,-2.512773060308185301e-31,1.733204253487330426e-04,1.733730334928518246e-04,1.746297303505877177e-04
5.732911447363566140e+02,3.263784371444285171e+01,-1.357834013818882087e-20,1.168644950035112178e-31,1.168243441257200067e-31,1.367183055048416046e-15,-2.715668027637764174e-20,-2.337289900070224356e-31,1.731236939127578367e-04,1.731761826027078399e-04,1.744314670197016763e-04
5.739419850551504396e+02,3.267489648388275469e+01,-1.352087101734754971e-20,1.087028762456172090e-31,1.086655712694662068e-31,1.318578454363432738e-15,-2.704174203469509943e-20,-2.174057524912344180e-31,1.729274085797705141e-04,1.729797782222819436e-04,1.742336513563677515e-04
5.745928253739330103e+02,3.271194925332201109e+01,-1.346256512842713709e-20,1.011110493905390998e-31,1.010763890906173948e-31,1.271700525064717597e-15,-2.692513025685427418e-20,-2.022220987810781996e-31,1.727315678339280680e-04,1.727838188332331271e-04,1.740362857522856832e-04
5.752436656927043259e+02,3.274900202276062089e+01,-1.340545417900548975e-20,9.404925055926491893e-32,9.401704709743330705e-32,1.226487975301402164e-15,-2.681090835801097950e-20,-1.880985011185298379e-31,1.725361701667704750e-04,1.725883029257690993e-04,1.738393929781397080e-04
5.758945060114648413e+02,3.278605479219862673e+01,-1.334726743822127815e-20,8.748048866394428473e-32,8.745056785367082548e-32,1.182881687092472185e-15,-2.669453487644255631e-20,-1.749609773278885695e-31,1.723412140761659828e-04,1.723932289947605057e-04,1.736429431395952326e-04
5.765453463302139880e+02,3.282310756163597887e+01,-1.328908051680946109e-20,8.137035316102192822e-32,8.134255360123541185e-32,1.140824639293772689e-15,-2.657816103361892219e-20,-1.627407063220438564e-31,1.721466980668662217e-04,1.721985955449589767e-04,1.734469347516218152e-04
5.771961866489522208e+02,3.286016033107271284e+01,-1.323698856470269238e-20,7.568683534249951259e-32,7.566100636246148810e-32,1.100261833292141305e-15,-2.647397712940538476e-20,-1.513736706849990252e-31,1.719526206505617161e-04,1.720044010850019234e-04,1.732513663357784697e-04
5.778470269676793123e+02,3.289721310050880732e+01,-1.317700859977527090e-20,7.040015869727071818e-32,7.037616058279634420e-32,1.061140221330216782e-15,-2.635401719955054181e-20,-1.408003173945414364e-31,1.717589803454933062e-04,1.718106441317424071e-04,1.730562364201784287e-04
5.784978672863954898e+02,3.293426586994428362e+01,-1.312133092150604689e-20,6.548262414649957493e-32,6.546032744007669327e-32,1.023408637368879729e-15,-2.624266184301209378e-20,-1.309652482929991499e-31,1.715657756766186814e-04,1.716173232081397160e-04,1.728615435394528776e-04
5.791487076051007534e+02,3.297131863937914176e+01,-1.306302378405542782e-20,6.090846616255940246e-32,6.088775000744919579e-32,9.870177303975786263e-16,-2.612604756811085563e-20,-1.218169323251188049e-31,1.713730051755013584e-04,1.714244368441475430e-04,1.726672862347149043e-04
5.797995479237951031e+02,3.300837140881337461e+01,-1.300877992262910032e-20,5.665371618069425945e-32,5.663446851360818086e-32,9.519199001059547804e-16,-2.601755984525820065e-20,-1.133074323613885189e-31,1.711806673800886358e-04,1.712319835759368303e-04,1.724734630535238020e-04
5.804503882424785388e+02,3.304542417824698930e+01,-1.295071146716894494e-20,5.269607801115472169e-32,5.267819499670658224e-32,9.180692348332479060e-16,-2.590142293433788987e-20,-1.053921560223094434e-31,1.709887608353777289e-04,1.710399619468949695e-04,1.722800725498503476e-04
5.811012285611511743e+02,3.308247694767998581e+01,-1.289300137959138798e-20,4.901481200060012500e-32,4.899819669730781815e-32,8.854214517149022901e-16,-2.578600275918277597e-20,-9.802962400120025001e-32,1.707972840924165681e-04,1.708483705064045566e-04,1.720871132840415653e-04
5.817520688798131232e+02,3.311952971711237836e+01,-1.283696431266892400e-20,4.559062505765303985e-32,4.557518758135252737e-32,8.539338389486860110e-16,-2.567392862533784801e-20,-9.118125011530607971e-32,1.706062357090809556e-04,1.706572078099544143e-04,1.718945838227853274e-04
5.824029091984642719e+02,3.315658248654415274e+01,-1.278140513484253560e-20,4.240557035968920302e-32,4.239122742652592126e-32,8.235652001052586630e-16,-2.556281026968507119e-20,-8.481114071937840603e-32,1.704156142494639425e-04,1.704664724203608372e-04,1.717024827390762828e-04
5.830537495171045066e+02,3.319363525597530185e+01,-1.272536773696357251e-20,3.944295409296794335e-32,3.942962794490569637e-32,7.942758004109725972e-16,-2.545073547392714502e-20,-7.888590818593588669e-32,1.702254182839313401e-04,1.702761629067683913e-04,1.715108086121814885e-04
5.837045898357342821e+02,3.323068802540586120e+01,-1.266921066048675077e-20,3.668724690857638152e-32,3.667486545147128562e-32,7.660273149330515793e-16,-2.533842132097350155e-20,-7.337449381715276305e-32,1.700356463897323422e-04,1.700862778437617351e-04,1.713195600276057687e-04
5.843554301543533711e+02,3.326774079483580948e+01,-1.261699738976835985e-20,3.412400318793994739e-32,3.411249962223423656e-32,7.387827785998722153e-16,-2.523399477953671970e-20,-6.824800637587989477e-32,1.698462971499448138e-04,1.698968158134750439e-04,1.711287355770581048e-04
5.850062704729616598e+02,3.330479356426514670e+01,-1.256358882121751108e-20,3.173978596212963133e-32,3.172909791753213131e-32,7.125065379914167076e-16,-2.512717764243502216e-20,-6.347957192425926267e-32,1.696573691544189799e-04,1.697077754038156527e-04,1.709383434690668906e-04
5.856571107915594894e+02,3.334184633369388706e+01,-1.250623611795544583e-20,2.952209562384643460e-32,2.951216527560169020e-32,6.871642048372623732e-16,-2.501247223591089166e-20,-5.904419124769286920e-32,1.694688609986116923e-04,1.695191552085750786e-04,1.707483934516200246e-04
5.863079511101469734e+02,3.337889910312203767e+01,-1.245019791146416988e-20,2.745930493860960066e-32,2.745007870906044072e-32,6.627226111616888677e-16,-2.490039582292833975e-20,-5.491860987721920131e-32,1.692807712848076740e-04,1.693309538279841320e-04,1.705588631645241660e-04
5.869587914287237709e+02,3.341595187254957722e+01,-1.239320342619928037e-20,2.554059860068508797e-32,2.553202646252361190e-32,6.391497660176195092e-16,-2.478640685239856074e-20,-5.108119720137017594e-32,1.690930986213423637e-04,1.691431698693790509e-04,1.703697512254994989e-04
5.876096317472902228e+02,3.345300464197652701e+01,-1.233680635351842471e-20,2.375591583952074774e-32,2.374795141339718498e-32,6.164148137531697543e-16,-2.467361270703684942e-20,-4.751183167904149549e-32,1.689058416225464043e-04,1.689558019453141213e-04,1.701810562582915527e-04
5.882604720658461019e+02,3.349005741140287995e+01,-1.228088718105975245e-20,2.209589810669276099e-32,2.208849842004583907e-32,5.944879937565883580e-16,-2.456177436211950489e-20,-4.419179621338552197e-32,1.687189989091342213e-04,1.687688486747829231e-04,1.699927768926386758e-04
5.889113123843915218e+02,3.352711018082863603e+01,-1.222317512284746142e-20,2.055184041600557717e-32,2.054496534214110293e-32,5.733406016272156875e-16,-2.444635024569492283e-20,-4.110368083201115434e-32,1.685325691078709553e-04,1.685823086826632178e-04,1.698049117642398079e-04
5.895621527029265962e+02,3.356416295025380236e+01,-1.216725563278073445e-20,1.911564513737595303e-32,1.910925747718246787e-32,5.529449517220674448e-16,-2.433451126556146889e-20,-3.823129027475190606e-32,1.683465508510728625e-04,1.683961806000500161e-04,1.696174595147226856e-04
5.902129930214515525e+02,3.360121571967839316e+01,-1.211205307858551481e-20,1.777977988795686511e-32,1.777384517501456809e-32,5.332743410292989971e-16,-2.422410615717102962e-20,-3.555955977591373023e-32,1.681609427780506039e-04,1.682104630640335330e-04,1.694304187916110724e-04
5.908638333399659359e+02,3.363826848910237999e+01,-1.205517715180259057e-20,1.653723835968347914e-32,1.653172440876851659e-32,5.143030143216120087e-16,-2.411035430360518115e-20,-3.307447671936695828e-32,1.679757435331108439e-04,1.680251547182542993e-04,1.692437882482939675e-04
5.915146736584702012e+02,3.367532125852579128e+01,-1.199734494176938060e-20,1.538150312077422307e-32,1.537638009609524848e-32,4.960061305442947510e-16,-2.399468988353876119e-20,-3.076300624154844615e-32,1.677909517673326079e-04,1.678402542112378271e-04,1.690575665439931065e-04
5.921655139769642346e+02,3.371237402794862703e+01,-1.194130531020698516e-20,1.430651172121967423e-32,1.430175197892544306e-32,4.783597303941951710e-16,-2.388261062041397032e-20,-2.861302344243934846e-32,1.676065661371795024e-04,1.676557601986150559e-04,1.688717523437327397e-04
5.928163542954479226e+02,3.374942679737086593e+01,-1.188538504013634668e-20,1.330662515853141183e-32,1.330220288335605487e-32,4.613407050474701878e-16,-2.377077008027269336e-20,-2.661325031706282366e-32,1.674225853051658497e-04,1.674716713411239510e-04,1.686863443183075938e-04
5.934671946139216061e+02,3.378647956679253639e+01,-1.182994268084849824e-20,1.237659793158721424e-32,1.237248919369791662e-32,4.449267659954463245e-16,-2.365988536169699648e-20,-2.475319586317442849e-32,1.672390079400232210e-04,1.672879863054976823e-04,1.685013411442521074e-04
5.941180349323852852e+02,3.382353233621363842e+01,-1.177557581567903679e-20,1.151155075855904379e-32,1.150773338628683140e-32,4.290964159493636451e-16,-2.355115163135807357e-20,-2.302310151711808758e-32,1.670558327157012357e-04,1.671047037642425792e-04,1.683167415038102363e-04
5.947688752508386187e+02,3.386058510563415069e+01,-1.171857944146023722e-20,1.070694519195338034e-32,1.070339847942261060e-32,4.138289207761605490e-16,-2.343715888292047443e-20,-2.141389038390676067e-32,1.668730583123667621e-04,1.669218223968593762e-04,1.681325440849044451e-04
5.954197155692820616e+02,3.389763787505410164e+01,-1.166194146253941562e-20,9.958559511427723154e-33,9.955264265813578424e-33,3.991042824288123880e-16,-2.332388292507883125e-20,-1.991711902285544631e-32,1.666906834158488060e-04,1.667393408865125437e-04,1.679487623074838322e-04
5.960705558877154999e+02,3.393469064447348416e+01,-1.160649849703132313e-20,9.262466764532114388e-33,9.259405203215972722e-33,3.849032128359745936e-16,-2.321299699406264627e-20,-1.852493352906422878e-32,1.665087067178050440e-04,1.665572579238050466e-04,1.677653941993142810e-04
5.967213962061387065e+02,3.397174341389227692e+01,-1.155583605209478217e-20,8.615014332271636461e-33,8.612169847627914676e-33,3.712071087170161468e-16,-2.311167210418956435e-20,-1.723002866454327292e-32,1.663271269154442678e-04,1.663755722047799424e-04,1.675824242092975678e-04
5.973722365245520223e+02,3.400879618331051546e+01,-1.150266361379928862e-20,8.012804522851980631e-33,8.010161721454634341e-33,3.579980272896404376e-16,-2.300532722759857725e-20,-1.602560904570396126e-32,1.661459427116374066e-04,1.661942824301432253e-04,1.673998510491691671e-04
5.980230768429556747e+02,3.404584895272819978e+01,-1.144650310653339348e-20,7.452676897047924050e-33,7.450221516564438825e-33,3.452586628385028844e-16,-2.289300621306678697e-20,-1.490535379409584810e-32,1.659651528150285493e-04,1.660133873070401833e-04,1.672176734361827631e-04
5.986739171613490953e+02,3.408290172214530145e+01,-1.138986438108861577e-20,6.931691819137256942e-33,6.929410539131398750e-33,3.329723241143359422e-16,-2.277972876217723154e-20,-1.386338363827451388e-32,1.657847559399794335e-04,1.658328855489443754e-04,1.670358900930810303e-04
5.993247574797327388e+02,3.411995449156184890e+01,-1.133705005830788830e-20,6.447114835253573436e-33,6.444995309651857916e-33,3.211229125341723677e-16,-2.267410011661577660e-20,-1.289422967050714687e-32,1.656047508061253559e-04,1.656527758738812750e-04,1.668544997480657095e-04
5.999755977981066053e+02,3.415700726097783502e+01,-1.128602835530811342e-20,5.996402447623352153e-33,5.994433237560634049e-33,3.096949011542975786e-16,-2.257205671061622683e-20,-1.199280489524670431e-32,1.654251361387637509e-04,1.654730570050944038e-04,1.666735011347692289e-04
6.006264381164706947e+02,3.419406003039326691e+01,-1.123440892770668896e-20,5.577188873828551125e-33,5.575359295490721602e-33,2.986733143885666076e-16,-2.246881785541337791e-20,-1.115437774765710225e-32,1.652459106690207236e-04,1.652937276725996441e-04,1.664928929922262710e-04
6.012772784348251207e+02,3.423111279980815169e+01,-1.117729155001692727e-20,5.187273471984282882e-33,5.185573623446483731e-33,2.880437084456866658e-16,-2.235458310003385453e-20,-1.037454694396856576e-32,1.650670731331294050e-04,1.651147866111868368e-04,1.663126740648445529e-04
6.019281187531696560e+02,3.426816556922246804e+01,-1.112626943050574594e-20,4.824609291059614945e-33,4.823029998022932970e-33,2.777921524600126709e-16,-2.225253886101149189e-20,-9.649218582119229890e-33,1.648886222729295525e-04,1.649362325611969382e-04,1.661328431023766919e-04
6.025789590715044142e+02,3.430521833863623016e+01,-1.107381296052150665e-20,4.487292412881631172e-33,4.485825106325500737e-33,2.679052102912670429e-16,-2.214762592104301329e-20,-8.974584825763262345e-33,1.647105568356455052e-04,1.647580642685220198e-04,1.659533988598923138e-04
6.032297993898296227e+02,3.434227110804944516e+01,-1.101872695557254067e-20,4.173551830123378452e-33,4.172188568454953176e-33,2.583699229695268650e-16,-2.203745391114508134e-20,-8.347103660246756905e-33,1.645328755739416948e-04,1.645802804842722011e-04,1.657743400977492137e-04
6.038806397081452815e+02,3.437932387746212015e+01,-1.096567261630093602e-20,3.881740231125825848e-33,3.880473656334335630e-33,2.491737917625956254e-16,-2.193134523260187205e-20,-7.763480462251651696e-33,1.643555772460336684e-04,1.644028799648866723e-04,1.655956655815665486e-04
6.045314800264510495e+02,3.441637664687423381e+01,-1.091704031568842768e-20,3.610325421002251524e-33,3.609148660298111713e-33,2.403047618437258169e-16,-2.183408063137685536e-20,-7.220650842004503047e-33,1.641786606151329764e-04,1.642258614729108501e-04,1.654173740821966211e-04
6.051823203447473816e+02,3.445342941628580746e+01,-1.086541992597731244e-20,3.357882174184572596e-33,3.356788858250932476e-33,2.317512065384232736e-16,-2.173083985195462489e-20,-6.715764348369145193e-33,1.640021244501688180e-04,1.640492237753310434e-04,1.652394643756969345e-04
6.058331606630341639e+02,3.449048218569684110e+01,-1.081260421637259252e-20,3.123084817789583577e-33,3.122069045355382138e-33,2.235019121298207427e-16,-2.162520843274518503e-20,-6.246169635579167155e-33,1.638259675249553737e-04,1.638729656446846761e-04,1.650619545496752349e-04
6.064840009813113966e+02,3.452753495510732762e+01,-1.076289585588228467e-20,2.904700326363061190e-33,2.903756585139981251e-33,2.155460632028330508e-16,-2.152579171176456933e-20,-5.809400652726122380e-33,1.636501886188579391e-04,1.636970858588382427e-04,1.648848320834362671e-04
6.071348412995791932e+02,3.456458772451728123e+01,-1.071641437364452308e-20,2.701581763946113329e-33,2.700704945646371419e-33,2.078732285080066364e-16,-2.143282874728904616e-20,-5.403163527892226659e-33,1.634747865162933245e-04,1.635215832008762860e-04,1.647080875818122546e-04
6.077856816178375539e+02,3.460164049392669483e+01,-1.066383730383824246e-20,2.512662315059483719e-33,2.511847686772028754e-33,2.004733473266520269e-16,-2.132767460767648493e-20,-5.025324630118967438e-33,1.632997600070629218e-04,1.633464564591013968e-04,1.645317198426955567e-04
6.084365219360865922e+02,3.463869326333557552e+01,-1.061126009941792681e-20,2.336949726675018097e-33,2.336192867325380877e-33,1.933367163194981296e-16,-2.122252019883585361e-20,-4.673899453350036194e-33,1.631251078859641268e-04,1.631717044270342143e-04,1.643557276690393713e-04
6.090873622543260808e+02,3.467574603274390910e+01,-1.055748756904859082e-20,2.173521029816114430e-33,2.172817842506352756e-33,1.864539768417440908e-16,-2.111497513809718163e-20,-4.347042059632228860e-33,1.629508289531789167e-04,1.629973259035244482e-04,1.641801098688318772e-04
6.097382025725561334e+02,3.471279880215171687e+01,-1.050801759740497505e-20,2.021517735685190945e-33,2.020864424567599759e-33,1.798161027079654952e-16,-2.101603519480995011e-20,-4.043035471370381889e-33,1.627769220137742501e-04,1.628233196925288340e-04,1.640048652550691558e-04
6.103890428907769774e+02,3.474985157155899174e+01,-1.045555951328024910e-20,1.880141362091997942e-33,1.879534381313166527e-33,1.734143883909598348e-16,-2.091111902656049819e-20,-3.760282724183995884e-33,1.626033858779796226e-04,1.626496846022229548e-04,1.638299926457295770e-04
6.110398832089883854e+02,3.478690434096573370e+01,-1.040704544177742272e-20,1.748649185030983911e-33,1.748085248858113999e-33,1.672404376391362563e-16,-2.081409088355484545e-20,-3.497298370061967822e-33,1.624302193612425782e-04,1.624764194473327095e-04,1.636554908637475887e-04
6.116907235271906984e+02,3.482395711037194985e+01,-1.035626037251823819e-20,1.626350372581017106e-33,1.625826436717971523e-33,1.612861524976262252e-16,-2.071252074503647638e-20,-3.252700745162034212e-33,1.622574212837846197e-04,1.623035230463587553e-04,1.634813587369882918e-04
6.123415638453835754e+02,3.486100987977764021e+01,-1.030320429880524402e-20,1.512602384256612678e-33,1.512115604826571114e-33,1.555437227188070686e-16,-2.060640859761048804e-20,-3.025204768513225356e-33,1.620849904709897871e-04,1.621309942236859314e-04,1.633075950982212303e-04
6.129924041635673575e+02,3.489806264918280476e+01,-1.024978953278357751e-20,1.406807551659210886e-33,1.406355293504124333e-33,1.500056155484386791e-16,-2.049957906556715502e-20,-2.813615103318421772e-33,1.619129257533491462e-04,1.619588318082509915e-04,1.631341987850957792e-04
6.136432444817419309e+02,3.493511541858745062e+01,-1.019685271410835314e-20,1.308409967135200734e-33,1.307989788721398888e-33,1.446645658741019451e-16,-2.039370542821670627e-20,-2.616819934270401469e-33,1.617412259661277218e-04,1.617870346338756704e-04,1.629611686401153140e-04
6.142940847999074094e+02,3.497216818799157068e+01,-1.014367672371781722e-20,1.216892585765982411e-33,1.216502206237531823e-33,1.395135667230986911e-16,-2.028735344743563444e-20,-2.433785171531964822e-33,1.615698899495310314e-04,1.616156015397107737e-04,1.627885035106122467e-04
6.149449251180637930e+02,3.500922095739517914e+01,-1.009181532504005979e-20,1.131774473362008471e-33,1.131411779334779521e-33,1.345458600974272732e-16,-2.018363065008011957e-20,-2.263548946724016942e-33,1.613989165488161071e-04,1.614445313695700435e-04,1.626162022487228720e-04
6.155957654362109679e+02,3.504627372679826181e+01,-1.004341989002167857e-20,1.052608302571769265e-33,1.052271335939461451e-33,1.297549281338916342e-16,-2.008683978004335714e-20,-2.105216605143538530e-33,1.612283046139584286e-04,1.612738229720411809e-04,1.624442637113629462e-04
6.162466057543490479e+02,3.508332649620082577e+01,-9.989048307331391578e-21,9.789780204346685697e-34,9.786649519095924635e-34,1.251344845778072445e-16,-1.997809661466278316e-20,-1.957956040869337139e-33,1.610580530000960131e-04,1.611034752011519799e-04,1.622727101648286708e-04
6.168974460724781466e+02,3.512037926560288525e+01,-9.937067005149970813e-21,9.104966335240948875e-34,9.102057681925784974e-34,1.206784665592053970e-16,-1.987413401029994163e-20,-1.820993267048189775e-33,1.608881605665857251e-04,1.609334869150380598e-04,1.621015195954232180e-04
6.175482863905981503e+02,3.515743203500441894e+01,-9.884368450913432883e-21,8.468041929419758299e-34,8.465339604138778615e-34,1.163810266608008866e-16,-1.976873690182686577e-20,-1.693608385883951660e-33,1.607186261782800329e-04,1.607638569769420656e-04,1.619306881747421703e-04
6.181991267087092865e+02,3.519448480440544813e+01,-9.829040308474782196e-21,7.875659170926959350e-34,7.873148502560262397e-34,1.122365252673853012e-16,-1.965808061694956439e-20,-1.575131834185391870e-33,1.605494487043612750e-04,1.605945842549916236e-04,1.617602147797510010e-04
6.188499670268113277e+02,3.523153757380596574e+01,-9.777058621297949339e-21,7.324704091713164322e-34,7.322371487298492097e-34,1.082395231866696048e-16,-1.955411724259589868e-20,-1.464940818342632864e-33,1.603806270190633043e-04,1.604256676221993416e-04,1.615900982920641881e-04
6.195008073449046151e+02,3.526859034320597885e+01,-9.727706273149790935e-21,6.812280356141882344e-34,6.810113221304088530e-34,1.043847745319524168e-16,-1.945541254629958187e-20,-1.362456071228376469e-33,1.602121600010608660e-04,1.602571059556856525e-04,1.614203375979203047e-04
6.201516476629886938e+02,3.530564311260547328e+01,-9.677039070696870502e-21,6.335694152735232493e-34,6.333680721127824037e-34,1.006672198573324957e-16,-1.935407814139374100e-20,-1.267138830547046499e-33,1.600440465338581753e-04,1.600888981383441489e-04,1.612509315881598202e-04
6.208024879810642460e+02,3.534269588200447743e+01,-9.626969352437352892e-21,5.892439848875637598e-34,5.890569219204819786e-34,9.708197953651188006e-17,-1.925393870487470578e-20,-1.178487969775127520e-33,1.598762855058444288e-04,1.599210430562880703e-04,1.610818791581995399e-04
6.214533282991308170e+02,3.537974865140296998e+01,-9.576421428666296496e-21,5.480186941801891152e-34,5.478449013553475058e-34,9.362434737655349834e-17,-1.915284285733259299e-20,-1.096037388360378230e-33,1.597088758097386929e-04,1.597535396019589271e-04,1.609131792080107043e-04
6.221041686171887477e+02,3.541680142080097227e+01,-9.527546687543771883e-21,5.096767899410000544e-34,5.095153235949685546e-34,9.028978445826247955e-17,-1.905509337508754377e-20,-1.019353579882000109e-33,1.595418163429784819e-04,1.595863866711288992e-04,1.607448306420952721e-04
6.227550089352376972e+02,3.545385419019846296e+01,-9.476998524103723403e-21,4.740166615696780799e-34,4.738666474448850676e-34,8.707391319515944084e-17,-1.895399704820744681e-20,-9.480333231393561599e-34,1.593751060078862913e-04,1.594195831648992367e-04,1.605768323694627727e-04
6.234058492532778928e+02,3.549090695959545627e+01,-9.429438286303864836e-21,4.408507910069595849e-34,4.407114190602551685e-34,8.397251160328647849e-17,-1.885887657260772967e-20,-8.817015820139191699e-34,1.592087437111144865e-04,1.592531279884790152e-04,1.604091833036070769e-04
6.240566895713092208e+02,3.552795972899194510e+01,-9.378889884373968861e-21,4.100047741719239852e-34,4.098752875882625996e-34,8.098150777438143854e-17,-1.875777976874793772e-20,-8.200095483438479703e-34,1.590427283634787692e-04,1.590870200522953581e-04,1.602418823624841165e-04
6.247075298893321360e+02,3.556501249838795076e+01,-9.328102318063615886e-21,3.813163919196623559e-34,3.811960895696075358e-34,7.809697454520066432e-17,-1.865620463612723177e-20,-7.626327838393247118e-34,1.588770588813459561e-04,1.589212582704391252e-04,1.600749284684881407e-04
6.253583702073462973e+02,3.560206526778346614e+01,-9.278509853721302596e-21,3.546347650511521520e-34,3.545229972978418861e-34,7.531512435603801424e-17,-1.855701970744260519e-20,-7.092695301023043040e-34,1.587117341848021113e-04,1.587558415621082020e-04,1.599083205484307633e-04
6.260092105253515911e+02,3.563911803717846993e+01,-9.231068673927358620e-21,3.298195667862345031e-34,3.297157266704066760e-34,7.263230429173032097e-17,-1.846213734785471724e-20,-6.596391335724690062e-34,1.585467531983741907e-04,1.585907688517185221e-04,1.597420597944410351e-04
6.266600508433485857e+02,3.567617080657300477e+01,-9.180519797401408394e-21,3.067402751376959271e-34,3.066438003769894488e-34,7.004499129867767422e-17,-1.836103959480281679e-20,-6.134805502753918541e-34,1.583821148516961763e-04,1.584260390660174878e-04,1.595761654285492821e-04
6.273108911613368264e+02,3.571322357596703512e+01,-9.135349318011128193e-21,2.852754929583713456e-34,2.851858625608258835e-34,6.754978757163648044e-17,-1.827069863602225639e-20,-5.705509859167426911e-34,1.582178180781768084e-04,1.582616511381917945e-04,1.594106136786300413e-04
6.279617314793163132e+02,3.575027634536057519e+01,-9.088863981324835394e-21,2.653123141657327432e-34,2.652290413583300429e-34,6.514341610426398568e-17,-1.817772796264967079e-20,-5.306246283314654864e-34,1.580538618161098086e-04,1.580976040055359633e-04,1.592454034900294985e-04
6.286125717972876146e+02,3.578732911475364631e+01,-9.038912373226065107e-21,2.467457221196696104e-34,2.466683559733802123e-34,6.282271639760639656e-17,-1.807782474645213021e-20,-4.934914442393392208e-34,1.578902450078967235e-04,1.579338966085641616e-04,1.590805338123898820e-04
6.292634121152501621e+02,3.582438188414622005e+01,-8.990275400920327544e-21,2.294780424812447857e-34,2.294061651760344251e-34,6.058464032093077150e-17,-1.798055080184065509e-20,-4.589560849624895714e-34,1.577269666007130589e-04,1.577705278935637168e-04,1.589160035996302453e-04
6.299142524332042967e+02,3.586143465353831061e+01,-8.938291669965018297e-21,2.134184331794195881e-34,2.133516543325251780e-34,5.842624811949166029e-17,-1.787658333993003659e-20,-4.268368663588391761e-34,1.575640255453425453e-04,1.576074968104856922e-04,1.587518118099234550e-04
6.305650927511500186e+02,3.589848742292992512e+01,-8.891447315179326982e-21,1.984824002898675214e-34,1.984203582754758399e-34,5.634470456402814234e-17,-1.778289463035865396e-20,-3.969648005797350428e-34,1.574014207975649171e-04,1.574448023134999985e-04,1.585879574056753467e-04
6.312159330690872139e+02,3.593554019232105645e+01,-8.841495245958687502e-21,1.845913577705500843e-34,1.845337175110611538e-34,5.433727523695845434e-17,-1.768299049191737500e-20,-3.691827155411001685e-34,1.572391513173232447e-04,1.572824433616615281e-04,1.584244393535026349e-04
6.318667733870159964e+02,3.597259296171170462e+01,-8.789630687537079263e-21,1.716722170168378162e-34,1.716186654346721716e-34,5.240132295042516244e-17,-1.757926137507415853e-20,-3.433444340336756324e-34,1.570772160687239349e-04,1.571204189180219757e-04,1.582612566242130989e-04
6.325176137049364797e+02,3.600964573110188383e+01,-8.743025045081751280e-21,1.596569973008341274e-34,1.596072443892055000e-34,5.053430429151358084e-17,-1.748605009016350256e-20,-3.193139946016682548e-34,1.569156140199257088e-04,1.569587279495188170e-04,1.580984081927832479e-04
6.331684540228485503e+02,3.604669850049157986e+01,-8.697973101982367480e-21,1.484824715120816852e-34,1.484362485513244585e-34,4.873376629013184888e-17,-1.739594620396473496e-20,-2.969649430241633703e-34,1.567543441441388019e-04,1.567973694278634866e-04,1.579358930383379116e-04
6.338192943407522080e+02,3.608375126988079984e+01,-8.649693913494170691e-21,1.380898358606729543e-34,1.380468917717165500e-34,4.699734320520113112e-17,-1.729938782698834138e-20,-2.761796717213459085e-34,1.565934054178486079e-04,1.566363423289862666e-04,1.577737101441292874e-04
6.344701346586475665e+02,3.612080403926954375e+01,-8.602609853213263822e-21,1.284243964137723661e-34,1.283844986262255003e-34,4.532275342495872590e-17,-1.720521970642652764e-20,-2.568487928275447323e-34,1.564327968222589682e-04,1.564756456325921974e-04,1.576118584975162598e-04
6.351209749765348533e+02,3.615785680865783291e+01,-8.555884257120311884e-21,1.194352840446624640e-34,1.193982170564569732e-34,4.370779647732554949e-17,-1.711176851424062377e-20,-2.388705680893249280e-34,1.562725173424595049e-04,1.563152783227161891e-04,1.574503370899442065e-04
6.357718152944137273e+02,3.619490957804563891e+01,-8.510353795183966331e-21,1.110751886373357871e-34,1.110407510916795702e-34,4.215035014643262914e-17,-1.702070759036793266e-20,-2.221503772746715742e-34,1.561125659681472655e-04,1.561552393880560885e-04,1.572891449169238297e-04
6.364226556122845295e+02,3.623196234743299016e+01,-8.465779422761991523e-21,1.033001068606077531e-34,1.032681122491737493e-34,4.064836769154180936e-17,-1.693155884552398305e-20,-2.066002137212155062e-34,1.559529416926275225e-04,1.559955278207514340e-04,1.571282877252772015e-04
6.370734959301468052e+02,3.626901511681985113e+01,-8.420487802564786838e-21,9.606911280827215315e-35,9.603938830811861795e-35,3.919987516472339412e-17,-1.684097560512957368e-20,-1.921382256165443063e-34,1.557936435135909292e-04,1.558361426176047004e-04,1.569677746198410795e-04
6.377243362480010092e+02,3.630606788620625736e+01,-8.373522737433443155e-21,8.934414411236624832e-35,8.931652824328694425e-35,3.780296882379201591e-17,-1.674704547486688631e-20,-1.786882882247324966e-34,1.556346704329469866e-04,1.556770827791931211e-04,1.568075876055801516e-04
6.383751765658471413e+02,3.634312065559220173e+01,-8.328469959132860222e-21,8.308979899584880428e-35,8.306414218953410875e-35,3.645581263711653680e-17,-1.665693991826572044e-20,-1.661795979916976086e-34,1.554760214563799536e-04,1.555183473100907321e-04,1.566477256950716277e-04
6.390260168836853154e+02,3.638017342497769135e+01,-8.277799420188419852e-21,7.727315172605908564e-35,7.724931538694775286e-35,3.515663587704551769e-17,-1.655559884037683970e-20,-1.545463034521181713e-34,1.553176955936819148e-04,1.553599352187573501e-04,1.564881879048499744e-04
6.396768572015150767e+02,3.641722619436270492e+01,-8.231551185417191590e-21,7.186358050170447115e-35,7.184143512985751712e-35,3.390373079880325210e-17,-1.646310237083438318e-20,-1.437271610034089423e-34,1.551596918588082907e-04,1.552018455187598178e-04,1.563289732553888359e-04
6.403276975193368799e+02,3.645427896374726373e+01,-8.184346648087772487e-21,6.683260415970948892e-35,6.681202981113081409e-35,3.269545040182338546e-17,-1.636869329617554497e-20,-1.336652083194189778e-34,1.550020092698778384e-04,1.550440772265515577e-04,1.561700807710799191e-04
6.409785378371507250e+02,3.649133173313137490e+01,-8.139293455628336636e-21,6.215373368831106124e-35,6.213461921663974507e-35,3.153020627059448737e-17,-1.627858691125667327e-20,-1.243074673766221225e-34,1.548446468483399840e-04,1.548866293630268842e-04,1.560115094802152938e-04
6.416293781549562709e+02,3.652838450251501001e+01,-8.092805861276906241e-21,5.780233373111281390e-35,5.778457528381373216e-35,3.040646649219569827e-17,-1.618561172255381248e-20,-1.156046674622256278e-34,1.546876036205291349e-04,1.547295009530769150e-04,1.558532584149662783e-04
6.422802184727540862e+02,3.656543727189819748e+01,-8.049306294394989570e-21,5.375549120272809766e-35,5.373899259310103147e-35,2.932275364780082480e-17,-1.609861258878997914e-20,-1.075109824054561953e-34,1.545308786158328118e-04,1.545726910249234365e-04,1.556953266113651161e-04
6.429310587905438297e+02,3.660249004128093731e+01,-8.005687105063760802e-21,4.999189581732624124e-35,4.997656791223415447e-35,2.827764287552529596e-17,-1.601137421012752160e-20,-9.998379163465248248e-35,1.543744708683014721e-04,1.544161986121173058e-04,1.555377131092858939e-04
6.435818991083256151e+02,3.663954281066321528e+01,-7.961589716912498414e-21,4.649172864533164632e-35,4.647748816070711860e-35,2.726976000208498151e-17,-1.592317943382499683e-20,-9.298345729066329264e-35,1.542183794154272647e-04,1.542600227506518706e-04,1.553804169524259477e-04
6.442327394260994424e+02,3.667659558004504561e+01,-7.917133654474448627e-21,4.323655640478858954e-35,4.322332620604860865e-35,2.629777974082180430e-17,-1.583426730894889725e-20,-8.647311280957717908e-35,1.540626032987546523e-04,1.541041624810723931e-04,1.552234371882856424e-04
6.448835797438654254e+02,3.671364834942642830e+01,-7.871482237404401529e-21,4.020923533690235964e-35,4.019694394460194475e-35,2.536042395374397305e-17,-1.574296447480880306e-20,-8.041847067380471928e-35,1.539071415637138784e-04,1.539486168478099160e-04,1.550667728681513768e-04
6.455344200616233366e+02,3.675070111880734913e+01,-7.824575699749799758e-21,3.739382153245828674e-35,3.738240215773392808e-35,2.445645997530596998e-17,-1.564915139949959952e-20,-7.478764306491657348e-35,1.537519932595654559e-04,1.537933848994033070e-04,1.549104230470752549e-04
6.461852603793736307e+02,3.678775388818783654e+01,-7.777489771297236955e-21,3.477548588298132470e-35,3.476487666997205242e-35,2.358469899573774088e-17,-1.555497954259447391e-20,-6.955097176596264940e-35,1.535971574394001671e-04,1.536384656872780141e-04,1.547543867838577930e-04
6.468361006971159668e+02,3.682480665756786919e+01,-7.732316156860441624e-21,3.234043674192227109e-35,3.233058036864489930e-35,2.274399450180900796e-17,-1.546463231372088325e-20,-6.468087348384454219e-35,1.534426331599725302e-04,1.534838582678554886e-04,1.545986739444262122e-04
6.474869410148504585e+02,3.686185942694746132e+01,-7.684154291560015877e-21,3.007584776927779163e-35,3.006669067537155597e-35,2.193324077298986068e-17,-1.536830858312003175e-20,-6.015169553855558325e-35,1.532884194822003998e-04,1.533295617007768286e-04,1.544432844492337918e-04
6.481377813325772195e+02,3.689891219632660579e+01,-7.640295266814017840e-21,2.796978950615951912e-35,2.796128208836597242e-35,2.115137143104095728e-17,-1.528059053362803568e-20,-5.593957901231903825e-35,1.531345154703322997e-04,1.531755750490138013e-04,1.542882055662415572e-04
6.487886216502961361e+02,3.693596496570530974e+01,-7.590937935768325677e-21,2.601116715121797971e-35,2.600326344114497338e-35,2.039735804113659200e-17,-1.518187587153665135e-20,-5.202233430243595941e-35,1.529809201925580453e-04,1.530218973803121330e-04,1.541334363699847527e-04
6.494394619680075493e+02,3.697301773508358735e+01,-7.544329607898974427e-21,2.418966250202811188e-35,2.418231954799005826e-35,1.967020876269087712e-17,-1.508865921579794885e-20,-4.837932500405622377e-35,1.528276327210642549e-04,1.528685277651931074e-04,1.539789759386495918e-04
6.500903022857110045e+02,3.701007050446141022e+01,-7.501306976910982894e-21,2.249567890503608008e-35,2.248885692954904516e-35,1.896896704812322430e-17,-1.500261395382196579e-20,-4.499135781007216016e-35,1.526746521312016824e-04,1.527154652786189004e-04,1.538248233540539590e-04
6.507411426034068427e+02,3.704712327383879256e+01,-7.457447566619120923e-21,2.092029119372180498e-35,2.091395333338058260e-35,1.829271038785912981e-17,-1.491489513323824185e-20,-4.184058238744360995e-35,1.525219775025399294e-04,1.525627089988823570e-04,1.536709777016302789e-04
6.513919829210949501e+02,3.708417604321574146e+01,-7.411317053767780151e-21,1.945519897342855047e-35,1.944931078418381860e-35,1.764054909992716502e-17,-1.482263410753556030e-20,-3.891039794685710093e-35,1.523696079180347773e-04,1.524102580080510805e-04,1.535174380704087656e-04
6.520428232387754406e+02,3.712122881259225693e+01,-7.364230228046163595e-21,1.809268233303740393e-35,1.808721191697980740e-35,1.701162516256682966e-17,-1.472846045609232719e-20,-3.618536466607480786e-35,1.522175424644167663e-04,1.522581113916343654e-04,1.533642035529982593e-04
6.526936635564483140e+02,3.715828158196833897e+01,-7.321087693637228926e-21,1.682556156834374949e-35,1.682047936375913009e-35,1.640511108832080058e-17,-1.464217538727445785e-20,-3.365112313668749899e-35,1.520657802318581275e-04,1.521062682392493315e-04,1.532112732455703427e-04
6.533445038741135704e+02,3.719533435134398758e+01,-7.278184121585296401e-21,1.564715959464279667e-35,1.564243798014444685e-35,1.582020883813836270e-17,-1.455636824317059280e-20,-3.129431918928559333e-35,1.519143203145834065e-04,1.519547276438437677e-04,1.530586462478408284e-04
6.539953441917712098e+02,3.723238712071920276e+01,-7.232650859960576994e-21,1.455126631702744807e-35,1.454687971353341180e-35,1.525614877406924682e-17,-1.446530171992115399e-20,-2.910253263405489614e-35,1.517631618099812840e-04,1.518034887020291990e-04,1.529063216630533871e-04
6.546461845094214596e+02,3.726943989009399161e+01,-7.188910412440054054e-21,1.353210622674464405e-35,1.352803092806165781e-35,1.471218864917747487e-17,-1.437782082488010811e-20,-2.706421245348928811e-35,1.516123038193817329e-04,1.516525505136367968e-04,1.527542985979614962e-04
6.552970248270639786e+02,3.730649265946834703e+01,-7.147201838971075711e-21,1.258430815851901197e-35,1.258052201463066582e-35,1.418761263335345777e-17,-1.429440367794215142e-20,-2.516861631703802394e-35,1.514617454473343727e-04,1.515019121831606697e-04,1.526025761628121763e-04
6.559478651446991080e+02,3.734354542884227612e+01,-7.103401445653606967e-21,1.170287662722519263e-35,1.169935912624872807e-35,1.368173037374950040e-17,-1.420680289130721393e-20,-2.340575325445038527e-35,1.513114858020525588e-04,1.513515728170933272e-04,1.524511534713291318e-04
6.565987054623267341e+02,3.738059819821577889e+01,-7.060377890350944140e-21,1.088316575859908687e-35,1.087989789009795900e-35,1.319387608860896269e-17,-1.412075578070188828e-20,-2.176633151719817374e-35,1.511615239955799161e-04,1.512015315272563498e-04,1.523000296406951603e-04
6.572495457799468568e+02,3.741765096758886244e+01,-7.015680856657723897e-21,1.012085495648201881e-35,1.011781895812614269e-35,1.272340769330364085e-17,-1.403136171331544779e-20,-2.024170991296403761e-35,1.510118591431797164e-04,1.510517874270256300e-04,1.521492182612447944e-04
6.579003860975594762e+02,3.745470373696151256e+01,-6.969907979629409320e-21,9.411925844240235226e-36,9.409105267618494987e-36,1.226970595743418457e-17,-1.393981595925881864e-20,-1.882385168848047045e-35,1.508624903635569225e-04,1.509023396352171531e-04,1.519987109154441929e-04
6.585512264151648196e+02,3.749175650633374346e+01,-6.924971703952444810e-21,8.752641291835868714e-36,8.750020892193703120e-36,1.183217369189191967e-17,-1.384994340790488962e-20,-1.750528258367173743e-35,1.507134167790802337e-04,1.507531872724232613e-04,1.518484996672484681e-04
6.592020667327625461e+02,3.752880927570554803e+01,-6.882186840824281848e-21,8.139525838393613909e-36,8.137091372020322926e-36,1.141023496481668289e-17,-1.376437368164856370e-20,-1.627905167678722782e-35,1.505646375155600403e-04,1.506043294642323005e-04,1.516985836483666938e-04
6.598529070503531102e+02,3.756586204507694760e+01,-6.835457459639028248e-21,7.569347142791575161e-36,7.567085419825257006e-36,1.100333434542475938e-17,-1.367091491927805650e-20,-1.513869428558315032e-35,1.504161517021929129e-04,1.504557653381199955e-04,1.515489619938799207e-04
6.605037473679361710e+02,3.760291481444791373e+01,-6.788249870147609198e-21,7.039099110998082813e-36,7.036997906494748452e-36,1.061093617471691218e-17,-1.357649974029521840e-20,-1.407819822199616563e-35,1.502679584717836470e-04,1.503074940267801196e-04,1.513996338422225556e-04
6.611545876855118422e+02,3.763996758381846064e+01,-6.742715582207835243e-21,6.545986144873418525e-36,6.544034036792777657e-36,1.023252386211165655e-17,-1.348543116441567049e-20,-1.309197228974683705e-35,1.501200569601346402e-04,1.501595146646828027e-04,1.512505983351682668e-04
6.618054280030803511e+02,3.767702035318859544e+01,-6.702320926733279432e-21,6.087408220437714922e-36,6.085594631976411987e-36,9.867599207082875021e-18,-1.340464185346655886e-20,-1.217481644087542984e-35,1.499724463069895819e-04,1.500118263906280447e-04,1.511018546178123385e-04
6.624562683206415841e+02,3.771407312255832522e+01,-6.661328545124227157e-21,5.660947314027472378e-36,5.659262441905000703e-36,9.515681744913499031e-18,-1.332265709024845431e-20,-1.132189462805494476e-35,1.498251256551452748e-04,1.498644283463024252e-04,1.509534018385570882e-04
6.631071086381955411e+02,3.775112589192763579e+01,-6.617108804610987197e-21,5.264354729719888410e-36,5.262789414651115601e-36,9.176308115708509225e-18,-1.323421760922197439e-20,-1.052870945943977682e-35,1.496780941506736795e-04,1.497173196777223936e-04,1.508052391490950078e-04
6.637579489557421084e+02,3.778817866129652714e+01,-6.572888974695949067e-21,4.895539096049196855e-36,4.894084856654286612e-36,8.849031455841288012e-18,-1.314577794939189813e-20,-9.791078192098393710e-36,1.495313509431439591e-04,1.495704995329028009e-04,1.506573657043934489e-04
6.644087892732815135e+02,3.782523143066500637e+01,-6.529027642325055431e-21,4.552555446154595891e-36,4.551204421138328632e-36,8.533420811035470034e-18,-1.305805528465011086e-20,-9.105110892309191783e-36,1.493848951856224794e-04,1.494239670639663231e-04,1.505097806626791998e-04
6.650596295908137563e+02,3.786228420003308059e+01,-6.486002924807625913e-21,4.233595022253823778e-36,4.232339866869364994e-36,8.229060570314805959e-18,-1.297200584961525183e-20,-8.467190044507647556e-36,1.492387260342287192e-04,1.492777214263663055e-04,1.503624831854217625e-04
6.657104699083388368e+02,3.789933696940074981e+01,-6.443934353673957673e-21,3.936975620190050288e-36,3.935809533378850223e-36,7.935549920078733806e-18,-1.288786870734791535e-20,-7.873951240380100576e-36,1.490928426484683378e-04,1.491317617786647176e-04,1.502154724373196094e-04
6.663613102258566414e+02,3.793638973876799980e+01,-6.401865697943078604e-21,3.661132804763364461e-36,3.660049482544030537e-36,7.652502317588965237e-18,-1.280373139588615721e-20,-7.322265609526728921e-36,1.489472441911776635e-04,1.489860872829762428e-04,1.500687475862834603e-04
6.670121505433671700e+02,3.797344250813483768e+01,-6.359916487186879177e-21,3.404611707198141165e-36,3.403605259921101791e-36,7.379544983177325001e-18,-1.271983297437375835e-20,-6.809223414396282330e-36,1.488019298283571601e-04,1.488406971044131666e-04,1.499223078034210490e-04
6.676629908608708774e+02,3.801049527750129187e+01,-6.316891427592951540e-21,3.166059258434296522e-36,3.165124232484912466e-36,7.116318410509650467e-18,-1.263378285518590308e-20,-6.332118516868593044e-36,1.486568987294489830e-04,1.486955904109743543e-04,1.497761700454706079e-04
6.683138311783674226e+02,3.804754804686733394e+01,-6.274105341539160954e-21,2.944217122229742140e-36,2.943348462459797807e-36,6.862475894264166183e-18,-1.254821068307832191e-20,-5.888434244459484280e-36,1.485121500668373784e-04,1.485507663748775187e-04,1.496303183256973333e-04
6.689646714958566918e+02,3.808460081623295679e+01,-6.232753526257713091e-21,2.737915096134571594e-36,2.737108079745042657e-36,6.617683074605543722e-18,-1.246550705251542618e-20,-5.475830192269143187e-36,1.483676830163482840e-04,1.484062241711159302e-04,1.494847490793630937e-04
6.696155118133391397e+02,3.812165358559819595e+01,-6.190206331418070828e-21,2.546064864178678634e-36,2.545315118060289704e-36,6.381617497857783433e-18,-1.238041266283614166e-20,-5.092129728357357268e-36,1.482234967570827955e-04,1.482619629771253500e-04,1.493394614910041715e-04
6.702663521308144254e+02,3.815870635496303009e+01,-6.145866104926061342e-21,2.367654311916751929e-36,2.366957782374847026e-36,6.153968192800280716e-18,-1.229173220985212268e-20,-4.735308623833503859e-36,1.480795904709730770e-04,1.481179819752265203e-04,1.491944547482734155e-04
6.709171924482827762e+02,3.819575912432746634e+01,-6.105350749962695667e-21,2.201742217519384745e-36,2.201095117453105680e-36,5.934435262032073911e-18,-1.221070149992539133e-20,-4.403484435038769489e-36,1.479359633434484955e-04,1.479742803489614289e-04,1.490497280419249802e-04
6.715680327657440785e+02,3.823281189369150468e+01,-6.064835315009647758e-21,2.047453226712119235e-36,2.046852049457283479e-36,5.722729487868226613e-18,-1.212967063001929552e-20,-4.094906453424238469e-36,1.477926145632135757e-04,1.478308572862019332e-04,1.489052805658000694e-04
6.722188730831982184e+02,3.826986466305513090e+01,-6.023244028905221903e-21,1.903973279576365706e-36,1.903414774511849159e-36,5.518571952252646655e-18,-1.204648805781044381e-20,-3.807946559152731413e-36,1.476495433216373776e-04,1.476877119783726044e-04,1.487611115168128680e-04
6.728697134006456508e+02,3.830691743241838054e+01,-5.980337828604323755e-21,1.770545339600564265e-36,1.770026469957861035e-36,5.321693670188634502e-18,-1.196067565720864751e-20,-3.541090679201128530e-36,1.475067488133641191e-04,1.475448436184523260e-04,1.486172200949351736e-04
6.735205537180861484e+02,3.834397020178123228e+01,-5.939344030690978334e-21,1.646465351819314526e-36,1.645983305723446641e-36,5.131835236206940449e-18,-1.187868806138195667e-20,-3.292930703638629051e-36,1.473642302367017543e-04,1.474022514040829179e-04,1.484736055031823834e-04
6.741713940355195973e+02,3.838102297114367900e+01,-5.897035317822900936e-21,1.531078563997056233e-36,1.530630734815149285e-36,4.948746483407933386e-18,-1.179407063564580187e-20,-3.062157127994112466e-36,1.472219867924007275e-04,1.472599345353486910e-04,1.483302669475988842e-04
6.748222343529461114e+02,3.841807574050573493e+01,-5.855682767590719942e-21,1.423776090755024173e-36,1.423360043403208201e-36,4.772186154630949839e-18,-1.171136553518143988e-20,-2.847552181510048347e-36,1.470800176843756191e-04,1.471178922156646252e-04,1.481872036372445817e-04
6.754730746703659179e+02,3.845512850986740716e+01,-5.813971545295287322e-21,1.323991662597928022e-36,1.323605142339501615e-36,4.601921585319770095e-18,-1.162794309059057464e-20,-2.647983325195856044e-36,1.469383221199271894e-04,1.469761236506661461e-04,1.480444147841789081e-04
6.761239149877787895e+02,3.849218127922868860e+01,-5.772140711881925218e-21,1.231198666600159669e-36,1.230839583217091813e-36,4.437728397668504077e-18,-1.154428142376385044e-20,-2.462397333200319338e-36,1.467968993091317564e-04,1.468346280502075274e-04,1.479018996034488686e-04
6.767747553051848399e+02,3.852923404858957923e+01,-5.733178538893427506e-21,1.144907382370741880e-36,1.144573783261642490e-36,4.279390205646860549e-18,-1.146635707778685501e-20,-2.289814764741483760e-36,1.466557484652297738e-04,1.466934046270296221e-04,1.477596573130740261e-04
6.774255956225841828e+02,3.856628681795008617e+01,-5.694813945493412619e-21,1.064662367259238342e-36,1.064352444443884101e-36,4.126698330518253993e-18,-1.138962789098682524e-20,-2.129324734518476683e-36,1.465148688045703196e-04,1.465524525955386181e-04,1.476176883234885996e-04
6.780764359399764771e+02,3.860333958731019521e+01,-5.652444987166157457e-21,9.900400758517229388e-37,9.897521532239222504e-37,3.979451526477330580e-18,-1.130488997433231491e-20,-1.980080151703445878e-36,1.463742595461670071e-04,1.464117711752477291e-04,1.474760090644340539e-04
6.787272762573620639e+02,3.864039235666992056e+01,-5.611928681398324070e-21,9.206466364372387165e-37,9.203791482892131967e-37,3.837455716047731926e-18,-1.122385736279664814e-20,-1.841293272874477433e-36,1.462339199124751410e-04,1.462713595868914140e-04,1.473346002473287252e-04
6.793781165747410569e+02,3.867744512602926932e+01,-5.573444329984765389e-21,8.561157479378460784e-37,8.558672445315113731e-37,3.700523734892695087e-18,-1.114688865996953078e-20,-1.712231495875692157e-36,1.460938491285590501e-04,1.461312170550899125e-04,1.471934611026799625e-04
6.800289568921130012e+02,3.871449789538822017e+01,-5.532449746155415857e-21,7.961067650275823590e-37,7.958759023306545685e-37,3.568475085704042566e-18,-1.106489949231083171e-20,-1.592213530055164718e-36,1.459540464225916878e-04,1.459913428075720887e-04,1.470525908638927533e-04
6.806797972094784654e+02,3.875155066474680154e+01,-5.493965245625873591e-21,7.403029094320902643e-37,7.400884319776289858e-37,3.441135700846751462e-18,-1.098793049125174718e-20,-1.480605818864180529e-36,1.458145110259656541e-04,1.458517360740652080e-04,1.469119887672582858e-04
6.813306375268371085e+02,3.878860343410499212e+01,-5.456795519167661363e-21,6.884095784672199542e-37,6.882103237806379707e-37,3.318337713447835249e-18,-1.091359103833532273e-20,-1.376819156934439908e-36,1.456752421725160396e-04,1.457123960884043612e-04,1.467716540519379024e-04
6.819814778441891576e+02,3.882565620346280610e+01,-5.417115556835811312e-21,6.401528047233280919e-37,6.399676950593899302e-37,3.199919236629299592e-18,-1.083423111367162262e-20,-1.280305609446656184e-36,1.455362390990200261e-04,1.455733220863120181e-04,1.466315859599519051e-04
6.826323181615346130e+02,3.886270897282024350e+01,-5.379467559831634094e-21,5.952778171829916076e-37,5.951058458480627477e-37,3.085724150595610932e-18,-1.075893511966326819e-20,-1.190555634365983215e-36,1.453975010459185313e-04,1.454345133070633622e-04,1.464917837361655697e-04
6.832831584788732471e+02,3.889976174217729721e+01,-5.340982768578851552e-21,5.535476808333189763e-37,5.533879156996212135e-37,2.975601897296400670e-18,-1.068196553715770310e-20,-1.107095361666637953e-36,1.452590272556508744e-04,1.452959689933752685e-04,1.463522466282747797e-04
6.839339987962055147e+02,3.893681451153398854e+01,-5.301900245121269313e-21,5.147420576617796795e-37,5.145936345163543754e-37,2.869407282395036688e-18,-1.060380049024253863e-20,-1.029484115323559359e-36,1.451208169739870435e-04,1.451576883890748348e-04,1.462129738867948053e-04
6.845848391135309612e+02,3.897386728089028907e+01,-5.262339520250955279e-21,4.786560491942503063e-37,4.785181608265199597e-37,2.767000284283382512e-18,-1.052467904050191056e-20,-9.573120983885006126e-37,1.449828694494725845e-04,1.450196707426520959e-04,1.460739647650459373e-04
6.852356794308499275e+02,3.901092005024622011e+01,-5.226962347475224735e-21,4.450991023986166866e-37,4.449710013872061198e-37,2.668245869891921805e-18,-1.045392469495044947e-20,-8.901982047972333732e-37,1.448451839335951341e-04,1.448819153043734431e-04,1.459352185191401788e-04
6.858865197481621863e+02,3.904797281960177457e+01,-5.188477269195488796e-21,4.138940130617857939e-37,4.137750064219123274e-37,2.573013817053961502e-18,-1.037695453839097759e-20,-8.277880261235715877e-37,1.447077596803403310e-04,1.447444213281690040e-04,1.457967344079701317e-04
6.865373600654680786e+02,3.908502558895695955e+01,-5.150111651737667184e-21,3.848759947203471720e-37,3.847654351993304885e-37,2.481178543190571783e-18,-1.030022330347533437e-20,-7.697519894406943440e-37,1.445705959471355051e-04,1.446071880696342404e-04,1.456585116931934391e-04
6.871882003827672634e+02,3.912207835831176794e+01,-5.110431106046784327e-21,3.578917987454408533e-37,3.577890870303135603e-37,2.392618940091592754e-18,-1.022086221209356865e-20,-7.157835974908817065e-37,1.444336919936284325e-04,1.444702147890275512e-04,1.455205496392227558e-04
6.878390407000599680e+02,3.915913112766620685e+01,-5.068837966324298356e-21,3.327989126938223086e-37,3.327034931044229363e-37,2.307218214575892023e-18,-1.013767593264859671e-20,-6.655978253876446171e-37,1.442970470824644913e-04,1.443335007472734688e-04,1.453828522896045581e-04
6.884898810173463062e+02,3.919618389702028338e+01,-5.028679142516218913e-21,3.094648113607566152e-37,3.093761649078201022e-37,2.224863734821780370e-18,-1.005735828503243783e-20,-6.189296227215132304e-37,1.441606604794531954e-04,1.441970452092933286e-04,1.452454280592850220e-04
6.891407213346260505e+02,3.923323666637398333e+01,-4.988878843447995397e-21,2.877662491302031633e-37,2.876838952622183138e-37,2.145446882165925986e-18,-9.977757686895990793e-21,-5.755324982604063266e-37,1.440245314524024600e-04,1.440608474430060681e-04,1.451082621863946591e-04
6.897915616518993147e+02,3.927028943572731379e+01,-4.948361274605774227e-21,2.675886151633989091e-37,2.675121083017232128e-37,2.068862908176269562e-18,-9.896722549211548453e-21,-5.351772303267978183e-37,1.438886592725618918e-04,1.439249067183290265e-04,1.449713539469164858e-04
6.904424019691663261e+02,3.930734220508028898e+01,-4.912266351290993664e-21,2.488253309583880148e-37,2.487542549621148458e-37,1.995010796811345009e-18,-9.824532702581987327e-21,-4.976506619167760296e-37,1.437530432139011438e-04,1.437892223085102117e-04,1.448347026195183557e-04
6.910932422864268574e+02,3.934439497443289468e+01,-4.873661167754898956e-21,2.313772812501932933e-37,2.313112507968433586e-37,1.923793131485164071e-18,-9.747322335509797911e-21,-4.627545625003865866e-37,1.436176825524437817e-04,1.436537934890180779e-04,1.446983074855424153e-04
6.917440826036809085e+02,3.938144774378513091e+01,-4.834458248383374580e-21,2.151522953583430126e-37,2.150909531568741976e-37,1.855115966862984922e-18,-9.668916496766749159e-21,-4.303045907166860252e-37,1.434825765676550624e-04,1.435186195386517483e-04,1.445621678289925002e-04
6.923949229209285932e+02,3.941850051313700476e+01,-4.794657591878794391e-21,2.000646626007157122e-37,2.000076749789666589e-37,1.788888705219938119e-18,-9.589315183757588781e-21,-4.001293252014314243e-37,1.433477245414427337e-04,1.433836997385418144e-04,1.444262829365210166e-04
6.930457632381699113e+02,3.945555328248851623e+01,-4.756410797149151728e-21,1.860346746250050111e-37,1.859817326196830419e-37,1.725023977200006525e-18,-9.512821594298303456e-21,-3.720693492500100222e-37,1.432131257584345896e-04,1.432490333723723808e-04,1.442906520974180718e-04
6.936966035554048631e+02,3.949260605183966533e+01,-4.718642067190756047e-21,1.729882082364828689e-37,1.729390253518367047e-37,1.663437526818902590e-18,-9.437284134381512094e-21,-3.459764164729657378e-37,1.430787795060339818e-04,1.431146197271582210e-04,1.441552746035984370e-04
6.943474438726335620e+02,3.952965882119045915e+01,-4.681710003961855698e-21,1.608563356159770222e-37,1.608106443068551043e-37,1.604048100559855886e-18,-9.363420007923711395e-21,-3.217126712319540443e-37,1.429446850740312414e-04,1.429804580914684209e-04,1.440201497495904068e-04
6.949982841898557808e+02,3.956671159054088349e+01,-4.641789533631414163e-21,1.495749562703777290e-37,1.495325088016608066e-37,1.546777340416704222e-18,-9.283579067262828325e-21,-2.991499125407554581e-37,1.428108417552143017e-04,1.428465477583129584e-04,1.438852768325226805e-04
6.956491245070718605e+02,3.960376435989095967e+01,-4.601868992238489517e-21,1.390844614885236680e-37,1.390450281329435747e-37,1.491549680743855501e-18,-9.203737984476979035e-21,-2.781689229770473360e-37,1.426772488448135867e-04,1.427128880210348782e-04,1.437506551521130593e-04
6.962999648242816875e+02,3.964081712924068057e+01,-4.559079568348554140e-21,1.293294208202747732e-37,1.292927870558722489e-37,1.438292248777680070e-18,-9.118159136697108280e-21,-2.586588416405495463e-37,1.425439056407795668e-04,1.425794781776401621e-04,1.436162840106571708e-04
6.969508051414851479e+02,3.967786989859003199e+01,-4.518800281407290051e-21,1.202582861021849538e-37,1.202242532890836958e-37,1.386934768698708129e-18,-9.037600562814580102e-21,-2.405165722043699076e-37,1.424108114436717365e-04,1.424463175278001259e-04,1.434821627130161356e-04
6.976016454586824693e+02,3.971492266793904236e+01,-4.478281855458533649e-21,1.118231215722560582e-37,1.117915055038408509e-37,1.337409469108639794e-18,-8.956563710917067299e-21,-2.236462431445121164e-37,1.422779655563810586e-04,1.423134053740726657e-04,1.433482905666044521e-04
6.982524857758736516e+02,3.975197543728769745e+01,-4.439556369847560077e-21,1.039793516930860718e-37,1.039499803631982421e-37,1.289650993800715009e-18,-8.879112739695120154e-21,-2.079587033861721436e-37,1.421453672850736538e-04,1.421807410213471456e-04,1.432146749266972820e-04
6.989033260930584674e+02,3.978902820663599726e+01,-4.400950350222071733e-21,9.668552314220860098e-38,9.665823727736582468e-38,1.243596315706127011e-18,-8.801900700444143466e-21,-1.933710462844172020e-37,1.420130159378030221e-04,1.420483237771774654e-04,1.430813168788626756e-04
6.995541664102371442e+02,3.982608097598394181e+01,-4.362224728559939463e-21,8.990308774001805577e-38,8.987773963487387026e-38,1.199184653903635476e-18,-8.724449457119878925e-21,-1.798061754800361115e-37,1.418809108255092433e-04,1.419161529518930820e-04,1.429482058133298671e-04
7.002050067274095682e+02,3.986313374533153109e+01,-4.326846001941226714e-21,8.359619961709730924e-38,8.357265135591433847e-38,1.156357393583242254e-18,-8.653692003882453429e-21,-1.671923992341946185e-37,1.417490512619079546e-04,1.417842278584879878e-04,1.428153410482457906e-04
7.008558470445758530e+02,3.990018651467877220e+01,-4.287642109611667223e-21,7.773152382041709797e-38,7.770964769501755410e-38,1.115058008858857925e-18,-8.575284219223334445e-21,-1.554630476408341959e-37,1.416174365626576837e-04,1.416525478122876436e-04,1.426827219042501238e-04
7.015066873617361125e+02,3.993723928402567225e+01,-4.248199079981762731e-21,7.227806172141946178e-38,7.225773929531164353e-38,1.075231988328558934e-18,-8.496398159963525461e-21,-1.445561234428389236e-37,1.414860660465255826e-04,1.415211121306159114e-04,1.425503477044627652e-04
7.021575276788901192e+02,3.997429205337220992e+01,-4.211027140721970692e-21,6.720698787446215863e-38,6.718810856645743542e-38,1.036826763284647775e-18,-8.422054281443941385e-21,-1.344139757489243173e-37,1.413549390345547607e-04,1.413899201345714118e-04,1.424182177744736971e-04
7.028083679960381005e+02,4.001134482271840653e+01,-4.174632112841001360e-21,6.249149611136912397e-38,6.247395752330876489e-38,9.997916384792084261e-19,-8.349264225682002719e-21,-1.249829922227382479e-37,1.412240548503973514e-04,1.412589711465850328e-04,1.422863314423306795e-04
7.034592083131799427e+02,4.004839759206425498e+01,-4.136025626853375018e-21,5.810665911797588610e-38,5.809036628275794855e-38,9.640777253541994221e-19,-8.272051253706750037e-21,-1.162133182359517722e-37,1.410934128200369564e-04,1.411282644926403762e-04,1.421546880385293299e-04
7.041100486303158732e+02,4.008545036140976947e+01,-4.099212098676072766e-21,5.402929721857512063e-38,5.401416147240911082e-38,9.296378776483592145e-19,-8.198424197352145532e-21,-1.080585944371502413e-37,1.409630122722327350e-04,1.409977994999422890e-04,1.420232868960015764e-04
7.047608889474456646e+02,4.012250313075493580e+01,-4.061442226646240271e-21,5.023785461799003305e-38,5.022379385697225355e-38,8.964266292963167615e-19,-8.122884453292480542e-21,-1.004757092359800661e-37,1.408328525378532703e-04,1.408675754995813989e-04,1.418921273501044637e-04
7.054117292645693169e+02,4.015955590009974685e+01,-4.023791824934832137e-21,4.671228646085625254e-38,4.669922453686884973e-38,8.644001345383407441e-19,-8.047583649869664274e-21,-9.342457292171250509e-38,1.407029329506537252e-04,1.407375918240916235e-04,1.417612087386091479e-04
7.060625695816871712e+02,4.019660866944423105e+01,-3.986141358780781152e-21,4.343395329574888797e-38,4.342181911871889860e-38,8.335161101619466680e-19,-7.972282717561562305e-21,-8.686790659149777593e-38,1.405732528465541975e-04,1.406078478085603933e-04,1.416305304016906783e-04
7.067134098987987727e+02,4.023366143878835999e+01,-3.948012687064210663e-21,4.038552156099694153e-38,4.037424929943245079e-38,8.037337797995796851e-19,-7.896025374128421325e-21,-8.077104312199388305e-38,1.404438115638617646e-04,1.404783427914058080e-04,1.415000916819161793e-04
7.073642502159043488e+02,4.027071420813214075e+01,-3.910063253629926210e-21,3.755087274892227462e-38,3.754040134469238895e-38,7.750138202090838922e-19,-7.820126507259852420e-21,-7.510174549784454924e-38,1.403146084436035501e-04,1.403490761128223241e-04,1.413698919242354453e-04
7.080150905330042406e+02,4.030776697747560178e+01,-3.874803304775187481e-21,3.491501852514343400e-38,3.490529097898201873e-38,7.473183094663961759e-19,-7.749606609550374963e-21,-6.983003705028686801e-38,1.401856428290826351e-04,1.402200471145587102e-04,1.412399304759690412e-04
7.086659308500981069e+02,4.034481974681872174e+01,-3.839543295893183112e-21,3.246402071014993895e-38,3.245498423811344387e-38,7.206106770023707494e-19,-7.679086591786366224e-21,-6.492804142029987790e-38,1.400569140658225464e-04,1.400912551423605379e-04,1.411102177107198226e-04
7.093167711671858342e+02,4.038187251616148643e+01,-3.802012048960085582e-21,3.018491822284989594e-38,3.017652386665438269e-38,6.948556554180660442e-19,-7.604024097920171165e-21,-6.036983644569979188e-38,1.399284215022889022e-04,1.399626995440828026e-04,1.409807480111355032e-04
7.099676114842679908e+02,4.041892528550393848e+01,-3.766034704004741175e-21,2.806565881340570213e-38,2.805786087189150507e-38,6.700192340151617737e-19,-7.532069408009482351e-21,-5.613131762681140427e-38,1.398001644887791883e-04,1.398343796688017449e-04,1.408515145768177038e-04
7.106184518013440083e+02,4.045597805484604237e+01,-3.728144724374265853e-21,2.609503472219385655e-38,2.608779087316163579e-38,6.460686139804240475e-19,-7.456289448748531706e-21,-5.219006944438771310e-38,1.396721423780888927e-04,1.397062948692573414e-04,1.407225167650535990e-04
7.112692921184142278e+02,4.049303082418781230e+01,-3.692406328763842100e-21,2.426262392332844523e-38,2.425589491067170796e-38,6.229721651653044361e-19,-7.384812657527684200e-21,-4.852524784665689046e-38,1.395443545256780382e-04,1.395784444999659257e-04,1.405937539354444035e-04
7.119201324354785356e+02,4.053008359352924828e+01,-3.656309265018939675e-21,2.255873522004123191e-38,2.255248440145017781e-38,6.006993844038820310e-19,-7.312618530037879351e-21,-4.511747044008246381e-38,1.394168002890605607e-04,1.394508279179973442e-04,1.404652254498963998e-04
7.125709727525370454e+02,4.056713636287035030e+01,-3.622064951299651740e-21,2.097435651029522369e-38,2.096854995193862047e-38,5.792208553142902146e-19,-7.244129902599303481e-21,-4.194871302059044738e-38,1.392894790280263528e-04,1.393234444823088225e-04,1.403369306726094461e-04
7.132218130695895297e+02,4.060418913221111126e+01,-3.584772406036762142e-21,1.950110753172119526e-38,1.949571375708557734e-38,5.585082095308619927e-19,-7.169544812073524283e-21,-3.900221506344239052e-38,1.391623901051408652e-04,1.391962935551882552e-04,1.402088689700675163e-04
7.138726533866363297e+02,4.064124190155155247e+01,-3.552201484148177809e-21,1.813119570456701469e-38,1.812618533471085082e-38,5.385340893159630069e-19,-7.104402968296355617e-21,-3.626239140913402939e-38,1.390355328849124383e-04,1.390693745000337600e-04,1.400810397110281290e-04
7.145234937036773317e+02,4.067829467089165973e+01,-3.513115772631141933e-21,1.685737453453726280e-38,1.685272036150865483e-38,5.192721115023783812e-19,-7.026231545262283867e-21,-3.371474906907452561e-38,1.389089067341253703e-04,1.389426866834631014e-04,1.399534422665125902e-04
7.151743340207124220e+02,4.071534744023142594e+01,-3.475404666827560845e-21,1.567290560816768293e-38,1.566858239341726833e-38,5.006968327188382611e-19,-6.950809333655121689e-21,-3.134581121633536585e-38,1.387825110223950276e-04,1.388162294740924452e-04,1.398260760097955841e-04
7.158251743377418279e+02,4.075240020957087950e+01,-3.437095816020031189e-21,1.457152307999049218e-38,1.456750726829932945e-38,4.827837158529575795e-19,-6.874191632040062378e-21,-2.914304615998098437e-38,1.386563451209466002e-04,1.386900022426473811e-04,1.396989403163951453e-04
7.164760146547655495e+02,4.078945297890999910e+01,-3.400520184625091146e-21,1.354740022675462604e-38,1.354367000302747442e-38,4.655090977074879861e-19,-6.801040369250182292e-21,-2.709480045350925208e-38,1.385304084035032801e-04,1.385640043625180340e-04,1.395720345640633336e-04
7.171268549717833594e+02,4.082650574824879186e+01,-3.362629588666922533e-21,1.259511888273277382e-38,1.259165401023023081e-38,4.488501578073507627e-19,-6.725259177333845066e-21,-2.519023776546554764e-38,1.384047002464527942e-04,1.384382352093149748e-04,1.394453581327751487e-04
7.177776952887955986e+02,4.086355851758725777e+01,-3.324260783485279698e-21,1.170964087929014164e-38,1.170642247219138609e-38,4.327848883164269735e-19,-6.648521566970559397e-21,-2.341928175858028328e-38,1.382792200279592265e-04,1.383126941603141091e-04,1.393189104047199377e-04
7.184285356058022671e+02,4.090061128692541104e+01,-3.287924044465739099e-21,1.088628115355593951e-38,1.088329172077779682e-38,4.172920650245397958e-19,-6.575848088931478198e-21,-2.177256230711187902e-38,1.381539671287401738e-04,1.381873805958999668e-04,1.391926907642910139e-04
7.190793759228030240e+02,4.093766405626323035e+01,-3.249853959075167193e-21,1.012068316744881307e-38,1.011790648285617947e-38,4.023512193664869039e-19,-6.499707918150334387e-21,-2.024136633489762614e-38,1.380289409315116345e-04,1.380622938982334347e-04,1.390667123353366854e-04
7.197302162397980965e+02,4.097471682560072281e+01,-3.213636637963861943e-21,9.408795938875394330e-39,9.406216860500015303e-39,3.879426114362796267e-19,-6.427273275927723886e-21,-1.881759187775078866e-38,1.379041408214320974e-04,1.379374334519178902e-04,1.389409633706638629e-04
7.203810565567877120e+02,4.101176959493790264e+01,-3.177777869989396897e-21,8.746852420694102603e-39,8.744456924447052013e-39,3.740472039611482516e-19,-6.355555739978793795e-21,-1.749370484138820521e-38,1.377795661858249865e-04,1.378127986432220453e-04,1.388154405654042588e-04
7.210318968737713021e+02,4.104882236427474140e+01,-3.141321357490733939e-21,8.131349732217330214e-39,8.129124807776160576e-39,3.606466372010400112e-19,-6.282642714981467878e-21,-1.626269946443466043e-38,1.376552164140676382e-04,1.376883888617452811e-04,1.386901433132159650e-04
7.216827371907495490e+02,4.108587513361128174e+01,-3.103848718435080337e-21,7.559030687548377170e-39,7.556964194692368828e-39,3.477232047406067288e-19,-6.207697436870160674e-21,-1.511806137509675434e-38,1.375310908978688573e-04,1.375642034979751571e-04,1.385650710099091062e-04
7.223335775077221115e+02,4.112292790294748812e+01,-3.068647231954498204e-21,7.026866412205064339e-39,7.024947106670773456e-39,3.352598301418354748e-19,-6.137294463908996409e-21,-1.405373282441012868e-38,1.374071890313244282e-04,1.374402419456188795e-04,1.384402230534365432e-04
7.229844178246889896e+02,4.115998067228338186e+01,-3.031234243612447485e-21,6.532040445075665901e-39,6.530257895057207440e-39,3.232400444266076945e-19,-6.062468487224894970e-21,-1.306408089015133180e-38,1.372835102105285365e-04,1.373165036001600114e-04,1.383155988438852801e-04
7.236352581416502971e+02,4.119703344161894876e+01,-2.995494723268118232e-21,6.071933883585805477e-39,6.070278355591217972e-39,3.116479643595630696e-19,-5.990989446536236463e-21,-1.214386776717161095e-38,1.371600538335182584e-04,1.371929878590805174e-04,1.381911977834650806e-04
7.242860984586062614e+02,4.123408621095421722e+01,-2.958679306101289004e-21,5.644111407626652419e-39,5.642573886238644544e-39,3.004682715026967969e-19,-5.917358612202578008e-21,-1.128822281525330484e-38,1.370368193007176494e-04,1.370696941219717857e-04,1.380670192765014474e-04
7.249369387755564276e+02,4.127113898028915173e+01,-2.921385679150242776e-21,5.246308494306722046e-39,5.244880615227974048e-39,2.896861920141303236e-19,-5.842771358300485553e-21,-1.049261698861344409e-38,1.369138060150487668e-04,1.369466217916448514e-04,1.379430627294245097e-04
7.255877790925011368e+02,4.130819174962378071e+01,-2.885287372771250310e-21,4.876419471921966383e-39,4.875093431306524334e-39,2.792874771644879614e-19,-5.770574745542500620e-21,-9.752838943843932767e-39,1.367910133807104245e-04,1.368237702716879056e-04,1.378193275507607284e-04
7.262386194094401617e+02,4.134524451895808284e+01,-2.850922310908505072e-21,4.532486283496524647e-39,4.531254852993660855e-39,2.692583845452144363e-19,-5.701844621817010145e-21,-9.064972566993049293e-39,1.366684408049545496e-04,1.367011389685757194e-04,1.376958131511239248e-04
7.268894597263738433e+02,4.138229728829207943e+01,-2.815361813538210820e-21,4.212688204962930737e-39,4.211544678039835853e-39,2.595856599441451691e-19,-5.630723627076421641e-21,-8.425376409925861474e-39,1.365460876966428927e-04,1.365787272904483984e-04,1.375725189432049534e-04
7.275403000433020679e+02,4.141935005762577049e+01,-2.778904723729094024e-21,3.915332238480377853e-39,3.914270358416631939e-39,2.502565198644504965e-19,-5.557809447458188049e-21,-7.830664476960755707e-39,1.364239534668576503e-04,1.364565346477775165e-04,1.374494443417644104e-04
7.281911403602247219e+02,4.145640282695913470e+01,-2.740116580145454657e-21,3.638844078704613036e-39,3.637858049994951533e-39,2.412586346639622770e-19,-5.480233160290909315e-21,-7.277688157409226072e-39,1.363020375287349317e-04,1.363345604536991829e-04,1.373265887636219550e-04
7.288419806771418052e+02,4.149345559629219338e+01,-2.705273142898122733e-21,3.381759844300099450e-39,3.380844289630100716e-39,2.325801122926928440e-19,-5.410546285796245466e-21,-6.763519688600198901e-39,1.361803392976312921e-04,1.362128041225707520e-04,1.372039521051776243e-04
7.294928209940535453e+02,4.153050836562493942e+01,-2.667202112562558333e-21,3.142718352610300708e-39,3.141868255685199764e-39,2.242094826071439778e-19,-5.334404225125116667e-21,-6.285436705220601417e-39,1.360588581908461769e-04,1.360912650715251360e-04,1.370815485627842518e-04
7.301436613109599421e+02,4.156756113495738703e+01,-2.631701102292183541e-21,2.920453856960474445e-39,2.919664571105032696e-39,2.161356822407640431e-19,-5.263402204584367082e-21,-5.840907713920948891e-39,1.359375936280660113e-04,1.359699427188054699e-04,1.369593622166967960e-04
7.307945016278607682e+02,4.160461390428951489e+01,-2.595602343730225920e-21,2.713789397337254565e-39,2.713056611017210861e-39,2.083480400106403088e-19,-5.191204687460451840e-21,-5.427578794674509130e-39,1.358165450305870436e-04,1.358488364860965802e-04,1.368373924923955228e-04
7.314453419447561373e+02,4.164166667362133012e+01,-2.561416149128819174e-21,2.521630588062406478e-39,2.520950279501730713e-39,2.008362628412202088e-19,-5.122832298257638348e-21,-5.043261176124812956e-39,1.356957118219259684e-04,1.357279457960824942e-04,1.367156388173728417e-04
7.320961822616463905e+02,4.167871944295285402e+01,-2.523225351279722611e-21,2.342959779017785743e-39,2.342328222647522739e-39,1.935904221865337141e-19,-5.046450702559445223e-21,-4.685919558035571486e-39,1.355750934278199260e-04,1.356072700738897296e-04,1.365941006211247139e-04
7.327470225785310731e+02,4.171577221228406529e+01,-2.485931036731136008e-21,2.176830708485063221e-39,2.176244447318795251e-39,1.866009409330529723e-19,-4.971862073462272017e-21,-4.353661416970126442e-39,1.354546892761709920e-04,1.354868087465321835e-04,1.364727773351414090e-04
7.333978628954104124e+02,4.175282498161497102e+01,-2.450011363536880437e-21,2.022363507578946997e-39,2.021819317195944779e-39,1.798585807659315339e-19,-4.900022727073760874e-21,-4.044727015157893995e-39,1.353344987961579982e-04,1.353665612434662435e-04,1.363516683928989669e-04
7.340487032122842948e+02,4.178987775094556412e+01,-2.415705412950663875e-21,1.878740006300538702e-39,1.878234899649421705e-39,1.733544299820190503e-19,-4.831410825901327751e-21,-3.757480012601077404e-39,1.352145214199573786e-04,1.352465269958136318e-04,1.362307732298511211e-04
7.346995435291529475e+02,4.182693052027585878e+01,-2.378112082972126297e-21,1.745199433586475074e-39,1.744730638856769971e-39,1.670798917335904868e-19,-4.756224165944252594e-21,-3.490398867172950148e-39,1.350947565811888573e-04,1.351267054365834497e-04,1.361100912834198925e-04
7.353503838460162569e+02,4.186398328960584792e+01,-2.341355470701017267e-21,1.621034400252070798e-39,1.620599332296889813e-39,1.610266726873229484e-19,-4.682710941402034535e-21,-3.242068800504141596e-39,1.349752037155815820e-04,1.350070960008942222e-04,1.359896219929879462e-04
7.360012241628742231e+02,4.190103605893553862e+01,-2.305316038756662922e-21,1.505587125471585962e-39,1.505183389357742257e-39,1.551867720835892501e-19,-4.610632077513325845e-21,-3.011174250943171923e-39,1.348558622606965685e-04,1.348876981263069652e-04,1.358693647998896197e-04
7.366520644797269597e+02,4.193808882826492379e+01,-2.269754709974083491e-21,1.398245978998068983e-39,1.397871352283960820e-39,1.495524711816671146e-19,-4.539509419948166982e-21,-2.796491957996137967e-39,1.347367316564263007e-04,1.347685112517149619e-04,1.357493191474026827e-04
7.373029047965743530e+02,4.197514159759401053e+01,-2.234133557757846959e-21,1.298442251010240344e-39,1.298094661076581042e-39,1.441163230769689668e-19,-4.468267115515693917e-21,-2.596884502020480688e-39,1.346178113446616642e-04,1.346495348186760310e-04,1.356294844807397996e-04
7.379537451134165167e+02,4.201219436692279885e+01,-2.199050280109220112e-21,1.205647118596981263e-39,1.205324645245815410e-39,1.388711428768880208e-19,-4.398100560218440223e-21,-2.411294237193962526e-39,1.344991007686258122e-04,1.345307682697471918e-04,1.355098602470398820e-04
7.386045854302535645e+02,4.204924713625129584e+01,-2.164923267134246871e-21,1.119368865251694449e-39,1.119069726516196903e-39,1.338099982223269804e-19,-4.329846534268493742e-21,-2.238737730503388899e-39,1.343805993744284777e-04,1.344122110504830658e-04,1.353904458953610697e-04
7.392554257470851553e+02,4.208629990557948020e+01,-2.130497353554465884e-21,1.039150283531983132e-39,1.038872817697979305e-39,1.289262001424367917e-19,-4.260994707108931768e-21,-2.078300567063966264e-39,1.342623066091785944e-04,1.342938626078815645e-04,1.352712442665640472e-04
7.399062660639115165e+02,4.212335267490737323e+01,-2.096609317763142332e-21,9.645662364879553533e-40,9.643089039747474006e-40,1.242132942305128547e-19,-4.193218635526284665e-21,-1.929132472975910707e-39,1.341442219228161647e-04,1.341757223909390007e-04,1.351522631006464765e-04
7.405571063807327619e+02,4.216040544423496783e+01,-2.063259161044639023e-21,8.952214218208889502e-40,8.949827938215028152e-40,1.196650521294502416e-19,-4.126518322089278047e-21,-1.790442843641777900e-39,1.340263447665024366e-04,1.340577898503170218e-04,1.350334900906071008e-04
7.412079466975487776e+02,4.219745821356227111e+01,-2.030088264643913099e-21,8.307482834370343859e-40,8.305270276632099694e-40,1.152754633155354534e-19,-4.060176529287826198e-21,-1.661496566874068772e-39,1.339086745938411482e-04,1.339400644392307882e-04,1.349149246935716078e-04
7.418587870143596774e+02,4.223451098288927597e+01,-1.991597784596693878e-21,7.708050511939188053e-40,7.705999332175786323e-40,1.110387271697638692e-19,-3.983195569193387755e-21,-1.541610102387837611e-39,1.337912108600458616e-04,1.338225456124497725e-04,1.347965663685390784e-04
7.425096273311653476e+02,4.227156375221598950e+01,-1.957171614011360733e-21,7.150739430795299018e-40,7.148838172408271365e-40,1.069492453262445167e-19,-3.914343228022721466e-21,-1.430147886159059804e-39,1.336739530223285399e-04,1.337052328265198042e-04,1.346784145763753999e-04
7.431604676479657883e+02,4.230861652154239749e+01,-1.923462634199862867e-21,6.632594860087034908e-40,6.630832841159715200e-40,1.030016142876195126e-19,-3.846925268399725733e-21,-1.326518972017406982e-39,1.335569005397885256e-04,1.335881255402071588e-04,1.345604687798051071e-04
7.438113079647611130e+02,4.234566929086852127e+01,-1.885509922315083601e-21,6.150869401247646186e-40,6.149236723934551831e-40,9.919061829777694778e-20,-3.771019844630167202e-21,-1.230173880249529237e-39,1.334400528734680513e-04,1.334712232140544685e-04,1.344427284434033328e-04
7.444621482815513218e+02,4.238272206019435373e+01,-1.851681299840767690e-21,5.703008532399408127e-40,5.701496010172761664e-40,9.551122246247515532e-20,-3.703362599681535381e-21,-1.140601706479881625e-39,1.333234094863522401e-04,1.333545253101586781e-04,1.343251930335876484e-04
7.451129885983365284e+02,4.241977482951989487e+01,-1.816418141594452402e-21,5.286637107399793692e-40,5.285236175494201035e-40,9.195856610882273647e-20,-3.632836283188904803e-21,-1.057327421479958738e-39,1.332069698429805271e-04,1.332380312930592225e-04,1.342078620186102581e-04
7.457638289151166191e+02,4.245682759884515178e+01,-1.781035391292847057e-21,4.899546690625148318e-40,4.898249412444605978e-40,8.852795637487272892e-20,-3.562070782585694114e-21,-9.799093381250296637e-40,1.330907334102238160e-04,1.331217406286278049e-04,1.340907348685510872e-04
7.464146692318915939e+02,4.249388036817011027e+01,-1.744516953018369473e-21,4.539683934362484024e-40,4.538482943275289686e-40,8.521486202089670417e-20,-3.489033906036738946e-21,-9.079367868724968049e-40,1.329746996563963002e-04,1.330056527851786186e-04,1.339738110553082950e-04
7.470655095486614528e+02,4.253093313749478455e+01,-1.707281217214171278e-21,4.205139724568112847e-40,4.204028152949004740e-40,8.201490745418425025e-20,-3.414562434428342555e-21,-8.410279449136225695e-40,1.328588680519771081e-04,1.328897672324691470e-04,1.338570900525921762e-04
7.477163498654261957e+02,4.256798590681916750e+01,-1.671778769930068173e-21,3.894139001455767483e-40,3.893110484902062264e-40,7.892386695951548634e-20,-3.343557539860136346e-21,-7.788278002911534967e-40,1.327432380691662139e-04,1.327740834422552751e-04,1.337405713359163522e-04
7.483671901821859365e+02,4.260503867614325912e+01,-1.635857878123311483e-21,3.605031415347343581e-40,3.604080046122134876e-40,7.593765912770432585e-20,-3.271715756246622967e-21,-7.210062830694687162e-40,1.326278091819399485e-04,1.326586008879582224e-04,1.336242543825909128e-04
7.490180304989406750e+02,4.264209144546707364e+01,-1.602686377949945316e-21,3.336282601029049776e-40,3.335402871851914943e-40,7.305234147488404773e-20,-3.205372755899890632e-21,-6.672565202058099552e-40,1.325125808660509996e-04,1.325433190448865872e-04,1.335081386717139058e-04
7.496688708156904113e+02,4.267914421479059683e+01,-1.568199877954047134e-21,3.086465997045260394e-40,3.085652803715158441e-40,7.026410524545412128e-20,-3.136399755908094268e-21,-6.172931994090520787e-40,1.323975525994725011e-04,1.324282373901253251e-04,1.333922297463150709e-04
7.503197111324349180e+02,4.271619698411382160e+01,-1.534131722618277694e-21,2.854255334142004408e-40,2.853503938304287158e-40,6.756927039184942772e-20,-3.068263445236555388e-21,-5.708510668284008816e-40,1.322827238613988321e-04,1.323133554034239268e-04,1.332765294048752602e-04
7.509705514491747635e+02,4.275324975343679057e+01,-1.497015216376301001e-21,2.638417621653981993e-40,2.637723606284480699e-40,6.496428072452714245e-20,-2.994030432752602001e-21,-5.276835243307963986e-40,1.321680941333003290e-04,1.321986725646429051e-04,1.331610286737278559e-04
7.516213917659093795e+02,4.279030252275945401e+01,-1.461871089512871663e-21,2.437806573990423211e-40,2.437165844873650252e-40,6.244569922579008237e-20,-2.923742179025743327e-21,-4.875613147980846422e-40,1.320536628982016403e-04,1.320841883568624198e-04,1.330457270394933445e-04
7.522722320826392206e+02,4.282735529208184744e+01,-1.427264849043567327e-21,2.251356573208835278e-40,2.250765329166044345e-40,6.001020352128186912e-20,-2.854529698087134653e-21,-4.502713146417670556e-40,1.319394296409592826e-04,1.319699022646059205e-04,1.329306239905406238e-04
7.529230723993639458e+02,4.286440806140394955e+01,-1.390088417086666751e-21,2.078077032551284783e-40,2.077531730193184802e-40,5.765458150319969136e-20,-2.780176834173333502e-21,-4.156154065102569565e-40,1.318253938483171517e-04,1.318558137738401470e-04,1.328157190169788177e-04
7.535739127160837825e+02,4.290146083072577454e+01,-1.353031474252522510e-21,1.917047115476712260e-40,1.916544469871320064e-40,5.537572709946219935e-20,-2.706062948505045019e-21,-3.834094230953424519e-40,1.317115550086289666e-04,1.317419223726412625e-04,1.327010116106505536e-04
7.542247530327986169e+02,4.293851360004730822e+01,-1.315615854236812273e-21,1.767410884214944751e-40,1.766947845084024183e-40,5.317063618327731330e-20,-2.631231708473624547e-21,-3.534821768429889502e-40,1.315979126121358256e-04,1.316282275505287203e-04,1.325865012651247527e-04
7.548755933495086765e+02,4.297556636936857899e+01,-1.281368038072809238e-21,1.628372771282632190e-40,1.627946495099102714e-40,5.103640261772536433e-20,-2.562736076145618477e-21,-3.256745542565264379e-40,1.314844661507441614e-04,1.315147287990203750e-04,1.324721874756893390e-04
7.555264336662137339e+02,4.301261913868955844e+01,-1.245147733545132737e-21,1.499193338242535688e-40,1.498801188334922536e-40,4.897021443016025960e-20,-2.490295467090265474e-21,-2.998386676485071375e-40,1.313712151182477861e-04,1.314014256117435053e-04,1.323580697393431885e-04
7.561772739829136754e+02,4.304967190801025367e+01,-1.213469971137855781e-21,1.379185378658214764e-40,1.378824906179532177e-40,4.696935011139979154e-20,-2.426939942275711562e-21,-2.758370757316429527e-40,1.312581590099948237e-04,1.312883174835466349e-04,1.322441475547904920e-04
7.568281142996090693e+02,4.308672467733068601e+01,-1.178684072473135177e-21,1.267710281293080699e-40,1.267379203136590674e-40,4.503117503484164275e-20,-2.357368144946270354e-21,-2.535420562586161398e-40,1.311452973233317998e-04,1.311754039107215775e-04,1.321304204224320268e-04
7.574789546162994611e+02,4.312377744665083412e+01,-1.142403849401820517e-21,1.164174625512494420e-40,1.163870824033142273e-40,4.315313799080001548e-20,-2.284807698803641034e-21,-2.328349251024988840e-40,1.310326295569375077e-04,1.310626843920026374e-04,1.320168878443588956e-04
7.581297949329849644e+02,4.316083021597069802e+01,-1.108335105929376459e-21,1.068027052585919410e-40,1.067748560383463444e-40,4.133276783151040876e-20,-2.216670211858752919e-21,-2.136054105171838819e-40,1.309201552117111866e-04,1.309501584277894537e-04,1.319035493243453437e-04
7.587806352496656928e+02,4.319788298529029902e+01,-1.073847917326613125e-21,9.787553468253267071e-41,9.785003292676813219e-41,3.956767022239608758e-20,-2.147695834653226250e-21,-1.957510693650653414e-40,1.308078737897733212e-04,1.308378255195918882e-04,1.317904043678413321e-04
7.594314755663416463e+02,4.323493575460962290e+01,-1.040018163814331367e-21,8.958837045688707807e-41,8.956504592603539054e-41,3.785552449533048388e-20,-2.080036327628662734e-21,-1.791767409137741561e-40,1.306957847951872864e-04,1.307256851711402490e-04,1.316774524819661410e-04
7.600823158830127113e+02,4.327198852392866968e+01,-1.006726304418540736e-21,8.189702244280899309e-41,8.187571690389981345e-41,3.619408059976654617e-20,-2.013452608837081473e-21,-1.637940448856179862e-40,1.305838877339593473e-04,1.306137368878301785e-04,1.315647016892998477e-04
7.607331561996791152e+02,4.330904129324745355e+01,-9.752275363568310770e-22,7.476045668837615574e-41,7.474102253209488954e-41,3.458115614772759705e-20,-1.950455072713662154e-21,-1.495209133767523115e-40,1.304721821132059922e-04,1.305019801763895870e-04,1.314521483203093233e-04
7.613839965163404031e+02,4.334609406256594610e+01,-9.419953579211690402e-22,6.814057660121004711e-41,6.812287677255133766e-41,3.301463354878895858e-20,-1.883990715842338080e-21,-1.362811532024200942e-40,1.303606674424306888e-04,1.303904145459888753e-04,1.313397864774671741e-04
7.620348368329970299e+02,4.338314683188416865e+01,-9.106160448053817602e-22,6.200202187970052310e-41,6.198592890403318876e-41,3.149245723128843253e-20,-1.821232089610763520e-21,-1.240040437594010462e-40,1.302493432320250832e-04,1.302790395066866225e-04,1.312276156749133229e-04
7.626856771496492229e+02,4.342019960120214250e+01,-8.763078921865770860e-22,5.631198113059521029e-41,5.629737601926648265e-41,3.001263094612439424e-20,-1.752615784373154172e-21,-1.126239622611904206e-40,1.301382089946012677e-04,1.301678545699846978e-04,1.311156354284191456e-04
7.633365174662963000e+02,4.345725237051982504e+01,-8.438526061959207532e-22,5.104001682804520346e-41,5.102678899911077803e-41,2.857321514960772541e-20,-1.687705212391841506e-21,-1.020800336560904069e-40,1.300272642444366689e-04,1.300568592507156396e-04,1.310038452553811831e-04
7.639873577829386022e+02,4.349430513983723046e+01,-8.124731619425294070e-22,4.615790454350626551e-41,4.614595104155571320e-41,2.717232446193905149e-20,-1.624946323885058814e-21,-9.231580908701253102e-41,1.299165084972520035e-04,1.299460530637119859e-04,1.308922446748143377e-04
7.646381980995762433e+02,4.353135790915438008e+01,-7.812729895472154718e-22,4.163948325980388604e-41,4.162870788967376764e-41,2.580812519798329472e-20,-1.562545979094430944e-21,-8.327896651960777208e-41,1.298059412704888338e-04,1.298354355256936543e-04,1.307808332073451512e-04
7.652890384162093369e+02,4.356841067847125970e+01,-7.486382584514891276e-22,3.746051572284447150e-41,3.745082896447825006e-41,2.447883296710960369e-20,-1.497276516902978255e-21,-7.492103144568894299e-41,1.296955620831430345e-04,1.297250061551569189e-04,1.306696103752049201e-04
7.659398787328375420e+02,4.360546344778786931e+01,-7.161827979857222530e-22,3.359856028382050160e-41,3.358987866624778228e-41,2.318271033895658410e-20,-1.432365595971444506e-21,-6.719712056764100321e-41,1.295853704559313258e-04,1.296147644730405446e-04,1.305585757022230549e-04
7.665907190494611996e+02,4.364251621710421603e+01,-6.805593992241744804e-22,3.003285174640618214e-41,3.002509716159074113e-41,2.191806457207049661e-20,-1.361118798448348961e-21,-6.006570349281236429e-41,1.294753659114022959e-04,1.295047100008384078e-04,1.304477287138210086e-04
7.672415593660799686e+02,4.367956898642028563e+01,-6.510924312162179830e-22,2.674419040940361627e-41,2.673729002362104878e-41,2.068324540244921969e-20,-1.302184862432435966e-21,-5.348838081880723255e-41,1.293655479732147562e-04,1.293948422623758532e-04,1.303370689370045516e-04
7.678923996826941902e+02,4.371662175573609943e+01,-6.188759265809488438e-22,2.371484038921177680e-41,2.370872613934610949e-41,1.947664288910020876e-20,-1.237751853161897688e-21,-4.742968077842355359e-41,1.292559161672479640e-04,1.292851607823664040e-04,1.302265959003588388e-04
7.685432399993037507e+02,4.375367452505164323e+01,-5.868984657565447066e-22,2.092843529261527520e-41,2.092304334202448124e-41,1.829668531380456614e-20,-1.173796931513089413e-21,-4.185687058523055040e-41,1.291464700204913996e-04,1.291756650877440293e-04,1.301163091340399528e-04
7.691940803159086499e+02,4.379072729436692413e+01,-5.540841577559231474e-22,1.836989061946125375e-41,1.836516126698798413e-41,1.714183713234400540e-20,-1.108168315511846295e-21,-3.673978123892250749e-41,1.290372090616553891e-04,1.290663547069970107e-04,1.300062081697698352e-04
7.698449206325088880e+02,4.382778006368194212e+01,-5.216284369286308442e-22,1.602532369460274864e-41,1.602120096753405475e-41,1.601059697452112141e-20,-1.043256873857261688e-21,-3.205064738920549727e-41,1.289281328212821265e-04,1.289572291700569195e-04,1.298962925408295372e-04
7.704957609491044650e+02,4.386483283299669012e+01,-4.901887941877367958e-22,1.388197964151300242e-41,1.387841086312715075e-41,1.490149569036727330e-20,-9.803775883754735917e-22,-2.776395928302600484e-41,1.288192408314681181e-04,1.288482880084096394e-04,1.297865725446532695e-04
7.711466012656956082e+02,4.390188560231118942e+01,-4.591675129573084494e-22,1.192816292917654820e-41,1.192509862551311505e-41,1.381309443999460372e-20,-9.183350259146168987e-22,-2.385632585835309641e-41,1.287105326254200932e-04,1.287395307547622991e-04,1.296770394795191805e-04
7.717974415822819765e+02,4.393893837162541161e+01,-4.258748581701132949e-22,1.015317507088739171e-41,1.015056863961816454e-41,1.274398282460748774e-20,-8.517497163402265899e-22,-2.030635014177478343e-41,1.286020077384542049e-04,1.286309569447086076e-04,1.295676902871012166e-04
7.724482818988636836e+02,4.397599114093937089e+01,-3.926419315472325089e-22,8.547257339994819122e-42,8.545064705439399072e-42,1.169277705624418307e-20,-7.852838630944650177e-22,-1.709451467998963824e-41,1.284936657071633626e-04,1.285225661140643183e-04,1.294585245072389038e-04
7.730991222154410707e+02,4.401304391025308860e+01,-3.598871372308557089e-22,7.101538157698072708e-42,7.099717674690679160e-42,1.065811816387165385e-20,-7.197742744617114177e-22,-1.420307631539614542e-41,1.283855060698613215e-04,1.284143578004215414e-04,1.293495416812962917e-04
7.737499625320136829e+02,4.405009667956652919e+01,-3.256379993597850123e-22,5.807985560108640123e-42,5.806497741893354070e-42,9.638670233506988950e-21,-6.512759987195700245e-22,-1.161597112021728025e-41,1.282775283664161492e-04,1.283063315433707885e-04,1.292407413521562886e-04
7.744008028485818613e+02,4.408714944887972109e+01,-2.921060815715039729e-22,4.659363892724784332e-42,4.658171134023114065e-42,8.633118680081365662e-21,-5.842121631430079458e-22,-9.318727785449568665e-42,1.281697321379726695e-04,1.281984868837238167e-04,1.291321230642136146e-04
7.750516431651454923e+02,4.412420221819265009e+01,-2.577970827679670674e-22,3.649194489229289939e-42,3.648260965891052850e-42,7.640168548812051189e-21,-5.155941655359341348e-22,-7.298388978458579878e-42,1.280621169275075744e-04,1.280908233640687399e-04,1.290236863633691090e-04
7.757024834817045758e+02,4.416125498750532330e+01,-2.255202922337152687e-22,2.771720608204151236e-42,2.771012050238256485e-42,6.658542843881993346e-21,-4.510405844674305373e-22,-5.543441216408302472e-42,1.279546822794963568e-04,1.279833405284369618e-04,1.289154307970236048e-04
7.763533237982589981e+02,4.419830775681772650e+01,-1.921675606296614441e-22,2.021876005115141796e-42,2.021359472205037183e-42,5.686980882267901254e-21,-3.843351212593228883e-22,-4.043752010230283592e-42,1.278474277399133108e-04,1.278760379225252208e-04,1.288073559140717219e-04
7.770041641148091003e+02,4.423536052612988811e+01,-1.596515969546269571e-22,1.395256982742293879e-42,1.394900757484894374e-42,4.724236670591166454e-21,-3.193031939092539142e-22,-2.790513965484587757e-42,1.277403528560094870e-04,1.277689150929184336e-04,1.286994612648954426e-04
7.776550044313545413e+02,4.427241329544178683e+01,-1.286896701150670997e-22,8.880980865699823732e-43,8.878714822013830523e-43,3.769077302898167894e-21,-2.573793402301341994e-22,-1.776196173139964746e-42,1.276334571770898485e-04,1.276619715886440076e-04,1.285917464013584203e-04
7.783058447478956623e+02,4.430946606475342975e+01,-9.623339599830197535e-23,4.972510191285985420e-43,4.971241904486049625e-43,2.820281377305760763e-21,-1.924667919966039507e-22,-9.945020382571970840e-43,1.275267402534030481e-04,1.275552069593954840e-04,1.284842108767998529e-04
7.789566850644321221e+02,4.434651883406481687e+01,-6.461389291089326899e-23,2.201666592146277422e-43,2.201105026065204442e-43,1.876637429474411569e-21,-1.292277858217865380e-22,-4.403333184292554844e-43,1.274202016368630730e-04,1.274486207573088947e-04,1.283768542460283850e-04
7.796075253809642618e+02,4.438357160337595531e+01,-3.305412172896503818e-23,5.488038509338037051e-44,5.486631406987215881e-44,9.369423808954073024e-22,-6.610824345793007636e-23,-1.097607701867607410e-43,1.273138408812712896e-04,1.273422125350753831e-04,1.282696760653162255e-04
7.802583656974918540e+02,4.442062437268683084e+01,8.814676206339696416e-49,-0.000000000000000000e+00,2.975871100342336506e-103,-2.182061814098706602e-51,1.762935241267939283e-48,0.000000000000000000e+00,1.272076575412617316e-04,1.272359818472734716e-04,1.281626758923928595e-04
